SolidWorks IGES file using analytic representation for surfaces         S      1
1H,,1H;,7H1_level,53HZ:\Dropbox\Floatsat\Mechanical_Models\Igs\1_level.IG      1
GS,15HSolidWorks 2016,15HSolidWorks 2016,32,308,15,308,15,7H1_level,1., G      2
2,2HMM,50,0.125,13H171214.013333,1E-008,499990.,13HMarcoSanroman,,11,0, G      3
13H171214.013333;                                                       G      4
     314       1       0       0       0                        00000200D      1
     314       0       8       1       0                               0D      2
     110       2       0       0       0                        01010000D      3
     110       0       0       2       0                               0D      4
     110       4       0       0       0                        01010000D      5
     110       0       0       2       0                               0D      6
     120       6       0       0       0                        01010000D      7
     120       0       0       1       0                               0D      8
     126       7       0       0       0                        01010500D      9
     126       0       0       2       0                               0D     10
     110       9       0       0       0                        01010000D     11
     110       0       0       2       0                               0D     12
     126      11       0       0       0                        01010500D     13
     126       0       0       2       0                               0D     14
     124      13       0       0       0                        00000000D     15
     124       0       0       4       0                               0D     16
     100      17       0       0       0              15        01010000D     17
     100       0       0       2       0                               0D     18
     126      19       0       0       0                        01010500D     19
     126       0       0       2       0                               0D     20
     110      21       0       0       0                        01010000D     21
     110       0       0       2       0                               0D     22
     126      23       0       0       0                        01010500D     23
     126       0       0       2       0                               0D     24
     100      25       0       0       0                        01010000D     25
     100       0       0       2       0                               0D     26
     102      27       0       0       0                        01010500D     27
     102       0       0       1       0                               0D     28
     102      28       0       0       0                        01010000D     29
     102       0       0       1       0                               0D     30
     142      29       0       0       0                        00010500D     31
     142       0       0       1       0                               0D     32
     144      30       0       0       0                        00000000D     33
     144       0      -1       1       0                               0D     34
     110      31       0       0       0                        01010000D     35
     110       0       0       2       0                               0D     36
     110      33       0       0       0                        01010000D     37
     110       0       0       2       0                               0D     38
     120      35       0       0       0                        01010000D     39
     120       0       0       1       0                               0D     40
     126      36       0       0       0                        01010500D     41
     126       0       0       2       0                               0D     42
     110      38       0       0       0                        01010000D     43
     110       0       0       2       0                               0D     44
     126      40       0       0       0                        01010500D     45
     126       0       0       2       0                               0D     46
     124      42       0       0       0                        00000000D     47
     124       0       0       4       0                               0D     48
     100      46       0       0       0              47        01010000D     49
     100       0       0       2       0                               0D     50
     126      48       0       0       0                        01010500D     51
     126       0       0       2       0                               0D     52
     110      50       0       0       0                        01010000D     53
     110       0       0       2       0                               0D     54
     126      52       0       0       0                        01010500D     55
     126       0       0       2       0                               0D     56
     100      54       0       0       0                        01010000D     57
     100       0       0       2       0                               0D     58
     102      56       0       0       0                        01010500D     59
     102       0       0       1       0                               0D     60
     102      57       0       0       0                        01010000D     61
     102       0       0       1       0                               0D     62
     142      58       0       0       0                        00010500D     63
     142       0       0       1       0                               0D     64
     144      59       0       0       0                        00000000D     65
     144       0      -1       1       0                               0D     66
     110      60       0       0       0                        01010000D     67
     110       0       0       1       0                               0D     68
     110      61       0       0       0                        01010000D     69
     110       0       0       1       0                               0D     70
     120      62       0       0       0                        01010000D     71
     120       0       0       1       0                               0D     72
     126      63       0       0       0                        01010500D     73
     126       0       0       2       0                               0D     74
     110      65       0       0       0                        01010000D     75
     110       0       0       1       0                               0D     76
     126      66       0       0       0                        01010500D     77
     126       0       0       2       0                               0D     78
     124      68       0       0       0                        00000000D     79
     124       0       0       4       0                               0D     80
     100      72       0       0       0              79        01010000D     81
     100       0       0       1       0                               0D     82
     126      73       0       0       0                        01010500D     83
     126       0       0       2       0                               0D     84
     110      75       0       0       0                        01010000D     85
     110       0       0       1       0                               0D     86
     126      76       0       0       0                        01010500D     87
     126       0       0       2       0                               0D     88
     100      78       0       0       0                        01010000D     89
     100       0       0       1       0                               0D     90
     102      79       0       0       0                        01010500D     91
     102       0       0       1       0                               0D     92
     102      80       0       0       0                        01010000D     93
     102       0       0       1       0                               0D     94
     142      81       0       0       0                        00010500D     95
     142       0       0       1       0                               0D     96
     144      82       0       0       0                        00000000D     97
     144       0      -1       1       0                               0D     98
     110      83       0       0       0                        01010000D     99
     110       0       0       1       0                               0D    100
     110      84       0       0       0                        01010000D    101
     110       0       0       1       0                               0D    102
     120      85       0       0       0                        01010000D    103
     120       0       0       1       0                               0D    104
     126      86       0       0       0                        01010500D    105
     126       0       0       2       0                               0D    106
     110      88       0       0       0                        01010000D    107
     110       0       0       1       0                               0D    108
     126      89       0       0       0                        01010500D    109
     126       0       0       2       0                               0D    110
     124      91       0       0       0                        00000000D    111
     124       0       0       4       0                               0D    112
     100      95       0       0       0             111        01010000D    113
     100       0       0       1       0                               0D    114
     126      96       0       0       0                        01010500D    115
     126       0       0       2       0                               0D    116
     110      98       0       0       0                        01010000D    117
     110       0       0       1       0                               0D    118
     126      99       0       0       0                        01010500D    119
     126       0       0       2       0                               0D    120
     100     101       0       0       0                        01010000D    121
     100       0       0       1       0                               0D    122
     102     102       0       0       0                        01010500D    123
     102       0       0       1       0                               0D    124
     102     103       0       0       0                        01010000D    125
     102       0       0       1       0                               0D    126
     142     104       0       0       0                        00010500D    127
     142       0       0       1       0                               0D    128
     144     105       0       0       0                        00000000D    129
     144       0      -1       1       0                               0D    130
     110     106       0       0       0                        01010000D    131
     110       0       0       1       0                               0D    132
     110     107       0       0       0                        01010000D    133
     110       0       0       1       0                               0D    134
     120     108       0       0       0                        01010000D    135
     120       0       0       1       0                               0D    136
     126     109       0       0       0                        01010500D    137
     126       0       0       2       0                               0D    138
     110     111       0       0       0                        01010000D    139
     110       0       0       1       0                               0D    140
     126     112       0       0       0                        01010500D    141
     126       0       0       2       0                               0D    142
     124     114       0       0       0                        00000000D    143
     124       0       0       4       0                               0D    144
     100     118       0       0       0             143        01010000D    145
     100       0       0       2       0                               0D    146
     126     120       0       0       0                        01010500D    147
     126       0       0       2       0                               0D    148
     110     122       0       0       0                        01010000D    149
     110       0       0       1       0                               0D    150
     126     123       0       0       0                        01010500D    151
     126       0       0       2       0                               0D    152
     100     125       0       0       0                        01010000D    153
     100       0       0       2       0                               0D    154
     102     127       0       0       0                        01010500D    155
     102       0       0       1       0                               0D    156
     102     128       0       0       0                        01010000D    157
     102       0       0       1       0                               0D    158
     142     129       0       0       0                        00010500D    159
     142       0       0       1       0                               0D    160
     144     130       0       0       0                        00000000D    161
     144       0      -1       1       0                               0D    162
     110     131       0       0       0                        01010000D    163
     110       0       0       1       0                               0D    164
     110     132       0       0       0                        01010000D    165
     110       0       0       1       0                               0D    166
     120     133       0       0       0                        01010000D    167
     120       0       0       1       0                               0D    168
     126     134       0       0       0                        01010500D    169
     126       0       0       2       0                               0D    170
     110     136       0       0       0                        01010000D    171
     110       0       0       1       0                               0D    172
     126     137       0       0       0                        01010500D    173
     126       0       0       2       0                               0D    174
     124     139       0       0       0                        00000000D    175
     124       0       0       4       0                               0D    176
     100     143       0       0       0             175        01010000D    177
     100       0       0       1       0                               0D    178
     126     144       0       0       0                        01010500D    179
     126       0       0       2       0                               0D    180
     110     146       0       0       0                        01010000D    181
     110       0       0       1       0                               0D    182
     126     147       0       0       0                        01010500D    183
     126       0       0       2       0                               0D    184
     100     149       0       0       0                        01010000D    185
     100       0       0       1       0                               0D    186
     102     150       0       0       0                        01010500D    187
     102       0       0       1       0                               0D    188
     102     151       0       0       0                        01010000D    189
     102       0       0       1       0                               0D    190
     142     152       0       0       0                        00010500D    191
     142       0       0       1       0                               0D    192
     144     153       0       0       0                        00000000D    193
     144       0      -1       1       0                               0D    194
     110     154       0       0       0                        01010000D    195
     110       0       0       1       0                               0D    196
     110     155       0       0       0                        01010000D    197
     110       0       0       1       0                               0D    198
     120     156       0       0       0                        01010000D    199
     120       0       0       1       0                               0D    200
     126     157       0       0       0                        01010500D    201
     126       0       0       2       0                               0D    202
     110     159       0       0       0                        01010000D    203
     110       0       0       1       0                               0D    204
     126     160       0       0       0                        01010500D    205
     126       0       0       2       0                               0D    206
     124     162       0       0       0                        00000000D    207
     124       0       0       4       0                               0D    208
     100     166       0       0       0             207        01010000D    209
     100       0       0       2       0                               0D    210
     126     168       0       0       0                        01010500D    211
     126       0       0       2       0                               0D    212
     110     170       0       0       0                        01010000D    213
     110       0       0       1       0                               0D    214
     126     171       0       0       0                        01010500D    215
     126       0       0       2       0                               0D    216
     100     173       0       0       0                        01010000D    217
     100       0       0       2       0                               0D    218
     102     175       0       0       0                        01010500D    219
     102       0       0       1       0                               0D    220
     102     176       0       0       0                        01010000D    221
     102       0       0       1       0                               0D    222
     142     177       0       0       0                        00010500D    223
     142       0       0       1       0                               0D    224
     144     178       0       0       0                        00000000D    225
     144       0      -1       1       0                               0D    226
     110     179       0       0       0                        01010000D    227
     110       0       0       1       0                               0D    228
     110     180       0       0       0                        01010000D    229
     110       0       0       1       0                               0D    230
     120     181       0       0       0                        01010000D    231
     120       0       0       1       0                               0D    232
     126     182       0       0       0                        01010500D    233
     126       0       0       2       0                               0D    234
     110     184       0       0       0                        01010000D    235
     110       0       0       1       0                               0D    236
     126     185       0       0       0                        01010500D    237
     126       0       0       2       0                               0D    238
     124     187       0       0       0                        00000000D    239
     124       0       0       4       0                               0D    240
     100     191       0       0       0             239        01010000D    241
     100       0       0       2       0                               0D    242
     126     193       0       0       0                        01010500D    243
     126       0       0       2       0                               0D    244
     110     195       0       0       0                        01010000D    245
     110       0       0       1       0                               0D    246
     126     196       0       0       0                        01010500D    247
     126       0       0       2       0                               0D    248
     100     198       0       0       0                        01010000D    249
     100       0       0       2       0                               0D    250
     102     200       0       0       0                        01010500D    251
     102       0       0       1       0                               0D    252
     102     201       0       0       0                        01010000D    253
     102       0       0       1       0                               0D    254
     142     202       0       0       0                        00010500D    255
     142       0       0       1       0                               0D    256
     144     203       0       0       0                        00000000D    257
     144       0      -1       1       0                               0D    258
     110     204       0       0       0                        01010000D    259
     110       0       0       1       0                               0D    260
     110     205       0       0       0                        01010000D    261
     110       0       0       1       0                               0D    262
     120     206       0       0       0                        01010000D    263
     120       0       0       1       0                               0D    264
     126     207       0       0       0                        01010500D    265
     126       0       0       2       0                               0D    266
     110     209       0       0       0                        01010000D    267
     110       0       0       1       0                               0D    268
     126     210       0       0       0                        01010500D    269
     126       0       0       2       0                               0D    270
     124     212       0       0       0                        00000000D    271
     124       0       0       4       0                               0D    272
     100     216       0       0       0             271        01010000D    273
     100       0       0       1       0                               0D    274
     126     217       0       0       0                        01010500D    275
     126       0       0       2       0                               0D    276
     110     219       0       0       0                        01010000D    277
     110       0       0       1       0                               0D    278
     126     220       0       0       0                        01010500D    279
     126       0       0       2       0                               0D    280
     100     222       0       0       0                        01010000D    281
     100       0       0       1       0                               0D    282
     102     223       0       0       0                        01010500D    283
     102       0       0       1       0                               0D    284
     102     224       0       0       0                        01010000D    285
     102       0       0       1       0                               0D    286
     142     225       0       0       0                        00010500D    287
     142       0       0       1       0                               0D    288
     144     226       0       0       0                        00000000D    289
     144       0      -1       1       0                               0D    290
     110     227       0       0       0                        01010000D    291
     110       0       0       1       0                               0D    292
     110     228       0       0       0                        01010000D    293
     110       0       0       1       0                               0D    294
     120     229       0       0       0                        01010000D    295
     120       0       0       1       0                               0D    296
     126     230       0       0       0                        01010500D    297
     126       0       0       2       0                               0D    298
     110     232       0       0       0                        01010000D    299
     110       0       0       1       0                               0D    300
     126     233       0       0       0                        01010500D    301
     126       0       0       2       0                               0D    302
     124     235       0       0       0                        00000000D    303
     124       0       0       4       0                               0D    304
     100     239       0       0       0             303        01010000D    305
     100       0       0       1       0                               0D    306
     126     240       0       0       0                        01010500D    307
     126       0       0       2       0                               0D    308
     110     242       0       0       0                        01010000D    309
     110       0       0       1       0                               0D    310
     126     243       0       0       0                        01010500D    311
     126       0       0       2       0                               0D    312
     100     245       0       0       0                        01010000D    313
     100       0       0       1       0                               0D    314
     102     246       0       0       0                        01010500D    315
     102       0       0       1       0                               0D    316
     102     247       0       0       0                        01010000D    317
     102       0       0       1       0                               0D    318
     142     248       0       0       0                        00010500D    319
     142       0       0       1       0                               0D    320
     144     249       0       0       0                        00000000D    321
     144       0      -1       1       0                               0D    322
     110     250       0       0       0                        01010000D    323
     110       0       0       1       0                               0D    324
     110     251       0       0       0                        01010000D    325
     110       0       0       1       0                               0D    326
     120     252       0       0       0                        01010000D    327
     120       0       0       1       0                               0D    328
     126     253       0       0       0                        01010500D    329
     126       0       0       2       0                               0D    330
     110     255       0       0       0                        01010000D    331
     110       0       0       1       0                               0D    332
     126     256       0       0       0                        01010500D    333
     126       0       0       2       0                               0D    334
     124     258       0       0       0                        00000000D    335
     124       0       0       4       0                               0D    336
     100     262       0       0       0             335        01010000D    337
     100       0       0       1       0                               0D    338
     126     263       0       0       0                        01010500D    339
     126       0       0       2       0                               0D    340
     110     265       0       0       0                        01010000D    341
     110       0       0       1       0                               0D    342
     126     266       0       0       0                        01010500D    343
     126       0       0       2       0                               0D    344
     100     268       0       0       0                        01010000D    345
     100       0       0       1       0                               0D    346
     102     269       0       0       0                        01010500D    347
     102       0       0       1       0                               0D    348
     102     270       0       0       0                        01010000D    349
     102       0       0       1       0                               0D    350
     142     271       0       0       0                        00010500D    351
     142       0       0       1       0                               0D    352
     144     272       0       0       0                        00000000D    353
     144       0      -1       1       0                               0D    354
     110     273       0       0       0                        01010000D    355
     110       0       0       1       0                               0D    356
     110     274       0       0       0                        01010000D    357
     110       0       0       1       0                               0D    358
     120     275       0       0       0                        01010000D    359
     120       0       0       1       0                               0D    360
     126     276       0       0       0                        01010500D    361
     126       0       0       2       0                               0D    362
     110     278       0       0       0                        01010000D    363
     110       0       0       1       0                               0D    364
     126     279       0       0       0                        01010500D    365
     126       0       0       2       0                               0D    366
     124     281       0       0       0                        00000000D    367
     124       0       0       4       0                               0D    368
     100     285       0       0       0             367        01010000D    369
     100       0       0       1       0                               0D    370
     126     286       0       0       0                        01010500D    371
     126       0       0       2       0                               0D    372
     110     288       0       0       0                        01010000D    373
     110       0       0       1       0                               0D    374
     126     289       0       0       0                        01010500D    375
     126       0       0       2       0                               0D    376
     100     291       0       0       0                        01010000D    377
     100       0       0       1       0                               0D    378
     102     292       0       0       0                        01010500D    379
     102       0       0       1       0                               0D    380
     102     293       0       0       0                        01010000D    381
     102       0       0       1       0                               0D    382
     142     294       0       0       0                        00010500D    383
     142       0       0       1       0                               0D    384
     144     295       0       0       0                        00000000D    385
     144       0      -1       1       0                               0D    386
     110     296       0       0       0                        01010000D    387
     110       0       0       1       0                               0D    388
     110     297       0       0       0                        01010000D    389
     110       0       0       1       0                               0D    390
     120     298       0       0       0                        01010000D    391
     120       0       0       1       0                               0D    392
     126     299       0       0       0                        01010500D    393
     126       0       0       2       0                               0D    394
     110     301       0       0       0                        01010000D    395
     110       0       0       1       0                               0D    396
     126     302       0       0       0                        01010500D    397
     126       0       0       2       0                               0D    398
     124     304       0       0       0                        00000000D    399
     124       0       0       4       0                               0D    400
     100     308       0       0       0             399        01010000D    401
     100       0       0       1       0                               0D    402
     126     309       0       0       0                        01010500D    403
     126       0       0       2       0                               0D    404
     110     311       0       0       0                        01010000D    405
     110       0       0       1       0                               0D    406
     126     312       0       0       0                        01010500D    407
     126       0       0       2       0                               0D    408
     100     314       0       0       0                        01010000D    409
     100       0       0       1       0                               0D    410
     102     315       0       0       0                        01010500D    411
     102       0       0       1       0                               0D    412
     102     316       0       0       0                        01010000D    413
     102       0       0       1       0                               0D    414
     142     317       0       0       0                        00010500D    415
     142       0       0       1       0                               0D    416
     144     318       0       0       0                        00000000D    417
     144       0      -1       1       0                               0D    418
     110     319       0       0       0                        01010000D    419
     110       0       0       1       0                               0D    420
     110     320       0       0       0                        01010000D    421
     110       0       0       1       0                               0D    422
     120     321       0       0       0                        01010000D    423
     120       0       0       1       0                               0D    424
     126     322       0       0       0                        01010500D    425
     126       0       0       2       0                               0D    426
     110     324       0       0       0                        01010000D    427
     110       0       0       1       0                               0D    428
     126     325       0       0       0                        01010500D    429
     126       0       0       2       0                               0D    430
     124     327       0       0       0                        00000000D    431
     124       0       0       4       0                               0D    432
     100     331       0       0       0             431        01010000D    433
     100       0       0       1       0                               0D    434
     126     332       0       0       0                        01010500D    435
     126       0       0       2       0                               0D    436
     110     334       0       0       0                        01010000D    437
     110       0       0       1       0                               0D    438
     126     335       0       0       0                        01010500D    439
     126       0       0       2       0                               0D    440
     100     337       0       0       0                        01010000D    441
     100       0       0       1       0                               0D    442
     102     338       0       0       0                        01010500D    443
     102       0       0       1       0                               0D    444
     102     339       0       0       0                        01010000D    445
     102       0       0       1       0                               0D    446
     142     340       0       0       0                        00010500D    447
     142       0       0       1       0                               0D    448
     144     341       0       0       0                        00000000D    449
     144       0      -1       1       0                               0D    450
     110     342       0       0       0                        01010000D    451
     110       0       0       1       0                               0D    452
     110     343       0       0       0                        01010000D    453
     110       0       0       1       0                               0D    454
     120     344       0       0       0                        01010000D    455
     120       0       0       1       0                               0D    456
     126     345       0       0       0                        01010500D    457
     126       0       0       2       0                               0D    458
     110     347       0       0       0                        01010000D    459
     110       0       0       1       0                               0D    460
     126     348       0       0       0                        01010500D    461
     126       0       0       2       0                               0D    462
     124     350       0       0       0                        00000000D    463
     124       0       0       4       0                               0D    464
     100     354       0       0       0             463        01010000D    465
     100       0       0       2       0                               0D    466
     126     356       0       0       0                        01010500D    467
     126       0       0       2       0                               0D    468
     110     358       0       0       0                        01010000D    469
     110       0       0       1       0                               0D    470
     126     359       0       0       0                        01010500D    471
     126       0       0       2       0                               0D    472
     100     361       0       0       0                        01010000D    473
     100       0       0       2       0                               0D    474
     102     363       0       0       0                        01010500D    475
     102       0       0       1       0                               0D    476
     102     364       0       0       0                        01010000D    477
     102       0       0       1       0                               0D    478
     142     365       0       0       0                        00010500D    479
     142       0       0       1       0                               0D    480
     144     366       0       0       0                        00000000D    481
     144       0      -1       1       0                               0D    482
     110     367       0       0       0                        01010000D    483
     110       0       0       1       0                               0D    484
     110     368       0       0       0                        01010000D    485
     110       0       0       1       0                               0D    486
     120     369       0       0       0                        01010000D    487
     120       0       0       1       0                               0D    488
     126     370       0       0       0                        01010500D    489
     126       0       0       2       0                               0D    490
     110     372       0       0       0                        01010000D    491
     110       0       0       1       0                               0D    492
     126     373       0       0       0                        01010500D    493
     126       0       0       2       0                               0D    494
     124     375       0       0       0                        00000000D    495
     124       0       0       4       0                               0D    496
     100     379       0       0       0             495        01010000D    497
     100       0       0       1       0                               0D    498
     126     380       0       0       0                        01010500D    499
     126       0       0       2       0                               0D    500
     110     382       0       0       0                        01010000D    501
     110       0       0       1       0                               0D    502
     126     383       0       0       0                        01010500D    503
     126       0       0       2       0                               0D    504
     100     385       0       0       0                        01010000D    505
     100       0       0       1       0                               0D    506
     102     386       0       0       0                        01010500D    507
     102       0       0       1       0                               0D    508
     102     387       0       0       0                        01010000D    509
     102       0       0       1       0                               0D    510
     142     388       0       0       0                        00010500D    511
     142       0       0       1       0                               0D    512
     144     389       0       0       0                        00000000D    513
     144       0      -1       1       0                               0D    514
     110     390       0       0       0                        01010000D    515
     110       0       0       2       0                               0D    516
     110     392       0       0       0                        01010000D    517
     110       0       0       2       0                               0D    518
     120     394       0       0       0                        01010000D    519
     120       0       0       1       0                               0D    520
     126     395       0       0       0                        01010500D    521
     126       0       0       2       0                               0D    522
     110     397       0       0       0                        01010000D    523
     110       0       0       2       0                               0D    524
     126     399       0       0       0                        01010500D    525
     126       0       0       2       0                               0D    526
     124     401       0       0       0                        00000000D    527
     124       0       0       4       0                               0D    528
     100     405       0       0       0             527        01010000D    529
     100       0       0       2       0                               0D    530
     126     407       0       0       0                        01010500D    531
     126       0       0       2       0                               0D    532
     110     409       0       0       0                        01010000D    533
     110       0       0       2       0                               0D    534
     126     411       0       0       0                        01010500D    535
     126       0       0       2       0                               0D    536
     100     413       0       0       0                        01010000D    537
     100       0       0       2       0                               0D    538
     102     415       0       0       0                        01010500D    539
     102       0       0       1       0                               0D    540
     102     416       0       0       0                        01010000D    541
     102       0       0       1       0                               0D    542
     142     417       0       0       0                        00010500D    543
     142       0       0       1       0                               0D    544
     144     418       0       0       0                        00000000D    545
     144       0      -1       1       0                               0D    546
     110     419       0       0       0                        01010000D    547
     110       0       0       2       0                               0D    548
     110     421       0       0       0                        01010000D    549
     110       0       0       2       0                               0D    550
     120     423       0       0       0                        01010000D    551
     120       0       0       1       0                               0D    552
     126     424       0       0       0                        01010500D    553
     126       0       0       2       0                               0D    554
     110     426       0       0       0                        01010000D    555
     110       0       0       2       0                               0D    556
     126     428       0       0       0                        01010500D    557
     126       0       0       2       0                               0D    558
     124     430       0       0       0                        00000000D    559
     124       0       0       4       0                               0D    560
     100     434       0       0       0             559        01010000D    561
     100       0       0       2       0                               0D    562
     126     436       0       0       0                        01010500D    563
     126       0       0       2       0                               0D    564
     110     438       0       0       0                        01010000D    565
     110       0       0       2       0                               0D    566
     126     440       0       0       0                        01010500D    567
     126       0       0       2       0                               0D    568
     100     442       0       0       0                        01010000D    569
     100       0       0       2       0                               0D    570
     102     444       0       0       0                        01010500D    571
     102       0       0       1       0                               0D    572
     102     445       0       0       0                        01010000D    573
     102       0       0       1       0                               0D    574
     142     446       0       0       0                        00010500D    575
     142       0       0       1       0                               0D    576
     144     447       0       0       0                        00000000D    577
     144       0      -1       1       0                               0D    578
     110     448       0       0       0                        01010000D    579
     110       0       0       1       0                               0D    580
     110     449       0       0       0                        01010000D    581
     110       0       0       1       0                               0D    582
     120     450       0       0       0                        01010000D    583
     120       0       0       1       0                               0D    584
     126     451       0       0       0                        01010500D    585
     126       0       0       2       0                               0D    586
     110     453       0       0       0                        01010000D    587
     110       0       0       1       0                               0D    588
     126     454       0       0       0                        01010500D    589
     126       0       0       2       0                               0D    590
     124     456       0       0       0                        00000000D    591
     124       0       0       4       0                               0D    592
     100     460       0       0       0             591        01010000D    593
     100       0       0       1       0                               0D    594
     126     461       0       0       0                        01010500D    595
     126       0       0       2       0                               0D    596
     110     463       0       0       0                        01010000D    597
     110       0       0       1       0                               0D    598
     126     464       0       0       0                        01010500D    599
     126       0       0       2       0                               0D    600
     100     466       0       0       0                        01010000D    601
     100       0       0       1       0                               0D    602
     102     467       0       0       0                        01010500D    603
     102       0       0       1       0                               0D    604
     102     468       0       0       0                        01010000D    605
     102       0       0       1       0                               0D    606
     142     469       0       0       0                        00010500D    607
     142       0       0       1       0                               0D    608
     144     470       0       0       0                        00000000D    609
     144       0      -1       1       0                               0D    610
     128     471       0       0       0                        01010000D    611
     128       0       0       4       0                               0D    612
     126     475       0       0       0                        01010500D    613
     126       0       0       2       0                               0D    614
     110     477       0       0       0                        01010000D    615
     110       0       0       1       0                               0D    616
     126     478       0       0       0                        01010500D    617
     126       0       0       2       0                               0D    618
     110     480       0       0       0                        01010000D    619
     110       0       0       1       0                               0D    620
     126     481       0       0       0                        01010500D    621
     126       0       0       2       0                               0D    622
     110     483       0       0       0                        01010000D    623
     110       0       0       2       0                               0D    624
     126     485       0       0       0                        01010500D    625
     126       0       0       2       0                               0D    626
     110     487       0       0       0                        01010000D    627
     110       0       0       1       0                               0D    628
     102     488       0       0       0                        01010500D    629
     102       0       0       1       0                               0D    630
     102     489       0       0       0                        01010000D    631
     102       0       0       1       0                               0D    632
     142     490       0       0       0                        00010500D    633
     142       0       0       1       0                               0D    634
     144     491       0       0       0                        00000000D    635
     144       0      -1       1       0                               0D    636
     128     492       0       0       0                        01010000D    637
     128       0       0       3       0                               0D    638
     126     495       0       0       0                        01010500D    639
     126       0       0       2       0                               0D    640
     110     497       0       0       0                        01010000D    641
     110       0       0       1       0                               0D    642
     126     498       0       0       0                        01010500D    643
     126       0       0       2       0                               0D    644
     110     500       0       0       0                        01010000D    645
     110       0       0       1       0                               0D    646
     126     501       0       0       0                        01010500D    647
     126       0       0       2       0                               0D    648
     110     503       0       0       0                        01010000D    649
     110       0       0       2       0                               0D    650
     126     505       0       0       0                        01010500D    651
     126       0       0       2       0                               0D    652
     110     507       0       0       0                        01010000D    653
     110       0       0       1       0                               0D    654
     102     508       0       0       0                        01010500D    655
     102       0       0       1       0                               0D    656
     102     509       0       0       0                        01010000D    657
     102       0       0       1       0                               0D    658
     142     510       0       0       0                        00010500D    659
     142       0       0       1       0                               0D    660
     144     511       0       0       0                        00000000D    661
     144       0      -1       1       0                               0D    662
     128     512       0       0       0                        01010000D    663
     128       0       0       3       0                               0D    664
     126     515       0       0       0                        01010500D    665
     126       0       0       2       0                               0D    666
     110     517       0       0       0                        01010000D    667
     110       0       0       2       0                               0D    668
     126     519       0       0       0                        01010500D    669
     126       0       0       6       0                               0D    670
     100     525       0       0       0                        01010000D    671
     100       0       0       2       0                               0D    672
     126     527       0       0       0                        01010500D    673
     126       0       0       2       0                               0D    674
     110     529       0       0       0                        01010000D    675
     110       0       0       1       0                               0D    676
     126     530       0       0       0                        01010500D    677
     126       0       0       2       0                               0D    678
     110     532       0       0       0                        01010000D    679
     110       0       0       1       0                               0D    680
     126     533       0       0       0                        01010500D    681
     126       0       0       2       0                               0D    682
     110     535       0       0       0                        01010000D    683
     110       0       0       1       0                               0D    684
     126     536       0       0       0                        01010500D    685
     126       0       0       6       0                               0D    686
     100     542       0       0       0                        01010000D    687
     100       0       0       2       0                               0D    688
     102     544       0       0       0                        01010500D    689
     102       0       0       1       0                               0D    690
     102     545       0       0       0                        01010000D    691
     102       0       0       1       0                               0D    692
     142     546       0       0       0                        00010500D    693
     142       0       0       1       0                               0D    694
     126     547       0       0       0                        01010500D    695
     126       0       0      22       0                               0D    696
     124     569       0       0       0                        00000000D    697
     124       0       0       4       0                               0D    698
     100     573       0       0       0             697        01010000D    699
     100       0       0       2       0                               0D    700
     126     575       0       0       0                        01010500D    701
     126       0       0      22       0                               0D    702
     124     597       0       0       0                        00000000D    703
     124       0       0       4       0                               0D    704
     100     601       0       0       0             703        01010000D    705
     100       0       0       2       0                               0D    706
     102     603       0       0       0                        01010500D    707
     102       0       0       1       0                               0D    708
     102     604       0       0       0                        01010000D    709
     102       0       0       1       0                               0D    710
     142     605       0       0       0                        00010500D    711
     142       0       0       1       0                               0D    712
     126     606       0       0       0                        01010500D    713
     126       0       0      22       0                               0D    714
     124     628       0       0       0                        00000000D    715
     124       0       0       4       0                               0D    716
     100     632       0       0       0             715        01010000D    717
     100       0       0       2       0                               0D    718
     126     634       0       0       0                        01010500D    719
     126       0       0      22       0                               0D    720
     124     656       0       0       0                        00000000D    721
     124       0       0       4       0                               0D    722
     100     660       0       0       0             721        01010000D    723
     100       0       0       2       0                               0D    724
     102     662       0       0       0                        01010500D    725
     102       0       0       1       0                               0D    726
     102     663       0       0       0                        01010000D    727
     102       0       0       1       0                               0D    728
     142     664       0       0       0                        00010500D    729
     142       0       0       1       0                               0D    730
     126     665       0       0       0                        01010500D    731
     126       0       0      22       0                               0D    732
     124     687       0       0       0                        00000000D    733
     124       0       0       4       0                               0D    734
     100     691       0       0       0             733        01010000D    735
     100       0       0       1       0                               0D    736
     126     692       0       0       0                        01010500D    737
     126       0       0      22       0                               0D    738
     124     714       0       0       0                        00000000D    739
     124       0       0       4       0                               0D    740
     100     718       0       0       0             739        01010000D    741
     100       0       0       1       0                               0D    742
     102     719       0       0       0                        01010500D    743
     102       0       0       1       0                               0D    744
     102     720       0       0       0                        01010000D    745
     102       0       0       1       0                               0D    746
     142     721       0       0       0                        00010500D    747
     142       0       0       1       0                               0D    748
     126     722       0       0       0                        01010500D    749
     126       0       0       2       0                               0D    750
     110     724       0       0       0                        01010000D    751
     110       0       0       2       0                               0D    752
     126     726       0       0       0                        01010500D    753
     126       0       0       2       0                               0D    754
     110     728       0       0       0                        01010000D    755
     110       0       0       2       0                               0D    756
     126     730       0       0       0                        01010500D    757
     126       0       0       2       0                               0D    758
     110     732       0       0       0                        01010000D    759
     110       0       0       2       0                               0D    760
     126     734       0       0       0                        01010500D    761
     126       0       0       2       0                               0D    762
     110     736       0       0       0                        01010000D    763
     110       0       0       2       0                               0D    764
     102     738       0       0       0                        01010500D    765
     102       0       0       1       0                               0D    766
     102     739       0       0       0                        01010000D    767
     102       0       0       1       0                               0D    768
     142     740       0       0       0                        00010500D    769
     142       0       0       1       0                               0D    770
     126     741       0       0       0                        01010500D    771
     126       0       0       2       0                               0D    772
     110     743       0       0       0                        01010000D    773
     110       0       0       2       0                               0D    774
     126     745       0       0       0                        01010500D    775
     126       0       0       2       0                               0D    776
     110     747       0       0       0                        01010000D    777
     110       0       0       2       0                               0D    778
     126     749       0       0       0                        01010500D    779
     126       0       0       2       0                               0D    780
     110     751       0       0       0                        01010000D    781
     110       0       0       2       0                               0D    782
     126     753       0       0       0                        01010500D    783
     126       0       0       2       0                               0D    784
     110     755       0       0       0                        01010000D    785
     110       0       0       2       0                               0D    786
     102     757       0       0       0                        01010500D    787
     102       0       0       1       0                               0D    788
     102     758       0       0       0                        01010000D    789
     102       0       0       1       0                               0D    790
     142     759       0       0       0                        00010500D    791
     142       0       0       1       0                               0D    792
     126     760       0       0       0                        01010500D    793
     126       0       0      12       0                               0D    794
     124     772       0       0       0                        00000000D    795
     124       0       0       4       0                               0D    796
     100     776       0       0       0             795        01010000D    797
     100       0       0       1       0                               0D    798
     126     777       0       0       0                        01010500D    799
     126       0       0      12       0                               0D    800
     124     789       0       0       0                        00000000D    801
     124       0       0       4       0                               0D    802
     100     793       0       0       0             801        01010000D    803
     100       0       0       1       0                               0D    804
     102     794       0       0       0                        01010500D    805
     102       0       0       1       0                               0D    806
     102     795       0       0       0                        01010000D    807
     102       0       0       1       0                               0D    808
     142     796       0       0       0                        00010500D    809
     142       0       0       1       0                               0D    810
     126     797       0       0       0                        01010500D    811
     126       0       0      12       0                               0D    812
     124     809       0       0       0                        00000000D    813
     124       0       0       4       0                               0D    814
     100     813       0       0       0             813        01010000D    815
     100       0       0       2       0                               0D    816
     126     815       0       0       0                        01010500D    817
     126       0       0      12       0                               0D    818
     124     827       0       0       0                        00000000D    819
     124       0       0       4       0                               0D    820
     100     831       0       0       0             819        01010000D    821
     100       0       0       2       0                               0D    822
     102     833       0       0       0                        01010500D    823
     102       0       0       1       0                               0D    824
     102     834       0       0       0                        01010000D    825
     102       0       0       1       0                               0D    826
     142     835       0       0       0                        00010500D    827
     142       0       0       1       0                               0D    828
     126     836       0       0       0                        01010500D    829
     126       0       0      11       0                               0D    830
     124     847       0       0       0                        00000000D    831
     124       0       0       4       0                               0D    832
     100     851       0       0       0             831        01010000D    833
     100       0       0       1       0                               0D    834
     126     852       0       0       0                        01010500D    835
     126       0       0      11       0                               0D    836
     124     863       0       0       0                        00000000D    837
     124       0       0       4       0                               0D    838
     100     867       0       0       0             837        01010000D    839
     100       0       0       1       0                               0D    840
     102     868       0       0       0                        01010500D    841
     102       0       0       1       0                               0D    842
     102     869       0       0       0                        01010000D    843
     102       0       0       1       0                               0D    844
     142     870       0       0       0                        00010500D    845
     142       0       0       1       0                               0D    846
     126     871       0       0       0                        01010500D    847
     126       0       0      12       0                               0D    848
     124     883       0       0       0                        00000000D    849
     124       0       0       4       0                               0D    850
     100     887       0       0       0             849        01010000D    851
     100       0       0       2       0                               0D    852
     126     889       0       0       0                        01010500D    853
     126       0       0      12       0                               0D    854
     124     901       0       0       0                        00000000D    855
     124       0       0       4       0                               0D    856
     100     905       0       0       0             855        01010000D    857
     100       0       0       2       0                               0D    858
     102     907       0       0       0                        01010500D    859
     102       0       0       1       0                               0D    860
     102     908       0       0       0                        01010000D    861
     102       0       0       1       0                               0D    862
     142     909       0       0       0                        00010500D    863
     142       0       0       1       0                               0D    864
     126     910       0       0       0                        01010500D    865
     126       0       0      12       0                               0D    866
     124     922       0       0       0                        00000000D    867
     124       0       0       4       0                               0D    868
     100     926       0       0       0             867        01010000D    869
     100       0       0       2       0                               0D    870
     126     928       0       0       0                        01010500D    871
     126       0       0      12       0                               0D    872
     124     940       0       0       0                        00000000D    873
     124       0       0       4       0                               0D    874
     100     944       0       0       0             873        01010000D    875
     100       0       0       2       0                               0D    876
     102     946       0       0       0                        01010500D    877
     102       0       0       1       0                               0D    878
     102     947       0       0       0                        01010000D    879
     102       0       0       1       0                               0D    880
     142     948       0       0       0                        00010500D    881
     142       0       0       1       0                               0D    882
     126     949       0       0       0                        01010500D    883
     126       0       0      11       0                               0D    884
     124     960       0       0       0                        00000000D    885
     124       0       0       4       0                               0D    886
     100     964       0       0       0             885        01010000D    887
     100       0       0       1       0                               0D    888
     126     965       0       0       0                        01010500D    889
     126       0       0      11       0                               0D    890
     124     976       0       0       0                        00000000D    891
     124       0       0       4       0                               0D    892
     100     980       0       0       0             891        01010000D    893
     100       0       0       1       0                               0D    894
     102     981       0       0       0                        01010500D    895
     102       0       0       1       0                               0D    896
     102     982       0       0       0                        01010000D    897
     102       0       0       1       0                               0D    898
     142     983       0       0       0                        00010500D    899
     142       0       0       1       0                               0D    900
     126     984       0       0       0                        01010500D    901
     126       0       0      11       0                               0D    902
     124     995       0       0       0                        00000000D    903
     124       0       0       4       0                               0D    904
     100     999       0       0       0             903        01010000D    905
     100       0       0       1       0                               0D    906
     126    1000       0       0       0                        01010500D    907
     126       0       0      11       0                               0D    908
     124    1011       0       0       0                        00000000D    909
     124       0       0       4       0                               0D    910
     100    1015       0       0       0             909        01010000D    911
     100       0       0       1       0                               0D    912
     102    1016       0       0       0                        01010500D    913
     102       0       0       1       0                               0D    914
     102    1017       0       0       0                        01010000D    915
     102       0       0       1       0                               0D    916
     142    1018       0       0       0                        00010500D    917
     142       0       0       1       0                               0D    918
     126    1019       0       0       0                        01010500D    919
     126       0       0      12       0                               0D    920
     124    1031       0       0       0                        00000000D    921
     124       0       0       4       0                               0D    922
     100    1035       0       0       0             921        01010000D    923
     100       0       0       1       0                               0D    924
     126    1036       0       0       0                        01010500D    925
     126       0       0      12       0                               0D    926
     124    1048       0       0       0                        00000000D    927
     124       0       0       4       0                               0D    928
     100    1052       0       0       0             927        01010000D    929
     100       0       0       1       0                               0D    930
     102    1053       0       0       0                        01010500D    931
     102       0       0       1       0                               0D    932
     102    1054       0       0       0                        01010000D    933
     102       0       0       1       0                               0D    934
     142    1055       0       0       0                        00010500D    935
     142       0       0       1       0                               0D    936
     126    1056       0       0       0                        01010500D    937
     126       0       0      11       0                               0D    938
     124    1067       0       0       0                        00000000D    939
     124       0       0       4       0                               0D    940
     100    1071       0       0       0             939        01010000D    941
     100       0       0       1       0                               0D    942
     126    1072       0       0       0                        01010500D    943
     126       0       0      11       0                               0D    944
     124    1083       0       0       0                        00000000D    945
     124       0       0       4       0                               0D    946
     100    1087       0       0       0             945        01010000D    947
     100       0       0       1       0                               0D    948
     102    1088       0       0       0                        01010500D    949
     102       0       0       1       0                               0D    950
     102    1089       0       0       0                        01010000D    951
     102       0       0       1       0                               0D    952
     142    1090       0       0       0                        00010500D    953
     142       0       0       1       0                               0D    954
     126    1091       0       0       0                        01010500D    955
     126       0       0      11       0                               0D    956
     124    1102       0       0       0                        00000000D    957
     124       0       0       4       0                               0D    958
     100    1106       0       0       0             957        01010000D    959
     100       0       0       1       0                               0D    960
     126    1107       0       0       0                        01010500D    961
     126       0       0      11       0                               0D    962
     124    1118       0       0       0                        00000000D    963
     124       0       0       4       0                               0D    964
     100    1122       0       0       0             963        01010000D    965
     100       0       0       1       0                               0D    966
     102    1123       0       0       0                        01010500D    967
     102       0       0       1       0                               0D    968
     102    1124       0       0       0                        01010000D    969
     102       0       0       1       0                               0D    970
     142    1125       0       0       0                        00010500D    971
     142       0       0       1       0                               0D    972
     126    1126       0       0       0                        01010500D    973
     126       0       0      11       0                               0D    974
     124    1137       0       0       0                        00000000D    975
     124       0       0       4       0                               0D    976
     100    1141       0       0       0             975        01010000D    977
     100       0       0       1       0                               0D    978
     126    1142       0       0       0                        01010500D    979
     126       0       0      11       0                               0D    980
     124    1153       0       0       0                        00000000D    981
     124       0       0       4       0                               0D    982
     100    1157       0       0       0             981        01010000D    983
     100       0       0       1       0                               0D    984
     102    1158       0       0       0                        01010500D    985
     102       0       0       1       0                               0D    986
     102    1159       0       0       0                        01010000D    987
     102       0       0       1       0                               0D    988
     142    1160       0       0       0                        00010500D    989
     142       0       0       1       0                               0D    990
     126    1161       0       0       0                        01010500D    991
     126       0       0      12       0                               0D    992
     124    1173       0       0       0                        00000000D    993
     124       0       0       4       0                               0D    994
     100    1177       0       0       0             993        01010000D    995
     100       0       0       2       0                               0D    996
     126    1179       0       0       0                        01010500D    997
     126       0       0      12       0                               0D    998
     124    1191       0       0       0                        00000000D    999
     124       0       0       4       0                               0D   1000
     100    1195       0       0       0             999        01010000D   1001
     100       0       0       2       0                               0D   1002
     102    1197       0       0       0                        01010500D   1003
     102       0       0       1       0                               0D   1004
     102    1198       0       0       0                        01010000D   1005
     102       0       0       1       0                               0D   1006
     142    1199       0       0       0                        00010500D   1007
     142       0       0       1       0                               0D   1008
     126    1200       0       0       0                        01010500D   1009
     126       0       0      22       0                               0D   1010
     124    1222       0       0       0                        00000000D   1011
     124       0       0       3       0                               0D   1012
     100    1225       0       0       0            1011        01010000D   1013
     100       0       0       1       0                               0D   1014
     126    1226       0       0       0                        01010500D   1015
     126       0       0      22       0                               0D   1016
     124    1248       0       0       0                        00000000D   1017
     124       0       0       4       0                               0D   1018
     100    1252       0       0       0            1017        01010000D   1019
     100       0       0       1       0                               0D   1020
     102    1253       0       0       0                        01010500D   1021
     102       0       0       1       0                               0D   1022
     102    1254       0       0       0                        01010000D   1023
     102       0       0       1       0                               0D   1024
     142    1255       0       0       0                        00010500D   1025
     142       0       0       1       0                               0D   1026
     126    1256       0       0       0                        01010500D   1027
     126       0       0      22       0                               0D   1028
     124    1278       0       0       0                        00000000D   1029
     124       0       0       4       0                               0D   1030
     100    1282       0       0       0            1029        01010000D   1031
     100       0       0       2       0                               0D   1032
     126    1284       0       0       0                        01010500D   1033
     126       0       0      22       0                               0D   1034
     124    1306       0       0       0                        00000000D   1035
     124       0       0       4       0                               0D   1036
     100    1310       0       0       0            1035        01010000D   1037
     100       0       0       2       0                               0D   1038
     102    1312       0       0       0                        01010500D   1039
     102       0       0       1       0                               0D   1040
     102    1313       0       0       0                        01010000D   1041
     102       0       0       1       0                               0D   1042
     142    1314       0       0       0                        00010500D   1043
     142       0       0       1       0                               0D   1044
     126    1315       0       0       0                        01010500D   1045
     126       0       0      22       0                               0D   1046
     124    1337       0       0       0                        00000000D   1047
     124       0       0       4       0                               0D   1048
     100    1341       0       0       0            1047        01010000D   1049
     100       0       0       2       0                               0D   1050
     126    1343       0       0       0                        01010500D   1051
     126       0       0      22       0                               0D   1052
     124    1365       0       0       0                        00000000D   1053
     124       0       0       4       0                               0D   1054
     100    1369       0       0       0            1053        01010000D   1055
     100       0       0       2       0                               0D   1056
     102    1371       0       0       0                        01010500D   1057
     102       0       0       1       0                               0D   1058
     102    1372       0       0       0                        01010000D   1059
     102       0       0       1       0                               0D   1060
     142    1373       0       0       0                        00010500D   1061
     142       0       0       1       0                               0D   1062
     126    1374       0       0       0                        01010500D   1063
     126       0       0      21       0                               0D   1064
     124    1395       0       0       0                        00000000D   1065
     124       0       0       4       0                               0D   1066
     100    1399       0       0       0            1065        01010000D   1067
     100       0       0       1       0                               0D   1068
     126    1400       0       0       0                        01010500D   1069
     126       0       0      22       0                               0D   1070
     124    1422       0       0       0                        00000000D   1071
     124       0       0       4       0                               0D   1072
     100    1426       0       0       0            1071        01010000D   1073
     100       0       0       1       0                               0D   1074
     102    1427       0       0       0                        01010500D   1075
     102       0       0       1       0                               0D   1076
     102    1428       0       0       0                        01010000D   1077
     102       0       0       1       0                               0D   1078
     142    1429       0       0       0                        00010500D   1079
     142       0       0       1       0                               0D   1080
     144    1430       0       0       0                        00000000D   1081
     144       0      -1       2       0                               0D   1082
     128    1432       0       0       0                        01010000D   1083
     128       0       0       3       0                               0D   1084
     126    1435       0       0       0                        01010500D   1085
     126       0       0       2       0                               0D   1086
     110    1437       0       0       0                        01010000D   1087
     110       0       0       1       0                               0D   1088
     126    1438       0       0       0                        01010500D   1089
     126       0       0       2       0                               0D   1090
     110    1440       0       0       0                        01010000D   1091
     110       0       0       1       0                               0D   1092
     126    1441       0       0       0                        01010500D   1093
     126       0       0       6       0                               0D   1094
     100    1447       0       0       0                        01010000D   1095
     100       0       0       2       0                               0D   1096
     126    1449       0       0       0                        01010500D   1097
     126       0       0       2       0                               0D   1098
     110    1451       0       0       0                        01010000D   1099
     110       0       0       2       0                               0D   1100
     126    1453       0       0       0                        01010500D   1101
     126       0       0       6       0                               0D   1102
     100    1459       0       0       0                        01010000D   1103
     100       0       0       2       0                               0D   1104
     126    1461       0       0       0                        01010500D   1105
     126       0       0       2       0                               0D   1106
     110    1463       0       0       0                        01010000D   1107
     110       0       0       1       0                               0D   1108
     102    1464       0       0       0                        01010500D   1109
     102       0       0       1       0                               0D   1110
     102    1465       0       0       0                        01010000D   1111
     102       0       0       1       0                               0D   1112
     142    1466       0       0       0                        00010500D   1113
     142       0       0       1       0                               0D   1114
     126    1467       0       0       0                        01010500D   1115
     126       0       0      22       0                               0D   1116
     124    1489       0       0       0                        00000000D   1117
     124       0       0       4       0                               0D   1118
     100    1493       0       0       0            1117        01010000D   1119
     100       0       0       1       0                               0D   1120
     126    1494       0       0       0                        01010500D   1121
     126       0       0      21       0                               0D   1122
     124    1515       0       0       0                        00000000D   1123
     124       0       0       3       0                               0D   1124
     100    1518       0       0       0            1123        01010000D   1125
     100       0       0       1       0                               0D   1126
     102    1519       0       0       0                        01010500D   1127
     102       0       0       1       0                               0D   1128
     102    1520       0       0       0                        01010000D   1129
     102       0       0       1       0                               0D   1130
     142    1521       0       0       0                        00010500D   1131
     142       0       0       1       0                               0D   1132
     126    1522       0       0       0                        01010500D   1133
     126       0       0      22       0                               0D   1134
     124    1544       0       0       0                        00000000D   1135
     124       0       0       4       0                               0D   1136
     100    1548       0       0       0            1135        01010000D   1137
     100       0       0       2       0                               0D   1138
     126    1550       0       0       0                        01010500D   1139
     126       0       0      22       0                               0D   1140
     124    1572       0       0       0                        00000000D   1141
     124       0       0       4       0                               0D   1142
     100    1576       0       0       0            1141        01010000D   1143
     100       0       0       2       0                               0D   1144
     102    1578       0       0       0                        01010500D   1145
     102       0       0       1       0                               0D   1146
     102    1579       0       0       0                        01010000D   1147
     102       0       0       1       0                               0D   1148
     142    1580       0       0       0                        00010500D   1149
     142       0       0       1       0                               0D   1150
     126    1581       0       0       0                        01010500D   1151
     126       0       0      22       0                               0D   1152
     124    1603       0       0       0                        00000000D   1153
     124       0       0       4       0                               0D   1154
     100    1607       0       0       0            1153        01010000D   1155
     100       0       0       2       0                               0D   1156
     126    1609       0       0       0                        01010500D   1157
     126       0       0      22       0                               0D   1158
     124    1631       0       0       0                        00000000D   1159
     124       0       0       4       0                               0D   1160
     100    1635       0       0       0            1159        01010000D   1161
     100       0       0       2       0                               0D   1162
     102    1637       0       0       0                        01010500D   1163
     102       0       0       1       0                               0D   1164
     102    1638       0       0       0                        01010000D   1165
     102       0       0       1       0                               0D   1166
     142    1639       0       0       0                        00010500D   1167
     142       0       0       1       0                               0D   1168
     126    1640       0       0       0                        01010500D   1169
     126       0       0      22       0                               0D   1170
     124    1662       0       0       0                        00000000D   1171
     124       0       0       3       0                               0D   1172
     100    1665       0       0       0            1171        01010000D   1173
     100       0       0       1       0                               0D   1174
     126    1666       0       0       0                        01010500D   1175
     126       0       0      22       0                               0D   1176
     124    1688       0       0       0                        00000000D   1177
     124       0       0       3       0                               0D   1178
     100    1691       0       0       0            1177        01010000D   1179
     100       0       0       1       0                               0D   1180
     102    1692       0       0       0                        01010500D   1181
     102       0       0       1       0                               0D   1182
     102    1693       0       0       0                        01010000D   1183
     102       0       0       1       0                               0D   1184
     142    1694       0       0       0                        00010500D   1185
     142       0       0       1       0                               0D   1186
     126    1695       0       0       0                        01010500D   1187
     126       0       0      12       0                               0D   1188
     124    1707       0       0       0                        00000000D   1189
     124       0       0       4       0                               0D   1190
     100    1711       0       0       0            1189        01010000D   1191
     100       0       0       2       0                               0D   1192
     126    1713       0       0       0                        01010500D   1193
     126       0       0      12       0                               0D   1194
     124    1725       0       0       0                        00000000D   1195
     124       0       0       4       0                               0D   1196
     100    1729       0       0       0            1195        01010000D   1197
     100       0       0       2       0                               0D   1198
     102    1731       0       0       0                        01010500D   1199
     102       0       0       1       0                               0D   1200
     102    1732       0       0       0                        01010000D   1201
     102       0       0       1       0                               0D   1202
     142    1733       0       0       0                        00010500D   1203
     142       0       0       1       0                               0D   1204
     126    1734       0       0       0                        01010500D   1205
     126       0       0      11       0                               0D   1206
     124    1745       0       0       0                        00000000D   1207
     124       0       0       4       0                               0D   1208
     100    1749       0       0       0            1207        01010000D   1209
     100       0       0       1       0                               0D   1210
     126    1750       0       0       0                        01010500D   1211
     126       0       0      11       0                               0D   1212
     124    1761       0       0       0                        00000000D   1213
     124       0       0       4       0                               0D   1214
     100    1765       0       0       0            1213        01010000D   1215
     100       0       0       1       0                               0D   1216
     102    1766       0       0       0                        01010500D   1217
     102       0       0       1       0                               0D   1218
     102    1767       0       0       0                        01010000D   1219
     102       0       0       1       0                               0D   1220
     142    1768       0       0       0                        00010500D   1221
     142       0       0       1       0                               0D   1222
     126    1769       0       0       0                        01010500D   1223
     126       0       0      11       0                               0D   1224
     124    1780       0       0       0                        00000000D   1225
     124       0       0       4       0                               0D   1226
     100    1784       0       0       0            1225        01010000D   1227
     100       0       0       1       0                               0D   1228
     126    1785       0       0       0                        01010500D   1229
     126       0       0      11       0                               0D   1230
     124    1796       0       0       0                        00000000D   1231
     124       0       0       3       0                               0D   1232
     100    1799       0       0       0            1231        01010000D   1233
     100       0       0       1       0                               0D   1234
     102    1800       0       0       0                        01010500D   1235
     102       0       0       1       0                               0D   1236
     102    1801       0       0       0                        01010000D   1237
     102       0       0       1       0                               0D   1238
     142    1802       0       0       0                        00010500D   1239
     142       0       0       1       0                               0D   1240
     126    1803       0       0       0                        01010500D   1241
     126       0       0      11       0                               0D   1242
     124    1814       0       0       0                        00000000D   1243
     124       0       0       4       0                               0D   1244
     100    1818       0       0       0            1243        01010000D   1245
     100       0       0       1       0                               0D   1246
     126    1819       0       0       0                        01010500D   1247
     126       0       0      11       0                               0D   1248
     124    1830       0       0       0                        00000000D   1249
     124       0       0       3       0                               0D   1250
     100    1833       0       0       0            1249        01010000D   1251
     100       0       0       1       0                               0D   1252
     102    1834       0       0       0                        01010500D   1253
     102       0       0       1       0                               0D   1254
     102    1835       0       0       0                        01010000D   1255
     102       0       0       1       0                               0D   1256
     142    1836       0       0       0                        00010500D   1257
     142       0       0       1       0                               0D   1258
     126    1837       0       0       0                        01010500D   1259
     126       0       0      12       0                               0D   1260
     124    1849       0       0       0                        00000000D   1261
     124       0       0       4       0                               0D   1262
     100    1853       0       0       0            1261        01010000D   1263
     100       0       0       1       0                               0D   1264
     126    1854       0       0       0                        01010500D   1265
     126       0       0      12       0                               0D   1266
     124    1866       0       0       0                        00000000D   1267
     124       0       0       4       0                               0D   1268
     100    1870       0       0       0            1267        01010000D   1269
     100       0       0       1       0                               0D   1270
     102    1871       0       0       0                        01010500D   1271
     102       0       0       1       0                               0D   1272
     102    1872       0       0       0                        01010000D   1273
     102       0       0       1       0                               0D   1274
     142    1873       0       0       0                        00010500D   1275
     142       0       0       1       0                               0D   1276
     126    1874       0       0       0                        01010500D   1277
     126       0       0      11       0                               0D   1278
     124    1885       0       0       0                        00000000D   1279
     124       0       0       4       0                               0D   1280
     100    1889       0       0       0            1279        01010000D   1281
     100       0       0       1       0                               0D   1282
     126    1890       0       0       0                        01010500D   1283
     126       0       0      11       0                               0D   1284
     124    1901       0       0       0                        00000000D   1285
     124       0       0       4       0                               0D   1286
     100    1905       0       0       0            1285        01010000D   1287
     100       0       0       1       0                               0D   1288
     102    1906       0       0       0                        01010500D   1289
     102       0       0       1       0                               0D   1290
     102    1907       0       0       0                        01010000D   1291
     102       0       0       1       0                               0D   1292
     142    1908       0       0       0                        00010500D   1293
     142       0       0       1       0                               0D   1294
     126    1909       0       0       0                        01010500D   1295
     126       0       0      11       0                               0D   1296
     124    1920       0       0       0                        00000000D   1297
     124       0       0       4       0                               0D   1298
     100    1924       0       0       0            1297        01010000D   1299
     100       0       0       1       0                               0D   1300
     126    1925       0       0       0                        01010500D   1301
     126       0       0      11       0                               0D   1302
     124    1936       0       0       0                        00000000D   1303
     124       0       0       3       0                               0D   1304
     100    1939       0       0       0            1303        01010000D   1305
     100       0       0       1       0                               0D   1306
     102    1940       0       0       0                        01010500D   1307
     102       0       0       1       0                               0D   1308
     102    1941       0       0       0                        01010000D   1309
     102       0       0       1       0                               0D   1310
     142    1942       0       0       0                        00010500D   1311
     142       0       0       1       0                               0D   1312
     126    1943       0       0       0                        01010500D   1313
     126       0       0      12       0                               0D   1314
     124    1955       0       0       0                        00000000D   1315
     124       0       0       4       0                               0D   1316
     100    1959       0       0       0            1315        01010000D   1317
     100       0       0       2       0                               0D   1318
     126    1961       0       0       0                        01010500D   1319
     126       0       0      12       0                               0D   1320
     124    1973       0       0       0                        00000000D   1321
     124       0       0       4       0                               0D   1322
     100    1977       0       0       0            1321        01010000D   1323
     100       0       0       2       0                               0D   1324
     102    1979       0       0       0                        01010500D   1325
     102       0       0       1       0                               0D   1326
     102    1980       0       0       0                        01010000D   1327
     102       0       0       1       0                               0D   1328
     142    1981       0       0       0                        00010500D   1329
     142       0       0       1       0                               0D   1330
     126    1982       0       0       0                        01010500D   1331
     126       0       0      12       0                               0D   1332
     124    1994       0       0       0                        00000000D   1333
     124       0       0       4       0                               0D   1334
     100    1998       0       0       0            1333        01010000D   1335
     100       0       0       2       0                               0D   1336
     126    2000       0       0       0                        01010500D   1337
     126       0       0      12       0                               0D   1338
     124    2012       0       0       0                        00000000D   1339
     124       0       0       4       0                               0D   1340
     100    2016       0       0       0            1339        01010000D   1341
     100       0       0       2       0                               0D   1342
     102    2018       0       0       0                        01010500D   1343
     102       0       0       1       0                               0D   1344
     102    2019       0       0       0                        01010000D   1345
     102       0       0       1       0                               0D   1346
     142    2020       0       0       0                        00010500D   1347
     142       0       0       1       0                               0D   1348
     126    2021       0       0       0                        01010500D   1349
     126       0       0      11       0                               0D   1350
     124    2032       0       0       0                        00000000D   1351
     124       0       0       4       0                               0D   1352
     100    2036       0       0       0            1351        01010000D   1353
     100       0       0       1       0                               0D   1354
     126    2037       0       0       0                        01010500D   1355
     126       0       0      11       0                               0D   1356
     124    2048       0       0       0                        00000000D   1357
     124       0       0       3       0                               0D   1358
     100    2051       0       0       0            1357        01010000D   1359
     100       0       0       1       0                               0D   1360
     102    2052       0       0       0                        01010500D   1361
     102       0       0       1       0                               0D   1362
     102    2053       0       0       0                        01010000D   1363
     102       0       0       1       0                               0D   1364
     142    2054       0       0       0                        00010500D   1365
     142       0       0       1       0                               0D   1366
     126    2055       0       0       0                        01010500D   1367
     126       0       0      12       0                               0D   1368
     124    2067       0       0       0                        00000000D   1369
     124       0       0       4       0                               0D   1370
     100    2071       0       0       0            1369        01010000D   1371
     100       0       0       2       0                               0D   1372
     126    2073       0       0       0                        01010500D   1373
     126       0       0      12       0                               0D   1374
     124    2085       0       0       0                        00000000D   1375
     124       0       0       4       0                               0D   1376
     100    2089       0       0       0            1375        01010000D   1377
     100       0       0       2       0                               0D   1378
     102    2091       0       0       0                        01010500D   1379
     102       0       0       1       0                               0D   1380
     102    2092       0       0       0                        01010000D   1381
     102       0       0       1       0                               0D   1382
     142    2093       0       0       0                        00010500D   1383
     142       0       0       1       0                               0D   1384
     126    2094       0       0       0                        01010500D   1385
     126       0       0      12       0                               0D   1386
     124    2106       0       0       0                        00000000D   1387
     124       0       0       4       0                               0D   1388
     100    2110       0       0       0            1387        01010000D   1389
     100       0       0       1       0                               0D   1390
     126    2111       0       0       0                        01010500D   1391
     126       0       0      12       0                               0D   1392
     124    2123       0       0       0                        00000000D   1393
     124       0       0       4       0                               0D   1394
     100    2127       0       0       0            1393        01010000D   1395
     100       0       0       1       0                               0D   1396
     102    2128       0       0       0                        01010500D   1397
     102       0       0       1       0                               0D   1398
     102    2129       0       0       0                        01010000D   1399
     102       0       0       1       0                               0D   1400
     142    2130       0       0       0                        00010500D   1401
     142       0       0       1       0                               0D   1402
     126    2131       0       0       0                        01010500D   1403
     126       0       0       2       0                               0D   1404
     110    2133       0       0       0                        01010000D   1405
     110       0       0       2       0                               0D   1406
     126    2135       0       0       0                        01010500D   1407
     126       0       0       2       0                               0D   1408
     110    2137       0       0       0                        01010000D   1409
     110       0       0       2       0                               0D   1410
     126    2139       0       0       0                        01010500D   1411
     126       0       0       2       0                               0D   1412
     110    2141       0       0       0                        01010000D   1413
     110       0       0       2       0                               0D   1414
     126    2143       0       0       0                        01010500D   1415
     126       0       0       2       0                               0D   1416
     110    2145       0       0       0                        01010000D   1417
     110       0       0       2       0                               0D   1418
     102    2147       0       0       0                        01010500D   1419
     102       0       0       1       0                               0D   1420
     102    2148       0       0       0                        01010000D   1421
     102       0       0       1       0                               0D   1422
     142    2149       0       0       0                        00010500D   1423
     142       0       0       1       0                               0D   1424
     126    2150       0       0       0                        01010500D   1425
     126       0       0       2       0                               0D   1426
     110    2152       0       0       0                        01010000D   1427
     110       0       0       2       0                               0D   1428
     126    2154       0       0       0                        01010500D   1429
     126       0       0       2       0                               0D   1430
     110    2156       0       0       0                        01010000D   1431
     110       0       0       2       0                               0D   1432
     126    2158       0       0       0                        01010500D   1433
     126       0       0       2       0                               0D   1434
     110    2160       0       0       0                        01010000D   1435
     110       0       0       2       0                               0D   1436
     126    2162       0       0       0                        01010500D   1437
     126       0       0       2       0                               0D   1438
     110    2164       0       0       0                        01010000D   1439
     110       0       0       2       0                               0D   1440
     102    2166       0       0       0                        01010500D   1441
     102       0       0       1       0                               0D   1442
     102    2167       0       0       0                        01010000D   1443
     102       0       0       1       0                               0D   1444
     142    2168       0       0       0                        00010500D   1445
     142       0       0       1       0                               0D   1446
     126    2169       0       0       0                        01010500D   1447
     126       0       0      22       0                               0D   1448
     124    2191       0       0       0                        00000000D   1449
     124       0       0       4       0                               0D   1450
     100    2195       0       0       0            1449        01010000D   1451
     100       0       0       1       0                               0D   1452
     126    2196       0       0       0                        01010500D   1453
     126       0       0      22       0                               0D   1454
     124    2218       0       0       0                        00000000D   1455
     124       0       0       3       0                               0D   1456
     100    2221       0       0       0            1455        01010000D   1457
     100       0       0       1       0                               0D   1458
     102    2222       0       0       0                        01010500D   1459
     102       0       0       1       0                               0D   1460
     102    2223       0       0       0                        01010000D   1461
     102       0       0       1       0                               0D   1462
     142    2224       0       0       0                        00010500D   1463
     142       0       0       1       0                               0D   1464
     126    2225       0       0       0                        01010500D   1465
     126       0       0      22       0                               0D   1466
     124    2247       0       0       0                        00000000D   1467
     124       0       0       4       0                               0D   1468
     100    2251       0       0       0            1467        01010000D   1469
     100       0       0       2       0                               0D   1470
     126    2253       0       0       0                        01010500D   1471
     126       0       0      22       0                               0D   1472
     124    2275       0       0       0                        00000000D   1473
     124       0       0       4       0                               0D   1474
     100    2279       0       0       0            1473        01010000D   1475
     100       0       0       2       0                               0D   1476
     102    2281       0       0       0                        01010500D   1477
     102       0       0       1       0                               0D   1478
     102    2282       0       0       0                        01010000D   1479
     102       0       0       1       0                               0D   1480
     142    2283       0       0       0                        00010500D   1481
     142       0       0       1       0                               0D   1482
     126    2284       0       0       0                        01010500D   1483
     126       0       0      22       0                               0D   1484
     124    2306       0       0       0                        00000000D   1485
     124       0       0       4       0                               0D   1486
     100    2310       0       0       0            1485        01010000D   1487
     100       0       0       2       0                               0D   1488
     126    2312       0       0       0                        01010500D   1489
     126       0       0      22       0                               0D   1490
     124    2334       0       0       0                        00000000D   1491
     124       0       0       4       0                               0D   1492
     100    2338       0       0       0            1491        01010000D   1493
     100       0       0       2       0                               0D   1494
     102    2340       0       0       0                        01010500D   1495
     102       0       0       1       0                               0D   1496
     102    2341       0       0       0                        01010000D   1497
     102       0       0       1       0                               0D   1498
     142    2342       0       0       0                        00010500D   1499
     142       0       0       1       0                               0D   1500
     144    2343       0       0       0                        00000000D   1501
     144       0      -1       3       0                               0D   1502
     128    2346       0       0       0                        01010000D   1503
     128       0       0       3       0                               0D   1504
     126    2349       0       0       0                        01010500D   1505
     126       0       0       2       0                               0D   1506
     110    2351       0       0       0                        01010000D   1507
     110       0       0       1       0                               0D   1508
     126    2352       0       0       0                        01010500D   1509
     126       0       0       2       0                               0D   1510
     110    2354       0       0       0                        01010000D   1511
     110       0       0       1       0                               0D   1512
     126    2355       0       0       0                        01010500D   1513
     126       0       0       2       0                               0D   1514
     110    2357       0       0       0                        01010000D   1515
     110       0       0       1       0                               0D   1516
     126    2358       0       0       0                        01010500D   1517
     126       0       0       2       0                               0D   1518
     110    2360       0       0       0                        01010000D   1519
     110       0       0       1       0                               0D   1520
     102    2361       0       0       0                        01010500D   1521
     102       0       0       1       0                               0D   1522
     102    2362       0       0       0                        01010000D   1523
     102       0       0       1       0                               0D   1524
     142    2363       0       0       0                        00010500D   1525
     142       0       0       1       0                               0D   1526
     144    2364       0       0       0                        00000000D   1527
     144       0      -1       1       0                               0D   1528
     110    2365       0       0       0                        01010000D   1529
     110       0       0       1       0                               0D   1530
     110    2366       0       0       0                        01010000D   1531
     110       0       0       1       0                               0D   1532
     120    2367       0       0       0                        01010000D   1533
     120       0       0       1       0                               0D   1534
     126    2368       0       0       0                        01010500D   1535
     126       0       0       2       0                               0D   1536
     124    2370       0       0       0                        00000000D   1537
     124       0       0       4       0                               0D   1538
     100    2374       0       0       0            1537        01010000D   1539
     100       0       0       1       0                               0D   1540
     126    2375       0       0       0                        01010500D   1541
     126       0       0       2       0                               0D   1542
     110    2377       0       0       0                        01010000D   1543
     110       0       0       1       0                               0D   1544
     126    2378       0       0       0                        01010500D   1545
     126       0       0       2       0                               0D   1546
     100    2380       0       0       0                        01010000D   1547
     100       0       0       1       0                               0D   1548
     126    2381       0       0       0                        01010500D   1549
     126       0       0       2       0                               0D   1550
     110    2383       0       0       0                        01010000D   1551
     110       0       0       1       0                               0D   1552
     102    2384       0       0       0                        01010500D   1553
     102       0       0       1       0                               0D   1554
     102    2385       0       0       0                        01010000D   1555
     102       0       0       1       0                               0D   1556
     142    2386       0       0       0                        00010500D   1557
     142       0       0       1       0                               0D   1558
     144    2387       0       0       0                        00000000D   1559
     144       0      -1       1       0                               0D   1560
     110    2388       0       0       0                        01010000D   1561
     110       0       0       2       0                               0D   1562
     110    2390       0       0       0                        01010000D   1563
     110       0       0       2       0                               0D   1564
     120    2392       0       0       0                        01010000D   1565
     120       0       0       1       0                               0D   1566
     126    2393       0       0       0                        01010500D   1567
     126       0       0       2       0                               0D   1568
     124    2395       0       0       0                        00000000D   1569
     124       0       0       4       0                               0D   1570
     100    2399       0       0       0            1569        01010000D   1571
     100       0       0       2       0                               0D   1572
     126    2401       0       0       0                        01010500D   1573
     126       0       0       2       0                               0D   1574
     110    2403       0       0       0                        01010000D   1575
     110       0       0       2       0                               0D   1576
     126    2405       0       0       0                        01010500D   1577
     126       0       0       2       0                               0D   1578
     100    2407       0       0       0                        01010000D   1579
     100       0       0       2       0                               0D   1580
     126    2409       0       0       0                        01010500D   1581
     126       0       0       2       0                               0D   1582
     110    2411       0       0       0                        01010000D   1583
     110       0       0       2       0                               0D   1584
     102    2413       0       0       0                        01010500D   1585
     102       0       0       1       0                               0D   1586
     102    2414       0       0       0                        01010000D   1587
     102       0       0       1       0                               0D   1588
     142    2415       0       0       0                        00010500D   1589
     142       0       0       1       0                               0D   1590
     144    2416       0       0       0                        00000000D   1591
     144       0      -1       1       0                               0D   1592
     110    2417       0       0       0                        01010000D   1593
     110       0       0       2       0                               0D   1594
     110    2419       0       0       0                        01010000D   1595
     110       0       0       2       0                               0D   1596
     120    2421       0       0       0                        01010000D   1597
     120       0       0       1       0                               0D   1598
     126    2422       0       0       0                        01010500D   1599
     126       0       0       2       0                               0D   1600
     124    2424       0       0       0                        00000000D   1601
     124       0       0       4       0                               0D   1602
     100    2428       0       0       0            1601        01010000D   1603
     100       0       0       2       0                               0D   1604
     126    2430       0       0       0                        01010500D   1605
     126       0       0       2       0                               0D   1606
     110    2432       0       0       0                        01010000D   1607
     110       0       0       2       0                               0D   1608
     126    2434       0       0       0                        01010500D   1609
     126       0       0       2       0                               0D   1610
     100    2436       0       0       0                        01010000D   1611
     100       0       0       2       0                               0D   1612
     126    2438       0       0       0                        01010500D   1613
     126       0       0       2       0                               0D   1614
     110    2440       0       0       0                        01010000D   1615
     110       0       0       2       0                               0D   1616
     102    2442       0       0       0                        01010500D   1617
     102       0       0       1       0                               0D   1618
     102    2443       0       0       0                        01010000D   1619
     102       0       0       1       0                               0D   1620
     142    2444       0       0       0                        00010500D   1621
     142       0       0       1       0                               0D   1622
     144    2445       0       0       0                        00000000D   1623
     144       0      -1       1       0                               0D   1624
     110    2446       0       0       0                        01010000D   1625
     110       0       0       1       0                               0D   1626
     110    2447       0       0       0                        01010000D   1627
     110       0       0       1       0                               0D   1628
     120    2448       0       0       0                        01010000D   1629
     120       0       0       1       0                               0D   1630
     126    2449       0       0       0                        01010500D   1631
     126       0       0       2       0                               0D   1632
     124    2451       0       0       0                        00000000D   1633
     124       0       0       3       0                               0D   1634
     100    2454       0       0       0            1633        01010000D   1635
     100       0       0       1       0                               0D   1636
     126    2455       0       0       0                        01010500D   1637
     126       0       0       2       0                               0D   1638
     110    2457       0       0       0                        01010000D   1639
     110       0       0       1       0                               0D   1640
     126    2458       0       0       0                        01010500D   1641
     126       0       0       2       0                               0D   1642
     100    2460       0       0       0                        01010000D   1643
     100       0       0       1       0                               0D   1644
     126    2461       0       0       0                        01010500D   1645
     126       0       0       2       0                               0D   1646
     110    2463       0       0       0                        01010000D   1647
     110       0       0       1       0                               0D   1648
     102    2464       0       0       0                        01010500D   1649
     102       0       0       1       0                               0D   1650
     102    2465       0       0       0                        01010000D   1651
     102       0       0       1       0                               0D   1652
     142    2466       0       0       0                        00010500D   1653
     142       0       0       1       0                               0D   1654
     144    2467       0       0       0                        00000000D   1655
     144       0      -1       1       0                               0D   1656
     110    2468       0       0       0                        01010000D   1657
     110       0       0       1       0                               0D   1658
     110    2469       0       0       0                        01010000D   1659
     110       0       0       1       0                               0D   1660
     120    2470       0       0       0                        01010000D   1661
     120       0       0       1       0                               0D   1662
     126    2471       0       0       0                        01010500D   1663
     126       0       0       2       0                               0D   1664
     124    2473       0       0       0                        00000000D   1665
     124       0       0       4       0                               0D   1666
     100    2477       0       0       0            1665        01010000D   1667
     100       0       0       2       0                               0D   1668
     126    2479       0       0       0                        01010500D   1669
     126       0       0       2       0                               0D   1670
     110    2481       0       0       0                        01010000D   1671
     110       0       0       1       0                               0D   1672
     126    2482       0       0       0                        01010500D   1673
     126       0       0       2       0                               0D   1674
     100    2484       0       0       0                        01010000D   1675
     100       0       0       2       0                               0D   1676
     126    2486       0       0       0                        01010500D   1677
     126       0       0       2       0                               0D   1678
     110    2488       0       0       0                        01010000D   1679
     110       0       0       1       0                               0D   1680
     102    2489       0       0       0                        01010500D   1681
     102       0       0       1       0                               0D   1682
     102    2490       0       0       0                        01010000D   1683
     102       0       0       1       0                               0D   1684
     142    2491       0       0       0                        00010500D   1685
     142       0       0       1       0                               0D   1686
     144    2492       0       0       0                        00000000D   1687
     144       0      -1       1       0                               0D   1688
     110    2493       0       0       0                        01010000D   1689
     110       0       0       1       0                               0D   1690
     110    2494       0       0       0                        01010000D   1691
     110       0       0       1       0                               0D   1692
     120    2495       0       0       0                        01010000D   1693
     120       0       0       1       0                               0D   1694
     126    2496       0       0       0                        01010500D   1695
     126       0       0       2       0                               0D   1696
     124    2498       0       0       0                        00000000D   1697
     124       0       0       4       0                               0D   1698
     100    2502       0       0       0            1697        01010000D   1699
     100       0       0       1       0                               0D   1700
     126    2503       0       0       0                        01010500D   1701
     126       0       0       2       0                               0D   1702
     110    2505       0       0       0                        01010000D   1703
     110       0       0       1       0                               0D   1704
     126    2506       0       0       0                        01010500D   1705
     126       0       0       2       0                               0D   1706
     100    2508       0       0       0                        01010000D   1707
     100       0       0       1       0                               0D   1708
     126    2509       0       0       0                        01010500D   1709
     126       0       0       2       0                               0D   1710
     110    2511       0       0       0                        01010000D   1711
     110       0       0       1       0                               0D   1712
     102    2512       0       0       0                        01010500D   1713
     102       0       0       1       0                               0D   1714
     102    2513       0       0       0                        01010000D   1715
     102       0       0       1       0                               0D   1716
     142    2514       0       0       0                        00010500D   1717
     142       0       0       1       0                               0D   1718
     144    2515       0       0       0                        00000000D   1719
     144       0      -1       1       0                               0D   1720
     110    2516       0       0       0                        01010000D   1721
     110       0       0       1       0                               0D   1722
     110    2517       0       0       0                        01010000D   1723
     110       0       0       1       0                               0D   1724
     120    2518       0       0       0                        01010000D   1725
     120       0       0       1       0                               0D   1726
     126    2519       0       0       0                        01010500D   1727
     126       0       0       2       0                               0D   1728
     124    2521       0       0       0                        00000000D   1729
     124       0       0       4       0                               0D   1730
     100    2525       0       0       0            1729        01010000D   1731
     100       0       0       1       0                               0D   1732
     126    2526       0       0       0                        01010500D   1733
     126       0       0       2       0                               0D   1734
     110    2528       0       0       0                        01010000D   1735
     110       0       0       1       0                               0D   1736
     126    2529       0       0       0                        01010500D   1737
     126       0       0       2       0                               0D   1738
     100    2531       0       0       0                        01010000D   1739
     100       0       0       1       0                               0D   1740
     126    2532       0       0       0                        01010500D   1741
     126       0       0       2       0                               0D   1742
     110    2534       0       0       0                        01010000D   1743
     110       0       0       1       0                               0D   1744
     102    2535       0       0       0                        01010500D   1745
     102       0       0       1       0                               0D   1746
     102    2536       0       0       0                        01010000D   1747
     102       0       0       1       0                               0D   1748
     142    2537       0       0       0                        00010500D   1749
     142       0       0       1       0                               0D   1750
     144    2538       0       0       0                        00000000D   1751
     144       0      -1       1       0                               0D   1752
     110    2539       0       0       0                        01010000D   1753
     110       0       0       1       0                               0D   1754
     110    2540       0       0       0                        01010000D   1755
     110       0       0       1       0                               0D   1756
     120    2541       0       0       0                        01010000D   1757
     120       0       0       1       0                               0D   1758
     126    2542       0       0       0                        01010500D   1759
     126       0       0       2       0                               0D   1760
     124    2544       0       0       0                        00000000D   1761
     124       0       0       4       0                               0D   1762
     100    2548       0       0       0            1761        01010000D   1763
     100       0       0       1       0                               0D   1764
     126    2549       0       0       0                        01010500D   1765
     126       0       0       2       0                               0D   1766
     110    2551       0       0       0                        01010000D   1767
     110       0       0       1       0                               0D   1768
     126    2552       0       0       0                        01010500D   1769
     126       0       0       2       0                               0D   1770
     100    2554       0       0       0                        01010000D   1771
     100       0       0       1       0                               0D   1772
     126    2555       0       0       0                        01010500D   1773
     126       0       0       2       0                               0D   1774
     110    2557       0       0       0                        01010000D   1775
     110       0       0       1       0                               0D   1776
     102    2558       0       0       0                        01010500D   1777
     102       0       0       1       0                               0D   1778
     102    2559       0       0       0                        01010000D   1779
     102       0       0       1       0                               0D   1780
     142    2560       0       0       0                        00010500D   1781
     142       0       0       1       0                               0D   1782
     144    2561       0       0       0                        00000000D   1783
     144       0      -1       1       0                               0D   1784
     110    2562       0       0       0                        01010000D   1785
     110       0       0       1       0                               0D   1786
     110    2563       0       0       0                        01010000D   1787
     110       0       0       1       0                               0D   1788
     120    2564       0       0       0                        01010000D   1789
     120       0       0       1       0                               0D   1790
     126    2565       0       0       0                        01010500D   1791
     126       0       0       2       0                               0D   1792
     124    2567       0       0       0                        00000000D   1793
     124       0       0       4       0                               0D   1794
     100    2571       0       0       0            1793        01010000D   1795
     100       0       0       1       0                               0D   1796
     126    2572       0       0       0                        01010500D   1797
     126       0       0       2       0                               0D   1798
     110    2574       0       0       0                        01010000D   1799
     110       0       0       1       0                               0D   1800
     126    2575       0       0       0                        01010500D   1801
     126       0       0       2       0                               0D   1802
     100    2577       0       0       0                        01010000D   1803
     100       0       0       1       0                               0D   1804
     126    2578       0       0       0                        01010500D   1805
     126       0       0       2       0                               0D   1806
     110    2580       0       0       0                        01010000D   1807
     110       0       0       1       0                               0D   1808
     102    2581       0       0       0                        01010500D   1809
     102       0       0       1       0                               0D   1810
     102    2582       0       0       0                        01010000D   1811
     102       0       0       1       0                               0D   1812
     142    2583       0       0       0                        00010500D   1813
     142       0       0       1       0                               0D   1814
     144    2584       0       0       0                        00000000D   1815
     144       0      -1       1       0                               0D   1816
     110    2585       0       0       0                        01010000D   1817
     110       0       0       1       0                               0D   1818
     110    2586       0       0       0                        01010000D   1819
     110       0       0       1       0                               0D   1820
     120    2587       0       0       0                        01010000D   1821
     120       0       0       1       0                               0D   1822
     126    2588       0       0       0                        01010500D   1823
     126       0       0       2       0                               0D   1824
     124    2590       0       0       0                        00000000D   1825
     124       0       0       4       0                               0D   1826
     100    2594       0       0       0            1825        01010000D   1827
     100       0       0       1       0                               0D   1828
     126    2595       0       0       0                        01010500D   1829
     126       0       0       2       0                               0D   1830
     110    2597       0       0       0                        01010000D   1831
     110       0       0       1       0                               0D   1832
     126    2598       0       0       0                        01010500D   1833
     126       0       0       2       0                               0D   1834
     100    2600       0       0       0                        01010000D   1835
     100       0       0       1       0                               0D   1836
     126    2601       0       0       0                        01010500D   1837
     126       0       0       2       0                               0D   1838
     110    2603       0       0       0                        01010000D   1839
     110       0       0       1       0                               0D   1840
     102    2604       0       0       0                        01010500D   1841
     102       0       0       1       0                               0D   1842
     102    2605       0       0       0                        01010000D   1843
     102       0       0       1       0                               0D   1844
     142    2606       0       0       0                        00010500D   1845
     142       0       0       1       0                               0D   1846
     144    2607       0       0       0                        00000000D   1847
     144       0      -1       1       0                               0D   1848
     110    2608       0       0       0                        01010000D   1849
     110       0       0       1       0                               0D   1850
     110    2609       0       0       0                        01010000D   1851
     110       0       0       1       0                               0D   1852
     120    2610       0       0       0                        01010000D   1853
     120       0       0       1       0                               0D   1854
     126    2611       0       0       0                        01010500D   1855
     126       0       0       2       0                               0D   1856
     124    2613       0       0       0                        00000000D   1857
     124       0       0       4       0                               0D   1858
     100    2617       0       0       0            1857        01010000D   1859
     100       0       0       1       0                               0D   1860
     126    2618       0       0       0                        01010500D   1861
     126       0       0       2       0                               0D   1862
     110    2620       0       0       0                        01010000D   1863
     110       0       0       1       0                               0D   1864
     126    2621       0       0       0                        01010500D   1865
     126       0       0       2       0                               0D   1866
     100    2623       0       0       0                        01010000D   1867
     100       0       0       1       0                               0D   1868
     126    2624       0       0       0                        01010500D   1869
     126       0       0       2       0                               0D   1870
     110    2626       0       0       0                        01010000D   1871
     110       0       0       1       0                               0D   1872
     102    2627       0       0       0                        01010500D   1873
     102       0       0       1       0                               0D   1874
     102    2628       0       0       0                        01010000D   1875
     102       0       0       1       0                               0D   1876
     142    2629       0       0       0                        00010500D   1877
     142       0       0       1       0                               0D   1878
     144    2630       0       0       0                        00000000D   1879
     144       0      -1       1       0                               0D   1880
     110    2631       0       0       0                        01010000D   1881
     110       0       0       1       0                               0D   1882
     110    2632       0       0       0                        01010000D   1883
     110       0       0       1       0                               0D   1884
     120    2633       0       0       0                        01010000D   1885
     120       0       0       1       0                               0D   1886
     126    2634       0       0       0                        01010500D   1887
     126       0       0       2       0                               0D   1888
     124    2636       0       0       0                        00000000D   1889
     124       0       0       4       0                               0D   1890
     100    2640       0       0       0            1889        01010000D   1891
     100       0       0       2       0                               0D   1892
     126    2642       0       0       0                        01010500D   1893
     126       0       0       2       0                               0D   1894
     110    2644       0       0       0                        01010000D   1895
     110       0       0       1       0                               0D   1896
     126    2645       0       0       0                        01010500D   1897
     126       0       0       2       0                               0D   1898
     100    2647       0       0       0                        01010000D   1899
     100       0       0       2       0                               0D   1900
     126    2649       0       0       0                        01010500D   1901
     126       0       0       2       0                               0D   1902
     110    2651       0       0       0                        01010000D   1903
     110       0       0       1       0                               0D   1904
     102    2652       0       0       0                        01010500D   1905
     102       0       0       1       0                               0D   1906
     102    2653       0       0       0                        01010000D   1907
     102       0       0       1       0                               0D   1908
     142    2654       0       0       0                        00010500D   1909
     142       0       0       1       0                               0D   1910
     144    2655       0       0       0                        00000000D   1911
     144       0      -1       1       0                               0D   1912
     110    2656       0       0       0                        01010000D   1913
     110       0       0       1       0                               0D   1914
     110    2657       0       0       0                        01010000D   1915
     110       0       0       1       0                               0D   1916
     120    2658       0       0       0                        01010000D   1917
     120       0       0       1       0                               0D   1918
     126    2659       0       0       0                        01010500D   1919
     126       0       0       2       0                               0D   1920
     124    2661       0       0       0                        00000000D   1921
     124       0       0       4       0                               0D   1922
     100    2665       0       0       0            1921        01010000D   1923
     100       0       0       2       0                               0D   1924
     126    2667       0       0       0                        01010500D   1925
     126       0       0       2       0                               0D   1926
     110    2669       0       0       0                        01010000D   1927
     110       0       0       1       0                               0D   1928
     126    2670       0       0       0                        01010500D   1929
     126       0       0       2       0                               0D   1930
     100    2672       0       0       0                        01010000D   1931
     100       0       0       2       0                               0D   1932
     126    2674       0       0       0                        01010500D   1933
     126       0       0       2       0                               0D   1934
     110    2676       0       0       0                        01010000D   1935
     110       0       0       1       0                               0D   1936
     102    2677       0       0       0                        01010500D   1937
     102       0       0       1       0                               0D   1938
     102    2678       0       0       0                        01010000D   1939
     102       0       0       1       0                               0D   1940
     142    2679       0       0       0                        00010500D   1941
     142       0       0       1       0                               0D   1942
     144    2680       0       0       0                        00000000D   1943
     144       0      -1       1       0                               0D   1944
     110    2681       0       0       0                        01010000D   1945
     110       0       0       1       0                               0D   1946
     110    2682       0       0       0                        01010000D   1947
     110       0       0       1       0                               0D   1948
     120    2683       0       0       0                        01010000D   1949
     120       0       0       1       0                               0D   1950
     126    2684       0       0       0                        01010500D   1951
     126       0       0       2       0                               0D   1952
     124    2686       0       0       0                        00000000D   1953
     124       0       0       4       0                               0D   1954
     100    2690       0       0       0            1953        01010000D   1955
     100       0       0       1       0                               0D   1956
     126    2691       0       0       0                        01010500D   1957
     126       0       0       2       0                               0D   1958
     110    2693       0       0       0                        01010000D   1959
     110       0       0       1       0                               0D   1960
     126    2694       0       0       0                        01010500D   1961
     126       0       0       2       0                               0D   1962
     100    2696       0       0       0                        01010000D   1963
     100       0       0       1       0                               0D   1964
     126    2697       0       0       0                        01010500D   1965
     126       0       0       2       0                               0D   1966
     110    2699       0       0       0                        01010000D   1967
     110       0       0       1       0                               0D   1968
     102    2700       0       0       0                        01010500D   1969
     102       0       0       1       0                               0D   1970
     102    2701       0       0       0                        01010000D   1971
     102       0       0       1       0                               0D   1972
     142    2702       0       0       0                        00010500D   1973
     142       0       0       1       0                               0D   1974
     144    2703       0       0       0                        00000000D   1975
     144       0      -1       1       0                               0D   1976
     110    2704       0       0       0                        01010000D   1977
     110       0       0       1       0                               0D   1978
     110    2705       0       0       0                        01010000D   1979
     110       0       0       1       0                               0D   1980
     120    2706       0       0       0                        01010000D   1981
     120       0       0       1       0                               0D   1982
     126    2707       0       0       0                        01010500D   1983
     126       0       0       2       0                               0D   1984
     124    2709       0       0       0                        00000000D   1985
     124       0       0       4       0                               0D   1986
     100    2713       0       0       0            1985        01010000D   1987
     100       0       0       2       0                               0D   1988
     126    2715       0       0       0                        01010500D   1989
     126       0       0       2       0                               0D   1990
     110    2717       0       0       0                        01010000D   1991
     110       0       0       1       0                               0D   1992
     126    2718       0       0       0                        01010500D   1993
     126       0       0       2       0                               0D   1994
     100    2720       0       0       0                        01010000D   1995
     100       0       0       2       0                               0D   1996
     126    2722       0       0       0                        01010500D   1997
     126       0       0       2       0                               0D   1998
     110    2724       0       0       0                        01010000D   1999
     110       0       0       1       0                               0D   2000
     102    2725       0       0       0                        01010500D   2001
     102       0       0       1       0                               0D   2002
     102    2726       0       0       0                        01010000D   2003
     102       0       0       1       0                               0D   2004
     142    2727       0       0       0                        00010500D   2005
     142       0       0       1       0                               0D   2006
     144    2728       0       0       0                        00000000D   2007
     144       0      -1       1       0                               0D   2008
     110    2729       0       0       0                        01010000D   2009
     110       0       0       1       0                               0D   2010
     110    2730       0       0       0                        01010000D   2011
     110       0       0       1       0                               0D   2012
     120    2731       0       0       0                        01010000D   2013
     120       0       0       1       0                               0D   2014
     126    2732       0       0       0                        01010500D   2015
     126       0       0       2       0                               0D   2016
     124    2734       0       0       0                        00000000D   2017
     124       0       0       4       0                               0D   2018
     100    2738       0       0       0            2017        01010000D   2019
     100       0       0       1       0                               0D   2020
     126    2739       0       0       0                        01010500D   2021
     126       0       0       2       0                               0D   2022
     110    2741       0       0       0                        01010000D   2023
     110       0       0       1       0                               0D   2024
     126    2742       0       0       0                        01010500D   2025
     126       0       0       2       0                               0D   2026
     100    2744       0       0       0                        01010000D   2027
     100       0       0       1       0                               0D   2028
     126    2745       0       0       0                        01010500D   2029
     126       0       0       2       0                               0D   2030
     110    2747       0       0       0                        01010000D   2031
     110       0       0       1       0                               0D   2032
     102    2748       0       0       0                        01010500D   2033
     102       0       0       1       0                               0D   2034
     102    2749       0       0       0                        01010000D   2035
     102       0       0       1       0                               0D   2036
     142    2750       0       0       0                        00010500D   2037
     142       0       0       1       0                               0D   2038
     144    2751       0       0       0                        00000000D   2039
     144       0      -1       1       0                               0D   2040
     128    2752       0       0       0                        01010000D   2041
     128       0       0       4       0                               0D   2042
     126    2756       0       0       0                        01010500D   2043
     126       0       0       2       0                               0D   2044
     110    2758       0       0       0                        01010000D   2045
     110       0       0       2       0                               0D   2046
     126    2760       0       0       0                        01010500D   2047
     126       0       0       2       0                               0D   2048
     110    2762       0       0       0                        01010000D   2049
     110       0       0       2       0                               0D   2050
     126    2764       0       0       0                        01010500D   2051
     126       0       0       2       0                               0D   2052
     110    2766       0       0       0                        01010000D   2053
     110       0       0       2       0                               0D   2054
     126    2768       0       0       0                        01010500D   2055
     126       0       0       2       0                               0D   2056
     110    2770       0       0       0                        01010000D   2057
     110       0       0       2       0                               0D   2058
     102    2772       0       0       0                        01010500D   2059
     102       0       0       1       0                               0D   2060
     102    2773       0       0       0                        01010000D   2061
     102       0       0       1       0                               0D   2062
     142    2774       0       0       0                        00010500D   2063
     142       0       0       1       0                               0D   2064
     144    2775       0       0       0                        00000000D   2065
     144       0      -1       1       0                               0D   2066
     128    2776       0       0       0                        01010000D   2067
     128       0       0       4       0                               0D   2068
     126    2780       0       0       0                        01010500D   2069
     126       0       0       2       0                               0D   2070
     110    2782       0       0       0                        01010000D   2071
     110       0       0       2       0                               0D   2072
     126    2784       0       0       0                        01010500D   2073
     126       0       0       2       0                               0D   2074
     110    2786       0       0       0                        01010000D   2075
     110       0       0       2       0                               0D   2076
     126    2788       0       0       0                        01010500D   2077
     126       0       0       2       0                               0D   2078
     110    2790       0       0       0                        01010000D   2079
     110       0       0       2       0                               0D   2080
     126    2792       0       0       0                        01010500D   2081
     126       0       0       2       0                               0D   2082
     110    2794       0       0       0                        01010000D   2083
     110       0       0       2       0                               0D   2084
     102    2796       0       0       0                        01010500D   2085
     102       0       0       1       0                               0D   2086
     102    2797       0       0       0                        01010000D   2087
     102       0       0       1       0                               0D   2088
     142    2798       0       0       0                        00010500D   2089
     142       0       0       1       0                               0D   2090
     144    2799       0       0       0                        00000000D   2091
     144       0      -1       1       0                               0D   2092
     128    2800       0       0       0                        01010000D   2093
     128       0       0       4       0                               0D   2094
     126    2804       0       0       0                        01010500D   2095
     126       0       0       2       0                               0D   2096
     110    2806       0       0       0                        01010000D   2097
     110       0       0       2       0                               0D   2098
     126    2808       0       0       0                        01010500D   2099
     126       0       0       2       0                               0D   2100
     110    2810       0       0       0                        01010000D   2101
     110       0       0       2       0                               0D   2102
     126    2812       0       0       0                        01010500D   2103
     126       0       0       2       0                               0D   2104
     110    2814       0       0       0                        01010000D   2105
     110       0       0       2       0                               0D   2106
     126    2816       0       0       0                        01010500D   2107
     126       0       0       2       0                               0D   2108
     110    2818       0       0       0                        01010000D   2109
     110       0       0       2       0                               0D   2110
     102    2820       0       0       0                        01010500D   2111
     102       0       0       1       0                               0D   2112
     102    2821       0       0       0                        01010000D   2113
     102       0       0       1       0                               0D   2114
     142    2822       0       0       0                        00010500D   2115
     142       0       0       1       0                               0D   2116
     144    2823       0       0       0                        00000000D   2117
     144       0      -1       1       0                               0D   2118
     128    2824       0       0       0                        01010000D   2119
     128       0       0       4       0                               0D   2120
     126    2828       0       0       0                        01010500D   2121
     126       0       0       2       0                               0D   2122
     110    2830       0       0       0                        01010000D   2123
     110       0       0       2       0                               0D   2124
     126    2832       0       0       0                        01010500D   2125
     126       0       0       2       0                               0D   2126
     110    2834       0       0       0                        01010000D   2127
     110       0       0       2       0                               0D   2128
     126    2836       0       0       0                        01010500D   2129
     126       0       0       2       0                               0D   2130
     110    2838       0       0       0                        01010000D   2131
     110       0       0       2       0                               0D   2132
     126    2840       0       0       0                        01010500D   2133
     126       0       0       2       0                               0D   2134
     110    2842       0       0       0                        01010000D   2135
     110       0       0       2       0                               0D   2136
     102    2844       0       0       0                        01010500D   2137
     102       0       0       1       0                               0D   2138
     102    2845       0       0       0                        01010000D   2139
     102       0       0       1       0                               0D   2140
     142    2846       0       0       0                        00010500D   2141
     142       0       0       1       0                               0D   2142
     144    2847       0       0       0                        00000000D   2143
     144       0      -1       1       0                               0D   2144
     128    2848       0       0       0                        01010000D   2145
     128       0       0       4       0                               0D   2146
     126    2852       0       0       0                        01010500D   2147
     126       0       0       2       0                               0D   2148
     110    2854       0       0       0                        01010000D   2149
     110       0       0       2       0                               0D   2150
     126    2856       0       0       0                        01010500D   2151
     126       0       0       2       0                               0D   2152
     110    2858       0       0       0                        01010000D   2153
     110       0       0       2       0                               0D   2154
     126    2860       0       0       0                        01010500D   2155
     126       0       0       2       0                               0D   2156
     110    2862       0       0       0                        01010000D   2157
     110       0       0       2       0                               0D   2158
     126    2864       0       0       0                        01010500D   2159
     126       0       0       2       0                               0D   2160
     110    2866       0       0       0                        01010000D   2161
     110       0       0       2       0                               0D   2162
     102    2868       0       0       0                        01010500D   2163
     102       0       0       1       0                               0D   2164
     102    2869       0       0       0                        01010000D   2165
     102       0       0       1       0                               0D   2166
     142    2870       0       0       0                        00010500D   2167
     142       0       0       1       0                               0D   2168
     144    2871       0       0       0                        00000000D   2169
     144       0      -1       1       0                               0D   2170
     128    2872       0       0       0                        01010000D   2171
     128       0       0       4       0                               0D   2172
     126    2876       0       0       0                        01010500D   2173
     126       0       0       2       0                               0D   2174
     110    2878       0       0       0                        01010000D   2175
     110       0       0       2       0                               0D   2176
     126    2880       0       0       0                        01010500D   2177
     126       0       0       2       0                               0D   2178
     110    2882       0       0       0                        01010000D   2179
     110       0       0       2       0                               0D   2180
     126    2884       0       0       0                        01010500D   2181
     126       0       0       2       0                               0D   2182
     110    2886       0       0       0                        01010000D   2183
     110       0       0       2       0                               0D   2184
     126    2888       0       0       0                        01010500D   2185
     126       0       0       2       0                               0D   2186
     110    2890       0       0       0                        01010000D   2187
     110       0       0       2       0                               0D   2188
     102    2892       0       0       0                        01010500D   2189
     102       0       0       1       0                               0D   2190
     102    2893       0       0       0                        01010000D   2191
     102       0       0       1       0                               0D   2192
     142    2894       0       0       0                        00010500D   2193
     142       0       0       1       0                               0D   2194
     144    2895       0       0       0                        00000000D   2195
     144       0      -1       1       0                               0D   2196
     128    2896       0       0       0                        01010000D   2197
     128       0       0       4       0                               0D   2198
     126    2900       0       0       0                        01010500D   2199
     126       0       0       2       0                               0D   2200
     110    2902       0       0       0                        01010000D   2201
     110       0       0       2       0                               0D   2202
     126    2904       0       0       0                        01010500D   2203
     126       0       0       2       0                               0D   2204
     110    2906       0       0       0                        01010000D   2205
     110       0       0       2       0                               0D   2206
     126    2908       0       0       0                        01010500D   2207
     126       0       0       2       0                               0D   2208
     110    2910       0       0       0                        01010000D   2209
     110       0       0       2       0                               0D   2210
     126    2912       0       0       0                        01010500D   2211
     126       0       0       2       0                               0D   2212
     110    2914       0       0       0                        01010000D   2213
     110       0       0       2       0                               0D   2214
     102    2916       0       0       0                        01010500D   2215
     102       0       0       1       0                               0D   2216
     102    2917       0       0       0                        01010000D   2217
     102       0       0       1       0                               0D   2218
     142    2918       0       0       0                        00010500D   2219
     142       0       0       1       0                               0D   2220
     144    2919       0       0       0                        00000000D   2221
     144       0      -1       1       0                               0D   2222
     128    2920       0       0       0                        01010000D   2223
     128       0       0       4       0                               0D   2224
     126    2924       0       0       0                        01010500D   2225
     126       0       0       2       0                               0D   2226
     110    2926       0       0       0                        01010000D   2227
     110       0       0       2       0                               0D   2228
     126    2928       0       0       0                        01010500D   2229
     126       0       0       2       0                               0D   2230
     110    2930       0       0       0                        01010000D   2231
     110       0       0       2       0                               0D   2232
     126    2932       0       0       0                        01010500D   2233
     126       0       0       2       0                               0D   2234
     110    2934       0       0       0                        01010000D   2235
     110       0       0       2       0                               0D   2236
     126    2936       0       0       0                        01010500D   2237
     126       0       0       2       0                               0D   2238
     110    2938       0       0       0                        01010000D   2239
     110       0       0       2       0                               0D   2240
     102    2940       0       0       0                        01010500D   2241
     102       0       0       1       0                               0D   2242
     102    2941       0       0       0                        01010000D   2243
     102       0       0       1       0                               0D   2244
     142    2942       0       0       0                        00010500D   2245
     142       0       0       1       0                               0D   2246
     144    2943       0       0       0                        00000000D   2247
     144       0      -1       1       0                               0D   2248
     110    2944       0       0       0                        01010000D   2249
     110       0       0       1       0                               0D   2250
     110    2945       0       0       0                        01010000D   2251
     110       0       0       1       0                               0D   2252
     120    2946       0       0       0                        01010000D   2253
     120       0       0       1       0                               0D   2254
     126    2947       0       0       0                        01010500D   2255
     126       0       0       2       0                               0D   2256
     124    2949       0       0       0                        00000000D   2257
     124       0       0       4       0                               0D   2258
     100    2953       0       0       0            2257        01010000D   2259
     100       0       0       1       0                               0D   2260
     126    2954       0       0       0                        01010500D   2261
     126       0       0       2       0                               0D   2262
     110    2956       0       0       0                        01010000D   2263
     110       0       0       1       0                               0D   2264
     126    2957       0       0       0                        01010500D   2265
     126       0       0       2       0                               0D   2266
     100    2959       0       0       0                        01010000D   2267
     100       0       0       1       0                               0D   2268
     126    2960       0       0       0                        01010500D   2269
     126       0       0       2       0                               0D   2270
     110    2962       0       0       0                        01010000D   2271
     110       0       0       1       0                               0D   2272
     102    2963       0       0       0                        01010500D   2273
     102       0       0       1       0                               0D   2274
     102    2964       0       0       0                        01010000D   2275
     102       0       0       1       0                               0D   2276
     142    2965       0       0       0                        00010500D   2277
     142       0       0       1       0                               0D   2278
     144    2966       0       0       0                        00000000D   2279
     144       0      -1       1       0                               0D   2280
     110    2967       0       0       0                        01010000D   2281
     110       0       0       2       0                               0D   2282
     110    2969       0       0       0                        01010000D   2283
     110       0       0       2       0                               0D   2284
     120    2971       0       0       0                        01010000D   2285
     120       0       0       1       0                               0D   2286
     126    2972       0       0       0                        01010500D   2287
     126       0       0       2       0                               0D   2288
     124    2974       0       0       0                        00000000D   2289
     124       0       0       4       0                               0D   2290
     100    2978       0       0       0            2289        01010000D   2291
     100       0       0       2       0                               0D   2292
     126    2980       0       0       0                        01010500D   2293
     126       0       0       2       0                               0D   2294
     110    2982       0       0       0                        01010000D   2295
     110       0       0       2       0                               0D   2296
     126    2984       0       0       0                        01010500D   2297
     126       0       0       2       0                               0D   2298
     100    2986       0       0       0                        01010000D   2299
     100       0       0       2       0                               0D   2300
     126    2988       0       0       0                        01010500D   2301
     126       0       0       2       0                               0D   2302
     110    2990       0       0       0                        01010000D   2303
     110       0       0       2       0                               0D   2304
     102    2992       0       0       0                        01010500D   2305
     102       0       0       1       0                               0D   2306
     102    2993       0       0       0                        01010000D   2307
     102       0       0       1       0                               0D   2308
     142    2994       0       0       0                        00010500D   2309
     142       0       0       1       0                               0D   2310
     144    2995       0       0       0                        00000000D   2311
     144       0      -1       1       0                               0D   2312
     110    2996       0       0       0                        01010000D   2313
     110       0       0       2       0                               0D   2314
     110    2998       0       0       0                        01010000D   2315
     110       0       0       2       0                               0D   2316
     120    3000       0       0       0                        01010000D   2317
     120       0       0       1       0                               0D   2318
     126    3001       0       0       0                        01010500D   2319
     126       0       0       2       0                               0D   2320
     124    3003       0       0       0                        00000000D   2321
     124       0       0       4       0                               0D   2322
     100    3007       0       0       0            2321        01010000D   2323
     100       0       0       2       0                               0D   2324
     126    3009       0       0       0                        01010500D   2325
     126       0       0       2       0                               0D   2326
     110    3011       0       0       0                        01010000D   2327
     110       0       0       2       0                               0D   2328
     126    3013       0       0       0                        01010500D   2329
     126       0       0       2       0                               0D   2330
     100    3015       0       0       0                        01010000D   2331
     100       0       0       2       0                               0D   2332
     126    3017       0       0       0                        01010500D   2333
     126       0       0       2       0                               0D   2334
     110    3019       0       0       0                        01010000D   2335
     110       0       0       2       0                               0D   2336
     102    3021       0       0       0                        01010500D   2337
     102       0       0       1       0                               0D   2338
     102    3022       0       0       0                        01010000D   2339
     102       0       0       1       0                               0D   2340
     142    3023       0       0       0                        00010500D   2341
     142       0       0       1       0                               0D   2342
     144    3024       0       0       0                        00000000D   2343
     144       0      -1       1       0                               0D   2344
     128    3025       0       0       0                        01010000D   2345
     128       0       0       4       0                               0D   2346
     126    3029       0       0       0                        01010500D   2347
     126       0       0       2       0                               0D   2348
     110    3031       0       0       0                        01010000D   2349
     110       0       0       2       0                               0D   2350
     126    3033       0       0       0                        01010500D   2351
     126       0       0       2       0                               0D   2352
     110    3035       0       0       0                        01010000D   2353
     110       0       0       2       0                               0D   2354
     126    3037       0       0       0                        01010500D   2355
     126       0       0       2       0                               0D   2356
     110    3039       0       0       0                        01010000D   2357
     110       0       0       2       0                               0D   2358
     126    3041       0       0       0                        01010500D   2359
     126       0       0       2       0                               0D   2360
     110    3043       0       0       0                        01010000D   2361
     110       0       0       2       0                               0D   2362
     102    3045       0       0       0                        01010500D   2363
     102       0       0       1       0                               0D   2364
     102    3046       0       0       0                        01010000D   2365
     102       0       0       1       0                               0D   2366
     142    3047       0       0       0                        00010500D   2367
     142       0       0       1       0                               0D   2368
     144    3048       0       0       0                        00000000D   2369
     144       0      -1       1       0                               0D   2370
     110    3049       0       0       0                        01010000D   2371
     110       0       0       2       0                               0D   2372
     110    3051       0       0       0                        01010000D   2373
     110       0       0       2       0                               0D   2374
     120    3053       0       0       0                        01010000D   2375
     120       0       0       1       0                               0D   2376
     126    3054       0       0       0                        01010500D   2377
     126       0       0       2       0                               0D   2378
     100    3056       0       0       0                        01010000D   2379
     100       0       0       2       0                               0D   2380
     126    3058       0       0       0                        01010500D   2381
     126       0       0       2       0                               0D   2382
     110    3060       0       0       0                        01010000D   2383
     110       0       0       2       0                               0D   2384
     126    3062       0       0       0                        01010500D   2385
     126       0       0       2       0                               0D   2386
     124    3064       0       0       0                        00000000D   2387
     124       0       0       4       0                               0D   2388
     100    3068       0       0       0            2387        01010000D   2389
     100       0       0       2       0                               0D   2390
     126    3070       0       0       0                        01010500D   2391
     126       0       0       2       0                               0D   2392
     110    3072       0       0       0                        01010000D   2393
     110       0       0       2       0                               0D   2394
     102    3074       0       0       0                        01010500D   2395
     102       0       0       1       0                               0D   2396
     102    3075       0       0       0                        01010000D   2397
     102       0       0       1       0                               0D   2398
     142    3076       0       0       0                        00010500D   2399
     142       0       0       1       0                               0D   2400
     144    3077       0       0       0                        00000000D   2401
     144       0      -1       1       0                               0D   2402
     110    3078       0       0       0                        01010000D   2403
     110       0       0       2       0                               0D   2404
     110    3080       0       0       0                        01010000D   2405
     110       0       0       2       0                               0D   2406
     120    3082       0       0       0                        01010000D   2407
     120       0       0       1       0                               0D   2408
     126    3083       0       0       0                        01010500D   2409
     126       0       0       2       0                               0D   2410
     124    3085       0       0       0                        00000000D   2411
     124       0       0       4       0                               0D   2412
     100    3089       0       0       0            2411        01010000D   2413
     100       0       0       2       0                               0D   2414
     126    3091       0       0       0                        01010500D   2415
     126       0       0       2       0                               0D   2416
     110    3093       0       0       0                        01010000D   2417
     110       0       0       2       0                               0D   2418
     126    3095       0       0       0                        01010500D   2419
     126       0       0       2       0                               0D   2420
     100    3097       0       0       0                        01010000D   2421
     100       0       0       2       0                               0D   2422
     126    3099       0       0       0                        01010500D   2423
     126       0       0       2       0                               0D   2424
     110    3101       0       0       0                        01010000D   2425
     110       0       0       2       0                               0D   2426
     102    3103       0       0       0                        01010500D   2427
     102       0       0       1       0                               0D   2428
     102    3104       0       0       0                        01010000D   2429
     102       0       0       1       0                               0D   2430
     142    3105       0       0       0                        00010500D   2431
     142       0       0       1       0                               0D   2432
     144    3106       0       0       0                        00000000D   2433
     144       0      -1       1       0                               0D   2434
314,100.,100.,100.,;                                                   1P      1
110,-98.038475773,-56.602540378,0.,-98.038475773,-56.602540378,        3P      2
1000.;                                                                 3P      3
110,-95.038475773,-56.602540378,0.,-95.038475773,-56.602540378,        5P      4
3.;                                                                    5P      5
120,3,5,0.,6.28318530717959;                                           7P      6
126,1,1,1,0,1,0,0.,0.,1.,1.,1.,1.,0.,6.283185307,0.,1.,                9P      7
6.283185307,0.,0.,1.,0.,0.,1.;                                         9P      8
110,-95.038475773,-56.602540378,0.,-95.038475773,-56.602540378,       11P      9
3.;                                                                   11P     10
126,1,1,1,0,1,0,0.,0.,1.,1.,1.,1.,1.,6.283185307,0.,1.,               13P     11
3.141592654,0.,0.,1.,0.,0.,1.;                                        13P     12
124,1.,-7.105427357601E-015,0.,-4.0191463140278E-013,                 15P     13
-7.105427357601E-015,-1.,6.98296267768627E-015,                       15P     14
-113.205080756885,-4.96169340471387E-029,                             15P     15
-6.98296267768627E-015,-1.,5.99999999999961;                          15P     16
100,3.,-98.038475773,-56.602540378,-95.038475773,-56.602540378,       17P     17
-101.038475773,-56.602540378;                                         17P     18
126,1,1,1,0,1,0,0.,0.,1.,1.,1.,1.,1.,3.141592654,0.,0.,               19P     19
3.141592654,0.,0.,1.,0.,0.,1.;                                        19P     20
110,-101.038475773,-56.602540378,3.,-101.038475773,                   21P     21
-56.602540378,0.;                                                     21P     22
126,1,1,1,0,1,0,0.,0.,1.,1.,1.,1.,0.,3.141592654,0.,0.,               23P     23
6.283185307,0.,0.,1.,0.,0.,1.;                                        23P     24
100,0.,-98.038475773,-56.602540378,-101.038475773,                    25P     25
-56.602540378,-95.038475773,-56.602540378;                            25P     26
102,4,9,13,19,23;                                                     27P     27
102,4,11,17,21,25;                                                    29P     28
142,1,7,27,29,1;                                                      31P     29
144,7,1,0,31;                                                         33P     30
110,98.038475773,-56.602540378,0.,98.038475773,-56.602540378,         35P     31
1000.;                                                                35P     32
110,101.038475773,-56.602540378,0.,101.038475773,-56.602540378,       37P     33
3.;                                                                   37P     34
120,35,37,0.,6.28318530717959;                                        39P     35
126,1,1,1,0,1,0,0.,0.,1.,1.,1.,1.,0.,6.283185307,0.,1.,               41P     36
6.283185307,0.,0.,1.,0.,0.,1.;                                        41P     37
110,101.038475773,-56.602540378,0.,101.038475773,-56.602540378,       43P     38
3.;                                                                   43P     39
126,1,1,1,0,1,0,0.,0.,1.,1.,1.,1.,1.,6.283185307,0.,1.,               45P     40
3.141592654,0.,0.,1.,0.,0.,1.;                                        45P     41
124,1.,-7.105427357601E-015,0.,-4.01914631402824E-013,                47P     42
-7.105427357601E-015,-1.,6.98296267768627E-015,                       47P     43
-113.205080756891,-4.96169340471387E-029,                             47P     44
-6.98296267768627E-015,-1.,5.99999999999961;                          47P     45
100,3.,98.038475773,-56.602540378,101.038475773,-56.602540378,        49P     46
95.038475773,-56.602540378;                                           49P     47
126,1,1,1,0,1,0,0.,0.,1.,1.,1.,1.,1.,3.141592654,0.,0.,               51P     48
3.141592654,0.,0.,1.,0.,0.,1.;                                        51P     49
110,95.038475773,-56.602540378,3.,95.038475773,-56.602540378,         53P     50
0.;                                                                   53P     51
126,1,1,1,0,1,0,0.,0.,1.,1.,1.,1.,0.,3.141592654,0.,0.,               55P     52
6.283185307,0.,0.,1.,0.,0.,1.;                                        55P     53
100,0.,98.038475773,-56.602540378,95.038475773,-56.602540378,         57P     54
101.038475773,-56.602540378;                                          57P     55
102,4,41,45,51,55;                                                    59P     56
102,4,43,49,53,57;                                                    61P     57
142,1,39,59,61,1;                                                     63P     58
144,39,1,0,63;                                                        65P     59
110,0.,103.205080757,0.,0.,103.205080757,1000.;                       67P     60
110,3.,103.205080757,0.,3.,103.205080757,3.;                          69P     61
120,67,69,0.,6.28318530717959;                                        71P     62
126,1,1,1,0,1,0,0.,0.,1.,1.,1.,1.,0.,6.283185307,0.,1.,               73P     63
6.283185307,0.,0.,1.,0.,0.,1.;                                        73P     64
110,3.,103.205080757,0.,3.,103.205080757,3.;                          75P     65
126,1,1,1,0,1,0,0.,0.,1.,1.,1.,1.,1.,6.283185307,0.,1.,               77P     66
3.141592654,0.,0.,1.,0.,0.,1.;                                        77P     67
124,1.,-7.105427357601E-015,0.,7.33316204253411E-013,                 79P     68
-7.105427357601E-015,-1.,6.98296267768627E-015,                       79P     69
206.410161513775,-4.96169340471387E-029,-6.98296267768627E-015,       79P     70
-1.,6.00000000000072;                                                 79P     71
100,3.,0.,103.205080757,3.,103.205080757,-3.,103.205080757;           81P     72
126,1,1,1,0,1,0,0.,0.,1.,1.,1.,1.,1.,3.141592654,0.,0.,               83P     73
3.141592654,0.,0.,1.,0.,0.,1.;                                        83P     74
110,-3.,103.205080757,3.,-3.,103.205080757,0.;                        85P     75
126,1,1,1,0,1,0,0.,0.,1.,1.,1.,1.,0.,3.141592654,0.,0.,               87P     76
6.283185307,0.,0.,1.,0.,0.,1.;                                        87P     77
100,0.,0.,103.205080757,-3.,103.205080757,3.,103.205080757;           89P     78
102,4,73,77,83,87;                                                    91P     79
102,4,75,81,85,89;                                                    93P     80
142,1,71,91,93,1;                                                     95P     81
144,71,1,0,95;                                                        97P     82
110,25.807557033,14.9,0.,25.807557033,14.9,1000.;                     99P     83
110,27.307557033,14.9,0.,27.307557033,14.9,3.;                       101P     84
120,99,101,0.,6.28318530717959;                                      103P     85
126,1,1,1,0,1,0,0.,0.,1.,1.,1.,1.,0.,6.283185307,0.,1.,              105P     86
6.283185307,0.,0.,1.,0.,0.,1.;                                       105P     87
110,27.307557033,14.9,0.,27.307557033,14.9,3.;                       107P     88
126,1,1,1,0,1,0,0.,0.,1.,1.,1.,1.,1.,6.283185307,0.,1.,              109P     89
3.141592654,0.,0.,1.,0.,0.,1.;                                       109P     90
124,1.,-7.105427357601E-015,0.,1.0418887974596E-013,                 111P     91
-7.105427357601E-015,-1.,6.98296267768627E-015,                      111P     92
29.8000000000016,-4.96169340471387E-029,-6.98296267768627E-015,      111P     93
-1.,6.0000000000001;                                                 111P     94
100,3.,25.807557033,14.9,27.307557033,14.9,24.307557033,14.9;        113P     95
126,1,1,1,0,1,0,0.,0.,1.,1.,1.,1.,1.,3.141592654,0.,0.,              115P     96
3.141592654,0.,0.,1.,0.,0.,1.;                                       115P     97
110,24.307557033,14.9,3.,24.307557033,14.9,0.;                       117P     98
126,1,1,1,0,1,0,0.,0.,1.,1.,1.,1.,0.,3.141592654,0.,0.,              119P     99
6.283185307,0.,0.,1.,0.,0.,1.;                                       119P    100
100,0.,25.807557033,14.9,24.307557033,14.9,27.307557033,14.9;        121P    101
102,4,105,109,115,119;                                               123P    102
102,4,107,113,117,121;                                               125P    103
142,1,103,123,125,1;                                                 127P    104
144,103,1,0,127;                                                     129P    105
110,25.807557033,-14.9,0.,25.807557033,-14.9,1000.;                  131P    106
110,27.307557033,-14.9,0.,27.307557033,-14.9,3.;                     133P    107
120,131,133,0.,6.28318530717959;                                     135P    108
126,1,1,1,0,1,0,0.,0.,1.,1.,1.,1.,0.,6.283185307,0.,1.,              137P    109
6.283185307,0.,0.,1.,0.,0.,1.;                                       137P    110
110,27.307557033,-14.9,0.,27.307557033,-14.9,3.;                     139P    111
126,1,1,1,0,1,0,0.,0.,1.,1.,1.,1.,1.,6.283185307,0.,1.,              141P    112
3.141592654,0.,0.,1.,0.,0.,1.;                                       141P    113
124,1.,-7.105427357601E-015,0.,-1.04188879745936E-013,               143P    114
-7.105427357601E-015,-1.,6.98296267768627E-015,                      143P    115
-29.7999999999984,-4.96169340471387E-029,                            143P    116
-6.98296267768627E-015,-1.,5.9999999999999;                          143P    117
100,3.,25.807557033,-14.9,27.307557033,-14.9,24.307557033,           145P    118
-14.9;                                                               145P    119
126,1,1,1,0,1,0,0.,0.,1.,1.,1.,1.,1.,3.141592654,0.,0.,              147P    120
3.141592654,0.,0.,1.,0.,0.,1.;                                       147P    121
110,24.307557033,-14.9,3.,24.307557033,-14.9,0.;                     149P    122
126,1,1,1,0,1,0,0.,0.,1.,1.,1.,1.,0.,3.141592654,0.,0.,              151P    123
6.283185307,0.,0.,1.,0.,0.,1.;                                       151P    124
100,0.,25.807557033,-14.9,24.307557033,-14.9,27.307557033,           153P    125
-14.9;                                                               153P    126
102,4,137,141,147,151;                                               155P    127
102,4,139,145,149,153;                                               157P    128
142,1,135,155,157,1;                                                 159P    129
144,135,1,0,159;                                                     161P    130
110,0.,-29.8,0.,0.,-29.8,1000.;                                      163P    131
110,1.5,-29.8,0.,1.5,-29.8,3.;                                       165P    132
120,163,165,0.,6.28318530717959;                                     167P    133
126,1,1,1,0,1,0,0.,0.,1.,1.,1.,1.,0.,6.283185307,0.,1.,              169P    134
6.283185307,0.,0.,1.,0.,0.,1.;                                       169P    135
110,1.5,-29.8,0.,1.5,-29.8,3.;                                       171P    136
126,1,1,1,0,1,0,0.,0.,1.,1.,1.,1.,1.,6.283185307,0.,1.,              173P    137
3.141592654,0.,0.,1.,0.,0.,1.;                                       173P    138
124,1.,-7.105427357601E-015,0.,-2.1174173525651E-013,                175P    139
-7.105427357601E-015,-1.,6.98296267768627E-015,-59.6,                175P    140
-4.96169340471387E-029,-6.98296267768627E-015,-1.,                   175P    141
5.99999999999979;                                                    175P    142
100,3.,0.,-29.8,1.5,-29.8,-1.5,-29.8;                                177P    143
126,1,1,1,0,1,0,0.,0.,1.,1.,1.,1.,1.,3.141592654,0.,0.,              179P    144
3.141592654,0.,0.,1.,0.,0.,1.;                                       179P    145
110,-1.5,-29.8,3.,-1.5,-29.8,0.;                                     181P    146
126,1,1,1,0,1,0,0.,0.,1.,1.,1.,1.,0.,3.141592654,0.,0.,              183P    147
6.283185307,0.,0.,1.,0.,0.,1.;                                       183P    148
100,0.,0.,-29.8,-1.5,-29.8,1.5,-29.8;                                185P    149
102,4,169,173,179,183;                                               187P    150
102,4,171,177,181,185;                                               189P    151
142,1,167,187,189,1;                                                 191P    152
144,167,1,0,191;                                                     193P    153
110,-25.807557033,-14.9,0.,-25.807557033,-14.9,1000.;                195P    154
110,-24.307557033,-14.9,0.,-24.307557033,-14.9,3.;                   197P    155
120,195,197,0.,6.28318530717959;                                     199P    156
126,1,1,1,0,1,0,0.,0.,1.,1.,1.,1.,0.,6.283185307,0.,1.,              201P    157
6.283185307,0.,0.,1.,0.,0.,1.;                                       201P    158
110,-24.307557033,-14.9,0.,-24.307557033,-14.9,3.;                   203P    159
126,1,1,1,0,1,0,0.,0.,1.,1.,1.,1.,1.,6.283185307,0.,1.,              205P    160
3.141592654,0.,0.,1.,0.,0.,1.;                                       205P    161
124,1.,-7.105427357601E-015,0.,-1.0418887974596E-013,                207P    162
-7.105427357601E-015,-1.,6.98296267768627E-015,                      207P    163
-29.8000000000017,-4.96169340471387E-029,                            207P    164
-6.98296267768627E-015,-1.,5.9999999999999;                          207P    165
100,3.,-25.807557033,-14.9,-24.307557033,-14.9,-27.307557033,        209P    166
-14.9;                                                               209P    167
126,1,1,1,0,1,0,0.,0.,1.,1.,1.,1.,1.,3.141592654,0.,0.,              211P    168
3.141592654,0.,0.,1.,0.,0.,1.;                                       211P    169
110,-27.307557033,-14.9,3.,-27.307557033,-14.9,0.;                   213P    170
126,1,1,1,0,1,0,0.,0.,1.,1.,1.,1.,0.,3.141592654,0.,0.,              215P    171
6.283185307,0.,0.,1.,0.,0.,1.;                                       215P    172
100,0.,-25.807557033,-14.9,-27.307557033,-14.9,-24.307557033,        217P    173
-14.9;                                                               217P    174
102,4,201,205,211,215;                                               219P    175
102,4,203,209,213,217;                                               221P    176
142,1,199,219,221,1;                                                 223P    177
144,199,1,0,223;                                                     225P    178
110,-25.807557033,14.9,0.,-25.807557033,14.9,1000.;                  227P    179
110,-24.307557033,14.9,0.,-24.307557033,14.9,3.;                     229P    180
120,227,229,0.,6.28318530717959;                                     231P    181
126,1,1,1,0,1,0,0.,0.,1.,1.,1.,1.,0.,6.283185307,0.,1.,              233P    182
6.283185307,0.,0.,1.,0.,0.,1.;                                       233P    183
110,-24.307557033,14.9,0.,-24.307557033,14.9,3.;                     235P    184
126,1,1,1,0,1,0,0.,0.,1.,1.,1.,1.,1.,6.283185307,0.,1.,              237P    185
3.141592654,0.,0.,1.,0.,0.,1.;                                       237P    186
124,1.,-7.105427357601E-015,0.,1.04188879745936E-013,                239P    187
-7.105427357601E-015,-1.,6.98296267768627E-015,                      239P    188
29.7999999999983,-4.96169340471387E-029,-6.98296267768627E-015,      239P    189
-1.,6.0000000000001;                                                 239P    190
100,3.,-25.807557033,14.9,-24.307557033,14.9,-27.307557033,          241P    191
14.9;                                                                241P    192
126,1,1,1,0,1,0,0.,0.,1.,1.,1.,1.,1.,3.141592654,0.,0.,              243P    193
3.141592654,0.,0.,1.,0.,0.,1.;                                       243P    194
110,-27.307557033,14.9,3.,-27.307557033,14.9,0.;                     245P    195
126,1,1,1,0,1,0,0.,0.,1.,1.,1.,1.,0.,3.141592654,0.,0.,              247P    196
6.283185307,0.,0.,1.,0.,0.,1.;                                       247P    197
100,0.,-25.807557033,14.9,-27.307557033,14.9,-24.307557033,          249P    198
14.9;                                                                249P    199
102,4,233,237,243,247;                                               251P    200
102,4,235,241,245,249;                                               253P    201
142,1,231,251,253,1;                                                 255P    202
144,231,1,0,255;                                                     257P    203
110,0.,29.8,0.,0.,29.8,1000.;                                        259P    204
110,1.5,29.8,0.,1.5,29.8,3.;                                         261P    205
120,259,261,0.,6.28318530717959;                                     263P    206
126,1,1,1,0,1,0,0.,0.,1.,1.,1.,1.,0.,6.283185307,0.,1.,              265P    207
6.283185307,0.,0.,1.,0.,0.,1.;                                       265P    208
110,1.5,29.8,0.,1.5,29.8,3.;                                         267P    209
126,1,1,1,0,1,0,0.,0.,1.,1.,1.,1.,1.,6.283185307,0.,1.,              269P    210
3.141592654,0.,0.,1.,0.,0.,1.;                                       269P    211
124,1.,-7.105427357601E-015,0.,2.1174173525651E-013,                 271P    212
-7.105427357601E-015,-1.,6.98296267768627E-015,59.6,                 271P    213
-4.96169340471387E-029,-6.98296267768627E-015,-1.,                   271P    214
6.00000000000021;                                                    271P    215
100,3.,0.,29.8,1.5,29.8,-1.5,29.8;                                   273P    216
126,1,1,1,0,1,0,0.,0.,1.,1.,1.,1.,1.,3.141592654,0.,0.,              275P    217
3.141592654,0.,0.,1.,0.,0.,1.;                                       275P    218
110,-1.5,29.8,3.,-1.5,29.8,0.;                                       277P    219
126,1,1,1,0,1,0,0.,0.,1.,1.,1.,1.,0.,3.141592654,0.,0.,              279P    220
6.283185307,0.,0.,1.,0.,0.,1.;                                       279P    221
100,0.,0.,29.8,-1.5,29.8,1.5,29.8;                                   281P    222
102,4,265,269,275,279;                                               283P    223
102,4,267,273,277,281;                                               285P    224
142,1,263,283,285,1;                                                 287P    225
144,263,1,0,287;                                                     289P    226
110,-29.,34.,-12.,-29.,34.,988.;                                     291P    227
110,-27.25,34.,0.,-27.25,34.,3.;                                     293P    228
120,291,293,0.,6.28318530717959;                                     295P    229
126,1,1,1,0,1,0,0.,0.,1.,1.,1.,1.,0.,6.283185307,0.,1.,              297P    230
6.283185307,0.,0.,1.,0.,0.,1.;                                       297P    231
110,-27.25,34.,0.,-27.25,34.,3.;                                     299P    232
126,1,1,1,0,1,0,0.,0.,1.,1.,1.,1.,1.,6.283185307,0.,1.,              301P    233
3.141592654,0.,0.,1.,0.,0.,1.;                                       301P    234
124,1.,-7.105427357601E-015,0.,2.40307773680141E-013,                303P    235
-7.105427357601E-015,-1.,6.98296267768627E-015,                      303P    236
68.0000000000036,-4.96169340471387E-029,-6.98296267768627E-015,      303P    237
-1.,6.00000000000024;                                                303P    238
100,3.,-29.,34.,-27.25,34.,-30.75,34.;                               305P    239
126,1,1,1,0,1,0,0.,0.,1.,1.,1.,1.,1.,3.141592654,0.,0.,              307P    240
3.141592654,0.,0.,1.,0.,0.,1.;                                       307P    241
110,-30.75,34.,3.,-30.75,34.,0.;                                     309P    242
126,1,1,1,0,1,0,0.,0.,1.,1.,1.,1.,0.,3.141592654,0.,0.,              311P    243
6.283185307,0.,0.,1.,0.,0.,1.;                                       311P    244
100,0.,-29.,34.,-30.75,34.,-27.25,34.;                               313P    245
102,4,297,301,307,311;                                               315P    246
102,4,299,305,309,313;                                               317P    247
142,1,295,315,317,1;                                                 319P    248
144,295,1,0,319;                                                     321P    249
110,30.,-45.436732841,-12.,30.,-45.436732841,988.;                   323P    250
110,32.,-45.436732841,0.,32.,-45.436732841,3.;                       325P    251
120,323,325,0.,6.28318530717959;                                     327P    252
126,1,1,1,0,1,0,0.,0.,1.,1.,1.,1.,0.,6.283185307,0.,1.,              329P    253
6.283185307,0.,0.,1.,0.,0.,1.;                                       329P    254
110,32.,-45.436732841,0.,32.,-45.436732841,3.;                       331P    255
126,1,1,1,0,1,0,0.,0.,1.,1.,1.,1.,1.,6.283185307,0.,1.,              333P    256
3.141592654,0.,0.,1.,0.,0.,1.;                                       333P    257
124,1.,-7.105427357601E-015,0.,-3.2303624260712E-013,                335P    258
-7.105427357601E-015,-1.,6.98296267768627E-015,                      335P    259
-90.8734656822685,-4.96169340471387E-029,                            335P    260
-6.98296267768627E-015,-1.,5.99999999999968;                         335P    261
100,3.,30.,-45.436732841,32.,-45.436732841,28.,-45.436732841;        337P    262
126,1,1,1,0,1,0,0.,0.,1.,1.,1.,1.,1.,3.141592654,0.,0.,              339P    263
3.141592654,0.,0.,1.,0.,0.,1.;                                       339P    264
110,28.,-45.436732841,3.,28.,-45.436732841,0.;                       341P    265
126,1,1,1,0,1,0,0.,0.,1.,1.,1.,1.,0.,3.141592654,0.,0.,              343P    266
6.283185307,0.,0.,1.,0.,0.,1.;                                       343P    267
100,0.,30.,-45.436732841,28.,-45.436732841,32.,-45.436732841;        345P    268
102,4,329,333,339,343;                                               347P    269
102,4,331,337,341,345;                                               349P    270
142,1,327,347,349,1;                                                 351P    271
144,327,1,0,351;                                                     353P    272
110,0.,58.845168082,-12.,0.,58.845168082,988.;                       355P    273
110,2.,58.845168082,0.,2.,58.845168082,3.;                           357P    274
120,355,357,0.,6.28318530717959;                                     359P    275
126,1,1,1,0,1,0,0.,0.,1.,1.,1.,1.,0.,6.283185307,0.,1.,              361P    276
6.283185307,0.,0.,1.,0.,0.,1.;                                       361P    277
110,2.,58.845168082,0.,2.,58.845168082,3.;                           363P    278
126,1,1,1,0,1,0,0.,0.,1.,1.,1.,1.,1.,6.283185307,0.,1.,              365P    279
3.141592654,0.,0.,1.,0.,0.,1.;                                       365P    280
124,1.,-7.105427357601E-015,0.,4.1812006715039E-013,                 367P    281
-7.105427357601E-015,-1.,6.98296267768627E-015,                      367P    282
117.690336163414,-4.96169340471387E-029,-6.98296267768627E-015,      367P    283
-1.,6.00000000000041;                                                367P    284
100,3.,0.,58.845168082,2.,58.845168082,-2.,58.845168082;             369P    285
126,1,1,1,0,1,0,0.,0.,1.,1.,1.,1.,1.,3.141592654,0.,0.,              371P    286
3.141592654,0.,0.,1.,0.,0.,1.;                                       371P    287
110,-2.,58.845168082,3.,-2.,58.845168082,0.;                         373P    288
126,1,1,1,0,1,0,0.,0.,1.,1.,1.,1.,0.,3.141592654,0.,0.,              375P    289
6.283185307,0.,0.,1.,0.,0.,1.;                                       375P    290
100,0.,0.,58.845168082,-2.,58.845168082,2.,58.845168082;             377P    291
102,4,361,365,371,375;                                               379P    292
102,4,363,369,373,377;                                               381P    293
142,1,359,379,381,1;                                                 383P    294
144,359,1,0,383;                                                     385P    295
110,0.,-37.,-12.,0.,-37.,988.;                                       387P    296
110,1.75,-37.,0.,1.75,-37.,3.;                                       389P    297
120,387,389,0.,6.28318530717959;                                     391P    298
126,1,1,1,0,1,0,0.,0.,1.,1.,1.,1.,0.,6.283185307,0.,1.,              393P    299
6.283185307,0.,0.,1.,0.,0.,1.;                                       393P    300
110,1.75,-37.,0.,1.75,-37.,3.;                                       395P    301
126,1,1,1,0,1,0,0.,0.,1.,1.,1.,1.,1.,6.283185307,0.,1.,              397P    302
3.141592654,0.,0.,1.,0.,0.,1.;                                       397P    303
124,1.,-7.105427357601E-015,0.,-2.62900812231224E-013,               399P    304
-7.105427357601E-015,-1.,6.98296267768627E-015,                      399P    305
-73.9999999999962,-4.96169340471387E-029,                            399P    306
-6.98296267768627E-015,-1.,5.99999999999974;                         399P    307
100,3.,0.,-37.,1.75,-37.,-1.75,-37.;                                 401P    308
126,1,1,1,0,1,0,0.,0.,1.,1.,1.,1.,1.,3.141592654,0.,0.,              403P    309
3.141592654,0.,0.,1.,0.,0.,1.;                                       403P    310
110,-1.75,-37.,3.,-1.75,-37.,0.;                                     405P    311
126,1,1,1,0,1,0,0.,0.,1.,1.,1.,1.,0.,3.141592654,0.,0.,              407P    312
6.283185307,0.,0.,1.,0.,0.,1.;                                       407P    313
100,0.,0.,-37.,-1.75,-37.,1.75,-37.;                                 409P    314
102,4,393,397,403,407;                                               411P    315
102,4,395,401,405,409;                                               413P    316
142,1,391,411,413,1;                                                 415P    317
144,391,1,0,415;                                                     417P    318
110,29.,34.,-12.,29.,34.,988.;                                       419P    319
110,30.75,34.,0.,30.75,34.,3.;                                       421P    320
120,419,421,0.,6.28318530717959;                                     423P    321
126,1,1,1,0,1,0,0.,0.,1.,1.,1.,1.,0.,6.283185307,0.,1.,              425P    322
6.283185307,0.,0.,1.,0.,0.,1.;                                       425P    323
110,30.75,34.,0.,30.75,34.,3.;                                       427P    324
126,1,1,1,0,1,0,0.,0.,1.,1.,1.,1.,1.,6.283185307,0.,1.,              429P    325
3.141592654,0.,0.,1.,0.,0.,1.;                                       429P    326
124,1.,-7.105427357601E-015,0.,2.40307773680144E-013,                431P    327
-7.105427357601E-015,-1.,6.98296267768627E-015,68.000000000004,      431P    328
-4.96169340471387E-029,-6.98296267768627E-015,-1.,                   431P    329
6.00000000000024;                                                    431P    330
100,3.,29.,34.,30.75,34.,27.25,34.;                                  433P    331
126,1,1,1,0,1,0,0.,0.,1.,1.,1.,1.,1.,3.141592654,0.,0.,              435P    332
3.141592654,0.,0.,1.,0.,0.,1.;                                       435P    333
110,27.25,34.,3.,27.25,34.,0.;                                       437P    334
126,1,1,1,0,1,0,0.,0.,1.,1.,1.,1.,0.,3.141592654,0.,0.,              439P    335
6.283185307,0.,0.,1.,0.,0.,1.;                                       439P    336
100,0.,29.,34.,27.25,34.,30.75,34.;                                  441P    337
102,4,425,429,435,439;                                               443P    338
102,4,427,433,437,441;                                               445P    339
142,1,423,443,445,1;                                                 447P    340
144,423,1,0,447;                                                     449P    341
110,-30.,-45.436732841,-12.,-30.,-45.436732841,988.;                 451P    342
110,-28.,-45.436732841,0.,-28.,-45.436732841,3.;                     453P    343
120,451,453,0.,6.28318530717959;                                     455P    344
126,1,1,1,0,1,0,0.,0.,1.,1.,1.,1.,0.,6.283185307,0.,1.,              457P    345
6.283185307,0.,0.,1.,0.,0.,1.;                                       457P    346
110,-28.,-45.436732841,0.,-28.,-45.436732841,3.;                     459P    347
126,1,1,1,0,1,0,0.,0.,1.,1.,1.,1.,1.,6.283185307,0.,1.,              461P    348
3.141592654,0.,0.,1.,0.,0.,1.;                                       461P    349
124,1.,-7.105427357601E-015,0.,-3.23036242607123E-013,               463P    350
-7.105427357601E-015,-1.,6.98296267768627E-015,                      463P    351
-90.873465682269,-4.96169340471387E-029,-6.98296267768627E-015,      463P    352
-1.,5.99999999999968;                                                463P    353
100,3.,-30.,-45.436732841,-28.,-45.436732841,-32.,                   465P    354
-45.436732841;                                                       465P    355
126,1,1,1,0,1,0,0.,0.,1.,1.,1.,1.,1.,3.141592654,0.,0.,              467P    356
3.141592654,0.,0.,1.,0.,0.,1.;                                       467P    357
110,-32.,-45.436732841,3.,-32.,-45.436732841,0.;                     469P    358
126,1,1,1,0,1,0,0.,0.,1.,1.,1.,1.,0.,3.141592654,0.,0.,              471P    359
6.283185307,0.,0.,1.,0.,0.,1.;                                       471P    360
100,0.,-30.,-45.436732841,-32.,-45.436732841,-28.,                   473P    361
-45.436732841;                                                       473P    362
102,4,457,461,467,471;                                               475P    363
102,4,459,465,469,473;                                               477P    364
142,1,455,475,477,1;                                                 479P    365
144,455,1,0,479;                                                     481P    366
110,0.,0.,-12.,0.,0.,988.;                                           483P    367
110,20.,0.,0.,20.,0.,3.;                                             485P    368
120,483,485,0.,6.28318530717959;                                     487P    369
126,1,1,1,0,1,0,0.,0.,1.,1.,1.,1.,0.,6.283185307,0.,1.,              489P    370
6.283185307,0.,0.,1.,0.,0.,1.;                                       489P    371
110,20.,0.,0.,20.,0.,3.;                                             491P    372
126,1,1,1,0,1,0,0.,0.,1.,1.,1.,1.,1.,6.283185307,0.,1.,              493P    373
3.141592654,0.,0.,1.,0.,0.,1.;                                       493P    374
124,1.,-7.35035671743047E-015,8.55166289179392E-031,                 495P    375
-2.56549886753819E-030,-7.35035671743047E-015,-1.,                   495P    376
6.98296267768627E-015,-2.09488880330588E-014,                        495P    377
-5.04721003363181E-029,-6.98296267768627E-015,-1.,6.;                495P    378
100,3.,0.,0.,20.,0.,-20.,0.;                                         497P    379
126,1,1,1,0,1,0,0.,0.,1.,1.,1.,1.,1.,3.141592654,0.,0.,              499P    380
3.141592654,0.,0.,1.,0.,0.,1.;                                       499P    381
110,-20.,0.,3.,-20.,0.,0.;                                           501P    382
126,1,1,1,0,1,0,0.,0.,1.,1.,1.,1.,0.,3.141592654,0.,0.,              503P    383
6.283185307,0.,0.,1.,0.,0.,1.;                                       503P    384
100,0.,0.,0.,-20.,0.,20.,0.;                                         505P    385
102,4,489,493,499,503;                                               507P    386
102,4,491,497,501,505;                                               509P    387
142,1,487,507,509,1;                                                 511P    388
144,487,1,0,511;                                                     513P    389
110,80.717967697,-46.602540378,-17.,80.717967697,-46.602540378,      515P    390
983.;                                                                515P    391
110,84.467967697,-46.602540378,0.,84.467967697,-46.602540378,        517P    392
3.;                                                                  517P    393
120,515,517,0.,6.28318530717959;                                     519P    394
126,1,1,1,0,1,0,0.,0.,1.,1.,1.,1.,0.,6.283185307,0.,1.,              521P    395
6.283185307,0.,0.,1.,0.,0.,1.;                                       521P    396
110,84.467967697,-46.602540378,0.,84.467967697,-46.602540378,        523P    397
3.;                                                                  523P    398
126,1,1,1,0,1,0,0.,0.,1.,1.,1.,1.,1.,6.283185307,0.,1.,              525P    399
3.141592654,0.,0.,1.,0.,0.,1.;                                       525P    400
124,1.,-7.105427357601E-015,0.,-3.29195023289797E-013,               527P    401
-7.105427357601E-015,-1.,6.98296267768627E-015,                      527P    402
-93.2050807568798,-4.96169340471387E-029,                            527P    403
-6.98296267768627E-015,-1.,5.99999999999967;                         527P    404
100,3.,80.717967697,-46.602540378,84.467967697,-46.602540378,        529P    405
76.967967697,-46.602540378;                                          529P    406
126,1,1,1,0,1,0,0.,0.,1.,1.,1.,1.,1.,3.141592654,0.,0.,              531P    407
3.141592654,0.,0.,1.,0.,0.,1.;                                       531P    408
110,76.967967697,-46.602540378,3.,76.967967697,-46.602540378,        533P    409
0.;                                                                  533P    410
126,1,1,1,0,1,0,0.,0.,1.,1.,1.,1.,0.,3.141592654,0.,0.,              535P    411
6.283185307,0.,0.,1.,0.,0.,1.;                                       535P    412
100,0.,80.717967697,-46.602540378,76.967967697,-46.602540378,        537P    413
84.467967697,-46.602540378;                                          537P    414
102,4,521,525,531,535;                                               539P    415
102,4,523,529,533,537;                                               541P    416
142,1,519,539,541,1;                                                 543P    417
144,519,1,0,543;                                                     545P    418
110,-80.717967697,-46.602540378,-17.,-80.717967697,                  547P    419
-46.602540378,983.;                                                  547P    420
110,-76.967967697,-46.602540378,0.,-76.967967697,-46.602540378,      549P    421
3.;                                                                  549P    422
120,547,549,0.,6.28318530717959;                                     551P    423
126,1,1,1,0,1,0,0.,0.,1.,1.,1.,1.,0.,6.283185307,0.,1.,              553P    424
6.283185307,0.,0.,1.,0.,0.,1.;                                       553P    425
110,-76.967967697,-46.602540378,0.,-76.967967697,-46.602540378,      555P    426
3.;                                                                  555P    427
126,1,1,1,0,1,0,0.,0.,1.,1.,1.,1.,1.,6.283185307,0.,1.,              557P    428
3.141592654,0.,0.,1.,0.,0.,1.;                                       557P    429
124,1.,-7.105427357601E-015,0.,-3.2919502328991E-013,                559P    430
-7.105427357601E-015,-1.,6.98296267768627E-015,                      559P    431
-93.2050807568956,-4.96169340471387E-029,                            559P    432
-6.98296267768627E-015,-1.,5.99999999999967;                         559P    433
100,3.,-80.717967697,-46.602540378,-76.967967697,-46.602540378,      561P    434
-84.467967697,-46.602540378;                                         561P    435
126,1,1,1,0,1,0,0.,0.,1.,1.,1.,1.,1.,3.141592654,0.,0.,              563P    436
3.141592654,0.,0.,1.,0.,0.,1.;                                       563P    437
110,-84.467967697,-46.602540378,3.,-84.467967697,-46.602540378,      565P    438
0.;                                                                  565P    439
126,1,1,1,0,1,0,0.,0.,1.,1.,1.,1.,0.,3.141592654,0.,0.,              567P    440
6.283185307,0.,0.,1.,0.,0.,1.;                                       567P    441
100,0.,-80.717967697,-46.602540378,-84.467967697,-46.602540378,      569P    442
-76.967967697,-46.602540378;                                         569P    443
102,4,553,557,563,567;                                               571P    444
102,4,555,561,565,569;                                               573P    445
142,1,551,571,573,1;                                                 575P    446
144,551,1,0,575;                                                     577P    447
110,0.,93.205080757,-17.,0.,93.205080757,983.;                       579P    448
110,3.75,93.205080757,0.,3.75,93.205080757,3.;                       581P    449
120,579,581,0.,6.28318530717959;                                     583P    450
126,1,1,1,0,1,0,0.,0.,1.,1.,1.,1.,0.,6.283185307,0.,1.,              585P    451
6.283185307,0.,0.,1.,0.,0.,1.;                                       585P    452
110,3.75,93.205080757,0.,3.75,93.205080757,3.;                       587P    453
126,1,1,1,0,1,0,0.,0.,1.,1.,1.,1.,1.,6.283185307,0.,1.,              589P    454
3.141592654,0.,0.,1.,0.,0.,1.;                                       589P    455
124,1.,-7.105427357601E-015,0.,6.62261930677401E-013,                591P    456
-7.105427357601E-015,-1.,6.98296267768627E-015,                      591P    457
186.410161513775,-4.96169340471387E-029,-6.98296267768627E-015,      591P    458
-1.,6.00000000000065;                                                591P    459
100,3.,0.,93.205080757,3.75,93.205080757,-3.75,93.205080757;         593P    460
126,1,1,1,0,1,0,0.,0.,1.,1.,1.,1.,1.,3.141592654,0.,0.,              595P    461
3.141592654,0.,0.,1.,0.,0.,1.;                                       595P    462
110,-3.75,93.205080757,3.,-3.75,93.205080757,0.;                     597P    463
126,1,1,1,0,1,0,0.,0.,1.,1.,1.,1.,0.,3.141592654,0.,0.,              599P    464
6.283185307,0.,0.,1.,0.,0.,1.;                                       599P    465
100,0.,0.,93.205080757,-3.75,93.205080757,3.75,93.205080757;         601P    466
102,4,585,589,595,599;                                               603P    467
102,4,587,593,597,601;                                               605P    468
142,1,583,603,605,1;                                                 607P    469
144,583,1,0,607;                                                     609P    470
128,1,1,1,1,0,0,1,0,0,0.,0.,1.,1.,0.,0.,1.,1.,1.,1.,1.,1.,           611P    471
19.160591519,107.686347668,0.,122.,-70.436732841,0.,                 611P    472
19.160591519,107.686347668,3.,122.,-70.436732841,3.,0.,1.,0.,        611P    473
1.;                                                                  611P    474
126,1,1,1,0,1,0,0.,0.,1.,1.,1.,1.,1.,0.,0.,1.,1.,0.,0.,1.,0.,        613P    475
0.,1.;                                                               613P    476
110,122.,-70.436732841,0.,122.,-70.436732841,3.;                     615P    477
126,1,1,1,0,1,0,0.,0.,1.,1.,1.,1.,1.,1.,0.,0.,1.,0.,0.,1.,0.,        617P    478
0.,1.;                                                               617P    479
110,122.,-70.436732841,3.,19.160591519,107.686347668,3.;             619P    480
126,1,1,1,0,1,0,0.,0.,1.,1.,1.,1.,0.,1.,0.,0.,0.,0.,0.,1.,0.,        621P    481
0.,1.;                                                               621P    482
110,19.160591519,107.686347668,3.,19.160591519,107.686347668,        623P    483
0.;                                                                  623P    484
126,1,1,1,0,1,0,0.,0.,1.,1.,1.,1.,0.,0.,0.,1.,0.,0.,0.,1.,0.,        625P    485
0.,1.;                                                               625P    486
110,19.160591519,107.686347668,0.,122.,-70.436732841,0.;             627P    487
102,4,613,617,621,625;                                               629P    488
102,4,615,619,623,627;                                               631P    489
142,1,611,629,631,1;                                                 633P    490
144,611,1,0,633;                                                     635P    491
128,1,1,1,1,0,0,1,0,0,0.,0.,1.,1.,0.,0.,1.,1.,1.,1.,1.,1.,           637P    492
-122.,-70.436732841,0.,-19.160591519,107.686347668,0.,-122.,         637P    493
-70.436732841,3.,-19.160591519,107.686347668,3.,0.,1.,0.,1.;         637P    494
126,1,1,1,0,1,0,0.,0.,1.,1.,1.,1.,0.,1.,0.,0.,0.,0.,0.,1.,0.,        639P    495
0.,1.;                                                               639P    496
110,-122.,-70.436732841,3.,-122.,-70.436732841,0.;                   641P    497
126,1,1,1,0,1,0,0.,0.,1.,1.,1.,1.,0.,0.,0.,1.,0.,0.,0.,1.,0.,        643P    498
0.,1.;                                                               643P    499
110,-122.,-70.436732841,0.,-19.160591519,107.686347668,0.;           645P    500
126,1,1,1,0,1,0,0.,0.,1.,1.,1.,1.,1.,0.,0.,1.,1.,0.,0.,1.,0.,        647P    501
0.,1.;                                                               647P    502
110,-19.160591519,107.686347668,0.,-19.160591519,107.686347668,      649P    503
3.;                                                                  649P    504
126,1,1,1,0,1,0,0.,0.,1.,1.,1.,1.,1.,1.,0.,0.,1.,0.,0.,1.,0.,        651P    505
0.,1.;                                                               651P    506
110,-19.160591519,107.686347668,3.,-122.,-70.436732841,3.;           653P    507
102,4,639,643,647,651;                                               655P    508
102,4,641,645,649,653;                                               657P    509
142,1,637,655,657,1;                                                 659P    510
144,637,1,0,659;                                                     661P    511
128,1,1,1,1,0,0,1,0,0,0.,0.,1.,1.,0.,0.,1.,1.,1.,1.,1.,1.,           663P    512
-123.464,-70.436732841,3.,123.464,-70.436732841,3.,-123.464,         663P    513
112.686347668,3.,123.464,112.686347668,3.,0.,1.,0.,1.;               663P    514
126,1,1,1,0,1,0,0.,0.,1.,1.,1.,1.,0.542523883,1.,0.,                 665P    515
0.457476117,1.,0.,0.,1.,0.,0.,1.;                                    665P    516
110,10.500337481,112.686347668,3.,-10.500337481,112.686347668,       667P    517
3.;                                                                  667P    518
126,8,2,1,0,1,0,0.,0.,0.,0.25,0.25,0.5,0.5,0.75,0.75,1.,1.,1.,       669P    519
1.,1.,1.,1.,1.,1.,1.,1.,1.,0.457476117,1.,0.,0.452144502,1.,0.,      669P    520
0.446994557,0.998139275,0.,0.441844613,0.99627855,0.,                669P    521
0.437227299,0.992683904,0.,0.432609985,0.989089259,0.,               669P    522
0.428839964,0.984005663,0.,0.425069943,0.978922068,0.,               669P    523
0.422404136,0.97269596,0.,0.,1.,0.,0.,-1.;                           669P    524
100,3.,-10.500337481,102.686347668,-10.500337481,112.686347668,      671P    525
-19.160591519,107.686347668;                                         671P    526
126,1,1,1,0,1,0,0.,0.,1.,1.,1.,1.,0.422404136,0.97269596,0.,         673P    527
0.005928854,0.,0.,0.,1.,0.,0.,1.;                                    673P    528
110,-19.160591519,107.686347668,3.,-122.,-70.436732841,3.;           675P    529
126,1,1,1,0,1,0,0.,0.,1.,1.,1.,1.,0.005928854,0.,0.,                 677P    530
0.994071146,0.,0.,0.,1.,0.,0.,1.;                                    677P    531
110,-122.,-70.436732841,3.,122.,-70.436732841,3.;                    679P    532
126,1,1,1,0,1,0,0.,0.,1.,1.,1.,1.,0.994071146,0.,0.,                 681P    533
0.577595864,0.97269596,0.,0.,1.,0.,0.,1.;                            681P    534
110,122.,-70.436732841,3.,19.160591519,107.686347668,3.;             683P    535
126,8,2,1,0,1,0,0.,0.,0.,0.25,0.25,0.5,0.5,0.75,0.75,1.,1.,1.,       685P    536
1.,1.,1.,1.,1.,1.,1.,1.,1.,0.577595864,0.97269596,0.,                685P    537
0.574930057,0.978922068,0.,0.571160036,0.984005663,0.,               685P    538
0.567390015,0.989089259,0.,0.562772701,0.992683904,0.,               685P    539
0.558155387,0.99627855,0.,0.553005443,0.998139275,0.,                685P    540
0.547855498,1.,0.,0.542523883,1.,0.,0.,1.,0.,0.,-1.;                 685P    541
100,3.,10.500337481,102.686347668,19.160591519,107.686347668,        687P    542
10.500337481,112.686347668;                                          687P    543
102,6,665,669,673,677,681,685;                                       689P    544
102,6,667,671,675,679,683,687;                                       691P    545
142,1,663,689,691,1;                                                 693P    546
126,32,2,1,0,1,0,0.,0.,0.,0.0625,0.0625,0.125,0.125,0.1875,          695P    547
0.1875,0.25,0.25,0.3125,0.3125,0.375,0.375,0.4375,0.4375,0.5,        695P    548
0.5,0.5625,0.5625,0.625,0.625,0.6875,0.6875,0.75,0.75,0.8125,        695P    549
0.8125,0.875,0.875,0.9375,0.9375,1.,1.,1.,1.,1.,1.,1.,1.,1.,1.,      695P    550
1.,1.,1.,1.,1.,1.,1.,1.,1.,1.,1.,1.,1.,1.,1.,1.,1.,1.,1.,1.,1.,      695P    551
1.,1.,1.,1.,1.,0.090818069,0.07554587,0.,0.090818069,                695P    552
0.077159398,0.,0.091051515,0.078741923,0.,0.09128496,                695P    553
0.080324447,0.,0.091742879,0.081815153,0.,0.092200798,               695P    554
0.083305858,0.,0.092865594,0.084647457,0.,0.09353039,                695P    555
0.085989057,0.,0.094376514,0.087129993,0.,0.095222639,               695P    556
0.08827093,0.,0.096217576,0.089167358,0.,0.097212513,                695P    557
0.090063786,0.,0.098318028,0.090681257,0.,0.099423543,               695P    558
0.091298727,0.,0.100597151,0.091613511,0.,0.101770759,               695P    559
0.091928294,0.,0.10296736,0.091928294,0.,0.10416396,                 695P    560
0.091928294,0.,0.105337569,0.091613511,0.,0.106511177,               695P    561
0.091298727,0.,0.107616692,0.090681257,0.,0.108722207,               695P    562
0.090063786,0.,0.109717144,0.089167358,0.,0.110712081,               695P    563
0.08827093,0.,0.111558206,0.087129993,0.,0.11240433,                 695P    564
0.085989057,0.,0.113069126,0.084647457,0.,0.113733921,               695P    565
0.083305858,0.,0.114191841,0.081815153,0.,0.11464976,                695P    566
0.080324447,0.,0.114883205,0.078741923,0.,0.11511665,                695P    567
0.077159398,0.,0.11511665,0.07554587,0.,0.,1.,0.,0.,1.;              695P    568
124,-1.,-6.98296267768627E-015,0.,-196.076951545861,                 697P    569
-6.98296267768627E-015,1.,-6.98296267768627E-015,                    697P    570
-6.6116644375804E-013,4.87617677579594E-029,                         697P    571
-6.98296267768627E-015,-1.,5.9999999999996;                          697P    572
100,3.,-98.038475773,-56.602540378,-95.038475773,-56.602540378,      699P    573
-101.038475773,-56.602540378;                                        699P    574
126,32,2,1,0,1,0,0.,0.,0.,0.0625,0.0625,0.125,0.125,0.1875,          701P    575
0.1875,0.25,0.25,0.3125,0.3125,0.375,0.375,0.4375,0.4375,0.5,        701P    576
0.5,0.5625,0.5625,0.625,0.625,0.6875,0.6875,0.75,0.75,0.8125,        701P    577
0.8125,0.875,0.875,0.9375,0.9375,1.,1.,1.,1.,1.,1.,1.,1.,1.,1.,      701P    578
1.,1.,1.,1.,1.,1.,1.,1.,1.,1.,1.,1.,1.,1.,1.,1.,1.,1.,1.,1.,1.,      701P    579
1.,1.,1.,1.,1.,0.11511665,0.07554587,0.,0.11511665,0.073932342,      701P    580
0.,0.114883205,0.072349818,0.,0.11464976,0.070767293,0.,             701P    581
0.114191841,0.069276588,0.,0.113733921,0.067785882,0.,               701P    582
0.113069126,0.066444283,0.,0.11240433,0.065102683,0.,                701P    583
0.111558206,0.063961747,0.,0.110712081,0.06282081,0.,                701P    584
0.109717144,0.061924382,0.,0.108722207,0.061027954,0.,               701P    585
0.107616692,0.060410484,0.,0.106511177,0.059793013,0.,               701P    586
0.105337569,0.05947823,0.,0.10416396,0.059163446,0.,0.10296736,      701P    587
0.059163446,0.,0.101770759,0.059163446,0.,0.100597151,               701P    588
0.05947823,0.,0.099423543,0.059793013,0.,0.098318028,                701P    589
0.060410484,0.,0.097212513,0.061027954,0.,0.096217576,               701P    590
0.061924382,0.,0.095222639,0.06282081,0.,0.094376514,                701P    591
0.063961747,0.,0.09353039,0.065102683,0.,0.092865594,                701P    592
0.066444283,0.,0.092200798,0.067785882,0.,0.091742879,               701P    593
0.069276588,0.,0.09128496,0.070767293,0.,0.091051515,                701P    594
0.072349818,0.,0.090818069,0.073932342,0.,0.090818069,               701P    595
0.07554587,0.,0.,1.,0.,0.,1.;                                        701P    596
124,1.,-7.105427357601E-015,0.,-4.0191463140278E-013,                703P    597
-7.105427357601E-015,-1.,6.98296267768627E-015,                      703P    598
-113.205080756885,-4.96169340471387E-029,                            703P    599
-6.98296267768627E-015,-1.,5.99999999999961;                         703P    600
100,3.,-98.038475773,-56.602540378,-95.038475773,-56.602540378,      705P    601
-101.038475773,-56.602540378;                                        705P    602
102,2,695,701;                                                       707P    603
102,2,699,705;                                                       709P    604
142,1,663,707,709,1;                                                 711P    605
126,32,2,1,0,1,0,0.,0.,0.,0.0625,0.0625,0.125,0.125,0.1875,          713P    606
0.1875,0.25,0.25,0.3125,0.3125,0.375,0.375,0.4375,0.4375,0.5,        713P    607
0.5,0.5625,0.5625,0.625,0.625,0.6875,0.6875,0.75,0.75,0.8125,        713P    608
0.8125,0.875,0.875,0.9375,0.9375,1.,1.,1.,1.,1.,1.,1.,1.,1.,1.,      713P    609
1.,1.,1.,1.,1.,1.,1.,1.,1.,1.,1.,1.,1.,1.,1.,1.,1.,1.,1.,1.,1.,      713P    610
1.,1.,1.,1.,1.,0.88488335,0.07554587,0.,0.88488335,0.077159398,      713P    611
0.,0.885116795,0.078741923,0.,0.88535024,0.080324447,0.,             713P    612
0.885808159,0.081815153,0.,0.886266079,0.083305858,0.,               713P    613
0.886930874,0.084647457,0.,0.88759567,0.085989057,0.,                713P    614
0.888441794,0.087129993,0.,0.889287919,0.08827093,0.,                713P    615
0.890282856,0.089167358,0.,0.891277793,0.090063786,0.,               713P    616
0.892383308,0.090681257,0.,0.893488823,0.091298727,0.,               713P    617
0.894662431,0.091613511,0.,0.89583604,0.091928294,0.,                713P    618
0.89703264,0.091928294,0.,0.898229241,0.091928294,0.,                713P    619
0.899402849,0.091613511,0.,0.900576457,0.091298727,0.,               713P    620
0.901681972,0.090681257,0.,0.902787487,0.090063786,0.,               713P    621
0.903782424,0.089167358,0.,0.904777361,0.08827093,0.,                713P    622
0.905623486,0.087129993,0.,0.90646961,0.085989057,0.,                713P    623
0.907134406,0.084647457,0.,0.907799202,0.083305858,0.,               713P    624
0.908257121,0.081815153,0.,0.90871504,0.080324447,0.,                713P    625
0.908948485,0.078741923,0.,0.909181931,0.077159398,0.,               713P    626
0.909181931,0.07554587,0.,0.,1.,0.,0.,1.;                            713P    627
124,-1.,-6.98296267768627E-015,0.,196.076951545873,                  715P    628
-6.98296267768627E-015,1.,-6.98296267768627E-015,                    715P    629
7.03328632466907E-013,4.87617677579594E-029,                         715P    630
-6.98296267768627E-015,-1.,5.9999999999996;                          715P    631
100,3.,98.038475773,-56.602540378,101.038475773,-56.602540378,       717P    632
95.038475773,-56.602540378;                                          717P    633
126,32,2,1,0,1,0,0.,0.,0.,0.0625,0.0625,0.125,0.125,0.1875,          719P    634
0.1875,0.25,0.25,0.3125,0.3125,0.375,0.375,0.4375,0.4375,0.5,        719P    635
0.5,0.5625,0.5625,0.625,0.625,0.6875,0.6875,0.75,0.75,0.8125,        719P    636
0.8125,0.875,0.875,0.9375,0.9375,1.,1.,1.,1.,1.,1.,1.,1.,1.,1.,      719P    637
1.,1.,1.,1.,1.,1.,1.,1.,1.,1.,1.,1.,1.,1.,1.,1.,1.,1.,1.,1.,1.,      719P    638
1.,1.,1.,1.,1.,0.909181931,0.07554587,0.,0.909181931,                719P    639
0.073932342,0.,0.908948485,0.072349818,0.,0.90871504,                719P    640
0.070767293,0.,0.908257121,0.069276588,0.,0.907799202,               719P    641
0.067785882,0.,0.907134406,0.066444283,0.,0.90646961,                719P    642
0.065102683,0.,0.905623486,0.063961747,0.,0.904777361,               719P    643
0.06282081,0.,0.903782424,0.061924382,0.,0.902787487,                719P    644
0.061027954,0.,0.901681972,0.060410484,0.,0.900576457,               719P    645
0.059793013,0.,0.899402849,0.05947823,0.,0.898229241,                719P    646
0.059163446,0.,0.89703264,0.059163446,0.,0.89583604,                 719P    647
0.059163446,0.,0.894662431,0.05947823,0.,0.893488823,                719P    648
0.059793013,0.,0.892383308,0.060410484,0.,0.891277793,               719P    649
0.061027954,0.,0.890282856,0.061924382,0.,0.889287919,               719P    650
0.06282081,0.,0.888441794,0.063961747,0.,0.88759567,                 719P    651
0.065102683,0.,0.886930874,0.066444283,0.,0.886266079,               719P    652
0.067785882,0.,0.885808159,0.069276588,0.,0.88535024,                719P    653
0.070767293,0.,0.885116795,0.072349818,0.,0.88488335,                719P    654
0.073932342,0.,0.88488335,0.07554587,0.,0.,1.,0.,0.,1.;              719P    655
124,1.,-7.105427357601E-015,0.,-4.01914631402824E-013,               721P    656
-7.105427357601E-015,-1.,6.98296267768627E-015,                      721P    657
-113.205080756891,-4.96169340471387E-029,                            721P    658
-6.98296267768627E-015,-1.,5.99999999999961;                         721P    659
100,3.,98.038475773,-56.602540378,101.038475773,-56.602540378,       723P    660
95.038475773,-56.602540378;                                          723P    661
102,2,713,719;                                                       725P    662
102,2,717,723;                                                       727P    663
142,1,663,725,727,1;                                                 729P    664
126,32,2,1,0,1,0,0.,0.,0.,0.0625,0.0625,0.125,0.125,0.1875,          731P    665
0.1875,0.25,0.25,0.3125,0.3125,0.375,0.375,0.4375,0.4375,0.5,        731P    666
0.5,0.5625,0.5625,0.625,0.625,0.6875,0.6875,0.75,0.75,0.8125,        731P    667
0.8125,0.875,0.875,0.9375,0.9375,1.,1.,1.,1.,1.,1.,1.,1.,1.,1.,      731P    668
1.,1.,1.,1.,1.,1.,1.,1.,1.,1.,1.,1.,1.,1.,1.,1.,1.,1.,1.,1.,1.,      731P    669
1.,1.,1.,1.,1.,0.48785071,0.948224621,0.,0.48785071,                 731P    670
0.949838149,0.,0.488084155,0.951420673,0.,0.4883176,                 731P    671
0.953003198,0.,0.488775519,0.954493903,0.,0.489233438,               731P    672
0.955984609,0.,0.489898234,0.957326208,0.,0.49056303,                731P    673
0.958667808,0.,0.491409154,0.959808744,0.,0.492255279,               731P    674
0.960949681,0.,0.493250216,0.961846109,0.,0.494245153,               731P    675
0.962742537,0.,0.495350668,0.963360007,0.,0.496456183,               731P    676
0.963977478,0.,0.497629791,0.964292262,0.,0.498803399,               731P    677
0.964607045,0.,0.5,0.964607045,0.,0.501196601,0.964607045,0.,        731P    678
0.502370209,0.964292262,0.,0.503543817,0.963977478,0.,               731P    679
0.504649332,0.963360007,0.,0.505754847,0.962742537,0.,               731P    680
0.506749784,0.961846109,0.,0.507744721,0.960949681,0.,               731P    681
0.508590846,0.959808744,0.,0.50943697,0.958667808,0.,                731P    682
0.510101766,0.957326208,0.,0.510766562,0.955984609,0.,               731P    683
0.511224481,0.954493903,0.,0.5116824,0.953003198,0.,                 731P    684
0.511915845,0.951420673,0.,0.51214929,0.949838149,0.,                731P    685
0.51214929,0.948224621,0.,0.,1.,0.,0.,1.;                            731P    686
124,-1.,-6.98296267768627E-015,0.,7.26136280544416E-013,             733P    687
-6.98296267768627E-015,1.,-6.98296267768627E-015,                    733P    688
1.41422004504988E-014,4.87617677579594E-029,                         733P    689
-6.98296267768627E-015,-1.,6.00000000000072;                         733P    690
100,3.,0.,103.205080757,3.,103.205080757,-3.,103.205080757;          735P    691
126,32,2,1,0,1,0,0.,0.,0.,0.0625,0.0625,0.125,0.125,0.1875,          737P    692
0.1875,0.25,0.25,0.3125,0.3125,0.375,0.375,0.4375,0.4375,0.5,        737P    693
0.5,0.5625,0.5625,0.625,0.625,0.6875,0.6875,0.75,0.75,0.8125,        737P    694
0.8125,0.875,0.875,0.9375,0.9375,1.,1.,1.,1.,1.,1.,1.,1.,1.,1.,      737P    695
1.,1.,1.,1.,1.,1.,1.,1.,1.,1.,1.,1.,1.,1.,1.,1.,1.,1.,1.,1.,1.,      737P    696
1.,1.,1.,1.,1.,0.51214929,0.948224621,0.,0.51214929,                 737P    697
0.946611093,0.,0.511915845,0.945028568,0.,0.5116824,                 737P    698
0.943446044,0.,0.511224481,0.941955339,0.,0.510766562,               737P    699
0.940464633,0.,0.510101766,0.939123034,0.,0.50943697,                737P    700
0.937781434,0.,0.508590846,0.936640498,0.,0.507744721,               737P    701
0.935499561,0.,0.506749784,0.934603133,0.,0.505754847,               737P    702
0.933706705,0.,0.504649332,0.933089234,0.,0.503543817,               737P    703
0.932471764,0.,0.502370209,0.93215698,0.,0.501196601,                737P    704
0.931842197,0.,0.5,0.931842197,0.,0.498803399,0.931842197,0.,        737P    705
0.497629791,0.93215698,0.,0.496456183,0.932471764,0.,                737P    706
0.495350668,0.933089234,0.,0.494245153,0.933706705,0.,               737P    707
0.493250216,0.934603133,0.,0.492255279,0.935499561,0.,               737P    708
0.491409154,0.936640498,0.,0.49056303,0.937781434,0.,                737P    709
0.489898234,0.939123034,0.,0.489233438,0.940464633,0.,               737P    710
0.488775519,0.941955339,0.,0.4883176,0.943446044,0.,                 737P    711
0.488084155,0.945028568,0.,0.48785071,0.946611093,0.,                737P    712
0.48785071,0.948224621,0.,0.,1.,0.,0.,1.;                            737P    713
124,1.,-7.105427357601E-015,0.,7.33316204253411E-013,                739P    714
-7.105427357601E-015,-1.,6.98296267768627E-015,                      739P    715
206.410161513775,-4.96169340471387E-029,-6.98296267768627E-015,      739P    716
-1.,6.00000000000072;                                                739P    717
100,3.,0.,103.205080757,3.,103.205080757,-3.,103.205080757;          741P    718
102,2,731,737;                                                       743P    719
102,2,735,741;                                                       745P    720
142,1,663,743,745,1;                                                 747P    721
126,1,1,1,0,1,0,0.,0.,1.,1.,1.,1.,0.544610743,0.182937071,0.,        749P    722
0.544610743,0.204780303,0.,0.,1.,0.,0.,1.;                           749P    723
110,11.015641537,-36.936732841,3.,11.015641537,-32.936732841,        751P    724
3.;                                                                  751P    725
126,1,1,1,0,1,0,0.,0.,1.,1.,1.,1.,0.544610743,0.204780303,0.,        753P    726
0.629655776,0.204780303,0.,0.,1.,0.,0.,1.;                           753P    727
110,11.015641537,-32.936732841,3.,32.015641537,-32.936732841,        755P    728
3.;                                                                  755P    729
126,1,1,1,0,1,0,0.,0.,1.,1.,1.,1.,0.629655776,0.204780303,0.,        757P    730
0.629655776,0.182937071,0.,0.,1.,0.,0.,1.;                           757P    731
110,32.015641537,-32.936732841,3.,32.015641537,-36.936732841,        759P    732
3.;                                                                  759P    733
126,1,1,1,0,1,0,0.,0.,1.,1.,1.,1.,0.629655776,0.182937071,0.,        761P    734
0.544610743,0.182937071,0.,0.,1.,0.,0.,1.;                           761P    735
110,32.015641537,-36.936732841,3.,11.015641537,-36.936732841,        763P    736
3.;                                                                  763P    737
102,4,749,753,757,761;                                               765P    738
102,4,751,755,759,763;                                               767P    739
142,1,663,765,767,1;                                                 769P    740
126,1,1,1,0,1,0,0.,0.,1.,1.,1.,1.,0.455389257,0.204780303,0.,        771P    741
0.455389257,0.182937071,0.,0.,1.,0.,0.,1.;                           771P    742
110,-11.015641537,-32.936732841,3.,-11.015641537,-36.936732841,      773P    743
3.;                                                                  773P    744
126,1,1,1,0,1,0,0.,0.,1.,1.,1.,1.,0.455389257,0.182937071,0.,        775P    745
0.370344224,0.182937071,0.,0.,1.,0.,0.,1.;                           775P    746
110,-11.015641537,-36.936732841,3.,-32.015641537,-36.936732841,      777P    747
3.;                                                                  777P    748
126,1,1,1,0,1,0,0.,0.,1.,1.,1.,1.,0.370344224,0.182937071,0.,        779P    749
0.370344224,0.204780303,0.,0.,1.,0.,0.,1.;                           779P    750
110,-32.015641537,-36.936732841,3.,-32.015641537,-32.936732841,      781P    751
3.;                                                                  781P    752
126,1,1,1,0,1,0,0.,0.,1.,1.,1.,1.,0.370344224,0.204780303,0.,        783P    753
0.455389257,0.204780303,0.,0.,1.,0.,0.,1.;                           783P    754
110,-32.015641537,-32.936732841,3.,-11.015641537,-32.936732841,      785P    755
3.;                                                                  785P    756
102,4,771,775,779,783;                                               787P    757
102,4,773,777,781,785;                                               789P    758
142,1,663,787,789,1;                                                 791P    759
126,16,2,1,0,1,0,0.,0.,0.,0.125,0.125,0.25,0.25,0.375,0.375,         793P    760
0.5,0.5,0.625,0.625,0.75,0.75,0.875,0.875,1.,1.,1.,1.,1.,1.,1.,      793P    761
1.,1.,1.,1.,1.,1.,1.,1.,1.,1.,1.,1.,1.,0.598439857,0.466007521,      793P    762
0.,0.598439857,0.467636855,0.,0.598902262,0.469142162,0.,            793P    763
0.599364667,0.47064747,0.,0.600219079,0.471799583,0.,                793P    764
0.601073492,0.472951696,0.,0.602189836,0.473575215,0.,               793P    765
0.60330618,0.474198733,0.,0.604514502,0.474198733,0.,                793P    766
0.605722824,0.474198733,0.,0.606839168,0.473575215,0.,               793P    767
0.607955512,0.472951696,0.,0.608809925,0.471799583,0.,               793P    768
0.609664338,0.47064747,0.,0.610126743,0.469142162,0.,                793P    769
0.610589148,0.467636855,0.,0.610589148,0.466007521,0.,0.,1.,0.,      793P    770
0.,1.;                                                               793P    771
124,-1.,-6.98296267768627E-015,0.,51.6151140655535,                  795P    772
-6.98296267768627E-015,1.,-6.98296267768627E-015,                    795P    773
2.01096267977088E-013,4.87617677579594E-029,                         795P    774
-6.98296267768627E-015,-1.,6.0000000000001;                          795P    775
100,3.,25.807557033,14.9,27.307557033,14.9,24.307557033,14.9;        797P    776
126,16,2,1,0,1,0,0.,0.,0.,0.125,0.125,0.25,0.25,0.375,0.375,         799P    777
0.5,0.5,0.625,0.625,0.75,0.75,0.875,0.875,1.,1.,1.,1.,1.,1.,1.,      799P    778
1.,1.,1.,1.,1.,1.,1.,1.,1.,1.,1.,1.,1.,0.610589148,0.466007521,      799P    779
0.,0.610589148,0.464378188,0.,0.610126743,0.46287288,0.,             799P    780
0.609664338,0.461367572,0.,0.608809925,0.46021546,0.,                799P    781
0.607955512,0.459063347,0.,0.606839168,0.458439828,0.,               799P    782
0.605722824,0.457816309,0.,0.604514502,0.457816309,0.,               799P    783
0.60330618,0.457816309,0.,0.602189836,0.458439828,0.,                799P    784
0.601073492,0.459063347,0.,0.600219079,0.46021546,0.,                799P    785
0.599364667,0.461367572,0.,0.598902262,0.46287288,0.,                799P    786
0.598439857,0.464378188,0.,0.598439857,0.466007521,0.,0.,1.,0.,      799P    787
0.,1.;                                                               799P    788
124,1.,-7.105427357601E-015,0.,1.0418887974596E-013,                 801P    789
-7.105427357601E-015,-1.,6.98296267768627E-015,                      801P    790
29.8000000000016,-4.96169340471387E-029,-6.98296267768627E-015,      801P    791
-1.,6.0000000000001;                                                 801P    792
100,3.,25.807557033,14.9,27.307557033,14.9,24.307557033,14.9;        803P    793
102,2,793,799;                                                       805P    794
102,2,797,803;                                                       807P    795
142,1,663,805,807,1;                                                 809P    796
126,16,2,1,0,1,0,0.,0.,0.,0.125,0.125,0.25,0.25,0.375,0.375,         811P    797
0.5,0.5,0.625,0.625,0.75,0.75,0.875,0.875,1.,1.,1.,1.,1.,1.,1.,      811P    798
1.,1.,1.,1.,1.,1.,1.,1.,1.,1.,1.,1.,1.,0.598439857,0.30327544,       811P    799
0.,0.598439857,0.304904774,0.,0.598902262,0.306410081,0.,            811P    800
0.599364667,0.307915389,0.,0.600219079,0.309067502,0.,               811P    801
0.601073492,0.310219614,0.,0.602189836,0.310843133,0.,               811P    802
0.60330618,0.311466652,0.,0.604514502,0.311466652,0.,                811P    803
0.605722824,0.311466652,0.,0.606839168,0.310843133,0.,               811P    804
0.607955512,0.310219614,0.,0.608809925,0.309067502,0.,               811P    805
0.609664338,0.307915389,0.,0.610126743,0.306410081,0.,               811P    806
0.610589148,0.304904774,0.,0.610589148,0.30327544,0.,0.,1.,0.,       811P    807
0.,1.;                                                               811P    808
124,-1.,-6.98296267768627E-015,0.,51.615114065555,                   813P    809
-6.98296267768627E-015,1.,-6.98296267768627E-015,                    813P    810
2.01096267977097E-013,4.87617677579594E-029,                         813P    811
-6.98296267768627E-015,-1.,5.9999999999999;                          813P    812
100,3.,25.807557033,-14.9,27.307557033,-14.9,24.307557033,           815P    813
-14.9;                                                               815P    814
126,16,2,1,0,1,0,0.,0.,0.,0.125,0.125,0.25,0.25,0.375,0.375,         817P    815
0.5,0.5,0.625,0.625,0.75,0.75,0.875,0.875,1.,1.,1.,1.,1.,1.,1.,      817P    816
1.,1.,1.,1.,1.,1.,1.,1.,1.,1.,1.,1.,1.,0.610589148,0.30327544,       817P    817
0.,0.610589148,0.301646107,0.,0.610126743,0.300140799,0.,            817P    818
0.609664338,0.298635491,0.,0.608809925,0.297483378,0.,               817P    819
0.607955512,0.296331266,0.,0.606839168,0.295707747,0.,               817P    820
0.605722824,0.295084228,0.,0.604514502,0.295084228,0.,               817P    821
0.60330618,0.295084228,0.,0.602189836,0.295707747,0.,                817P    822
0.601073492,0.296331266,0.,0.600219079,0.297483378,0.,               817P    823
0.599364667,0.298635491,0.,0.598902262,0.300140799,0.,               817P    824
0.598439857,0.301646107,0.,0.598439857,0.30327544,0.,0.,1.,0.,       817P    825
0.,1.;                                                               817P    826
124,1.,-7.105427357601E-015,0.,-1.04188879745936E-013,               819P    827
-7.105427357601E-015,-1.,6.98296267768627E-015,                      819P    828
-29.7999999999984,-4.96169340471387E-029,                            819P    829
-6.98296267768627E-015,-1.,5.9999999999999;                          819P    830
100,3.,25.807557033,-14.9,27.307557033,-14.9,24.307557033,           821P    831
-14.9;                                                               821P    832
102,2,811,817;                                                       823P    833
102,2,815,821;                                                       825P    834
142,1,663,823,825,1;                                                 827P    835
126,16,2,1,0,1,0,0.,0.,0.,0.125,0.125,0.25,0.25,0.375,0.375,         829P    836
0.5,0.5,0.625,0.625,0.75,0.75,0.875,0.875,1.,1.,1.,1.,1.,1.,1.,      829P    837
1.,1.,1.,1.,1.,1.,1.,1.,1.,1.,1.,1.,1.,0.493925355,0.2219094,        829P    838
0.,0.493925355,0.223538733,0.,0.49438776,0.225044041,0.,             829P    839
0.494850164,0.226549349,0.,0.495704577,0.227701461,0.,               829P    840
0.49655899,0.228853574,0.,0.497675334,0.229477093,0.,                829P    841
0.498791678,0.230100612,0.,0.5,0.230100612,0.,0.501208322,           829P    842
0.230100612,0.,0.502324666,0.229477093,0.,0.50344101,                829P    843
0.228853574,0.,0.504295423,0.227701461,0.,0.505149836,               829P    844
0.226549349,0.,0.50561224,0.225044041,0.,0.506074645,                829P    845
0.223538733,0.,0.506074645,0.2219094,0.,0.,1.,0.,0.,1.;              829P    846
124,-1.,-6.98296267768627E-015,0.,3.16517768646327E-012,             831P    847
-6.98296267768627E-015,1.,-6.98296267768627E-015,                    831P    848
2.10810943544166E-014,4.87617677579594E-029,                         831P    849
-6.98296267768627E-015,-1.,5.99999999999979;                         831P    850
100,3.,0.,-29.8,1.5,-29.8,-1.5,-29.8;                                833P    851
126,16,2,1,0,1,0,0.,0.,0.,0.125,0.125,0.25,0.25,0.375,0.375,         835P    852
0.5,0.5,0.625,0.625,0.75,0.75,0.875,0.875,1.,1.,1.,1.,1.,1.,1.,      835P    853
1.,1.,1.,1.,1.,1.,1.,1.,1.,1.,1.,1.,1.,0.506074645,0.2219094,        835P    854
0.,0.506074645,0.220280066,0.,0.50561224,0.218774758,0.,             835P    855
0.505149836,0.217269451,0.,0.504295423,0.216117338,0.,               835P    856
0.50344101,0.214965225,0.,0.502324666,0.214341706,0.,                835P    857
0.501208322,0.213718187,0.,0.5,0.213718187,0.,0.498791678,           835P    858
0.213718187,0.,0.497675334,0.214341706,0.,0.49655899,                835P    859
0.214965225,0.,0.495704577,0.216117338,0.,0.494850164,               835P    860
0.217269451,0.,0.49438776,0.218774758,0.,0.493925355,                835P    861
0.220280066,0.,0.493925355,0.2219094,0.,0.,1.,0.,0.,1.;              835P    862
124,1.,-7.105427357601E-015,0.,-2.1174173525651E-013,                837P    863
-7.105427357601E-015,-1.,6.98296267768627E-015,-59.6,                837P    864
-4.96169340471387E-029,-6.98296267768627E-015,-1.,                   837P    865
5.99999999999979;                                                    837P    866
100,3.,0.,-29.8,1.5,-29.8,-1.5,-29.8;                                839P    867
102,2,829,835;                                                       841P    868
102,2,833,839;                                                       843P    869
142,1,663,841,843,1;                                                 845P    870
126,16,2,1,0,1,0,0.,0.,0.,0.125,0.125,0.25,0.25,0.375,0.375,         847P    871
0.5,0.5,0.625,0.625,0.75,0.75,0.875,0.875,1.,1.,1.,1.,1.,1.,1.,      847P    872
1.,1.,1.,1.,1.,1.,1.,1.,1.,1.,1.,1.,1.,0.389410852,0.30327544,       847P    873
0.,0.389410852,0.304904774,0.,0.389873257,0.306410081,0.,            847P    874
0.390335662,0.307915389,0.,0.391190075,0.309067502,0.,               847P    875
0.392044488,0.310219614,0.,0.393160832,0.310843133,0.,               847P    876
0.394277176,0.311466652,0.,0.395485498,0.311466652,0.,               847P    877
0.39669382,0.311466652,0.,0.397810164,0.310843133,0.,                847P    878
0.398926508,0.310219614,0.,0.399780921,0.309067502,0.,               847P    879
0.400635333,0.307915389,0.,0.401097738,0.306410081,0.,               847P    880
0.401560143,0.304904774,0.,0.401560143,0.30327544,0.,0.,1.,0.,       847P    881
0.,1.;                                                               847P    882
124,-1.,-6.98296267768627E-015,0.,-51.6151140655501,                 849P    883
-6.98296267768627E-015,1.,-6.98296267768627E-015,                    849P    884
-1.58934079268273E-013,4.87617677579594E-029,                        849P    885
-6.98296267768627E-015,-1.,5.9999999999999;                          849P    886
100,3.,-25.807557033,-14.9,-24.307557033,-14.9,-27.307557033,        851P    887
-14.9;                                                               851P    888
126,16,2,1,0,1,0,0.,0.,0.,0.125,0.125,0.25,0.25,0.375,0.375,         853P    889
0.5,0.5,0.625,0.625,0.75,0.75,0.875,0.875,1.,1.,1.,1.,1.,1.,1.,      853P    890
1.,1.,1.,1.,1.,1.,1.,1.,1.,1.,1.,1.,1.,0.401560143,0.30327544,       853P    891
0.,0.401560143,0.301646107,0.,0.401097738,0.300140799,0.,            853P    892
0.400635333,0.298635491,0.,0.399780921,0.297483378,0.,               853P    893
0.398926508,0.296331266,0.,0.397810164,0.295707747,0.,               853P    894
0.39669382,0.295084228,0.,0.395485498,0.295084228,0.,                853P    895
0.394277176,0.295084228,0.,0.393160832,0.295707747,0.,               853P    896
0.392044488,0.296331266,0.,0.391190075,0.297483378,0.,               853P    897
0.390335662,0.298635491,0.,0.389873257,0.300140799,0.,               853P    898
0.389410852,0.301646107,0.,0.389410852,0.30327544,0.,0.,1.,0.,       853P    899
0.,1.;                                                               853P    900
124,1.,-7.105427357601E-015,0.,-1.0418887974596E-013,                855P    901
-7.105427357601E-015,-1.,6.98296267768627E-015,                      855P    902
-29.8000000000017,-4.96169340471387E-029,                            855P    903
-6.98296267768627E-015,-1.,5.9999999999999;                          855P    904
100,3.,-25.807557033,-14.9,-24.307557033,-14.9,-27.307557033,        857P    905
-14.9;                                                               857P    906
102,2,847,853;                                                       859P    907
102,2,851,857;                                                       861P    908
142,1,663,859,861,1;                                                 863P    909
126,16,2,1,0,1,0,0.,0.,0.,0.125,0.125,0.25,0.25,0.375,0.375,         865P    910
0.5,0.5,0.625,0.625,0.75,0.75,0.875,0.875,1.,1.,1.,1.,1.,1.,1.,      865P    911
1.,1.,1.,1.,1.,1.,1.,1.,1.,1.,1.,1.,1.,0.389410852,0.466007521,      865P    912
0.,0.389410852,0.467636855,0.,0.389873257,0.469142162,0.,            865P    913
0.390335662,0.47064747,0.,0.391190075,0.471799583,0.,                865P    914
0.392044488,0.472951696,0.,0.393160832,0.473575215,0.,               865P    915
0.394277176,0.474198733,0.,0.395485498,0.474198733,0.,               865P    916
0.39669382,0.474198733,0.,0.397810164,0.473575215,0.,                865P    917
0.398926508,0.472951696,0.,0.399780921,0.471799583,0.,               865P    918
0.400635333,0.47064747,0.,0.401097738,0.469142162,0.,                865P    919
0.401560143,0.467636855,0.,0.401560143,0.466007521,0.,0.,1.,0.,      865P    920
0.,1.;                                                               865P    921
124,-1.,-6.98296267768627E-015,0.,-51.6151140655516,                 867P    922
-6.98296267768627E-015,1.,-6.98296267768627E-015,                    867P    923
-1.58934079268282E-013,4.87617677579594E-029,                        867P    924
-6.98296267768627E-015,-1.,6.0000000000001;                          867P    925
100,3.,-25.807557033,14.9,-24.307557033,14.9,-27.307557033,          869P    926
14.9;                                                                869P    927
126,16,2,1,0,1,0,0.,0.,0.,0.125,0.125,0.25,0.25,0.375,0.375,         871P    928
0.5,0.5,0.625,0.625,0.75,0.75,0.875,0.875,1.,1.,1.,1.,1.,1.,1.,      871P    929
1.,1.,1.,1.,1.,1.,1.,1.,1.,1.,1.,1.,1.,0.401560143,0.466007521,      871P    930
0.,0.401560143,0.464378188,0.,0.401097738,0.46287288,0.,             871P    931
0.400635333,0.461367572,0.,0.399780921,0.46021546,0.,                871P    932
0.398926508,0.459063347,0.,0.397810164,0.458439828,0.,               871P    933
0.39669382,0.457816309,0.,0.395485498,0.457816309,0.,                871P    934
0.394277176,0.457816309,0.,0.393160832,0.458439828,0.,               871P    935
0.392044488,0.459063347,0.,0.391190075,0.46021546,0.,                871P    936
0.390335662,0.461367572,0.,0.389873257,0.46287288,0.,                871P    937
0.389410852,0.464378188,0.,0.389410852,0.466007521,0.,0.,1.,0.,      871P    938
0.,1.;                                                               871P    939
124,1.,-7.105427357601E-015,0.,1.04188879745936E-013,                873P    940
-7.105427357601E-015,-1.,6.98296267768627E-015,                      873P    941
29.7999999999983,-4.96169340471387E-029,-6.98296267768627E-015,      873P    942
-1.,6.0000000000001;                                                 873P    943
100,3.,-25.807557033,14.9,-24.307557033,14.9,-27.307557033,          875P    944
14.9;                                                                875P    945
102,2,865,871;                                                       877P    946
102,2,869,875;                                                       879P    947
142,1,663,877,879,1;                                                 881P    948
126,16,2,1,0,1,0,0.,0.,0.,0.125,0.125,0.25,0.25,0.375,0.375,         883P    949
0.5,0.5,0.625,0.625,0.75,0.75,0.875,0.875,1.,1.,1.,1.,1.,1.,1.,      883P    950
1.,1.,1.,1.,1.,1.,1.,1.,1.,1.,1.,1.,1.,0.493925355,0.547373562,      883P    951
0.,0.493925355,0.549002895,0.,0.49438776,0.550508203,0.,             883P    952
0.494850164,0.552013511,0.,0.495704577,0.553165624,0.,               883P    953
0.49655899,0.554317736,0.,0.497675334,0.554941255,0.,                883P    954
0.498791678,0.555564774,0.,0.5,0.555564774,0.,0.501208322,           883P    955
0.555564774,0.,0.502324666,0.554941255,0.,0.50344101,                883P    956
0.554317736,0.,0.504295423,0.553165624,0.,0.505149836,               883P    957
0.552013511,0.,0.50561224,0.550508203,0.,0.506074645,                883P    958
0.549002895,0.,0.506074645,0.547373562,0.,0.,1.,0.,0.,1.;            883P    959
124,-1.,-6.98296267768627E-015,0.,2.08092287795051E-013,             885P    960
-6.98296267768627E-015,1.,-6.98296267768627E-015,                    885P    961
2.10810943543988E-014,4.87617677579594E-029,                         885P    962
-6.98296267768627E-015,-1.,6.00000000000021;                         885P    963
100,3.,0.,29.8,1.5,29.8,-1.5,29.8;                                   887P    964
126,16,2,1,0,1,0,0.,0.,0.,0.125,0.125,0.25,0.25,0.375,0.375,         889P    965
0.5,0.5,0.625,0.625,0.75,0.75,0.875,0.875,1.,1.,1.,1.,1.,1.,1.,      889P    966
1.,1.,1.,1.,1.,1.,1.,1.,1.,1.,1.,1.,1.,0.506074645,0.547373562,      889P    967
0.,0.506074645,0.545744228,0.,0.50561224,0.544238921,0.,             889P    968
0.505149836,0.542733613,0.,0.504295423,0.5415815,0.,0.50344101,      889P    969
0.540429388,0.,0.502324666,0.539805869,0.,0.501208322,               889P    970
0.53918235,0.,0.5,0.53918235,0.,0.498791678,0.53918235,0.,           889P    971
0.497675334,0.539805869,0.,0.49655899,0.540429388,0.,                889P    972
0.495704577,0.5415815,0.,0.494850164,0.542733613,0.,0.49438776,      889P    973
0.544238921,0.,0.493925355,0.545744228,0.,0.493925355,               889P    974
0.547373562,0.,0.,1.,0.,0.,1.;                                       889P    975
124,1.,-7.105427357601E-015,0.,2.1174173525651E-013,                 891P    976
-7.105427357601E-015,-1.,6.98296267768627E-015,59.6,                 891P    977
-4.96169340471387E-029,-6.98296267768627E-015,-1.,                   891P    978
6.00000000000021;                                                    891P    979
100,3.,0.,29.8,1.5,29.8,-1.5,29.8;                                   893P    980
102,2,883,889;                                                       895P    981
102,2,887,893;                                                       897P    982
142,1,663,895,897,1;                                                 899P    983
126,16,2,1,0,1,0,0.,0.,0.,0.125,0.125,0.25,0.25,0.375,0.375,         901P    984
0.5,0.5,0.625,0.625,0.75,0.75,0.875,0.875,1.,1.,1.,1.,1.,1.,1.,      901P    985
1.,1.,1.,1.,1.,1.,1.,1.,1.,1.,1.,1.,1.,0.375469773,0.570308956,      901P    986
0.,0.375469773,0.572209845,0.,0.376009245,0.573966037,0.,            901P    987
0.376548717,0.57572223,0.,0.377545532,0.577066361,0.,                901P    988
0.378542347,0.578410493,0.,0.379844748,0.579137931,0.,               901P    989
0.38114715,0.57986537,0.,0.382556859,0.57986537,0.,0.383966568,      901P    990
0.57986537,0.,0.385268969,0.579137931,0.,0.38657137,                 901P    991
0.578410493,0.,0.387568185,0.577066361,0.,0.388565,0.57572223,       901P    992
0.,0.389104472,0.573966037,0.,0.389643945,0.572209845,0.,            901P    993
0.389643945,0.570308956,0.,0.,1.,0.,0.,1.;                           901P    994
124,-1.,-6.98296267768627E-015,0.,-57.9999999999976,                 903P    995
-6.98296267768627E-015,1.,-6.98296267768627E-015,                    903P    996
-1.82702817738079E-013,4.87617677579594E-029,                        903P    997
-6.98296267768627E-015,-1.,6.00000000000024;                         903P    998
100,3.,-29.,34.,-27.25,34.,-30.75,34.;                               905P    999
126,16,2,1,0,1,0,0.,0.,0.,0.125,0.125,0.25,0.25,0.375,0.375,         907P   1000
0.5,0.5,0.625,0.625,0.75,0.75,0.875,0.875,1.,1.,1.,1.,1.,1.,1.,      907P   1001
1.,1.,1.,1.,1.,1.,1.,1.,1.,1.,1.,1.,1.,0.389643945,0.570308956,      907P   1002
0.,0.389643945,0.568408067,0.,0.389104472,0.566651874,0.,            907P   1003
0.388565,0.564895682,0.,0.387568185,0.563551551,0.,0.38657137,       907P   1004
0.562207419,0.,0.385268969,0.56147998,0.,0.383966568,                907P   1005
0.560752542,0.,0.382556859,0.560752542,0.,0.38114715,                907P   1006
0.560752542,0.,0.379844748,0.56147998,0.,0.378542347,                907P   1007
0.562207419,0.,0.377545532,0.563551551,0.,0.376548717,               907P   1008
0.564895682,0.,0.376009245,0.566651874,0.,0.375469773,               907P   1009
0.568408067,0.,0.375469773,0.570308956,0.,0.,1.,0.,0.,1.;            907P   1010
124,1.,-7.105427357601E-015,0.,2.40307773680141E-013,                909P   1011
-7.105427357601E-015,-1.,6.98296267768627E-015,                      909P   1012
68.0000000000036,-4.96169340471387E-029,-6.98296267768627E-015,      909P   1013
-1.,6.00000000000024;                                                909P   1014
100,3.,-29.,34.,-27.25,34.,-30.75,34.;                               911P   1015
102,2,901,907;                                                       913P   1016
102,2,905,911;                                                       915P   1017
142,1,663,913,915,1;                                                 917P   1018
126,16,2,1,0,1,0,0.,0.,0.,0.125,0.125,0.25,0.25,0.375,0.375,         919P   1019
0.5,0.5,0.625,0.625,0.75,0.75,0.875,0.875,1.,1.,1.,1.,1.,1.,1.,      919P   1020
1.,1.,1.,1.,1.,1.,1.,1.,1.,1.,1.,1.,1.,0.613393378,0.136520202,      919P   1021
0.,0.613393378,0.138692647,0.,0.614009918,0.140699724,0.,            919P   1022
0.614626457,0.142706801,0.,0.615765674,0.144242951,0.,               919P   1023
0.616904891,0.145779101,0.,0.61839335,0.14661046,0.,                 919P   1024
0.619881809,0.147441819,0.,0.621492905,0.147441819,0.,               919P   1025
0.623104001,0.147441819,0.,0.62459246,0.14661046,0.,                 919P   1026
0.626080918,0.145779101,0.,0.627220135,0.144242951,0.,               919P   1027
0.628359352,0.142706801,0.,0.628975892,0.140699724,0.,               919P   1028
0.629592432,0.138692647,0.,0.629592432,0.136520202,0.,0.,1.,0.,      919P   1029
0.,1.;                                                               919P   1030
124,-1.,-6.98296267768627E-015,0.,59.9999999999998,                  921P   1031
-6.98296267768627E-015,1.,-6.98296267768627E-015,                    921P   1032
2.31892037898351E-013,4.87617677579594E-029,                         921P   1033
-6.98296267768627E-015,-1.,5.99999999999968;                         921P   1034
100,3.,30.,-45.436732841,32.,-45.436732841,28.,-45.436732841;        923P   1035
126,16,2,1,0,1,0,0.,0.,0.,0.125,0.125,0.25,0.25,0.375,0.375,         925P   1036
0.5,0.5,0.625,0.625,0.75,0.75,0.875,0.875,1.,1.,1.,1.,1.,1.,1.,      925P   1037
1.,1.,1.,1.,1.,1.,1.,1.,1.,1.,1.,1.,1.,0.629592432,0.136520202,      925P   1038
0.,0.629592432,0.134347758,0.,0.628975892,0.132340681,0.,            925P   1039
0.628359352,0.130333604,0.,0.627220135,0.128797453,0.,               925P   1040
0.626080918,0.127261303,0.,0.62459246,0.126429945,0.,                925P   1041
0.623104001,0.125598586,0.,0.621492905,0.125598586,0.,               925P   1042
0.619881809,0.125598586,0.,0.61839335,0.126429945,0.,                925P   1043
0.616904891,0.127261303,0.,0.615765674,0.128797453,0.,               925P   1044
0.614626457,0.130333604,0.,0.614009918,0.132340681,0.,               925P   1045
0.613393378,0.134347758,0.,0.613393378,0.136520202,0.,0.,1.,0.,      925P   1046
0.,1.;                                                               925P   1047
124,1.,-7.105427357601E-015,0.,-3.2303624260712E-013,                927P   1048
-7.105427357601E-015,-1.,6.98296267768627E-015,                      927P   1049
-90.8734656822685,-4.96169340471387E-029,                            927P   1050
-6.98296267768627E-015,-1.,5.99999999999968;                         927P   1051
100,3.,30.,-45.436732841,32.,-45.436732841,28.,-45.436732841;        929P   1052
102,2,919,925;                                                       931P   1053
102,2,923,929;                                                       933P   1054
142,1,663,931,933,1;                                                 935P   1055
126,16,2,1,0,1,0,0.,0.,0.,0.125,0.125,0.25,0.25,0.375,0.375,         937P   1056
0.5,0.5,0.625,0.625,0.75,0.75,0.875,0.875,1.,1.,1.,1.,1.,1.,1.,      937P   1057
1.,1.,1.,1.,1.,1.,1.,1.,1.,1.,1.,1.,1.,0.491900473,0.705983651,      937P   1058
0.,0.491900473,0.708156095,0.,0.492517013,0.710163172,0.,            937P   1059
0.493133553,0.712170249,0.,0.49427277,0.7137064,0.,0.495411987,      937P   1060
0.71524255,0.,0.496900445,0.716073908,0.,0.498388904,                937P   1061
0.716905267,0.,0.5,0.716905267,0.,0.501611096,0.716905267,0.,        937P   1062
0.503099555,0.716073908,0.,0.504588013,0.71524255,0.,                937P   1063
0.50572723,0.7137064,0.,0.506866447,0.712170249,0.,0.507482987,      937P   1064
0.710163172,0.,0.508099527,0.708156095,0.,0.508099527,               937P   1065
0.705983651,0.,0.,1.,0.,0.,1.;                                       937P   1066
124,-1.,-6.98296267768627E-015,0.,2.60360408611142E-012,             939P   1067
-6.98296267768627E-015,1.,-6.98296267768627E-015,                    939P   1068
2.1081094354417E-014,4.87617677579594E-029,                          939P   1069
-6.98296267768627E-015,-1.,6.00000000000041;                         939P   1070
100,3.,0.,58.845168082,2.,58.845168082,-2.,58.845168082;             941P   1071
126,16,2,1,0,1,0,0.,0.,0.,0.125,0.125,0.25,0.25,0.375,0.375,         943P   1072
0.5,0.5,0.625,0.625,0.75,0.75,0.875,0.875,1.,1.,1.,1.,1.,1.,1.,      943P   1073
1.,1.,1.,1.,1.,1.,1.,1.,1.,1.,1.,1.,1.,0.508099527,0.705983651,      943P   1074
0.,0.508099527,0.703811206,0.,0.507482987,0.701804129,0.,            943P   1075
0.506866447,0.699797052,0.,0.50572723,0.698260902,0.,                943P   1076
0.504588013,0.696724752,0.,0.503099555,0.695893393,0.,               943P   1077
0.501611096,0.695062035,0.,0.5,0.695062035,0.,0.498388904,           943P   1078
0.695062035,0.,0.496900445,0.695893393,0.,0.495411987,               943P   1079
0.696724752,0.,0.49427277,0.698260902,0.,0.493133553,                943P   1080
0.699797052,0.,0.492517013,0.701804129,0.,0.491900473,               943P   1081
0.703811206,0.,0.491900473,0.705983651,0.,0.,1.,0.,0.,1.;            943P   1082
124,1.,-7.105427357601E-015,0.,4.1812006715039E-013,                 945P   1083
-7.105427357601E-015,-1.,6.98296267768627E-015,                      945P   1084
117.690336163414,-4.96169340471387E-029,-6.98296267768627E-015,      945P   1085
-1.,6.00000000000041;                                                945P   1086
100,3.,0.,58.845168082,2.,58.845168082,-2.,58.845168082;             947P   1087
102,2,937,943;                                                       949P   1088
102,2,941,947;                                                       951P   1089
142,1,663,949,951,1;                                                 953P   1090
126,16,2,1,0,1,0,0.,0.,0.,0.125,0.125,0.25,0.25,0.375,0.375,         955P   1091
0.5,0.5,0.625,0.625,0.75,0.75,0.875,0.875,1.,1.,1.,1.,1.,1.,1.,      955P   1092
1.,1.,1.,1.,1.,1.,1.,1.,1.,1.,1.,1.,1.,0.492912914,0.182591581,      955P   1093
0.,0.492912914,0.18449247,0.,0.493452386,0.186248663,0.,             955P   1094
0.493991859,0.188004855,0.,0.494988673,0.189348987,0.,               955P   1095
0.495985488,0.190693118,0.,0.49728789,0.191420557,0.,                955P   1096
0.498590291,0.192147995,0.,0.5,0.192147995,0.,0.501409709,           955P   1097
0.192147995,0.,0.50271211,0.191420557,0.,0.504014512,                955P   1098
0.190693118,0.,0.505011327,0.189348987,0.,0.506008141,               955P   1099
0.188004855,0.,0.506547614,0.186248663,0.,0.507087086,               955P   1100
0.18449247,0.,0.507087086,0.182591581,0.,0.,1.,0.,0.,1.;             955P   1101
124,-1.,-6.98296267768627E-015,0.,-9.02635000603279E-013,            957P   1102
-6.98296267768627E-015,1.,-6.98296267768627E-015,                    957P   1103
2.10810943543878E-014,4.87617677579594E-029,                         957P   1104
-6.98296267768627E-015,-1.,5.99999999999974;                         957P   1105
100,3.,0.,-37.,1.75,-37.,-1.75,-37.;                                 959P   1106
126,16,2,1,0,1,0,0.,0.,0.,0.125,0.125,0.25,0.25,0.375,0.375,         961P   1107
0.5,0.5,0.625,0.625,0.75,0.75,0.875,0.875,1.,1.,1.,1.,1.,1.,1.,      961P   1108
1.,1.,1.,1.,1.,1.,1.,1.,1.,1.,1.,1.,1.,0.507087086,0.182591581,      961P   1109
0.,0.507087086,0.180690692,0.,0.506547614,0.1789345,0.,              961P   1110
0.506008141,0.177178308,0.,0.505011327,0.175834176,0.,               961P   1111
0.504014512,0.174490045,0.,0.50271211,0.173762606,0.,                961P   1112
0.501409709,0.173035167,0.,0.5,0.173035167,0.,0.498590291,           961P   1113
0.173035167,0.,0.49728789,0.173762606,0.,0.495985488,                961P   1114
0.174490045,0.,0.494988673,0.175834176,0.,0.493991859,               961P   1115
0.177178308,0.,0.493452386,0.1789345,0.,0.492912914,                 961P   1116
0.180690692,0.,0.492912914,0.182591581,0.,0.,1.,0.,0.,1.;            961P   1117
124,1.,-7.105427357601E-015,0.,-2.62900812231224E-013,               963P   1118
-7.105427357601E-015,-1.,6.98296267768627E-015,                      963P   1119
-73.9999999999962,-4.96169340471387E-029,                            963P   1120
-6.98296267768627E-015,-1.,5.99999999999974;                         963P   1121
100,3.,0.,-37.,1.75,-37.,-1.75,-37.;                                 965P   1122
102,2,955,961;                                                       967P   1123
102,2,959,965;                                                       969P   1124
142,1,663,967,969,1;                                                 971P   1125
126,16,2,1,0,1,0,0.,0.,0.,0.125,0.125,0.25,0.25,0.375,0.375,         973P   1126
0.5,0.5,0.625,0.625,0.75,0.75,0.875,0.875,1.,1.,1.,1.,1.,1.,1.,      973P   1127
1.,1.,1.,1.,1.,1.,1.,1.,1.,1.,1.,1.,1.,0.610356055,0.570308956,      973P   1128
0.,0.610356055,0.572209845,0.,0.610895528,0.573966037,0.,            973P   1129
0.611435,0.57572223,0.,0.612431815,0.577066361,0.,0.61342863,        973P   1130
0.578410493,0.,0.614731031,0.579137931,0.,0.616033432,               973P   1131
0.57986537,0.,0.617443141,0.57986537,0.,0.61885285,0.57986537,       973P   1132
0.,0.620155252,0.579137931,0.,0.621457653,0.578410493,0.,            973P   1133
0.622454468,0.577066361,0.,0.623451283,0.57572223,0.,                973P   1134
0.623990755,0.573966037,0.,0.624530227,0.572209845,0.,               973P   1135
0.624530227,0.570308956,0.,0.,1.,0.,0.,1.;                           973P   1136
124,-1.,-6.98296267768627E-015,0.,58.0000000000024,                  975P   1137
-6.98296267768627E-015,1.,-6.98296267768627E-015,                    975P   1138
2.24865006446908E-013,4.87617677579594E-029,                         975P   1139
-6.98296267768627E-015,-1.,6.00000000000024;                         975P   1140
100,3.,29.,34.,30.75,34.,27.25,34.;                                  977P   1141
126,16,2,1,0,1,0,0.,0.,0.,0.125,0.125,0.25,0.25,0.375,0.375,         979P   1142
0.5,0.5,0.625,0.625,0.75,0.75,0.875,0.875,1.,1.,1.,1.,1.,1.,1.,      979P   1143
1.,1.,1.,1.,1.,1.,1.,1.,1.,1.,1.,1.,1.,0.624530227,0.570308956,      979P   1144
0.,0.624530227,0.568408067,0.,0.623990755,0.566651874,0.,            979P   1145
0.623451283,0.564895682,0.,0.622454468,0.563551551,0.,               979P   1146
0.621457653,0.562207419,0.,0.620155252,0.56147998,0.,                979P   1147
0.61885285,0.560752542,0.,0.617443141,0.560752542,0.,                979P   1148
0.616033432,0.560752542,0.,0.614731031,0.56147998,0.,                979P   1149
0.61342863,0.562207419,0.,0.612431815,0.563551551,0.,0.611435,       979P   1150
0.564895682,0.,0.610895528,0.566651874,0.,0.610356055,               979P   1151
0.568408067,0.,0.610356055,0.570308956,0.,0.,1.,0.,0.,1.;            979P   1152
124,1.,-7.105427357601E-015,0.,2.40307773680144E-013,                981P   1153
-7.105427357601E-015,-1.,6.98296267768627E-015,68.000000000004,      981P   1154
-4.96169340471387E-029,-6.98296267768627E-015,-1.,                   981P   1155
6.00000000000024;                                                    981P   1156
100,3.,29.,34.,30.75,34.,27.25,34.;                                  983P   1157
102,2,973,979;                                                       985P   1158
102,2,977,983;                                                       987P   1159
142,1,663,985,987,1;                                                 989P   1160
126,16,2,1,0,1,0,0.,0.,0.,0.125,0.125,0.25,0.25,0.375,0.375,         991P   1161
0.5,0.5,0.625,0.625,0.75,0.75,0.875,0.875,1.,1.,1.,1.,1.,1.,1.,      991P   1162
1.,1.,1.,1.,1.,1.,1.,1.,1.,1.,1.,1.,1.,0.370407568,0.136520202,      991P   1163
0.,0.370407568,0.138692647,0.,0.371024108,0.140699724,0.,            991P   1164
0.371640648,0.142706801,0.,0.372779865,0.144242951,0.,               991P   1165
0.373919082,0.145779101,0.,0.37540754,0.14661046,0.,                 991P   1166
0.376895999,0.147441819,0.,0.378507095,0.147441819,0.,               991P   1167
0.380118191,0.147441819,0.,0.38160665,0.14661046,0.,                 991P   1168
0.383095109,0.145779101,0.,0.384234326,0.144242951,0.,               991P   1169
0.385373543,0.142706801,0.,0.385990082,0.140699724,0.,               991P   1170
0.386606622,0.138692647,0.,0.386606622,0.136520202,0.,0.,1.,0.,      991P   1171
0.,1.;                                                               991P   1172
124,-1.,-6.98296267768627E-015,0.,-60.0000000000002,                 993P   1173
-6.98296267768627E-015,1.,-6.98296267768627E-015,                    993P   1174
-1.89729849189567E-013,4.87617677579594E-029,                        993P   1175
-6.98296267768627E-015,-1.,5.99999999999968;                         993P   1176
100,3.,-30.,-45.436732841,-28.,-45.436732841,-32.,                   995P   1177
-45.436732841;                                                       995P   1178
126,16,2,1,0,1,0,0.,0.,0.,0.125,0.125,0.25,0.25,0.375,0.375,         997P   1179
0.5,0.5,0.625,0.625,0.75,0.75,0.875,0.875,1.,1.,1.,1.,1.,1.,1.,      997P   1180
1.,1.,1.,1.,1.,1.,1.,1.,1.,1.,1.,1.,1.,0.386606622,0.136520202,      997P   1181
0.,0.386606622,0.134347758,0.,0.385990082,0.132340681,0.,            997P   1182
0.385373543,0.130333604,0.,0.384234326,0.128797453,0.,               997P   1183
0.383095109,0.127261303,0.,0.38160665,0.126429945,0.,                997P   1184
0.380118191,0.125598586,0.,0.378507095,0.125598586,0.,               997P   1185
0.376895999,0.125598586,0.,0.37540754,0.126429945,0.,                997P   1186
0.373919082,0.127261303,0.,0.372779865,0.128797453,0.,               997P   1187
0.371640648,0.130333604,0.,0.371024108,0.132340681,0.,               997P   1188
0.370407568,0.134347758,0.,0.370407568,0.136520202,0.,0.,1.,0.,      997P   1189
0.,1.;                                                               997P   1190
124,1.,-7.105427357601E-015,0.,-3.23036242607123E-013,               999P   1191
-7.105427357601E-015,-1.,6.98296267768627E-015,                      999P   1192
-90.873465682269,-4.96169340471387E-029,-6.98296267768627E-015,      999P   1193
-1.,5.99999999999968;                                                999P   1194
100,3.,-30.,-45.436732841,-28.,-45.436732841,-32.,                  1001P   1195
-45.436732841;                                                      1001P   1196
102,2,991,997;                                                      1003P   1197
102,2,995,1001;                                                     1005P   1198
142,1,663,1003,1005,1;                                              1007P   1199
126,32,2,1,0,1,0,0.,0.,0.,0.0625,0.0625,0.125,0.125,0.1875,         1009P   1200
0.1875,0.25,0.25,0.3125,0.3125,0.375,0.375,0.4375,0.4375,0.5,       1009P   1201
0.5,0.5625,0.5625,0.625,0.625,0.6875,0.6875,0.75,0.75,0.8125,       1009P   1202
0.8125,0.875,0.875,0.9375,0.9375,1.,1.,1.,1.,1.,1.,1.,1.,1.,1.,     1009P   1203
1.,1.,1.,1.,1.,1.,1.,1.,1.,1.,1.,1.,1.,1.,1.,1.,1.,1.,1.,1.,1.,     1009P   1204
1.,1.,1.,1.,1.,0.41900473,0.384641481,0.,0.41900473,                1009P   1205
0.395398334,0.,0.420561032,0.405948497,0.,0.422117333,              1009P   1206
0.41649866,0.,0.425170128,0.426436696,0.,0.428222923,               1009P   1207
0.436374733,0.,0.432654894,0.445318729,0.,0.437086866,              1009P   1208
0.454262726,0.,0.442727695,0.461868969,0.,0.448368525,              1009P   1209
0.469475213,0.,0.455001439,0.4754514,0.,0.461634353,                1009P   1210
0.481427588,0.,0.469004452,0.485544057,0.,0.476374551,              1009P   1211
0.489660527,0.,0.484198607,0.491759085,0.,0.492022662,              1009P   1212
0.493857643,0.,0.5,0.493857643,0.,0.507977338,0.493857643,0.,       1009P   1213
0.515801393,0.491759085,0.,0.523625449,0.489660527,0.,              1009P   1214
0.530995548,0.485544057,0.,0.538365647,0.481427588,0.,              1009P   1215
0.544998561,0.4754514,0.,0.551631475,0.469475213,0.,                1009P   1216
0.557272305,0.461868969,0.,0.562913134,0.454262726,0.,              1009P   1217
0.567345106,0.445318729,0.,0.571777077,0.436374733,0.,              1009P   1218
0.574829872,0.426436696,0.,0.577882667,0.41649866,0.,               1009P   1219
0.579438968,0.405948497,0.,0.58099527,0.395398334,0.,               1009P   1220
0.58099527,0.384641481,0.,0.,1.,0.,0.,1.;                           1009P   1221
124,-1.,-6.98296267768627E-015,0.,0.,-6.98296267768627E-015,1.,     1011P   1222
-6.98296267768627E-015,2.09488880330588E-014,                       1011P   1223
4.87617677579594E-029,-6.98296267768627E-015,-1.,6.;                1011P   1224
100,3.,0.,0.,20.,0.,-20.,0.;                                        1013P   1225
126,32,2,1,0,1,0,0.,0.,0.,0.0625,0.0625,0.125,0.125,0.1875,         1015P   1226
0.1875,0.25,0.25,0.3125,0.3125,0.375,0.375,0.4375,0.4375,0.5,       1015P   1227
0.5,0.5625,0.5625,0.625,0.625,0.6875,0.6875,0.75,0.75,0.8125,       1015P   1228
0.8125,0.875,0.875,0.9375,0.9375,1.,1.,1.,1.,1.,1.,1.,1.,1.,1.,     1015P   1229
1.,1.,1.,1.,1.,1.,1.,1.,1.,1.,1.,1.,1.,1.,1.,1.,1.,1.,1.,1.,1.,     1015P   1230
1.,1.,1.,1.,1.,0.58099527,0.384641481,0.,0.58099527,                1015P   1231
0.373884628,0.,0.579438968,0.363334465,0.,0.577882667,              1015P   1232
0.352784301,0.,0.574829872,0.342846265,0.,0.571777077,              1015P   1233
0.332908229,0.,0.567345106,0.323964232,0.,0.562913134,              1015P   1234
0.315020236,0.,0.557272305,0.307413992,0.,0.551631475,              1015P   1235
0.299807748,0.,0.544998561,0.293831561,0.,0.538365647,              1015P   1236
0.287855374,0.,0.530995548,0.283738904,0.,0.523625449,              1015P   1237
0.279622435,0.,0.515801393,0.277523877,0.,0.507977338,              1015P   1238
0.275425319,0.,0.5,0.275425319,0.,0.492022662,0.275425319,0.,       1015P   1239
0.484198607,0.277523877,0.,0.476374551,0.279622435,0.,              1015P   1240
0.469004452,0.283738904,0.,0.461634353,0.287855374,0.,              1015P   1241
0.455001439,0.293831561,0.,0.448368525,0.299807748,0.,              1015P   1242
0.442727695,0.307413992,0.,0.437086866,0.315020236,0.,              1015P   1243
0.432654894,0.323964232,0.,0.428222923,0.332908229,0.,              1015P   1244
0.425170128,0.342846265,0.,0.422117333,0.352784301,0.,              1015P   1245
0.420561032,0.363334465,0.,0.41900473,0.373884628,0.,               1015P   1246
0.41900473,0.384641481,0.,0.,1.,0.,0.,1.;                           1015P   1247
124,1.,-7.35035671743047E-015,8.55166289179392E-031,                1017P   1248
-2.56549886753819E-030,-7.35035671743047E-015,-1.,                  1017P   1249
6.98296267768627E-015,-2.09488880330588E-014,                       1017P   1250
-5.04721003363181E-029,-6.98296267768627E-015,-1.,6.;               1017P   1251
100,3.,0.,0.,20.,0.,-20.,0.;                                        1019P   1252
102,2,1009,1015;                                                    1021P   1253
102,2,1013,1019;                                                    1023P   1254
142,1,663,1021,1023,1;                                              1025P   1255
126,32,2,1,0,1,0,0.,0.,0.,0.0625,0.0625,0.125,0.125,0.1875,         1027P   1256
0.1875,0.25,0.25,0.3125,0.3125,0.375,0.375,0.4375,0.4375,0.5,       1027P   1257
0.5,0.5625,0.5625,0.625,0.625,0.6875,0.6875,0.75,0.75,0.8125,       1027P   1258
0.8125,0.875,0.875,0.9375,0.9375,1.,1.,1.,1.,1.,1.,1.,1.,1.,1.,     1027P   1259
1.,1.,1.,1.,1.,1.,1.,1.,1.,1.,1.,1.,1.,1.,1.,1.,1.,1.,1.,1.,1.,     1027P   1260
1.,1.,1.,1.,1.,0.811702066,0.130153951,0.,0.811702066,              1027P   1261
0.132170861,0.,0.811993872,0.134149017,0.,0.812285679,              1027P   1262
0.136127172,0.,0.812858078,0.137990554,0.,0.813430477,              1027P   1263
0.139853936,0.,0.814261472,0.141530935,0.,0.815092466,              1027P   1264
0.143207935,0.,0.816150122,0.144634105,0.,0.817207777,              1027P   1265
0.146060276,0.,0.818451449,0.147180811,0.,0.81969512,               1027P   1266
0.148301346,0.,0.821077014,0.149073184,0.,0.822458907,              1027P   1267
0.149845022,0.,0.823925918,0.150238502,0.,0.825392928,              1027P   1268
0.150631981,0.,0.826888679,0.150631981,0.,0.82838443,               1027P   1269
0.150631981,0.,0.82985144,0.150238502,0.,0.831318451,               1027P   1270
0.149845022,0.,0.832700344,0.149073184,0.,0.834082238,              1027P   1271
0.148301346,0.,0.835325909,0.147180811,0.,0.83656958,               1027P   1272
0.146060276,0.,0.837627236,0.144634105,0.,0.838684892,              1027P   1273
0.143207935,0.,0.839515886,0.141530935,0.,0.840346881,              1027P   1274
0.139853936,0.,0.84091928,0.137990554,0.,0.841491679,               1027P   1275
0.136127172,0.,0.841783485,0.134149017,0.,0.842075292,              1027P   1276
0.132170861,0.,0.842075292,0.130153951,0.,0.,1.,0.,0.,1.;           1027P   1277
124,-1.,-6.98296267768627E-015,0.,161.435935394502,                 1029P   1278
-6.98296267768627E-015,1.,-6.98296267768627E-015,                   1029P   1279
5.86331799835088E-013,4.87617677579594E-029,                        1029P   1280
-6.98296267768627E-015,-1.,5.99999999999967;                        1029P   1281
100,3.,80.717967697,-46.602540378,84.467967697,-46.602540378,       1031P   1282
76.967967697,-46.602540378;                                         1031P   1283
126,32,2,1,0,1,0,0.,0.,0.,0.0625,0.0625,0.125,0.125,0.1875,         1033P   1284
0.1875,0.25,0.25,0.3125,0.3125,0.375,0.375,0.4375,0.4375,0.5,       1033P   1285
0.5,0.5625,0.5625,0.625,0.625,0.6875,0.6875,0.75,0.75,0.8125,       1033P   1286
0.8125,0.875,0.875,0.9375,0.9375,1.,1.,1.,1.,1.,1.,1.,1.,1.,1.,     1033P   1287
1.,1.,1.,1.,1.,1.,1.,1.,1.,1.,1.,1.,1.,1.,1.,1.,1.,1.,1.,1.,1.,     1033P   1288
1.,1.,1.,1.,1.,0.842075292,0.130153951,0.,0.842075292,              1033P   1289
0.128137041,0.,0.841783485,0.126158886,0.,0.841491679,              1033P   1290
0.12418073,0.,0.84091928,0.122317348,0.,0.840346881,                1033P   1291
0.120453966,0.,0.839515886,0.118776967,0.,0.838684892,              1033P   1292
0.117099968,0.,0.837627236,0.115673797,0.,0.83656958,               1033P   1293
0.114247626,0.,0.835325909,0.113127091,0.,0.834082238,              1033P   1294
0.112006556,0.,0.832700344,0.111234718,0.,0.831318451,              1033P   1295
0.11046288,0.,0.82985144,0.1100694,0.,0.82838443,0.109675921,       1033P   1296
0.,0.826888679,0.109675921,0.,0.825392928,0.109675921,0.,           1033P   1297
0.823925918,0.1100694,0.,0.822458907,0.11046288,0.,0.821077014,     1033P   1298
0.111234718,0.,0.81969512,0.112006556,0.,0.818451449,               1033P   1299
0.113127091,0.,0.817207777,0.114247626,0.,0.816150122,              1033P   1300
0.115673797,0.,0.815092466,0.117099968,0.,0.814261472,              1033P   1301
0.118776967,0.,0.813430477,0.120453966,0.,0.812858078,              1033P   1302
0.122317348,0.,0.812285679,0.12418073,0.,0.811993872,               1033P   1303
0.126158886,0.,0.811702066,0.128137041,0.,0.811702066,              1033P   1304
0.130153951,0.,0.,1.,0.,0.,1.;                                      1033P   1305
124,1.,-7.105427357601E-015,0.,-3.29195023289797E-013,              1035P   1306
-7.105427357601E-015,-1.,6.98296267768627E-015,                     1035P   1307
-93.2050807568798,-4.96169340471387E-029,                           1035P   1308
-6.98296267768627E-015,-1.,5.99999999999967;                        1035P   1309
100,3.,80.717967697,-46.602540378,84.467967697,-46.602540378,       1037P   1310
76.967967697,-46.602540378;                                         1037P   1311
102,2,1027,1033;                                                    1039P   1312
102,2,1031,1037;                                                    1041P   1313
142,1,663,1039,1041,1;                                              1043P   1314
126,32,2,1,0,1,0,0.,0.,0.,0.0625,0.0625,0.125,0.125,0.1875,         1045P   1315
0.1875,0.25,0.25,0.3125,0.3125,0.375,0.375,0.4375,0.4375,0.5,       1045P   1316
0.5,0.5625,0.5625,0.625,0.625,0.6875,0.6875,0.75,0.75,0.8125,       1045P   1317
0.8125,0.875,0.875,0.9375,0.9375,1.,1.,1.,1.,1.,1.,1.,1.,1.,1.,     1045P   1318
1.,1.,1.,1.,1.,1.,1.,1.,1.,1.,1.,1.,1.,1.,1.,1.,1.,1.,1.,1.,1.,     1045P   1319
1.,1.,1.,1.,1.,0.157924708,0.130153951,0.,0.157924708,              1045P   1320
0.132170861,0.,0.158216515,0.134149017,0.,0.158508321,              1045P   1321
0.136127172,0.,0.15908072,0.137990554,0.,0.159653119,               1045P   1322
0.139853936,0.,0.160484114,0.141530935,0.,0.161315108,              1045P   1323
0.143207935,0.,0.162372764,0.144634105,0.,0.16343042,               1045P   1324
0.146060276,0.,0.164674091,0.147180811,0.,0.165917762,              1045P   1325
0.148301346,0.,0.167299656,0.149073184,0.,0.168681549,              1045P   1326
0.149845022,0.,0.17014856,0.150238502,0.,0.17161557,                1045P   1327
0.150631981,0.,0.173111321,0.150631981,0.,0.174607072,              1045P   1328
0.150631981,0.,0.176074082,0.150238502,0.,0.177541093,              1045P   1329
0.149845022,0.,0.178922986,0.149073184,0.,0.18030488,               1045P   1330
0.148301346,0.,0.181548551,0.147180811,0.,0.182792223,              1045P   1331
0.146060276,0.,0.183849878,0.144634105,0.,0.184907534,              1045P   1332
0.143207935,0.,0.185738528,0.141530935,0.,0.186569523,              1045P   1333
0.139853936,0.,0.187141922,0.137990554,0.,0.187714321,              1045P   1334
0.136127172,0.,0.188006128,0.134149017,0.,0.188297934,              1045P   1335
0.132170861,0.,0.188297934,0.130153951,0.,0.,1.,0.,0.,1.;           1045P   1336
124,-1.,-6.98296267768627E-015,0.,-161.435935394478,                1047P   1337
-6.98296267768627E-015,1.,-6.98296267768627E-015,                   1047P   1338
-5.44169611126129E-013,4.87617677579594E-029,                       1047P   1339
-6.98296267768627E-015,-1.,5.99999999999967;                        1047P   1340
100,3.,-80.717967697,-46.602540378,-76.967967697,-46.602540378,     1049P   1341
-84.467967697,-46.602540378;                                        1049P   1342
126,32,2,1,0,1,0,0.,0.,0.,0.0625,0.0625,0.125,0.125,0.1875,         1051P   1343
0.1875,0.25,0.25,0.3125,0.3125,0.375,0.375,0.4375,0.4375,0.5,       1051P   1344
0.5,0.5625,0.5625,0.625,0.625,0.6875,0.6875,0.75,0.75,0.8125,       1051P   1345
0.8125,0.875,0.875,0.9375,0.9375,1.,1.,1.,1.,1.,1.,1.,1.,1.,1.,     1051P   1346
1.,1.,1.,1.,1.,1.,1.,1.,1.,1.,1.,1.,1.,1.,1.,1.,1.,1.,1.,1.,1.,     1051P   1347
1.,1.,1.,1.,1.,0.188297934,0.130153951,0.,0.188297934,              1051P   1348
0.128137041,0.,0.188006128,0.126158886,0.,0.187714321,              1051P   1349
0.12418073,0.,0.187141922,0.122317348,0.,0.186569523,               1051P   1350
0.120453966,0.,0.185738528,0.118776967,0.,0.184907534,              1051P   1351
0.117099968,0.,0.183849878,0.115673797,0.,0.182792223,              1051P   1352
0.114247626,0.,0.181548551,0.113127091,0.,0.18030488,               1051P   1353
0.112006556,0.,0.178922986,0.111234718,0.,0.177541093,              1051P   1354
0.11046288,0.,0.176074082,0.1100694,0.,0.174607072,0.109675921,     1051P   1355
0.,0.173111321,0.109675921,0.,0.17161557,0.109675921,0.,            1051P   1356
0.17014856,0.1100694,0.,0.168681549,0.11046288,0.,0.167299656,      1051P   1357
0.111234718,0.,0.165917762,0.112006556,0.,0.164674091,              1051P   1358
0.113127091,0.,0.16343042,0.114247626,0.,0.162372764,               1051P   1359
0.115673797,0.,0.161315108,0.117099968,0.,0.160484114,              1051P   1360
0.118776967,0.,0.159653119,0.120453966,0.,0.15908072,               1051P   1361
0.122317348,0.,0.158508321,0.12418073,0.,0.158216515,               1051P   1362
0.126158886,0.,0.157924708,0.128137041,0.,0.157924708,              1051P   1363
0.130153951,0.,0.,1.,0.,0.,1.;                                      1051P   1364
124,1.,-7.105427357601E-015,0.,-3.2919502328991E-013,               1053P   1365
-7.105427357601E-015,-1.,6.98296267768627E-015,                     1053P   1366
-93.2050807568956,-4.96169340471387E-029,                           1053P   1367
-6.98296267768627E-015,-1.,5.99999999999967;                        1053P   1368
100,3.,-80.717967697,-46.602540378,-76.967967697,-46.602540378,     1055P   1369
-84.467967697,-46.602540378;                                        1055P   1370
102,2,1045,1051;                                                    1057P   1371
102,2,1049,1055;                                                    1059P   1372
142,1,663,1057,1059,1;                                              1061P   1373
126,32,2,1,0,1,0,0.,0.,0.,0.0625,0.0625,0.125,0.125,0.1875,         1063P   1374
0.1875,0.25,0.25,0.3125,0.3125,0.375,0.375,0.4375,0.4375,0.5,       1063P   1375
0.5,0.5625,0.5625,0.625,0.625,0.6875,0.6875,0.75,0.75,0.8125,       1063P   1376
0.8125,0.875,0.875,0.9375,0.9375,1.,1.,1.,1.,1.,1.,1.,1.,1.,1.,     1063P   1377
1.,1.,1.,1.,1.,1.,1.,1.,1.,1.,1.,1.,1.,1.,1.,1.,1.,1.,1.,1.,1.,     1063P   1378
1.,1.,1.,1.,1.,0.484813387,0.89361654,0.,0.484813387,               1063P   1379
0.89563345,0.,0.485105193,0.897611606,0.,0.485397,0.899589761,      1063P   1380
0.,0.485969399,0.901453143,0.,0.486541798,0.903316525,0.,           1063P   1381
0.487372793,0.904993524,0.,0.488203787,0.906670523,0.,              1063P   1382
0.489261443,0.908096694,0.,0.490319098,0.909522865,0.,              1063P   1383
0.49156277,0.9106434,0.,0.492806441,0.911763935,0.,0.494188335,     1063P   1384
0.912535773,0.,0.495570228,0.913307611,0.,0.497037239,              1063P   1385
0.913701091,0.,0.498504249,0.91409457,0.,0.5,0.91409457,0.,         1063P   1386
0.501495751,0.91409457,0.,0.502962761,0.913701091,0.,               1063P   1387
0.504429772,0.913307611,0.,0.505811665,0.912535773,0.,              1063P   1388
0.507193559,0.911763935,0.,0.50843723,0.9106434,0.,0.509680902,     1063P   1389
0.909522865,0.,0.510738557,0.908096694,0.,0.511796213,              1063P   1390
0.906670523,0.,0.512627207,0.904993524,0.,0.513458202,              1063P   1391
0.903316525,0.,0.514030601,0.901453143,0.,0.514603,0.899589761,     1063P   1392
0.,0.514894807,0.897611606,0.,0.515186613,0.89563345,0.,            1063P   1393
0.515186613,0.89361654,0.,0.,1.,0.,0.,1.;                           1063P   1394
124,-1.,-6.98296267768627E-015,0.,6.71724401758131E-013,            1065P   1395
-6.98296267768627E-015,1.,-6.98296267768627E-015,                   1065P   1396
1.41422004504979E-014,4.87617677579594E-029,                        1065P   1397
-6.98296267768627E-015,-1.,6.00000000000065;                        1065P   1398
100,3.,0.,93.205080757,3.75,93.205080757,-3.75,93.205080757;        1067P   1399
126,32,2,1,0,1,0,0.,0.,0.,0.0625,0.0625,0.125,0.125,0.1875,         1069P   1400
0.1875,0.25,0.25,0.3125,0.3125,0.375,0.375,0.4375,0.4375,0.5,       1069P   1401
0.5,0.5625,0.5625,0.625,0.625,0.6875,0.6875,0.75,0.75,0.8125,       1069P   1402
0.8125,0.875,0.875,0.9375,0.9375,1.,1.,1.,1.,1.,1.,1.,1.,1.,1.,     1069P   1403
1.,1.,1.,1.,1.,1.,1.,1.,1.,1.,1.,1.,1.,1.,1.,1.,1.,1.,1.,1.,1.,     1069P   1404
1.,1.,1.,1.,1.,0.515186613,0.89361654,0.,0.515186613,               1069P   1405
0.89159963,0.,0.514894807,0.889621474,0.,0.514603,0.887643319,      1069P   1406
0.,0.514030601,0.885779937,0.,0.513458202,0.883916555,0.,           1069P   1407
0.512627207,0.882239556,0.,0.511796213,0.880562557,0.,              1069P   1408
0.510738557,0.879136386,0.,0.509680902,0.877710215,0.,              1069P   1409
0.50843723,0.87658968,0.,0.507193559,0.875469145,0.,                1069P   1410
0.505811665,0.874697307,0.,0.504429772,0.873925469,0.,              1069P   1411
0.502962761,0.873531989,0.,0.501495751,0.87313851,0.,0.5,           1069P   1412
0.87313851,0.,0.498504249,0.87313851,0.,0.497037239,                1069P   1413
0.873531989,0.,0.495570228,0.873925469,0.,0.494188335,              1069P   1414
0.874697307,0.,0.492806441,0.875469145,0.,0.49156277,               1069P   1415
0.87658968,0.,0.490319098,0.877710215,0.,0.489261443,               1069P   1416
0.879136386,0.,0.488203787,0.880562557,0.,0.487372793,              1069P   1417
0.882239556,0.,0.486541798,0.883916555,0.,0.485969399,              1069P   1418
0.885779937,0.,0.485397,0.887643319,0.,0.485105193,0.889621474,     1069P   1419
0.,0.484813387,0.89159963,0.,0.484813387,0.89361654,0.,0.,1.,       1069P   1420
0.,0.,1.;                                                           1069P   1421
124,1.,-7.105427357601E-015,0.,6.62261930677401E-013,               1071P   1422
-7.105427357601E-015,-1.,6.98296267768627E-015,                     1071P   1423
186.410161513775,-4.96169340471387E-029,-6.98296267768627E-015,     1071P   1424
-1.,6.00000000000065;                                               1071P   1425
100,3.,0.,93.205080757,3.75,93.205080757,-3.75,93.205080757;        1073P   1426
102,2,1063,1069;                                                    1075P   1427
102,2,1067,1073;                                                    1077P   1428
142,1,663,1075,1077,1;                                              1079P   1429
144,663,1,21,693,711,729,747,769,791,809,827,845,863,881,899,       1081P   1430
917,935,953,971,989,1007,1025,1043,1061,1079;                       1081P   1431
128,1,1,1,1,0,0,1,0,0,0.,0.,1.,1.,0.,0.,1.,1.,1.,1.,1.,1.,          1083P   1432
-123.464,-70.436732841,0.,123.464,-70.436732841,0.,-123.464,        1083P   1433
112.686347668,0.,123.464,112.686347668,0.,0.,1.,0.,1.;              1083P   1434
126,1,1,1,0,1,0,0.,0.,1.,1.,1.,1.,0.005928854,0.,0.,                1085P   1435
0.994071146,0.,0.,0.,1.,0.,0.,1.;                                   1085P   1436
110,-122.,-70.436732841,0.,122.,-70.436732841,0.;                   1087P   1437
126,1,1,1,0,1,0,0.,0.,1.,1.,1.,1.,0.994071146,0.,0.,                1089P   1438
0.577595864,0.97269596,0.,0.,1.,0.,0.,1.;                           1089P   1439
110,122.,-70.436732841,0.,19.160591519,107.686347668,0.;            1091P   1440
126,8,2,1,0,1,0,0.,0.,0.,0.25,0.25,0.5,0.5,0.75,0.75,1.,1.,1.,      1093P   1441
1.,1.,1.,1.,1.,1.,1.,1.,1.,0.577595864,0.97269596,0.,               1093P   1442
0.574930057,0.978922068,0.,0.571160036,0.984005663,0.,              1093P   1443
0.567390015,0.989089259,0.,0.562772701,0.992683904,0.,              1093P   1444
0.558155387,0.99627855,0.,0.553005443,0.998139275,0.,               1093P   1445
0.547855498,1.,0.,0.542523883,1.,0.,0.,1.,0.,0.,-1.;                1093P   1446
100,0.,10.500337481,102.686347668,19.160591519,107.686347668,       1095P   1447
10.500337481,112.686347668;                                         1095P   1448
126,1,1,1,0,1,0,0.,0.,1.,1.,1.,1.,0.542523883,1.,0.,                1097P   1449
0.457476117,1.,0.,0.,1.,0.,0.,1.;                                   1097P   1450
110,10.500337481,112.686347668,0.,-10.500337481,112.686347668,      1099P   1451
0.;                                                                 1099P   1452
126,8,2,1,0,1,0,0.,0.,0.,0.25,0.25,0.5,0.5,0.75,0.75,1.,1.,1.,      1101P   1453
1.,1.,1.,1.,1.,1.,1.,1.,1.,0.457476117,1.,0.,0.452144502,1.,0.,     1101P   1454
0.446994557,0.998139275,0.,0.441844613,0.99627855,0.,               1101P   1455
0.437227299,0.992683904,0.,0.432609985,0.989089259,0.,              1101P   1456
0.428839964,0.984005663,0.,0.425069943,0.978922068,0.,              1101P   1457
0.422404136,0.97269596,0.,0.,1.,0.,0.,-1.;                          1101P   1458
100,0.,-10.500337481,102.686347668,-10.500337481,112.686347668,     1103P   1459
-19.160591519,107.686347668;                                        1103P   1460
126,1,1,1,0,1,0,0.,0.,1.,1.,1.,1.,0.422404136,0.97269596,0.,        1105P   1461
0.005928854,0.,0.,0.,1.,0.,0.,1.;                                   1105P   1462
110,-19.160591519,107.686347668,0.,-122.,-70.436732841,0.;          1107P   1463
102,6,1085,1089,1093,1097,1101,1105;                                1109P   1464
102,6,1087,1091,1095,1099,1103,1107;                                1111P   1465
142,1,1083,1109,1111,1;                                             1113P   1466
126,32,2,1,0,1,0,0.,0.,0.,0.0625,0.0625,0.125,0.125,0.1875,         1115P   1467
0.1875,0.25,0.25,0.3125,0.3125,0.375,0.375,0.4375,0.4375,0.5,       1115P   1468
0.5,0.5625,0.5625,0.625,0.625,0.6875,0.6875,0.75,0.75,0.8125,       1115P   1469
0.8125,0.875,0.875,0.9375,0.9375,1.,1.,1.,1.,1.,1.,1.,1.,1.,1.,     1115P   1470
1.,1.,1.,1.,1.,1.,1.,1.,1.,1.,1.,1.,1.,1.,1.,1.,1.,1.,1.,1.,1.,     1115P   1471
1.,1.,1.,1.,1.,0.515186613,0.89361654,0.,0.515186613,               1115P   1472
0.89159963,0.,0.514894807,0.889621474,0.,0.514603,0.887643319,      1115P   1473
0.,0.514030601,0.885779937,0.,0.513458202,0.883916555,0.,           1115P   1474
0.512627207,0.882239556,0.,0.511796213,0.880562557,0.,              1115P   1475
0.510738557,0.879136386,0.,0.509680902,0.877710215,0.,              1115P   1476
0.50843723,0.87658968,0.,0.507193559,0.875469145,0.,                1115P   1477
0.505811665,0.874697307,0.,0.504429772,0.873925469,0.,              1115P   1478
0.502962761,0.873531989,0.,0.501495751,0.87313851,0.,0.5,           1115P   1479
0.87313851,0.,0.498504249,0.87313851,0.,0.497037239,                1115P   1480
0.873531989,0.,0.495570228,0.873925469,0.,0.494188335,              1115P   1481
0.874697307,0.,0.492806441,0.875469145,0.,0.49156277,               1115P   1482
0.87658968,0.,0.490319098,0.877710215,0.,0.489261443,               1115P   1483
0.879136386,0.,0.488203787,0.880562557,0.,0.487372793,              1115P   1484
0.882239556,0.,0.486541798,0.883916555,0.,0.485969399,              1115P   1485
0.885779937,0.,0.485397,0.887643319,0.,0.485105193,0.889621474,     1115P   1486
0.,0.484813387,0.89159963,0.,0.484813387,0.89361654,0.,0.,1.,       1115P   1487
0.,0.,1.;                                                           1115P   1488
124,1.,-7.105427357601E-015,0.,6.62261930677401E-013,               1117P   1489
-7.105427357601E-015,-1.,6.98296267768627E-015,                     1117P   1490
186.410161513775,-4.96169340471387E-029,-6.98296267768627E-015,     1117P   1491
-1.,6.50847600296081E-013;                                          1117P   1492
100,0.,0.,93.205080757,3.75,93.205080757,-3.75,93.205080757;        1119P   1493
126,32,2,1,0,1,0,0.,0.,0.,0.0625,0.0625,0.125,0.125,0.1875,         1121P   1494
0.1875,0.25,0.25,0.3125,0.3125,0.375,0.375,0.4375,0.4375,0.5,       1121P   1495
0.5,0.5625,0.5625,0.625,0.625,0.6875,0.6875,0.75,0.75,0.8125,       1121P   1496
0.8125,0.875,0.875,0.9375,0.9375,1.,1.,1.,1.,1.,1.,1.,1.,1.,1.,     1121P   1497
1.,1.,1.,1.,1.,1.,1.,1.,1.,1.,1.,1.,1.,1.,1.,1.,1.,1.,1.,1.,1.,     1121P   1498
1.,1.,1.,1.,1.,0.484813387,0.89361654,0.,0.484813387,               1121P   1499
0.89563345,0.,0.485105193,0.897611606,0.,0.485397,0.899589761,      1121P   1500
0.,0.485969399,0.901453143,0.,0.486541798,0.903316525,0.,           1121P   1501
0.487372793,0.904993524,0.,0.488203787,0.906670523,0.,              1121P   1502
0.489261443,0.908096694,0.,0.490319098,0.909522865,0.,              1121P   1503
0.49156277,0.9106434,0.,0.492806441,0.911763935,0.,0.494188335,     1121P   1504
0.912535773,0.,0.495570228,0.913307611,0.,0.497037239,              1121P   1505
0.913701091,0.,0.498504249,0.91409457,0.,0.5,0.91409457,0.,         1121P   1506
0.501495751,0.91409457,0.,0.502962761,0.913701091,0.,               1121P   1507
0.504429772,0.913307611,0.,0.505811665,0.912535773,0.,              1121P   1508
0.507193559,0.911763935,0.,0.50843723,0.9106434,0.,0.509680902,     1121P   1509
0.909522865,0.,0.510738557,0.908096694,0.,0.511796213,              1121P   1510
0.906670523,0.,0.512627207,0.904993524,0.,0.513458202,              1121P   1511
0.903316525,0.,0.514030601,0.901453143,0.,0.514603,0.899589761,     1121P   1512
0.,0.514894807,0.897611606,0.,0.515186613,0.89563345,0.,            1121P   1513
0.515186613,0.89361654,0.,0.,1.,0.,0.,1.;                           1121P   1514
124,-1.,-6.98296267768627E-015,0.,0.,-6.98296267768627E-015,1.,     1123P   1515
-6.98296267768627E-015,0.,4.87617677579594E-029,                    1123P   1516
-6.98296267768627E-015,-1.,0.;                                      1123P   1517
100,0.,0.,93.205080757,3.75,93.205080757,-3.75,93.205080757;        1125P   1518
102,2,1115,1121;                                                    1127P   1519
102,2,1119,1125;                                                    1129P   1520
142,1,1083,1127,1129,1;                                             1131P   1521
126,32,2,1,0,1,0,0.,0.,0.,0.0625,0.0625,0.125,0.125,0.1875,         1133P   1522
0.1875,0.25,0.25,0.3125,0.3125,0.375,0.375,0.4375,0.4375,0.5,       1133P   1523
0.5,0.5625,0.5625,0.625,0.625,0.6875,0.6875,0.75,0.75,0.8125,       1133P   1524
0.8125,0.875,0.875,0.9375,0.9375,1.,1.,1.,1.,1.,1.,1.,1.,1.,1.,     1133P   1525
1.,1.,1.,1.,1.,1.,1.,1.,1.,1.,1.,1.,1.,1.,1.,1.,1.,1.,1.,1.,1.,     1133P   1526
1.,1.,1.,1.,1.,0.188297934,0.130153951,0.,0.188297934,              1133P   1527
0.128137041,0.,0.188006128,0.126158886,0.,0.187714321,              1133P   1528
0.12418073,0.,0.187141922,0.122317348,0.,0.186569523,               1133P   1529
0.120453966,0.,0.185738528,0.118776967,0.,0.184907534,              1133P   1530
0.117099968,0.,0.183849878,0.115673797,0.,0.182792223,              1133P   1531
0.114247626,0.,0.181548551,0.113127091,0.,0.18030488,               1133P   1532
0.112006556,0.,0.178922986,0.111234718,0.,0.177541093,              1133P   1533
0.11046288,0.,0.176074082,0.1100694,0.,0.174607072,0.109675921,     1133P   1534
0.,0.173111321,0.109675921,0.,0.17161557,0.109675921,0.,            1133P   1535
0.17014856,0.1100694,0.,0.168681549,0.11046288,0.,0.167299656,      1133P   1536
0.111234718,0.,0.165917762,0.112006556,0.,0.164674091,              1133P   1537
0.113127091,0.,0.16343042,0.114247626,0.,0.162372764,               1133P   1538
0.115673797,0.,0.161315108,0.117099968,0.,0.160484114,              1133P   1539
0.118776967,0.,0.159653119,0.120453966,0.,0.15908072,               1133P   1540
0.122317348,0.,0.158508321,0.12418073,0.,0.158216515,               1133P   1541
0.126158886,0.,0.157924708,0.128137041,0.,0.157924708,              1133P   1542
0.130153951,0.,0.,1.,0.,0.,1.;                                      1133P   1543
124,1.,-7.105427357601E-015,0.,-3.2919502328991E-013,               1135P   1544
-7.105427357601E-015,-1.,6.98296267768627E-015,                     1135P   1545
-93.2050807568956,-4.96169340471387E-029,                           1135P   1546
-6.98296267768627E-015,-1.,-3.2542380014807E-013;                   1135P   1547
100,0.,-80.717967697,-46.602540378,-76.967967697,-46.602540378,     1137P   1548
-84.467967697,-46.602540378;                                        1137P   1549
126,32,2,1,0,1,0,0.,0.,0.,0.0625,0.0625,0.125,0.125,0.1875,         1139P   1550
0.1875,0.25,0.25,0.3125,0.3125,0.375,0.375,0.4375,0.4375,0.5,       1139P   1551
0.5,0.5625,0.5625,0.625,0.625,0.6875,0.6875,0.75,0.75,0.8125,       1139P   1552
0.8125,0.875,0.875,0.9375,0.9375,1.,1.,1.,1.,1.,1.,1.,1.,1.,1.,     1139P   1553
1.,1.,1.,1.,1.,1.,1.,1.,1.,1.,1.,1.,1.,1.,1.,1.,1.,1.,1.,1.,1.,     1139P   1554
1.,1.,1.,1.,1.,0.157924708,0.130153951,0.,0.157924708,              1139P   1555
0.132170861,0.,0.158216515,0.134149017,0.,0.158508321,              1139P   1556
0.136127172,0.,0.15908072,0.137990554,0.,0.159653119,               1139P   1557
0.139853936,0.,0.160484114,0.141530935,0.,0.161315108,              1139P   1558
0.143207935,0.,0.162372764,0.144634105,0.,0.16343042,               1139P   1559
0.146060276,0.,0.164674091,0.147180811,0.,0.165917762,              1139P   1560
0.148301346,0.,0.167299656,0.149073184,0.,0.168681549,              1139P   1561
0.149845022,0.,0.17014856,0.150238502,0.,0.17161557,                1139P   1562
0.150631981,0.,0.173111321,0.150631981,0.,0.174607072,              1139P   1563
0.150631981,0.,0.176074082,0.150238502,0.,0.177541093,              1139P   1564
0.149845022,0.,0.178922986,0.149073184,0.,0.18030488,               1139P   1565
0.148301346,0.,0.181548551,0.147180811,0.,0.182792223,              1139P   1566
0.146060276,0.,0.183849878,0.144634105,0.,0.184907534,              1139P   1567
0.143207935,0.,0.185738528,0.141530935,0.,0.186569523,              1139P   1568
0.139853936,0.,0.187141922,0.137990554,0.,0.187714321,              1139P   1569
0.136127172,0.,0.188006128,0.134149017,0.,0.188297934,              1139P   1570
0.132170861,0.,0.188297934,0.130153951,0.,0.,1.,0.,0.,1.;           1139P   1571
124,-1.,-6.98296267768627E-015,0.,-161.435935394478,                1141P   1572
-6.98296267768627E-015,1.,-6.98296267768627E-015,                   1141P   1573
-5.65250705480525E-013,4.87617677579594E-029,                       1141P   1574
-6.98296267768627E-015,-1.,-3.25423800148062E-013;                  1141P   1575
100,0.,-80.717967697,-46.602540378,-76.967967697,-46.602540378,     1143P   1576
-84.467967697,-46.602540378;                                        1143P   1577
102,2,1133,1139;                                                    1145P   1578
102,2,1137,1143;                                                    1147P   1579
142,1,1083,1145,1147,1;                                             1149P   1580
126,32,2,1,0,1,0,0.,0.,0.,0.0625,0.0625,0.125,0.125,0.1875,         1151P   1581
0.1875,0.25,0.25,0.3125,0.3125,0.375,0.375,0.4375,0.4375,0.5,       1151P   1582
0.5,0.5625,0.5625,0.625,0.625,0.6875,0.6875,0.75,0.75,0.8125,       1151P   1583
0.8125,0.875,0.875,0.9375,0.9375,1.,1.,1.,1.,1.,1.,1.,1.,1.,1.,     1151P   1584
1.,1.,1.,1.,1.,1.,1.,1.,1.,1.,1.,1.,1.,1.,1.,1.,1.,1.,1.,1.,1.,     1151P   1585
1.,1.,1.,1.,1.,0.842075292,0.130153951,0.,0.842075292,              1151P   1586
0.128137041,0.,0.841783485,0.126158886,0.,0.841491679,              1151P   1587
0.12418073,0.,0.84091928,0.122317348,0.,0.840346881,                1151P   1588
0.120453966,0.,0.839515886,0.118776967,0.,0.838684892,              1151P   1589
0.117099968,0.,0.837627236,0.115673797,0.,0.83656958,               1151P   1590
0.114247626,0.,0.835325909,0.113127091,0.,0.834082238,              1151P   1591
0.112006556,0.,0.832700344,0.111234718,0.,0.831318451,              1151P   1592
0.11046288,0.,0.82985144,0.1100694,0.,0.82838443,0.109675921,       1151P   1593
0.,0.826888679,0.109675921,0.,0.825392928,0.109675921,0.,           1151P   1594
0.823925918,0.1100694,0.,0.822458907,0.11046288,0.,0.821077014,     1151P   1595
0.111234718,0.,0.81969512,0.112006556,0.,0.818451449,               1151P   1596
0.113127091,0.,0.817207777,0.114247626,0.,0.816150122,              1151P   1597
0.115673797,0.,0.815092466,0.117099968,0.,0.814261472,              1151P   1598
0.118776967,0.,0.813430477,0.120453966,0.,0.812858078,              1151P   1599
0.122317348,0.,0.812285679,0.12418073,0.,0.811993872,               1151P   1600
0.126158886,0.,0.811702066,0.128137041,0.,0.811702066,              1151P   1601
0.130153951,0.,0.,1.,0.,0.,1.;                                      1151P   1602
124,1.,-7.105427357601E-015,0.,-3.29195023289797E-013,              1153P   1603
-7.105427357601E-015,-1.,6.98296267768627E-015,                     1153P   1604
-93.2050807568798,-4.96169340471387E-029,                           1153P   1605
-6.98296267768627E-015,-1.,-3.25423800148011E-013;                  1153P   1606
100,0.,80.717967697,-46.602540378,84.467967697,-46.602540378,       1155P   1607
76.967967697,-46.602540378;                                         1155P   1608
126,32,2,1,0,1,0,0.,0.,0.,0.0625,0.0625,0.125,0.125,0.1875,         1157P   1609
0.1875,0.25,0.25,0.3125,0.3125,0.375,0.375,0.4375,0.4375,0.5,       1157P   1610
0.5,0.5625,0.5625,0.625,0.625,0.6875,0.6875,0.75,0.75,0.8125,       1157P   1611
0.8125,0.875,0.875,0.9375,0.9375,1.,1.,1.,1.,1.,1.,1.,1.,1.,1.,     1157P   1612
1.,1.,1.,1.,1.,1.,1.,1.,1.,1.,1.,1.,1.,1.,1.,1.,1.,1.,1.,1.,1.,     1157P   1613
1.,1.,1.,1.,1.,0.811702066,0.130153951,0.,0.811702066,              1157P   1614
0.132170861,0.,0.811993872,0.134149017,0.,0.812285679,              1157P   1615
0.136127172,0.,0.812858078,0.137990554,0.,0.813430477,              1157P   1616
0.139853936,0.,0.814261472,0.141530935,0.,0.815092466,              1157P   1617
0.143207935,0.,0.816150122,0.144634105,0.,0.817207777,              1157P   1618
0.146060276,0.,0.818451449,0.147180811,0.,0.81969512,               1157P   1619
0.148301346,0.,0.821077014,0.149073184,0.,0.822458907,              1157P   1620
0.149845022,0.,0.823925918,0.150238502,0.,0.825392928,              1157P   1621
0.150631981,0.,0.826888679,0.150631981,0.,0.82838443,               1157P   1622
0.150631981,0.,0.82985144,0.150238502,0.,0.831318451,               1157P   1623
0.149845022,0.,0.832700344,0.149073184,0.,0.834082238,              1157P   1624
0.148301346,0.,0.835325909,0.147180811,0.,0.83656958,               1157P   1625
0.146060276,0.,0.837627236,0.144634105,0.,0.838684892,              1157P   1626
0.143207935,0.,0.839515886,0.141530935,0.,0.840346881,              1157P   1627
0.139853936,0.,0.84091928,0.137990554,0.,0.841491679,               1157P   1628
0.136127172,0.,0.841783485,0.134149017,0.,0.842075292,              1157P   1629
0.132170861,0.,0.842075292,0.130153951,0.,0.,1.,0.,0.,1.;           1157P   1630
124,-1.,-6.98296267768627E-015,0.,161.435935394502,                 1159P   1631
-6.98296267768627E-015,1.,-6.98296267768627E-015,                   1159P   1632
5.65250705480692E-013,4.87617677579594E-029,                        1159P   1633
-6.98296267768627E-015,-1.,-3.25423800148019E-013;                  1159P   1634
100,0.,80.717967697,-46.602540378,84.467967697,-46.602540378,       1161P   1635
76.967967697,-46.602540378;                                         1161P   1636
102,2,1151,1157;                                                    1163P   1637
102,2,1155,1161;                                                    1165P   1638
142,1,1083,1163,1165,1;                                             1167P   1639
126,32,2,1,0,1,0,0.,0.,0.,0.0625,0.0625,0.125,0.125,0.1875,         1169P   1640
0.1875,0.25,0.25,0.3125,0.3125,0.375,0.375,0.4375,0.4375,0.5,       1169P   1641
0.5,0.5625,0.5625,0.625,0.625,0.6875,0.6875,0.75,0.75,0.8125,       1169P   1642
0.8125,0.875,0.875,0.9375,0.9375,1.,1.,1.,1.,1.,1.,1.,1.,1.,1.,     1169P   1643
1.,1.,1.,1.,1.,1.,1.,1.,1.,1.,1.,1.,1.,1.,1.,1.,1.,1.,1.,1.,1.,     1169P   1644
1.,1.,1.,1.,1.,0.58099527,0.384641481,0.,0.58099527,                1169P   1645
0.373884628,0.,0.579438968,0.363334465,0.,0.577882667,              1169P   1646
0.352784301,0.,0.574829872,0.342846265,0.,0.571777077,              1169P   1647
0.332908229,0.,0.567345106,0.323964232,0.,0.562913134,              1169P   1648
0.315020236,0.,0.557272305,0.307413992,0.,0.551631475,              1169P   1649
0.299807748,0.,0.544998561,0.293831561,0.,0.538365647,              1169P   1650
0.287855374,0.,0.530995548,0.283738904,0.,0.523625449,              1169P   1651
0.279622435,0.,0.515801393,0.277523877,0.,0.507977338,              1169P   1652
0.275425319,0.,0.5,0.275425319,0.,0.492022662,0.275425319,0.,       1169P   1653
0.484198607,0.277523877,0.,0.476374551,0.279622435,0.,              1169P   1654
0.469004452,0.283738904,0.,0.461634353,0.287855374,0.,              1169P   1655
0.455001439,0.293831561,0.,0.448368525,0.299807748,0.,              1169P   1656
0.442727695,0.307413992,0.,0.437086866,0.315020236,0.,              1169P   1657
0.432654894,0.323964232,0.,0.428222923,0.332908229,0.,              1169P   1658
0.425170128,0.342846265,0.,0.422117333,0.352784301,0.,              1169P   1659
0.420561032,0.363334465,0.,0.41900473,0.373884628,0.,               1169P   1660
0.41900473,0.384641481,0.,0.,1.,0.,0.,1.;                           1169P   1661
124,1.,-7.35035671743047E-015,8.55166289179392E-031,0.,             1171P   1662
-7.35035671743047E-015,-1.,6.98296267768627E-015,0.,                1171P   1663
-5.04721003363181E-029,-6.98296267768627E-015,-1.,0.;               1171P   1664
100,0.,0.,0.,20.,0.,-20.,0.;                                        1173P   1665
126,32,2,1,0,1,0,0.,0.,0.,0.0625,0.0625,0.125,0.125,0.1875,         1175P   1666
0.1875,0.25,0.25,0.3125,0.3125,0.375,0.375,0.4375,0.4375,0.5,       1175P   1667
0.5,0.5625,0.5625,0.625,0.625,0.6875,0.6875,0.75,0.75,0.8125,       1175P   1668
0.8125,0.875,0.875,0.9375,0.9375,1.,1.,1.,1.,1.,1.,1.,1.,1.,1.,     1175P   1669
1.,1.,1.,1.,1.,1.,1.,1.,1.,1.,1.,1.,1.,1.,1.,1.,1.,1.,1.,1.,1.,     1175P   1670
1.,1.,1.,1.,1.,0.41900473,0.384641481,0.,0.41900473,                1175P   1671
0.395398334,0.,0.420561032,0.405948497,0.,0.422117333,              1175P   1672
0.41649866,0.,0.425170128,0.426436696,0.,0.428222923,               1175P   1673
0.436374733,0.,0.432654894,0.445318729,0.,0.437086866,              1175P   1674
0.454262726,0.,0.442727695,0.461868969,0.,0.448368525,              1175P   1675
0.469475213,0.,0.455001439,0.4754514,0.,0.461634353,                1175P   1676
0.481427588,0.,0.469004452,0.485544057,0.,0.476374551,              1175P   1677
0.489660527,0.,0.484198607,0.491759085,0.,0.492022662,              1175P   1678
0.493857643,0.,0.5,0.493857643,0.,0.507977338,0.493857643,0.,       1175P   1679
0.515801393,0.491759085,0.,0.523625449,0.489660527,0.,              1175P   1680
0.530995548,0.485544057,0.,0.538365647,0.481427588,0.,              1175P   1681
0.544998561,0.4754514,0.,0.551631475,0.469475213,0.,                1175P   1682
0.557272305,0.461868969,0.,0.562913134,0.454262726,0.,              1175P   1683
0.567345106,0.445318729,0.,0.571777077,0.436374733,0.,              1175P   1684
0.574829872,0.426436696,0.,0.577882667,0.41649866,0.,               1175P   1685
0.579438968,0.405948497,0.,0.58099527,0.395398334,0.,               1175P   1686
0.58099527,0.384641481,0.,0.,1.,0.,0.,1.;                           1175P   1687
124,-1.,-6.98296267768627E-015,0.,0.,-6.98296267768627E-015,1.,     1177P   1688
-6.98296267768627E-015,0.,4.87617677579594E-029,                    1177P   1689
-6.98296267768627E-015,-1.,0.;                                      1177P   1690
100,0.,0.,0.,20.,0.,-20.,0.;                                        1179P   1691
102,2,1169,1175;                                                    1181P   1692
102,2,1173,1179;                                                    1183P   1693
142,1,1083,1181,1183,1;                                             1185P   1694
126,16,2,1,0,1,0,0.,0.,0.,0.125,0.125,0.25,0.25,0.375,0.375,        1187P   1695
0.5,0.5,0.625,0.625,0.75,0.75,0.875,0.875,1.,1.,1.,1.,1.,1.,1.,     1187P   1696
1.,1.,1.,1.,1.,1.,1.,1.,1.,1.,1.,1.,1.,0.386606622,0.136520202,     1187P   1697
0.,0.386606622,0.134347758,0.,0.385990082,0.132340681,0.,           1187P   1698
0.385373543,0.130333604,0.,0.384234326,0.128797453,0.,              1187P   1699
0.383095109,0.127261303,0.,0.38160665,0.126429945,0.,               1187P   1700
0.380118191,0.125598586,0.,0.378507095,0.125598586,0.,              1187P   1701
0.376895999,0.125598586,0.,0.37540754,0.126429945,0.,               1187P   1702
0.373919082,0.127261303,0.,0.372779865,0.128797453,0.,              1187P   1703
0.371640648,0.130333604,0.,0.371024108,0.132340681,0.,              1187P   1704
0.370407568,0.134347758,0.,0.370407568,0.136520202,0.,0.,1.,0.,     1187P   1705
0.,1.;                                                              1187P   1706
124,1.,-7.105427357601E-015,0.,-3.23036242607123E-013,              1189P   1707
-7.105427357601E-015,-1.,6.98296267768627E-015,                     1189P   1708
-90.8734656822689,-4.96169340471387E-029,                           1189P   1709
-6.98296267768627E-015,-1.,-3.17283009625645E-013;                  1189P   1710
100,0.,-30.,-45.436732841,-28.,-45.436732841,-32.,                  1191P   1711
-45.436732841;                                                      1191P   1712
126,16,2,1,0,1,0,0.,0.,0.,0.125,0.125,0.25,0.25,0.375,0.375,        1193P   1713
0.5,0.5,0.625,0.625,0.75,0.75,0.875,0.875,1.,1.,1.,1.,1.,1.,1.,     1193P   1714
1.,1.,1.,1.,1.,1.,1.,1.,1.,1.,1.,1.,1.,0.370407568,0.136520202,     1193P   1715
0.,0.370407568,0.138692647,0.,0.371024108,0.140699724,0.,           1193P   1716
0.371640648,0.142706801,0.,0.372779865,0.144242951,0.,              1193P   1717
0.373919082,0.145779101,0.,0.37540754,0.14661046,0.,                1193P   1718
0.376895999,0.147441819,0.,0.378507095,0.147441819,0.,              1193P   1719
0.380118191,0.147441819,0.,0.38160665,0.14661046,0.,                1193P   1720
0.383095109,0.145779101,0.,0.384234326,0.144242951,0.,              1193P   1721
0.385373543,0.142706801,0.,0.385990082,0.140699724,0.,              1193P   1722
0.386606622,0.138692647,0.,0.386606622,0.136520202,0.,0.,1.,0.,     1193P   1723
0.,1.;                                                              1193P   1724
124,-1.,-6.98296267768627E-015,0.,-60.0000000000002,                1195P   1725
-6.98296267768627E-015,1.,-6.98296267768627E-015,                   1195P   1726
-2.10810943543963E-013,4.87617677579594E-029,                       1195P   1727
-6.98296267768627E-015,-1.,-3.17283009625642E-013;                  1195P   1728
100,0.,-30.,-45.436732841,-28.,-45.436732841,-32.,                  1197P   1729
-45.436732841;                                                      1197P   1730
102,2,1187,1193;                                                    1199P   1731
102,2,1191,1197;                                                    1201P   1732
142,1,1083,1199,1201,1;                                             1203P   1733
126,16,2,1,0,1,0,0.,0.,0.,0.125,0.125,0.25,0.25,0.375,0.375,        1205P   1734
0.5,0.5,0.625,0.625,0.75,0.75,0.875,0.875,1.,1.,1.,1.,1.,1.,1.,     1205P   1735
1.,1.,1.,1.,1.,1.,1.,1.,1.,1.,1.,1.,1.,0.624530227,0.570308956,     1205P   1736
0.,0.624530227,0.568408067,0.,0.623990755,0.566651874,0.,           1205P   1737
0.623451283,0.564895682,0.,0.622454468,0.563551551,0.,              1205P   1738
0.621457653,0.562207419,0.,0.620155252,0.56147998,0.,               1205P   1739
0.61885285,0.560752542,0.,0.617443141,0.560752542,0.,               1205P   1740
0.616033432,0.560752542,0.,0.614731031,0.56147998,0.,               1205P   1741
0.61342863,0.562207419,0.,0.612431815,0.563551551,0.,0.611435,      1205P   1742
0.564895682,0.,0.610895528,0.566651874,0.,0.610356055,              1205P   1743
0.568408067,0.,0.610356055,0.570308956,0.,0.,1.,0.,0.,1.;           1205P   1744
124,1.,-7.105427357601E-015,0.,2.40307773680144E-013,               1207P   1745
-7.105427357601E-015,-1.,6.98296267768627E-015,68.000000000004,     1207P   1746
-4.96169340471387E-029,-6.98296267768627E-015,-1.,                  1207P   1747
2.37420731041348E-013;                                              1207P   1748
100,0.,29.,34.,30.75,34.,27.25,34.;                                 1209P   1749
126,16,2,1,0,1,0,0.,0.,0.,0.125,0.125,0.25,0.25,0.375,0.375,        1211P   1750
0.5,0.5,0.625,0.625,0.75,0.75,0.875,0.875,1.,1.,1.,1.,1.,1.,1.,     1211P   1751
1.,1.,1.,1.,1.,1.,1.,1.,1.,1.,1.,1.,1.,0.610356055,0.570308956,     1211P   1752
0.,0.610356055,0.572209845,0.,0.610895528,0.573966037,0.,           1211P   1753
0.611435,0.57572223,0.,0.612431815,0.577066361,0.,0.61342863,       1211P   1754
0.578410493,0.,0.614731031,0.579137931,0.,0.616033432,              1211P   1755
0.57986537,0.,0.617443141,0.57986537,0.,0.61885285,0.57986537,      1211P   1756
0.,0.620155252,0.579137931,0.,0.621457653,0.578410493,0.,           1211P   1757
0.622454468,0.577066361,0.,0.623451283,0.57572223,0.,               1211P   1758
0.623990755,0.573966037,0.,0.624530227,0.572209845,0.,              1211P   1759
0.624530227,0.570308956,0.,0.,1.,0.,0.,1.;                          1211P   1760
124,-1.,-6.98296267768627E-015,0.,58.0000000000024,                 1213P   1761
-6.98296267768627E-015,1.,-6.98296267768627E-015,                   1213P   1762
2.03783912092512E-013,4.87617677579594E-029,                        1213P   1763
-6.98296267768627E-015,-1.,2.37420731041345E-013;                   1213P   1764
100,0.,29.,34.,30.75,34.,27.25,34.;                                 1215P   1765
102,2,1205,1211;                                                    1217P   1766
102,2,1209,1215;                                                    1219P   1767
142,1,1083,1217,1219,1;                                             1221P   1768
126,16,2,1,0,1,0,0.,0.,0.,0.125,0.125,0.25,0.25,0.375,0.375,        1223P   1769
0.5,0.5,0.625,0.625,0.75,0.75,0.875,0.875,1.,1.,1.,1.,1.,1.,1.,     1223P   1770
1.,1.,1.,1.,1.,1.,1.,1.,1.,1.,1.,1.,1.,0.507087086,0.182591581,     1223P   1771
0.,0.507087086,0.180690692,0.,0.506547614,0.1789345,0.,             1223P   1772
0.506008141,0.177178308,0.,0.505011327,0.175834176,0.,              1223P   1773
0.504014512,0.174490045,0.,0.50271211,0.173762606,0.,               1223P   1774
0.501409709,0.173035167,0.,0.5,0.173035167,0.,0.498590291,          1223P   1775
0.173035167,0.,0.49728789,0.173762606,0.,0.495985488,               1223P   1776
0.174490045,0.,0.494988673,0.175834176,0.,0.493991859,              1223P   1777
0.177178308,0.,0.493452386,0.1789345,0.,0.492912914,                1223P   1778
0.180690692,0.,0.492912914,0.182591581,0.,0.,1.,0.,0.,1.;           1223P   1779
124,1.,-7.105427357601E-015,0.,-2.62900812231224E-013,              1225P   1780
-7.105427357601E-015,-1.,6.98296267768627E-015,                     1225P   1781
-73.9999999999962,-4.96169340471387E-029,                           1225P   1782
-6.98296267768627E-015,-1.,-2.58369619074379E-013;                  1225P   1783
100,0.,0.,-37.,1.75,-37.,-1.75,-37.;                                1227P   1784
126,16,2,1,0,1,0,0.,0.,0.,0.125,0.125,0.25,0.25,0.375,0.375,        1229P   1785
0.5,0.5,0.625,0.625,0.75,0.75,0.875,0.875,1.,1.,1.,1.,1.,1.,1.,     1229P   1786
1.,1.,1.,1.,1.,1.,1.,1.,1.,1.,1.,1.,1.,0.492912914,0.182591581,     1229P   1787
0.,0.492912914,0.18449247,0.,0.493452386,0.186248663,0.,            1229P   1788
0.493991859,0.188004855,0.,0.494988673,0.189348987,0.,              1229P   1789
0.495985488,0.190693118,0.,0.49728789,0.191420557,0.,               1229P   1790
0.498590291,0.192147995,0.,0.5,0.192147995,0.,0.501409709,          1229P   1791
0.192147995,0.,0.50271211,0.191420557,0.,0.504014512,               1229P   1792
0.190693118,0.,0.505011327,0.189348987,0.,0.506008141,              1229P   1793
0.188004855,0.,0.506547614,0.186248663,0.,0.507087086,              1229P   1794
0.18449247,0.,0.507087086,0.182591581,0.,0.,1.,0.,0.,1.;            1229P   1795
124,-1.,-6.98296267768627E-015,0.,0.,-6.98296267768627E-015,1.,     1231P   1796
-6.98296267768627E-015,0.,4.87617677579594E-029,                    1231P   1797
-6.98296267768627E-015,-1.,0.;                                      1231P   1798
100,0.,0.,-37.,1.75,-37.,-1.75,-37.;                                1233P   1799
102,2,1223,1229;                                                    1235P   1800
102,2,1227,1233;                                                    1237P   1801
142,1,1083,1235,1237,1;                                             1239P   1802
126,16,2,1,0,1,0,0.,0.,0.,0.125,0.125,0.25,0.25,0.375,0.375,        1241P   1803
0.5,0.5,0.625,0.625,0.75,0.75,0.875,0.875,1.,1.,1.,1.,1.,1.,1.,     1241P   1804
1.,1.,1.,1.,1.,1.,1.,1.,1.,1.,1.,1.,1.,0.508099527,0.705983651,     1241P   1805
0.,0.508099527,0.703811206,0.,0.507482987,0.701804129,0.,           1241P   1806
0.506866447,0.699797052,0.,0.50572723,0.698260902,0.,               1241P   1807
0.504588013,0.696724752,0.,0.503099555,0.695893393,0.,              1241P   1808
0.501611096,0.695062035,0.,0.5,0.695062035,0.,0.498388904,          1241P   1809
0.695062035,0.,0.496900445,0.695893393,0.,0.495411987,              1241P   1810
0.696724752,0.,0.49427277,0.698260902,0.,0.493133553,               1241P   1811
0.699797052,0.,0.492517013,0.701804129,0.,0.491900473,              1241P   1812
0.703811206,0.,0.491900473,0.705983651,0.,0.,1.,0.,0.,1.;           1241P   1813
124,1.,-7.105427357601E-015,0.,4.1812006715039E-013,                1243P   1814
-7.105427357601E-015,-1.,6.98296267768627E-015,                     1243P   1815
117.690336163414,-4.96169340471387E-029,-6.98296267768627E-015,     1243P   1816
-1.,4.10913612476735E-013;                                          1243P   1817
100,0.,0.,58.845168082,2.,58.845168082,-2.,58.845168082;            1245P   1818
126,16,2,1,0,1,0,0.,0.,0.,0.125,0.125,0.25,0.25,0.375,0.375,        1247P   1819
0.5,0.5,0.625,0.625,0.75,0.75,0.875,0.875,1.,1.,1.,1.,1.,1.,1.,     1247P   1820
1.,1.,1.,1.,1.,1.,1.,1.,1.,1.,1.,1.,1.,0.491900473,0.705983651,     1247P   1821
0.,0.491900473,0.708156095,0.,0.492517013,0.710163172,0.,           1247P   1822
0.493133553,0.712170249,0.,0.49427277,0.7137064,0.,0.495411987,     1247P   1823
0.71524255,0.,0.496900445,0.716073908,0.,0.498388904,               1247P   1824
0.716905267,0.,0.5,0.716905267,0.,0.501611096,0.716905267,0.,       1247P   1825
0.503099555,0.716073908,0.,0.504588013,0.71524255,0.,               1247P   1826
0.50572723,0.7137064,0.,0.506866447,0.712170249,0.,0.507482987,     1247P   1827
0.710163172,0.,0.508099527,0.708156095,0.,0.508099527,              1247P   1828
0.705983651,0.,0.,1.,0.,0.,1.;                                      1247P   1829
124,-1.,-6.98296267768627E-015,0.,0.,-6.98296267768627E-015,1.,     1249P   1830
-6.98296267768627E-015,0.,4.87617677579594E-029,                    1249P   1831
-6.98296267768627E-015,-1.,0.;                                      1249P   1832
100,0.,0.,58.845168082,2.,58.845168082,-2.,58.845168082;            1251P   1833
102,2,1241,1247;                                                    1253P   1834
102,2,1245,1251;                                                    1255P   1835
142,1,1083,1253,1255,1;                                             1257P   1836
126,16,2,1,0,1,0,0.,0.,0.,0.125,0.125,0.25,0.25,0.375,0.375,        1259P   1837
0.5,0.5,0.625,0.625,0.75,0.75,0.875,0.875,1.,1.,1.,1.,1.,1.,1.,     1259P   1838
1.,1.,1.,1.,1.,1.,1.,1.,1.,1.,1.,1.,1.,0.629592432,0.136520202,     1259P   1839
0.,0.629592432,0.134347758,0.,0.628975892,0.132340681,0.,           1259P   1840
0.628359352,0.130333604,0.,0.627220135,0.128797453,0.,              1259P   1841
0.626080918,0.127261303,0.,0.62459246,0.126429945,0.,               1259P   1842
0.623104001,0.125598586,0.,0.621492905,0.125598586,0.,              1259P   1843
0.619881809,0.125598586,0.,0.61839335,0.126429945,0.,               1259P   1844
0.616904891,0.127261303,0.,0.615765674,0.128797453,0.,              1259P   1845
0.614626457,0.130333604,0.,0.614009918,0.132340681,0.,              1259P   1846
0.613393378,0.134347758,0.,0.613393378,0.136520202,0.,0.,1.,0.,     1259P   1847
0.,1.;                                                              1259P   1848
124,1.,-7.105427357601E-015,0.,-3.2303624260712E-013,               1261P   1849
-7.105427357601E-015,-1.,6.98296267768627E-015,                     1261P   1850
-90.8734656822685,-4.96169340471387E-029,                           1261P   1851
-6.98296267768627E-015,-1.,-3.17283009625642E-013;                  1261P   1852
100,0.,30.,-45.436732841,32.,-45.436732841,28.,-45.436732841;       1263P   1853
126,16,2,1,0,1,0,0.,0.,0.,0.125,0.125,0.25,0.25,0.375,0.375,        1265P   1854
0.5,0.5,0.625,0.625,0.75,0.75,0.875,0.875,1.,1.,1.,1.,1.,1.,1.,     1265P   1855
1.,1.,1.,1.,1.,1.,1.,1.,1.,1.,1.,1.,1.,0.613393378,0.136520202,     1265P   1856
0.,0.613393378,0.138692647,0.,0.614009918,0.140699724,0.,           1265P   1857
0.614626457,0.142706801,0.,0.615765674,0.144242951,0.,              1265P   1858
0.616904891,0.145779101,0.,0.61839335,0.14661046,0.,                1265P   1859
0.619881809,0.147441819,0.,0.621492905,0.147441819,0.,              1265P   1860
0.623104001,0.147441819,0.,0.62459246,0.14661046,0.,                1265P   1861
0.626080918,0.145779101,0.,0.627220135,0.144242951,0.,              1265P   1862
0.628359352,0.142706801,0.,0.628975892,0.140699724,0.,              1265P   1863
0.629592432,0.138692647,0.,0.629592432,0.136520202,0.,0.,1.,0.,     1265P   1864
0.,1.;                                                              1265P   1865
124,-1.,-6.98296267768627E-015,0.,59.9999999999998,                 1267P   1866
-6.98296267768627E-015,1.,-6.98296267768627E-015,                   1267P   1867
2.10810943543955E-013,4.87617677579594E-029,                        1267P   1868
-6.98296267768627E-015,-1.,-3.17283009625645E-013;                  1267P   1869
100,0.,30.,-45.436732841,32.,-45.436732841,28.,-45.436732841;       1269P   1870
102,2,1259,1265;                                                    1271P   1871
102,2,1263,1269;                                                    1273P   1872
142,1,1083,1271,1273,1;                                             1275P   1873
126,16,2,1,0,1,0,0.,0.,0.,0.125,0.125,0.25,0.25,0.375,0.375,        1277P   1874
0.5,0.5,0.625,0.625,0.75,0.75,0.875,0.875,1.,1.,1.,1.,1.,1.,1.,     1277P   1875
1.,1.,1.,1.,1.,1.,1.,1.,1.,1.,1.,1.,1.,0.389643945,0.570308956,     1277P   1876
0.,0.389643945,0.568408067,0.,0.389104472,0.566651874,0.,           1277P   1877
0.388565,0.564895682,0.,0.387568185,0.563551551,0.,0.38657137,      1277P   1878
0.562207419,0.,0.385268969,0.56147998,0.,0.383966568,               1277P   1879
0.560752542,0.,0.382556859,0.560752542,0.,0.38114715,               1277P   1880
0.560752542,0.,0.379844748,0.56147998,0.,0.378542347,               1277P   1881
0.562207419,0.,0.377545532,0.563551551,0.,0.376548717,              1277P   1882
0.564895682,0.,0.376009245,0.566651874,0.,0.375469773,              1277P   1883
0.568408067,0.,0.375469773,0.570308956,0.,0.,1.,0.,0.,1.;           1277P   1884
124,1.,-7.105427357601E-015,0.,2.40307773680141E-013,               1279P   1885
-7.105427357601E-015,-1.,6.98296267768627E-015,                     1279P   1886
68.0000000000036,-4.96169340471387E-029,-6.98296267768627E-015,     1279P   1887
-1.,2.37420731041345E-013;                                          1279P   1888
100,0.,-29.,34.,-27.25,34.,-30.75,34.;                              1281P   1889
126,16,2,1,0,1,0,0.,0.,0.,0.125,0.125,0.25,0.25,0.375,0.375,        1283P   1890
0.5,0.5,0.625,0.625,0.75,0.75,0.875,0.875,1.,1.,1.,1.,1.,1.,1.,     1283P   1891
1.,1.,1.,1.,1.,1.,1.,1.,1.,1.,1.,1.,1.,0.375469773,0.570308956,     1283P   1892
0.,0.375469773,0.572209845,0.,0.376009245,0.573966037,0.,           1283P   1893
0.376548717,0.57572223,0.,0.377545532,0.577066361,0.,               1283P   1894
0.378542347,0.578410493,0.,0.379844748,0.579137931,0.,              1283P   1895
0.38114715,0.57986537,0.,0.382556859,0.57986537,0.,0.383966568,     1283P   1896
0.57986537,0.,0.385268969,0.579137931,0.,0.38657137,                1283P   1897
0.578410493,0.,0.387568185,0.577066361,0.,0.388565,0.57572223,      1283P   1898
0.,0.389104472,0.573966037,0.,0.389643945,0.572209845,0.,           1283P   1899
0.389643945,0.570308956,0.,0.,1.,0.,0.,1.;                          1283P   1900
124,-1.,-6.98296267768627E-015,0.,-57.9999999999976,                1285P   1901
-6.98296267768627E-015,1.,-6.98296267768627E-015,                   1285P   1902
-2.03783912092475E-013,4.87617677579594E-029,                       1285P   1903
-6.98296267768627E-015,-1.,2.37420731041348E-013;                   1285P   1904
100,0.,-29.,34.,-27.25,34.,-30.75,34.;                              1287P   1905
102,2,1277,1283;                                                    1289P   1906
102,2,1281,1287;                                                    1291P   1907
142,1,1083,1289,1291,1;                                             1293P   1908
126,16,2,1,0,1,0,0.,0.,0.,0.125,0.125,0.25,0.25,0.375,0.375,        1295P   1909
0.5,0.5,0.625,0.625,0.75,0.75,0.875,0.875,1.,1.,1.,1.,1.,1.,1.,     1295P   1910
1.,1.,1.,1.,1.,1.,1.,1.,1.,1.,1.,1.,1.,0.506074645,0.547373562,     1295P   1911
0.,0.506074645,0.545744228,0.,0.50561224,0.544238921,0.,            1295P   1912
0.505149836,0.542733613,0.,0.504295423,0.5415815,0.,0.50344101,     1295P   1913
0.540429388,0.,0.502324666,0.539805869,0.,0.501208322,              1295P   1914
0.53918235,0.,0.5,0.53918235,0.,0.498791678,0.53918235,0.,          1295P   1915
0.497675334,0.539805869,0.,0.49655899,0.540429388,0.,               1295P   1916
0.495704577,0.5415815,0.,0.494850164,0.542733613,0.,0.49438776,     1295P   1917
0.544238921,0.,0.493925355,0.545744228,0.,0.493925355,              1295P   1918
0.547373562,0.,0.,1.,0.,0.,1.;                                      1295P   1919
124,1.,-7.105427357601E-015,0.,2.1174173525651E-013,                1297P   1920
-7.105427357601E-015,-1.,6.98296267768627E-015,59.6,                1297P   1921
-4.96169340471387E-029,-6.98296267768627E-015,-1.,                  1297P   1922
2.08092287795051E-013;                                              1297P   1923
100,0.,0.,29.8,1.5,29.8,-1.5,29.8;                                  1299P   1924
126,16,2,1,0,1,0,0.,0.,0.,0.125,0.125,0.25,0.25,0.375,0.375,        1301P   1925
0.5,0.5,0.625,0.625,0.75,0.75,0.875,0.875,1.,1.,1.,1.,1.,1.,1.,     1301P   1926
1.,1.,1.,1.,1.,1.,1.,1.,1.,1.,1.,1.,1.,0.493925355,0.547373562,     1301P   1927
0.,0.493925355,0.549002895,0.,0.49438776,0.550508203,0.,            1301P   1928
0.494850164,0.552013511,0.,0.495704577,0.553165624,0.,              1301P   1929
0.49655899,0.554317736,0.,0.497675334,0.554941255,0.,               1301P   1930
0.498791678,0.555564774,0.,0.5,0.555564774,0.,0.501208322,          1301P   1931
0.555564774,0.,0.502324666,0.554941255,0.,0.50344101,               1301P   1932
0.554317736,0.,0.504295423,0.553165624,0.,0.505149836,              1301P   1933
0.552013511,0.,0.50561224,0.550508203,0.,0.506074645,               1301P   1934
0.549002895,0.,0.506074645,0.547373562,0.,0.,1.,0.,0.,1.;           1301P   1935
124,-1.,-6.98296267768627E-015,0.,0.,-6.98296267768627E-015,1.,     1303P   1936
-6.98296267768627E-015,0.,4.87617677579594E-029,                    1303P   1937
-6.98296267768627E-015,-1.,0.;                                      1303P   1938
100,0.,0.,29.8,1.5,29.8,-1.5,29.8;                                  1305P   1939
102,2,1295,1301;                                                    1307P   1940
102,2,1299,1305;                                                    1309P   1941
142,1,1083,1307,1309,1;                                             1311P   1942
126,16,2,1,0,1,0,0.,0.,0.,0.125,0.125,0.25,0.25,0.375,0.375,        1313P   1943
0.5,0.5,0.625,0.625,0.75,0.75,0.875,0.875,1.,1.,1.,1.,1.,1.,1.,     1313P   1944
1.,1.,1.,1.,1.,1.,1.,1.,1.,1.,1.,1.,1.,0.401560143,0.466007521,     1313P   1945
0.,0.401560143,0.464378188,0.,0.401097738,0.46287288,0.,            1313P   1946
0.400635333,0.461367572,0.,0.399780921,0.46021546,0.,               1313P   1947
0.398926508,0.459063347,0.,0.397810164,0.458439828,0.,              1313P   1948
0.39669382,0.457816309,0.,0.395485498,0.457816309,0.,               1313P   1949
0.394277176,0.457816309,0.,0.393160832,0.458439828,0.,              1313P   1950
0.392044488,0.459063347,0.,0.391190075,0.46021546,0.,               1313P   1951
0.390335662,0.461367572,0.,0.389873257,0.46287288,0.,               1313P   1952
0.389410852,0.464378188,0.,0.389410852,0.466007521,0.,0.,1.,0.,     1313P   1953
0.,1.;                                                              1313P   1954
124,1.,-7.105427357601E-015,0.,1.04188879745936E-013,               1315P   1955
-7.105427357601E-015,-1.,6.98296267768627E-015,                     1315P   1956
29.7999999999983,-4.96169340471387E-029,-6.98296267768627E-015,     1315P   1957
-1.,1.04046143897519E-013;                                          1315P   1958
100,0.,-25.807557033,14.9,-24.307557033,14.9,-27.307557033,         1317P   1959
14.9;                                                               1317P   1960
126,16,2,1,0,1,0,0.,0.,0.,0.125,0.125,0.25,0.25,0.375,0.375,        1319P   1961
0.5,0.5,0.625,0.625,0.75,0.75,0.875,0.875,1.,1.,1.,1.,1.,1.,1.,     1319P   1962
1.,1.,1.,1.,1.,1.,1.,1.,1.,1.,1.,1.,1.,0.389410852,0.466007521,     1319P   1963
0.,0.389410852,0.467636855,0.,0.389873257,0.469142162,0.,           1319P   1964
0.390335662,0.47064747,0.,0.391190075,0.471799583,0.,               1319P   1965
0.392044488,0.472951696,0.,0.393160832,0.473575215,0.,              1319P   1966
0.394277176,0.474198733,0.,0.395485498,0.474198733,0.,              1319P   1967
0.39669382,0.474198733,0.,0.397810164,0.473575215,0.,               1319P   1968
0.398926508,0.472951696,0.,0.399780921,0.471799583,0.,              1319P   1969
0.400635333,0.47064747,0.,0.401097738,0.469142162,0.,               1319P   1970
0.401560143,0.467636855,0.,0.401560143,0.466007521,0.,0.,1.,0.,     1319P   1971
0.,1.;                                                              1319P   1972
124,-1.,-6.98296267768627E-015,0.,-51.6151140655516,                1321P   1973
-6.98296267768627E-015,1.,-6.98296267768627E-015,                   1321P   1974
-1.80015173622678E-013,4.87617677579594E-029,                       1321P   1975
-6.98296267768627E-015,-1.,1.04046143897521E-013;                   1321P   1976
100,0.,-25.807557033,14.9,-24.307557033,14.9,-27.307557033,         1323P   1977
14.9;                                                               1323P   1978
102,2,1313,1319;                                                    1325P   1979
102,2,1317,1323;                                                    1327P   1980
142,1,1083,1325,1327,1;                                             1329P   1981
126,16,2,1,0,1,0,0.,0.,0.,0.125,0.125,0.25,0.25,0.375,0.375,        1331P   1982
0.5,0.5,0.625,0.625,0.75,0.75,0.875,0.875,1.,1.,1.,1.,1.,1.,1.,     1331P   1983
1.,1.,1.,1.,1.,1.,1.,1.,1.,1.,1.,1.,1.,0.401560143,0.30327544,      1331P   1984
0.,0.401560143,0.301646107,0.,0.401097738,0.300140799,0.,           1331P   1985
0.400635333,0.298635491,0.,0.399780921,0.297483378,0.,              1331P   1986
0.398926508,0.296331266,0.,0.397810164,0.295707747,0.,              1331P   1987
0.39669382,0.295084228,0.,0.395485498,0.295084228,0.,               1331P   1988
0.394277176,0.295084228,0.,0.393160832,0.295707747,0.,              1331P   1989
0.392044488,0.296331266,0.,0.391190075,0.297483378,0.,              1331P   1990
0.390335662,0.298635491,0.,0.389873257,0.300140799,0.,              1331P   1991
0.389410852,0.301646107,0.,0.389410852,0.30327544,0.,0.,1.,0.,      1331P   1992
0.,1.;                                                              1331P   1993
124,1.,-7.105427357601E-015,0.,-1.0418887974596E-013,               1333P   1994
-7.105427357601E-015,-1.,6.98296267768627E-015,                     1333P   1995
-29.8000000000017,-4.96169340471387E-029,                           1333P   1996
-6.98296267768627E-015,-1.,-1.04046143897532E-013;                  1333P   1997
100,0.,-25.807557033,-14.9,-24.307557033,-14.9,-27.307557033,       1335P   1998
-14.9;                                                              1335P   1999
126,16,2,1,0,1,0,0.,0.,0.,0.125,0.125,0.25,0.25,0.375,0.375,        1337P   2000
0.5,0.5,0.625,0.625,0.75,0.75,0.875,0.875,1.,1.,1.,1.,1.,1.,1.,     1337P   2001
1.,1.,1.,1.,1.,1.,1.,1.,1.,1.,1.,1.,1.,0.389410852,0.30327544,      1337P   2002
0.,0.389410852,0.304904774,0.,0.389873257,0.306410081,0.,           1337P   2003
0.390335662,0.307915389,0.,0.391190075,0.309067502,0.,              1337P   2004
0.392044488,0.310219614,0.,0.393160832,0.310843133,0.,              1337P   2005
0.394277176,0.311466652,0.,0.395485498,0.311466652,0.,              1337P   2006
0.39669382,0.311466652,0.,0.397810164,0.310843133,0.,               1337P   2007
0.398926508,0.310219614,0.,0.399780921,0.309067502,0.,              1337P   2008
0.400635333,0.307915389,0.,0.401097738,0.306410081,0.,              1337P   2009
0.401560143,0.304904774,0.,0.401560143,0.30327544,0.,0.,1.,0.,      1337P   2010
0.,1.;                                                              1337P   2011
124,-1.,-6.98296267768627E-015,0.,-51.6151140655501,                1339P   2012
-6.98296267768627E-015,1.,-6.98296267768627E-015,                   1339P   2013
-1.80015173622669E-013,4.87617677579594E-029,                       1339P   2014
-6.98296267768627E-015,-1.,-1.04046143897529E-013;                  1339P   2015
100,0.,-25.807557033,-14.9,-24.307557033,-14.9,-27.307557033,       1341P   2016
-14.9;                                                              1341P   2017
102,2,1331,1337;                                                    1343P   2018
102,2,1335,1341;                                                    1345P   2019
142,1,1083,1343,1345,1;                                             1347P   2020
126,16,2,1,0,1,0,0.,0.,0.,0.125,0.125,0.25,0.25,0.375,0.375,        1349P   2021
0.5,0.5,0.625,0.625,0.75,0.75,0.875,0.875,1.,1.,1.,1.,1.,1.,1.,     1349P   2022
1.,1.,1.,1.,1.,1.,1.,1.,1.,1.,1.,1.,1.,0.506074645,0.2219094,       1349P   2023
0.,0.506074645,0.220280066,0.,0.50561224,0.218774758,0.,            1349P   2024
0.505149836,0.217269451,0.,0.504295423,0.216117338,0.,              1349P   2025
0.50344101,0.214965225,0.,0.502324666,0.214341706,0.,               1349P   2026
0.501208322,0.213718187,0.,0.5,0.213718187,0.,0.498791678,          1349P   2027
0.213718187,0.,0.497675334,0.214341706,0.,0.49655899,               1349P   2028
0.214965225,0.,0.495704577,0.216117338,0.,0.494850164,              1349P   2029
0.217269451,0.,0.49438776,0.218774758,0.,0.493925355,               1349P   2030
0.220280066,0.,0.493925355,0.2219094,0.,0.,1.,0.,0.,1.;             1349P   2031
124,1.,-7.105427357601E-015,0.,-2.1174173525651E-013,               1351P   2032
-7.105427357601E-015,-1.,6.98296267768627E-015,-59.6,               1351P   2033
-4.96169340471387E-029,-6.98296267768627E-015,-1.,                  1351P   2034
-2.08092287795051E-013;                                             1351P   2035
100,0.,0.,-29.8,1.5,-29.8,-1.5,-29.8;                               1353P   2036
126,16,2,1,0,1,0,0.,0.,0.,0.125,0.125,0.25,0.25,0.375,0.375,        1355P   2037
0.5,0.5,0.625,0.625,0.75,0.75,0.875,0.875,1.,1.,1.,1.,1.,1.,1.,     1355P   2038
1.,1.,1.,1.,1.,1.,1.,1.,1.,1.,1.,1.,1.,0.493925355,0.2219094,       1355P   2039
0.,0.493925355,0.223538733,0.,0.49438776,0.225044041,0.,            1355P   2040
0.494850164,0.226549349,0.,0.495704577,0.227701461,0.,              1355P   2041
0.49655899,0.228853574,0.,0.497675334,0.229477093,0.,               1355P   2042
0.498791678,0.230100612,0.,0.5,0.230100612,0.,0.501208322,          1355P   2043
0.230100612,0.,0.502324666,0.229477093,0.,0.50344101,               1355P   2044
0.228853574,0.,0.504295423,0.227701461,0.,0.505149836,              1355P   2045
0.226549349,0.,0.50561224,0.225044041,0.,0.506074645,               1355P   2046
0.223538733,0.,0.506074645,0.2219094,0.,0.,1.,0.,0.,1.;             1355P   2047
124,-1.,-6.98296267768627E-015,0.,0.,-6.98296267768627E-015,1.,     1357P   2048
-6.98296267768627E-015,0.,4.87617677579594E-029,                    1357P   2049
-6.98296267768627E-015,-1.,0.;                                      1357P   2050
100,0.,0.,-29.8,1.5,-29.8,-1.5,-29.8;                               1359P   2051
102,2,1349,1355;                                                    1361P   2052
102,2,1353,1359;                                                    1363P   2053
142,1,1083,1361,1363,1;                                             1365P   2054
126,16,2,1,0,1,0,0.,0.,0.,0.125,0.125,0.25,0.25,0.375,0.375,        1367P   2055
0.5,0.5,0.625,0.625,0.75,0.75,0.875,0.875,1.,1.,1.,1.,1.,1.,1.,     1367P   2056
1.,1.,1.,1.,1.,1.,1.,1.,1.,1.,1.,1.,1.,0.610589148,0.30327544,      1367P   2057
0.,0.610589148,0.301646107,0.,0.610126743,0.300140799,0.,           1367P   2058
0.609664338,0.298635491,0.,0.608809925,0.297483378,0.,              1367P   2059
0.607955512,0.296331266,0.,0.606839168,0.295707747,0.,              1367P   2060
0.605722824,0.295084228,0.,0.604514502,0.295084228,0.,              1367P   2061
0.60330618,0.295084228,0.,0.602189836,0.295707747,0.,               1367P   2062
0.601073492,0.296331266,0.,0.600219079,0.297483378,0.,              1367P   2063
0.599364667,0.298635491,0.,0.598902262,0.300140799,0.,              1367P   2064
0.598439857,0.301646107,0.,0.598439857,0.30327544,0.,0.,1.,0.,      1367P   2065
0.,1.;                                                              1367P   2066
124,1.,-7.105427357601E-015,0.,-1.04188879745936E-013,              1369P   2067
-7.105427357601E-015,-1.,6.98296267768627E-015,                     1369P   2068
-29.7999999999983,-4.96169340471387E-029,                           1369P   2069
-6.98296267768627E-015,-1.,-1.04046143897519E-013;                  1369P   2070
100,0.,25.807557033,-14.9,27.307557033,-14.9,24.307557033,          1371P   2071
-14.9;                                                              1371P   2072
126,16,2,1,0,1,0,0.,0.,0.,0.125,0.125,0.25,0.25,0.375,0.375,        1373P   2073
0.5,0.5,0.625,0.625,0.75,0.75,0.875,0.875,1.,1.,1.,1.,1.,1.,1.,     1373P   2074
1.,1.,1.,1.,1.,1.,1.,1.,1.,1.,1.,1.,1.,0.598439857,0.30327544,      1373P   2075
0.,0.598439857,0.304904774,0.,0.598902262,0.306410081,0.,           1373P   2076
0.599364667,0.307915389,0.,0.600219079,0.309067502,0.,              1373P   2077
0.601073492,0.310219614,0.,0.602189836,0.310843133,0.,              1373P   2078
0.60330618,0.311466652,0.,0.604514502,0.311466652,0.,               1373P   2079
0.605722824,0.311466652,0.,0.606839168,0.310843133,0.,              1373P   2080
0.607955512,0.310219614,0.,0.608809925,0.309067502,0.,              1373P   2081
0.609664338,0.307915389,0.,0.610126743,0.306410081,0.,              1373P   2082
0.610589148,0.304904774,0.,0.610589148,0.30327544,0.,0.,1.,0.,      1373P   2083
0.,1.;                                                              1373P   2084
124,-1.,-6.98296267768627E-015,0.,51.615114065555,                  1375P   2085
-6.98296267768627E-015,1.,-6.98296267768627E-015,                   1375P   2086
1.80015173622701E-013,4.87617677579594E-029,                        1375P   2087
-6.98296267768627E-015,-1.,-1.04046143897522E-013;                  1375P   2088
100,0.,25.807557033,-14.9,27.307557033,-14.9,24.307557033,          1377P   2089
-14.9;                                                              1377P   2090
102,2,1367,1373;                                                    1379P   2091
102,2,1371,1377;                                                    1381P   2092
142,1,1083,1379,1381,1;                                             1383P   2093
126,16,2,1,0,1,0,0.,0.,0.,0.125,0.125,0.25,0.25,0.375,0.375,        1385P   2094
0.5,0.5,0.625,0.625,0.75,0.75,0.875,0.875,1.,1.,1.,1.,1.,1.,1.,     1385P   2095
1.,1.,1.,1.,1.,1.,1.,1.,1.,1.,1.,1.,1.,0.610589148,0.466007521,     1385P   2096
0.,0.610589148,0.464378188,0.,0.610126743,0.46287288,0.,            1385P   2097
0.609664338,0.461367572,0.,0.608809925,0.46021546,0.,               1385P   2098
0.607955512,0.459063347,0.,0.606839168,0.458439828,0.,              1385P   2099
0.605722824,0.457816309,0.,0.604514502,0.457816309,0.,              1385P   2100
0.60330618,0.457816309,0.,0.602189836,0.458439828,0.,               1385P   2101
0.601073492,0.459063347,0.,0.600219079,0.46021546,0.,               1385P   2102
0.599364667,0.461367572,0.,0.598902262,0.46287288,0.,               1385P   2103
0.598439857,0.464378188,0.,0.598439857,0.466007521,0.,0.,1.,0.,     1385P   2104
0.,1.;                                                              1385P   2105
124,1.,-7.105427357601E-015,0.,1.0418887974596E-013,                1387P   2106
-7.105427357601E-015,-1.,6.98296267768627E-015,                     1387P   2107
29.8000000000017,-4.96169340471387E-029,-6.98296267768627E-015,     1387P   2108
-1.,1.04046143897532E-013;                                          1387P   2109
100,0.,25.807557033,14.9,27.307557033,14.9,24.307557033,14.9;       1389P   2110
126,16,2,1,0,1,0,0.,0.,0.,0.125,0.125,0.25,0.25,0.375,0.375,        1391P   2111
0.5,0.5,0.625,0.625,0.75,0.75,0.875,0.875,1.,1.,1.,1.,1.,1.,1.,     1391P   2112
1.,1.,1.,1.,1.,1.,1.,1.,1.,1.,1.,1.,1.,0.598439857,0.466007521,     1391P   2113
0.,0.598439857,0.467636855,0.,0.598902262,0.469142162,0.,           1391P   2114
0.599364667,0.47064747,0.,0.600219079,0.471799583,0.,               1391P   2115
0.601073492,0.472951696,0.,0.602189836,0.473575215,0.,              1391P   2116
0.60330618,0.474198733,0.,0.604514502,0.474198733,0.,               1391P   2117
0.605722824,0.474198733,0.,0.606839168,0.473575215,0.,              1391P   2118
0.607955512,0.472951696,0.,0.608809925,0.471799583,0.,              1391P   2119
0.609664338,0.47064747,0.,0.610126743,0.469142162,0.,               1391P   2120
0.610589148,0.467636855,0.,0.610589148,0.466007521,0.,0.,1.,0.,     1391P   2121
0.,1.;                                                              1391P   2122
124,-1.,-6.98296267768627E-015,0.,51.6151140655535,                 1393P   2123
-6.98296267768627E-015,1.,-6.98296267768627E-015,                   1393P   2124
1.80015173622692E-013,4.87617677579594E-029,                        1393P   2125
-6.98296267768627E-015,-1.,1.04046143897529E-013;                   1393P   2126
100,0.,25.807557033,14.9,27.307557033,14.9,24.307557033,14.9;       1395P   2127
102,2,1385,1391;                                                    1397P   2128
102,2,1389,1395;                                                    1399P   2129
142,1,1083,1397,1399,1;                                             1401P   2130
126,1,1,1,0,1,0,0.,0.,1.,1.,1.,1.,0.370344224,0.182937071,0.,       1403P   2131
0.370344224,0.204780303,0.,0.,1.,0.,0.,1.;                          1403P   2132
110,-32.015641537,-36.936732841,0.,-32.015641537,-32.936732841,     1405P   2133
0.;                                                                 1405P   2134
126,1,1,1,0,1,0,0.,0.,1.,1.,1.,1.,0.370344224,0.204780303,0.,       1407P   2135
0.455389257,0.204780303,0.,0.,1.,0.,0.,1.;                          1407P   2136
110,-32.015641537,-32.936732841,0.,-11.015641537,-32.936732841,     1409P   2137
0.;                                                                 1409P   2138
126,1,1,1,0,1,0,0.,0.,1.,1.,1.,1.,0.455389257,0.204780303,0.,       1411P   2139
0.455389257,0.182937071,0.,0.,1.,0.,0.,1.;                          1411P   2140
110,-11.015641537,-32.936732841,0.,-11.015641537,-36.936732841,     1413P   2141
0.;                                                                 1413P   2142
126,1,1,1,0,1,0,0.,0.,1.,1.,1.,1.,0.455389257,0.182937071,0.,       1415P   2143
0.370344224,0.182937071,0.,0.,1.,0.,0.,1.;                          1415P   2144
110,-11.015641537,-36.936732841,0.,-32.015641537,-36.936732841,     1417P   2145
0.;                                                                 1417P   2146
102,4,1403,1407,1411,1415;                                          1419P   2147
102,4,1405,1409,1413,1417;                                          1421P   2148
142,1,1083,1419,1421,1;                                             1423P   2149
126,1,1,1,0,1,0,0.,0.,1.,1.,1.,1.,0.629655776,0.204780303,0.,       1425P   2150
0.629655776,0.182937071,0.,0.,1.,0.,0.,1.;                          1425P   2151
110,32.015641537,-32.936732841,0.,32.015641537,-36.936732841,       1427P   2152
0.;                                                                 1427P   2153
126,1,1,1,0,1,0,0.,0.,1.,1.,1.,1.,0.629655776,0.182937071,0.,       1429P   2154
0.544610743,0.182937071,0.,0.,1.,0.,0.,1.;                          1429P   2155
110,32.015641537,-36.936732841,0.,11.015641537,-36.936732841,       1431P   2156
0.;                                                                 1431P   2157
126,1,1,1,0,1,0,0.,0.,1.,1.,1.,1.,0.544610743,0.182937071,0.,       1433P   2158
0.544610743,0.204780303,0.,0.,1.,0.,0.,1.;                          1433P   2159
110,11.015641537,-36.936732841,0.,11.015641537,-32.936732841,       1435P   2160
0.;                                                                 1435P   2161
126,1,1,1,0,1,0,0.,0.,1.,1.,1.,1.,0.544610743,0.204780303,0.,       1437P   2162
0.629655776,0.204780303,0.,0.,1.,0.,0.,1.;                          1437P   2163
110,11.015641537,-32.936732841,0.,32.015641537,-32.936732841,       1439P   2164
0.;                                                                 1439P   2165
102,4,1425,1429,1433,1437;                                          1441P   2166
102,4,1427,1431,1435,1439;                                          1443P   2167
142,1,1083,1441,1443,1;                                             1445P   2168
126,32,2,1,0,1,0,0.,0.,0.,0.0625,0.0625,0.125,0.125,0.1875,         1447P   2169
0.1875,0.25,0.25,0.3125,0.3125,0.375,0.375,0.4375,0.4375,0.5,       1447P   2170
0.5,0.5625,0.5625,0.625,0.625,0.6875,0.6875,0.75,0.75,0.8125,       1447P   2171
0.8125,0.875,0.875,0.9375,0.9375,1.,1.,1.,1.,1.,1.,1.,1.,1.,1.,     1447P   2172
1.,1.,1.,1.,1.,1.,1.,1.,1.,1.,1.,1.,1.,1.,1.,1.,1.,1.,1.,1.,1.,     1447P   2173
1.,1.,1.,1.,1.,0.51214929,0.948224621,0.,0.51214929,                1447P   2174
0.946611093,0.,0.511915845,0.945028568,0.,0.5116824,                1447P   2175
0.943446044,0.,0.511224481,0.941955339,0.,0.510766562,              1447P   2176
0.940464633,0.,0.510101766,0.939123034,0.,0.50943697,               1447P   2177
0.937781434,0.,0.508590846,0.936640498,0.,0.507744721,              1447P   2178
0.935499561,0.,0.506749784,0.934603133,0.,0.505754847,              1447P   2179
0.933706705,0.,0.504649332,0.933089234,0.,0.503543817,              1447P   2180
0.932471764,0.,0.502370209,0.93215698,0.,0.501196601,               1447P   2181
0.931842197,0.,0.5,0.931842197,0.,0.498803399,0.931842197,0.,       1447P   2182
0.497629791,0.93215698,0.,0.496456183,0.932471764,0.,               1447P   2183
0.495350668,0.933089234,0.,0.494245153,0.933706705,0.,              1447P   2184
0.493250216,0.934603133,0.,0.492255279,0.935499561,0.,              1447P   2185
0.491409154,0.936640498,0.,0.49056303,0.937781434,0.,               1447P   2186
0.489898234,0.939123034,0.,0.489233438,0.940464633,0.,              1447P   2187
0.488775519,0.941955339,0.,0.4883176,0.943446044,0.,                1447P   2188
0.488084155,0.945028568,0.,0.48785071,0.946611093,0.,               1447P   2189
0.48785071,0.948224621,0.,0.,1.,0.,0.,1.;                           1447P   2190
124,1.,-7.105427357601E-015,0.,7.33316204253411E-013,               1449P   2191
-7.105427357601E-015,-1.,6.98296267768627E-015,                     1449P   2192
206.410161513775,-4.96169340471387E-029,-6.98296267768627E-015,     1449P   2193
-1.,7.20677227072944E-013;                                          1449P   2194
100,0.,0.,103.205080757,3.,103.205080757,-3.,103.205080757;         1451P   2195
126,32,2,1,0,1,0,0.,0.,0.,0.0625,0.0625,0.125,0.125,0.1875,         1453P   2196
0.1875,0.25,0.25,0.3125,0.3125,0.375,0.375,0.4375,0.4375,0.5,       1453P   2197
0.5,0.5625,0.5625,0.625,0.625,0.6875,0.6875,0.75,0.75,0.8125,       1453P   2198
0.8125,0.875,0.875,0.9375,0.9375,1.,1.,1.,1.,1.,1.,1.,1.,1.,1.,     1453P   2199
1.,1.,1.,1.,1.,1.,1.,1.,1.,1.,1.,1.,1.,1.,1.,1.,1.,1.,1.,1.,1.,     1453P   2200
1.,1.,1.,1.,1.,0.48785071,0.948224621,0.,0.48785071,                1453P   2201
0.949838149,0.,0.488084155,0.951420673,0.,0.4883176,                1453P   2202
0.953003198,0.,0.488775519,0.954493903,0.,0.489233438,              1453P   2203
0.955984609,0.,0.489898234,0.957326208,0.,0.49056303,               1453P   2204
0.958667808,0.,0.491409154,0.959808744,0.,0.492255279,              1453P   2205
0.960949681,0.,0.493250216,0.961846109,0.,0.494245153,              1453P   2206
0.962742537,0.,0.495350668,0.963360007,0.,0.496456183,              1453P   2207
0.963977478,0.,0.497629791,0.964292262,0.,0.498803399,              1453P   2208
0.964607045,0.,0.5,0.964607045,0.,0.501196601,0.964607045,0.,       1453P   2209
0.502370209,0.964292262,0.,0.503543817,0.963977478,0.,              1453P   2210
0.504649332,0.963360007,0.,0.505754847,0.962742537,0.,              1453P   2211
0.506749784,0.961846109,0.,0.507744721,0.960949681,0.,              1453P   2212
0.508590846,0.959808744,0.,0.50943697,0.958667808,0.,               1453P   2213
0.510101766,0.957326208,0.,0.510766562,0.955984609,0.,              1453P   2214
0.511224481,0.954493903,0.,0.5116824,0.953003198,0.,                1453P   2215
0.511915845,0.951420673,0.,0.51214929,0.949838149,0.,               1453P   2216
0.51214929,0.948224621,0.,0.,1.,0.,0.,1.;                           1453P   2217
124,-1.,-6.98296267768627E-015,0.,0.,-6.98296267768627E-015,1.,     1455P   2218
-6.98296267768627E-015,0.,4.87617677579594E-029,                    1455P   2219
-6.98296267768627E-015,-1.,0.;                                      1455P   2220
100,0.,0.,103.205080757,3.,103.205080757,-3.,103.205080757;         1457P   2221
102,2,1447,1453;                                                    1459P   2222
102,2,1451,1457;                                                    1461P   2223
142,1,1083,1459,1461,1;                                             1463P   2224
126,32,2,1,0,1,0,0.,0.,0.,0.0625,0.0625,0.125,0.125,0.1875,         1465P   2225
0.1875,0.25,0.25,0.3125,0.3125,0.375,0.375,0.4375,0.4375,0.5,       1465P   2226
0.5,0.5625,0.5625,0.625,0.625,0.6875,0.6875,0.75,0.75,0.8125,       1465P   2227
0.8125,0.875,0.875,0.9375,0.9375,1.,1.,1.,1.,1.,1.,1.,1.,1.,1.,     1465P   2228
1.,1.,1.,1.,1.,1.,1.,1.,1.,1.,1.,1.,1.,1.,1.,1.,1.,1.,1.,1.,1.,     1465P   2229
1.,1.,1.,1.,1.,0.909181931,0.07554587,0.,0.909181931,               1465P   2230
0.073932342,0.,0.908948485,0.072349818,0.,0.90871504,               1465P   2231
0.070767293,0.,0.908257121,0.069276588,0.,0.907799202,              1465P   2232
0.067785882,0.,0.907134406,0.066444283,0.,0.90646961,               1465P   2233
0.065102683,0.,0.905623486,0.063961747,0.,0.904777361,              1465P   2234
0.06282081,0.,0.903782424,0.061924382,0.,0.902787487,               1465P   2235
0.061027954,0.,0.901681972,0.060410484,0.,0.900576457,              1465P   2236
0.059793013,0.,0.899402849,0.05947823,0.,0.898229241,               1465P   2237
0.059163446,0.,0.89703264,0.059163446,0.,0.89583604,                1465P   2238
0.059163446,0.,0.894662431,0.05947823,0.,0.893488823,               1465P   2239
0.059793013,0.,0.892383308,0.060410484,0.,0.891277793,              1465P   2240
0.061027954,0.,0.890282856,0.061924382,0.,0.889287919,              1465P   2241
0.06282081,0.,0.888441794,0.063961747,0.,0.88759567,                1465P   2242
0.065102683,0.,0.886930874,0.066444283,0.,0.886266079,              1465P   2243
0.067785882,0.,0.885808159,0.069276588,0.,0.88535024,               1465P   2244
0.070767293,0.,0.885116795,0.072349818,0.,0.88488335,               1465P   2245
0.073932342,0.,0.88488335,0.07554587,0.,0.,1.,0.,0.,1.;             1465P   2246
124,1.,-7.105427357601E-015,0.,-4.01914631402825E-013,              1467P   2247
-7.105427357601E-015,-1.,6.98296267768627E-015,                     1467P   2248
-113.205080756891,-4.96169340471387E-029,                           1467P   2249
-6.98296267768627E-015,-1.,-3.95253426924912E-013;                  1467P   2250
100,0.,98.038475773,-56.602540378,101.038475773,-56.602540378,      1469P   2251
95.038475773,-56.602540378;                                         1469P   2252
126,32,2,1,0,1,0,0.,0.,0.,0.0625,0.0625,0.125,0.125,0.1875,         1471P   2253
0.1875,0.25,0.25,0.3125,0.3125,0.375,0.375,0.4375,0.4375,0.5,       1471P   2254
0.5,0.5625,0.5625,0.625,0.625,0.6875,0.6875,0.75,0.75,0.8125,       1471P   2255
0.8125,0.875,0.875,0.9375,0.9375,1.,1.,1.,1.,1.,1.,1.,1.,1.,1.,     1471P   2256
1.,1.,1.,1.,1.,1.,1.,1.,1.,1.,1.,1.,1.,1.,1.,1.,1.,1.,1.,1.,1.,     1471P   2257
1.,1.,1.,1.,1.,0.88488335,0.07554587,0.,0.88488335,0.077159398,     1471P   2258
0.,0.885116795,0.078741923,0.,0.88535024,0.080324447,0.,            1471P   2259
0.885808159,0.081815153,0.,0.886266079,0.083305858,0.,              1471P   2260
0.886930874,0.084647457,0.,0.88759567,0.085989057,0.,               1471P   2261
0.888441794,0.087129993,0.,0.889287919,0.08827093,0.,               1471P   2262
0.890282856,0.089167358,0.,0.891277793,0.090063786,0.,              1471P   2263
0.892383308,0.090681257,0.,0.893488823,0.091298727,0.,              1471P   2264
0.894662431,0.091613511,0.,0.89583604,0.091928294,0.,               1471P   2265
0.89703264,0.091928294,0.,0.898229241,0.091928294,0.,               1471P   2266
0.899402849,0.091613511,0.,0.900576457,0.091298727,0.,              1471P   2267
0.901681972,0.090681257,0.,0.902787487,0.090063786,0.,              1471P   2268
0.903782424,0.089167358,0.,0.904777361,0.08827093,0.,               1471P   2269
0.905623486,0.087129993,0.,0.90646961,0.085989057,0.,               1471P   2270
0.907134406,0.084647457,0.,0.907799202,0.083305858,0.,              1471P   2271
0.908257121,0.081815153,0.,0.90871504,0.080324447,0.,               1471P   2272
0.908948485,0.078741923,0.,0.909181931,0.077159398,0.,              1471P   2273
0.909181931,0.07554587,0.,0.,1.,0.,0.,1.;                           1471P   2274
124,-1.,-6.98296267768627E-015,0.,196.076951545873,                 1473P   2275
-6.98296267768627E-015,1.,-6.98296267768627E-015,                   1473P   2276
6.82247538112512E-013,4.87617677579594E-029,                        1473P   2277
-6.98296267768627E-015,-1.,-3.95253426924922E-013;                  1473P   2278
100,0.,98.038475773,-56.602540378,101.038475773,-56.602540378,      1475P   2279
95.038475773,-56.602540378;                                         1475P   2280
102,2,1465,1471;                                                    1477P   2281
102,2,1469,1475;                                                    1479P   2282
142,1,1083,1477,1479,1;                                             1481P   2283
126,32,2,1,0,1,0,0.,0.,0.,0.0625,0.0625,0.125,0.125,0.1875,         1483P   2284
0.1875,0.25,0.25,0.3125,0.3125,0.375,0.375,0.4375,0.4375,0.5,       1483P   2285
0.5,0.5625,0.5625,0.625,0.625,0.6875,0.6875,0.75,0.75,0.8125,       1483P   2286
0.8125,0.875,0.875,0.9375,0.9375,1.,1.,1.,1.,1.,1.,1.,1.,1.,1.,     1483P   2287
1.,1.,1.,1.,1.,1.,1.,1.,1.,1.,1.,1.,1.,1.,1.,1.,1.,1.,1.,1.,1.,     1483P   2288
1.,1.,1.,1.,1.,0.11511665,0.07554587,0.,0.11511665,0.073932342,     1483P   2289
0.,0.114883205,0.072349818,0.,0.11464976,0.070767293,0.,            1483P   2290
0.114191841,0.069276588,0.,0.113733921,0.067785882,0.,              1483P   2291
0.113069126,0.066444283,0.,0.11240433,0.065102683,0.,               1483P   2292
0.111558206,0.063961747,0.,0.110712081,0.06282081,0.,               1483P   2293
0.109717144,0.061924382,0.,0.108722207,0.061027954,0.,              1483P   2294
0.107616692,0.060410484,0.,0.106511177,0.059793013,0.,              1483P   2295
0.105337569,0.05947823,0.,0.10416396,0.059163446,0.,0.10296736,     1483P   2296
0.059163446,0.,0.101770759,0.059163446,0.,0.100597151,              1483P   2297
0.05947823,0.,0.099423543,0.059793013,0.,0.098318028,               1483P   2298
0.060410484,0.,0.097212513,0.061027954,0.,0.096217576,              1483P   2299
0.061924382,0.,0.095222639,0.06282081,0.,0.094376514,               1483P   2300
0.063961747,0.,0.09353039,0.065102683,0.,0.092865594,               1483P   2301
0.066444283,0.,0.092200798,0.067785882,0.,0.091742879,              1483P   2302
0.069276588,0.,0.09128496,0.070767293,0.,0.091051515,               1483P   2303
0.072349818,0.,0.090818069,0.073932342,0.,0.090818069,              1483P   2304
0.07554587,0.,0.,1.,0.,0.,1.;                                       1483P   2305
124,1.,-7.105427357601E-015,0.,-4.0191463140278E-013,               1485P   2306
-7.105427357601E-015,-1.,6.98296267768627E-015,                     1485P   2307
-113.205080756885,-4.96169340471387E-029,                           1485P   2308
-6.98296267768627E-015,-1.,-3.95253426924895E-013;                  1485P   2309
100,0.,-98.038475773,-56.602540378,-95.038475773,-56.602540378,     1487P   2310
-101.038475773,-56.602540378;                                       1487P   2311
126,32,2,1,0,1,0,0.,0.,0.,0.0625,0.0625,0.125,0.125,0.1875,         1489P   2312
0.1875,0.25,0.25,0.3125,0.3125,0.375,0.375,0.4375,0.4375,0.5,       1489P   2313
0.5,0.5625,0.5625,0.625,0.625,0.6875,0.6875,0.75,0.75,0.8125,       1489P   2314
0.8125,0.875,0.875,0.9375,0.9375,1.,1.,1.,1.,1.,1.,1.,1.,1.,1.,     1489P   2315
1.,1.,1.,1.,1.,1.,1.,1.,1.,1.,1.,1.,1.,1.,1.,1.,1.,1.,1.,1.,1.,     1489P   2316
1.,1.,1.,1.,1.,0.090818069,0.07554587,0.,0.090818069,               1489P   2317
0.077159398,0.,0.091051515,0.078741923,0.,0.09128496,               1489P   2318
0.080324447,0.,0.091742879,0.081815153,0.,0.092200798,              1489P   2319
0.083305858,0.,0.092865594,0.084647457,0.,0.09353039,               1489P   2320
0.085989057,0.,0.094376514,0.087129993,0.,0.095222639,              1489P   2321
0.08827093,0.,0.096217576,0.089167358,0.,0.097212513,               1489P   2322
0.090063786,0.,0.098318028,0.090681257,0.,0.099423543,              1489P   2323
0.091298727,0.,0.100597151,0.091613511,0.,0.101770759,              1489P   2324
0.091928294,0.,0.10296736,0.091928294,0.,0.10416396,                1489P   2325
0.091928294,0.,0.105337569,0.091613511,0.,0.106511177,              1489P   2326
0.091298727,0.,0.107616692,0.090681257,0.,0.108722207,              1489P   2327
0.090063786,0.,0.109717144,0.089167358,0.,0.110712081,              1489P   2328
0.08827093,0.,0.111558206,0.087129993,0.,0.11240433,                1489P   2329
0.085989057,0.,0.113069126,0.084647457,0.,0.113733921,              1489P   2330
0.083305858,0.,0.114191841,0.081815153,0.,0.11464976,               1489P   2331
0.080324447,0.,0.114883205,0.078741923,0.,0.11511665,               1489P   2332
0.077159398,0.,0.11511665,0.07554587,0.,0.,1.,0.,0.,1.;             1489P   2333
124,-1.,-6.98296267768627E-015,0.,-196.076951545861,                1491P   2334
-6.98296267768627E-015,1.,-6.98296267768627E-015,                   1491P   2335
-6.82247538112436E-013,4.87617677579594E-029,                       1491P   2336
-6.98296267768627E-015,-1.,-3.95253426924886E-013;                  1491P   2337
100,0.,-98.038475773,-56.602540378,-95.038475773,-56.602540378,     1493P   2338
-101.038475773,-56.602540378;                                       1493P   2339
102,2,1483,1489;                                                    1495P   2340
102,2,1487,1493;                                                    1497P   2341
142,1,1083,1495,1497,1;                                             1499P   2342
144,1083,1,21,1113,1131,1149,1167,1185,1203,1221,1239,1257,         1501P   2343
1275,1293,1311,1329,1347,1365,1383,1401,1423,1445,1463,1481,        1501P   2344
1499;                                                               1501P   2345
128,1,1,1,1,0,0,1,0,0,0.,0.,1.,1.,0.,0.,1.,1.,1.,1.,1.,1.,          1503P   2346
-122.,-70.436732841,0.,-122.,-70.436732841,3.,122.,                 1503P   2347
-70.436732841,0.,122.,-70.436732841,3.,0.,1.,0.,1.;                 1503P   2348
126,1,1,1,0,1,0,0.,0.,1.,1.,1.,1.,0.,0.,0.,1.,0.,0.,0.,1.,0.,       1505P   2349
0.,1.;                                                              1505P   2350
110,-122.,-70.436732841,0.,-122.,-70.436732841,3.;                  1507P   2351
126,1,1,1,0,1,0,0.,0.,1.,1.,1.,1.,1.,0.,0.,1.,1.,0.,0.,1.,0.,       1509P   2352
0.,1.;                                                              1509P   2353
110,-122.,-70.436732841,3.,122.,-70.436732841,3.;                   1511P   2354
126,1,1,1,0,1,0,0.,0.,1.,1.,1.,1.,1.,1.,0.,0.,1.,0.,0.,1.,0.,       1513P   2355
0.,1.;                                                              1513P   2356
110,122.,-70.436732841,3.,122.,-70.436732841,0.;                    1515P   2357
126,1,1,1,0,1,0,0.,0.,1.,1.,1.,1.,0.,1.,0.,0.,0.,0.,0.,1.,0.,       1517P   2358
0.,1.;                                                              1517P   2359
110,122.,-70.436732841,0.,-122.,-70.436732841,0.;                   1519P   2360
102,4,1505,1509,1513,1517;                                          1521P   2361
102,4,1507,1511,1515,1519;                                          1523P   2362
142,1,1503,1521,1523,1;                                             1525P   2363
144,1503,1,0,1525;                                                  1527P   2364
110,0.,93.205080757,-17.,0.,93.205080757,983.;                      1529P   2365
110,3.75,93.205080757,0.,3.75,93.205080757,3.;                      1531P   2366
120,1529,1531,0.,6.28318530717959;                                  1533P   2367
126,1,1,1,0,1,0,0.,0.,1.,1.,1.,1.,1.,3.141592654,0.,1.,0.,0.,       1535P   2368
0.,1.,0.,0.,1.;                                                     1535P   2369
124,-1.,-6.98296267768627E-015,0.,6.71724401758131E-013,            1537P   2370
-6.98296267768627E-015,1.,-6.98296267768627E-015,                   1537P   2371
1.41422004504979E-014,4.87617677579594E-029,                        1537P   2372
-6.98296267768627E-015,-1.,6.00000000000065;                        1537P   2373
100,3.,0.,93.205080757,3.75,93.205080757,-3.75,93.205080757;        1539P   2374
126,1,1,1,0,1,0,0.,0.,1.,1.,1.,1.,1.,0.,0.,0.,0.,0.,0.,1.,0.,       1541P   2375
0.,1.;                                                              1541P   2376
110,3.75,93.205080757,3.,3.75,93.205080757,0.;                      1543P   2377
126,1,1,1,0,1,0,0.,0.,1.,1.,1.,1.,0.,0.,0.,0.,3.141592654,0.,       1545P   2378
0.,1.,0.,0.,1.;                                                     1545P   2379
100,0.,0.,93.205080757,3.75,93.205080757,-3.75,93.205080757;        1547P   2380
126,1,1,1,0,1,0,0.,0.,1.,1.,1.,1.,0.,3.141592654,0.,1.,             1549P   2381
3.141592654,0.,0.,1.,0.,0.,1.;                                      1549P   2382
110,-3.75,93.205080757,0.,-3.75,93.205080757,3.;                    1551P   2383
102,4,1535,1541,1545,1549;                                          1553P   2384
102,4,1539,1543,1547,1551;                                          1555P   2385
142,1,1533,1553,1555,1;                                             1557P   2386
144,1533,1,0,1557;                                                  1559P   2387
110,-80.717967697,-46.602540378,-17.,-80.717967697,                 1561P   2388
-46.602540378,983.;                                                 1561P   2389
110,-76.967967697,-46.602540378,0.,-76.967967697,-46.602540378,     1563P   2390
3.;                                                                 1563P   2391
120,1561,1563,0.,6.28318530717959;                                  1565P   2392
126,1,1,1,0,1,0,0.,0.,1.,1.,1.,1.,1.,3.141592654,0.,1.,0.,0.,       1567P   2393
0.,1.,0.,0.,1.;                                                     1567P   2394
124,-1.,-6.98296267768627E-015,0.,-161.435935394478,                1569P   2395
-6.98296267768627E-015,1.,-6.98296267768627E-015,                   1569P   2396
-5.44169611126129E-013,4.87617677579594E-029,                       1569P   2397
-6.98296267768627E-015,-1.,5.99999999999967;                        1569P   2398
100,3.,-80.717967697,-46.602540378,-76.967967697,-46.602540378,     1571P   2399
-84.467967697,-46.602540378;                                        1571P   2400
126,1,1,1,0,1,0,0.,0.,1.,1.,1.,1.,1.,0.,0.,0.,0.,0.,0.,1.,0.,       1573P   2401
0.,1.;                                                              1573P   2402
110,-76.967967697,-46.602540378,3.,-76.967967697,-46.602540378,     1575P   2403
0.;                                                                 1575P   2404
126,1,1,1,0,1,0,0.,0.,1.,1.,1.,1.,0.,0.,0.,0.,3.141592654,0.,       1577P   2405
0.,1.,0.,0.,1.;                                                     1577P   2406
100,0.,-80.717967697,-46.602540378,-76.967967697,-46.602540378,     1579P   2407
-84.467967697,-46.602540378;                                        1579P   2408
126,1,1,1,0,1,0,0.,0.,1.,1.,1.,1.,0.,3.141592654,0.,1.,             1581P   2409
3.141592654,0.,0.,1.,0.,0.,1.;                                      1581P   2410
110,-84.467967697,-46.602540378,0.,-84.467967697,-46.602540378,     1583P   2411
3.;                                                                 1583P   2412
102,4,1567,1573,1577,1581;                                          1585P   2413
102,4,1571,1575,1579,1583;                                          1587P   2414
142,1,1565,1585,1587,1;                                             1589P   2415
144,1565,1,0,1589;                                                  1591P   2416
110,80.717967697,-46.602540378,-17.,80.717967697,-46.602540378,     1593P   2417
983.;                                                               1593P   2418
110,84.467967697,-46.602540378,0.,84.467967697,-46.602540378,       1595P   2419
3.;                                                                 1595P   2420
120,1593,1595,0.,6.28318530717959;                                  1597P   2421
126,1,1,1,0,1,0,0.,0.,1.,1.,1.,1.,1.,3.141592654,0.,1.,0.,0.,       1599P   2422
0.,1.,0.,0.,1.;                                                     1599P   2423
124,-1.,-6.98296267768627E-015,0.,161.435935394502,                 1601P   2424
-6.98296267768627E-015,1.,-6.98296267768627E-015,                   1601P   2425
5.86331799835088E-013,4.87617677579594E-029,                        1601P   2426
-6.98296267768627E-015,-1.,5.99999999999967;                        1601P   2427
100,3.,80.717967697,-46.602540378,84.467967697,-46.602540378,       1603P   2428
76.967967697,-46.602540378;                                         1603P   2429
126,1,1,1,0,1,0,0.,0.,1.,1.,1.,1.,1.,0.,0.,0.,0.,0.,0.,1.,0.,       1605P   2430
0.,1.;                                                              1605P   2431
110,84.467967697,-46.602540378,3.,84.467967697,-46.602540378,       1607P   2432
0.;                                                                 1607P   2433
126,1,1,1,0,1,0,0.,0.,1.,1.,1.,1.,0.,0.,0.,0.,3.141592654,0.,       1609P   2434
0.,1.,0.,0.,1.;                                                     1609P   2435
100,0.,80.717967697,-46.602540378,84.467967697,-46.602540378,       1611P   2436
76.967967697,-46.602540378;                                         1611P   2437
126,1,1,1,0,1,0,0.,0.,1.,1.,1.,1.,0.,3.141592654,0.,1.,             1613P   2438
3.141592654,0.,0.,1.,0.,0.,1.;                                      1613P   2439
110,76.967967697,-46.602540378,0.,76.967967697,-46.602540378,       1615P   2440
3.;                                                                 1615P   2441
102,4,1599,1605,1609,1613;                                          1617P   2442
102,4,1603,1607,1611,1615;                                          1619P   2443
142,1,1597,1617,1619,1;                                             1621P   2444
144,1597,1,0,1621;                                                  1623P   2445
110,0.,0.,-12.,0.,0.,988.;                                          1625P   2446
110,20.,0.,0.,20.,0.,3.;                                            1627P   2447
120,1625,1627,0.,6.28318530717959;                                  1629P   2448
126,1,1,1,0,1,0,0.,0.,1.,1.,1.,1.,1.,3.141592654,0.,1.,0.,0.,       1631P   2449
0.,1.,0.,0.,1.;                                                     1631P   2450
124,-1.,-6.98296267768627E-015,0.,0.,-6.98296267768627E-015,1.,     1633P   2451
-6.98296267768627E-015,2.09488880330588E-014,                       1633P   2452
4.87617677579594E-029,-6.98296267768627E-015,-1.,6.;                1633P   2453
100,3.,0.,0.,20.,0.,-20.,0.;                                        1635P   2454
126,1,1,1,0,1,0,0.,0.,1.,1.,1.,1.,1.,0.,0.,0.,0.,0.,0.,1.,0.,       1637P   2455
0.,1.;                                                              1637P   2456
110,20.,0.,3.,20.,0.,0.;                                            1639P   2457
126,1,1,1,0,1,0,0.,0.,1.,1.,1.,1.,0.,0.,0.,0.,3.141592654,0.,       1641P   2458
0.,1.,0.,0.,1.;                                                     1641P   2459
100,0.,0.,0.,20.,0.,-20.,0.;                                        1643P   2460
126,1,1,1,0,1,0,0.,0.,1.,1.,1.,1.,0.,3.141592654,0.,1.,             1645P   2461
3.141592654,0.,0.,1.,0.,0.,1.;                                      1645P   2462
110,-20.,0.,0.,-20.,0.,3.;                                          1647P   2463
102,4,1631,1637,1641,1645;                                          1649P   2464
102,4,1635,1639,1643,1647;                                          1651P   2465
142,1,1629,1649,1651,1;                                             1653P   2466
144,1629,1,0,1653;                                                  1655P   2467
110,-30.,-45.436732841,-12.,-30.,-45.436732841,988.;                1657P   2468
110,-28.,-45.436732841,0.,-28.,-45.436732841,3.;                    1659P   2469
120,1657,1659,0.,6.28318530717959;                                  1661P   2470
126,1,1,1,0,1,0,0.,0.,1.,1.,1.,1.,1.,3.141592654,0.,1.,0.,0.,       1663P   2471
0.,1.,0.,0.,1.;                                                     1663P   2472
124,-1.,-6.98296267768627E-015,0.,-60.0000000000002,                1665P   2473
-6.98296267768627E-015,1.,-6.98296267768627E-015,                   1665P   2474
-1.89729849189567E-013,4.87617677579594E-029,                       1665P   2475
-6.98296267768627E-015,-1.,5.99999999999968;                        1665P   2476
100,3.,-30.,-45.436732841,-28.,-45.436732841,-32.,                  1667P   2477
-45.436732841;                                                      1667P   2478
126,1,1,1,0,1,0,0.,0.,1.,1.,1.,1.,1.,0.,0.,0.,0.,0.,0.,1.,0.,       1669P   2479
0.,1.;                                                              1669P   2480
110,-28.,-45.436732841,3.,-28.,-45.436732841,0.;                    1671P   2481
126,1,1,1,0,1,0,0.,0.,1.,1.,1.,1.,0.,0.,0.,0.,3.141592654,0.,       1673P   2482
0.,1.,0.,0.,1.;                                                     1673P   2483
100,0.,-30.,-45.436732841,-28.,-45.436732841,-32.,                  1675P   2484
-45.436732841;                                                      1675P   2485
126,1,1,1,0,1,0,0.,0.,1.,1.,1.,1.,0.,3.141592654,0.,1.,             1677P   2486
3.141592654,0.,0.,1.,0.,0.,1.;                                      1677P   2487
110,-32.,-45.436732841,0.,-32.,-45.436732841,3.;                    1679P   2488
102,4,1663,1669,1673,1677;                                          1681P   2489
102,4,1667,1671,1675,1679;                                          1683P   2490
142,1,1661,1681,1683,1;                                             1685P   2491
144,1661,1,0,1685;                                                  1687P   2492
110,29.,34.,-12.,29.,34.,988.;                                      1689P   2493
110,30.75,34.,0.,30.75,34.,3.;                                      1691P   2494
120,1689,1691,0.,6.28318530717959;                                  1693P   2495
126,1,1,1,0,1,0,0.,0.,1.,1.,1.,1.,1.,3.141592654,0.,1.,0.,0.,       1695P   2496
0.,1.,0.,0.,1.;                                                     1695P   2497
124,-1.,-6.98296267768627E-015,0.,58.0000000000024,                 1697P   2498
-6.98296267768627E-015,1.,-6.98296267768627E-015,                   1697P   2499
2.24865006446908E-013,4.87617677579594E-029,                        1697P   2500
-6.98296267768627E-015,-1.,6.00000000000024;                        1697P   2501
100,3.,29.,34.,30.75,34.,27.25,34.;                                 1699P   2502
126,1,1,1,0,1,0,0.,0.,1.,1.,1.,1.,1.,0.,0.,0.,0.,0.,0.,1.,0.,       1701P   2503
0.,1.;                                                              1701P   2504
110,30.75,34.,3.,30.75,34.,0.;                                      1703P   2505
126,1,1,1,0,1,0,0.,0.,1.,1.,1.,1.,0.,0.,0.,0.,3.141592654,0.,       1705P   2506
0.,1.,0.,0.,1.;                                                     1705P   2507
100,0.,29.,34.,30.75,34.,27.25,34.;                                 1707P   2508
126,1,1,1,0,1,0,0.,0.,1.,1.,1.,1.,0.,3.141592654,0.,1.,             1709P   2509
3.141592654,0.,0.,1.,0.,0.,1.;                                      1709P   2510
110,27.25,34.,0.,27.25,34.,3.;                                      1711P   2511
102,4,1695,1701,1705,1709;                                          1713P   2512
102,4,1699,1703,1707,1711;                                          1715P   2513
142,1,1693,1713,1715,1;                                             1717P   2514
144,1693,1,0,1717;                                                  1719P   2515
110,0.,-37.,-12.,0.,-37.,988.;                                      1721P   2516
110,1.75,-37.,0.,1.75,-37.,3.;                                      1723P   2517
120,1721,1723,0.,6.28318530717959;                                  1725P   2518
126,1,1,1,0,1,0,0.,0.,1.,1.,1.,1.,1.,3.141592654,0.,1.,0.,0.,       1727P   2519
0.,1.,0.,0.,1.;                                                     1727P   2520
124,-1.,-6.98296267768627E-015,0.,-9.02635000603279E-013,           1729P   2521
-6.98296267768627E-015,1.,-6.98296267768627E-015,                   1729P   2522
2.10810943543878E-014,4.87617677579594E-029,                        1729P   2523
-6.98296267768627E-015,-1.,5.99999999999974;                        1729P   2524
100,3.,0.,-37.,1.75,-37.,-1.75,-37.;                                1731P   2525
126,1,1,1,0,1,0,0.,0.,1.,1.,1.,1.,1.,0.,0.,0.,0.,0.,0.,1.,0.,       1733P   2526
0.,1.;                                                              1733P   2527
110,1.75,-37.,3.,1.75,-37.,0.;                                      1735P   2528
126,1,1,1,0,1,0,0.,0.,1.,1.,1.,1.,0.,0.,0.,0.,3.141592654,0.,       1737P   2529
0.,1.,0.,0.,1.;                                                     1737P   2530
100,0.,0.,-37.,1.75,-37.,-1.75,-37.;                                1739P   2531
126,1,1,1,0,1,0,0.,0.,1.,1.,1.,1.,0.,3.141592654,0.,1.,             1741P   2532
3.141592654,0.,0.,1.,0.,0.,1.;                                      1741P   2533
110,-1.75,-37.,0.,-1.75,-37.,3.;                                    1743P   2534
102,4,1727,1733,1737,1741;                                          1745P   2535
102,4,1731,1735,1739,1743;                                          1747P   2536
142,1,1725,1745,1747,1;                                             1749P   2537
144,1725,1,0,1749;                                                  1751P   2538
110,0.,58.845168082,-12.,0.,58.845168082,988.;                      1753P   2539
110,2.,58.845168082,0.,2.,58.845168082,3.;                          1755P   2540
120,1753,1755,0.,6.28318530717959;                                  1757P   2541
126,1,1,1,0,1,0,0.,0.,1.,1.,1.,1.,1.,3.141592654,0.,1.,0.,0.,       1759P   2542
0.,1.,0.,0.,1.;                                                     1759P   2543
124,-1.,-6.98296267768627E-015,0.,2.60360408611142E-012,            1761P   2544
-6.98296267768627E-015,1.,-6.98296267768627E-015,                   1761P   2545
2.1081094354417E-014,4.87617677579594E-029,                         1761P   2546
-6.98296267768627E-015,-1.,6.00000000000041;                        1761P   2547
100,3.,0.,58.845168082,2.,58.845168082,-2.,58.845168082;            1763P   2548
126,1,1,1,0,1,0,0.,0.,1.,1.,1.,1.,1.,0.,0.,0.,0.,0.,0.,1.,0.,       1765P   2549
0.,1.;                                                              1765P   2550
110,2.,58.845168082,3.,2.,58.845168082,0.;                          1767P   2551
126,1,1,1,0,1,0,0.,0.,1.,1.,1.,1.,0.,0.,0.,0.,3.141592654,0.,       1769P   2552
0.,1.,0.,0.,1.;                                                     1769P   2553
100,0.,0.,58.845168082,2.,58.845168082,-2.,58.845168082;            1771P   2554
126,1,1,1,0,1,0,0.,0.,1.,1.,1.,1.,0.,3.141592654,0.,1.,             1773P   2555
3.141592654,0.,0.,1.,0.,0.,1.;                                      1773P   2556
110,-2.,58.845168082,0.,-2.,58.845168082,3.;                        1775P   2557
102,4,1759,1765,1769,1773;                                          1777P   2558
102,4,1763,1767,1771,1775;                                          1779P   2559
142,1,1757,1777,1779,1;                                             1781P   2560
144,1757,1,0,1781;                                                  1783P   2561
110,30.,-45.436732841,-12.,30.,-45.436732841,988.;                  1785P   2562
110,32.,-45.436732841,0.,32.,-45.436732841,3.;                      1787P   2563
120,1785,1787,0.,6.28318530717959;                                  1789P   2564
126,1,1,1,0,1,0,0.,0.,1.,1.,1.,1.,1.,3.141592654,0.,1.,0.,0.,       1791P   2565
0.,1.,0.,0.,1.;                                                     1791P   2566
124,-1.,-6.98296267768627E-015,0.,59.9999999999998,                 1793P   2567
-6.98296267768627E-015,1.,-6.98296267768627E-015,                   1793P   2568
2.31892037898351E-013,4.87617677579594E-029,                        1793P   2569
-6.98296267768627E-015,-1.,5.99999999999968;                        1793P   2570
100,3.,30.,-45.436732841,32.,-45.436732841,28.,-45.436732841;       1795P   2571
126,1,1,1,0,1,0,0.,0.,1.,1.,1.,1.,1.,0.,0.,0.,0.,0.,0.,1.,0.,       1797P   2572
0.,1.;                                                              1797P   2573
110,32.,-45.436732841,3.,32.,-45.436732841,0.;                      1799P   2574
126,1,1,1,0,1,0,0.,0.,1.,1.,1.,1.,0.,0.,0.,0.,3.141592654,0.,       1801P   2575
0.,1.,0.,0.,1.;                                                     1801P   2576
100,0.,30.,-45.436732841,32.,-45.436732841,28.,-45.436732841;       1803P   2577
126,1,1,1,0,1,0,0.,0.,1.,1.,1.,1.,0.,3.141592654,0.,1.,             1805P   2578
3.141592654,0.,0.,1.,0.,0.,1.;                                      1805P   2579
110,28.,-45.436732841,0.,28.,-45.436732841,3.;                      1807P   2580
102,4,1791,1797,1801,1805;                                          1809P   2581
102,4,1795,1799,1803,1807;                                          1811P   2582
142,1,1789,1809,1811,1;                                             1813P   2583
144,1789,1,0,1813;                                                  1815P   2584
110,-29.,34.,-12.,-29.,34.,988.;                                    1817P   2585
110,-27.25,34.,0.,-27.25,34.,3.;                                    1819P   2586
120,1817,1819,0.,6.28318530717959;                                  1821P   2587
126,1,1,1,0,1,0,0.,0.,1.,1.,1.,1.,1.,3.141592654,0.,1.,0.,0.,       1823P   2588
0.,1.,0.,0.,1.;                                                     1823P   2589
124,-1.,-6.98296267768627E-015,0.,-57.9999999999976,                1825P   2590
-6.98296267768627E-015,1.,-6.98296267768627E-015,                   1825P   2591
-1.82702817738079E-013,4.87617677579594E-029,                       1825P   2592
-6.98296267768627E-015,-1.,6.00000000000024;                        1825P   2593
100,3.,-29.,34.,-27.25,34.,-30.75,34.;                              1827P   2594
126,1,1,1,0,1,0,0.,0.,1.,1.,1.,1.,1.,0.,0.,0.,0.,0.,0.,1.,0.,       1829P   2595
0.,1.;                                                              1829P   2596
110,-27.25,34.,3.,-27.25,34.,0.;                                    1831P   2597
126,1,1,1,0,1,0,0.,0.,1.,1.,1.,1.,0.,0.,0.,0.,3.141592654,0.,       1833P   2598
0.,1.,0.,0.,1.;                                                     1833P   2599
100,0.,-29.,34.,-27.25,34.,-30.75,34.;                              1835P   2600
126,1,1,1,0,1,0,0.,0.,1.,1.,1.,1.,0.,3.141592654,0.,1.,             1837P   2601
3.141592654,0.,0.,1.,0.,0.,1.;                                      1837P   2602
110,-30.75,34.,0.,-30.75,34.,3.;                                    1839P   2603
102,4,1823,1829,1833,1837;                                          1841P   2604
102,4,1827,1831,1835,1839;                                          1843P   2605
142,1,1821,1841,1843,1;                                             1845P   2606
144,1821,1,0,1845;                                                  1847P   2607
110,0.,29.8,0.,0.,29.8,1000.;                                       1849P   2608
110,1.5,29.8,0.,1.5,29.8,3.;                                        1851P   2609
120,1849,1851,0.,6.28318530717959;                                  1853P   2610
126,1,1,1,0,1,0,0.,0.,1.,1.,1.,1.,1.,3.141592654,0.,1.,0.,0.,       1855P   2611
0.,1.,0.,0.,1.;                                                     1855P   2612
124,-1.,-6.98296267768627E-015,0.,2.08092287795051E-013,            1857P   2613
-6.98296267768627E-015,1.,-6.98296267768627E-015,                   1857P   2614
2.10810943543988E-014,4.87617677579594E-029,                        1857P   2615
-6.98296267768627E-015,-1.,6.00000000000021;                        1857P   2616
100,3.,0.,29.8,1.5,29.8,-1.5,29.8;                                  1859P   2617
126,1,1,1,0,1,0,0.,0.,1.,1.,1.,1.,1.,0.,0.,0.,0.,0.,0.,1.,0.,       1861P   2618
0.,1.;                                                              1861P   2619
110,1.5,29.8,3.,1.5,29.8,0.;                                        1863P   2620
126,1,1,1,0,1,0,0.,0.,1.,1.,1.,1.,0.,0.,0.,0.,3.141592654,0.,       1865P   2621
0.,1.,0.,0.,1.;                                                     1865P   2622
100,0.,0.,29.8,1.5,29.8,-1.5,29.8;                                  1867P   2623
126,1,1,1,0,1,0,0.,0.,1.,1.,1.,1.,0.,3.141592654,0.,1.,             1869P   2624
3.141592654,0.,0.,1.,0.,0.,1.;                                      1869P   2625
110,-1.5,29.8,0.,-1.5,29.8,3.;                                      1871P   2626
102,4,1855,1861,1865,1869;                                          1873P   2627
102,4,1859,1863,1867,1871;                                          1875P   2628
142,1,1853,1873,1875,1;                                             1877P   2629
144,1853,1,0,1877;                                                  1879P   2630
110,-25.807557033,14.9,0.,-25.807557033,14.9,1000.;                 1881P   2631
110,-24.307557033,14.9,0.,-24.307557033,14.9,3.;                    1883P   2632
120,1881,1883,0.,6.28318530717959;                                  1885P   2633
126,1,1,1,0,1,0,0.,0.,1.,1.,1.,1.,1.,3.141592654,0.,1.,0.,0.,       1887P   2634
0.,1.,0.,0.,1.;                                                     1887P   2635
124,-1.,-6.98296267768627E-015,0.,-51.6151140655516,                1889P   2636
-6.98296267768627E-015,1.,-6.98296267768627E-015,                   1889P   2637
-1.58934079268282E-013,4.87617677579594E-029,                       1889P   2638
-6.98296267768627E-015,-1.,6.0000000000001;                         1889P   2639
100,3.,-25.807557033,14.9,-24.307557033,14.9,-27.307557033,         1891P   2640
14.9;                                                               1891P   2641
126,1,1,1,0,1,0,0.,0.,1.,1.,1.,1.,1.,0.,0.,0.,0.,0.,0.,1.,0.,       1893P   2642
0.,1.;                                                              1893P   2643
110,-24.307557033,14.9,3.,-24.307557033,14.9,0.;                    1895P   2644
126,1,1,1,0,1,0,0.,0.,1.,1.,1.,1.,0.,0.,0.,0.,3.141592654,0.,       1897P   2645
0.,1.,0.,0.,1.;                                                     1897P   2646
100,0.,-25.807557033,14.9,-24.307557033,14.9,-27.307557033,         1899P   2647
14.9;                                                               1899P   2648
126,1,1,1,0,1,0,0.,0.,1.,1.,1.,1.,0.,3.141592654,0.,1.,             1901P   2649
3.141592654,0.,0.,1.,0.,0.,1.;                                      1901P   2650
110,-27.307557033,14.9,0.,-27.307557033,14.9,3.;                    1903P   2651
102,4,1887,1893,1897,1901;                                          1905P   2652
102,4,1891,1895,1899,1903;                                          1907P   2653
142,1,1885,1905,1907,1;                                             1909P   2654
144,1885,1,0,1909;                                                  1911P   2655
110,-25.807557033,-14.9,0.,-25.807557033,-14.9,1000.;               1913P   2656
110,-24.307557033,-14.9,0.,-24.307557033,-14.9,3.;                  1915P   2657
120,1913,1915,0.,6.28318530717959;                                  1917P   2658
126,1,1,1,0,1,0,0.,0.,1.,1.,1.,1.,1.,3.141592654,0.,1.,0.,0.,       1919P   2659
0.,1.,0.,0.,1.;                                                     1919P   2660
124,-1.,-6.98296267768627E-015,0.,-51.6151140655501,                1921P   2661
-6.98296267768627E-015,1.,-6.98296267768627E-015,                   1921P   2662
-1.58934079268273E-013,4.87617677579594E-029,                       1921P   2663
-6.98296267768627E-015,-1.,5.9999999999999;                         1921P   2664
100,3.,-25.807557033,-14.9,-24.307557033,-14.9,-27.307557033,       1923P   2665
-14.9;                                                              1923P   2666
126,1,1,1,0,1,0,0.,0.,1.,1.,1.,1.,1.,0.,0.,0.,0.,0.,0.,1.,0.,       1925P   2667
0.,1.;                                                              1925P   2668
110,-24.307557033,-14.9,3.,-24.307557033,-14.9,0.;                  1927P   2669
126,1,1,1,0,1,0,0.,0.,1.,1.,1.,1.,0.,0.,0.,0.,3.141592654,0.,       1929P   2670
0.,1.,0.,0.,1.;                                                     1929P   2671
100,0.,-25.807557033,-14.9,-24.307557033,-14.9,-27.307557033,       1931P   2672
-14.9;                                                              1931P   2673
126,1,1,1,0,1,0,0.,0.,1.,1.,1.,1.,0.,3.141592654,0.,1.,             1933P   2674
3.141592654,0.,0.,1.,0.,0.,1.;                                      1933P   2675
110,-27.307557033,-14.9,0.,-27.307557033,-14.9,3.;                  1935P   2676
102,4,1919,1925,1929,1933;                                          1937P   2677
102,4,1923,1927,1931,1935;                                          1939P   2678
142,1,1917,1937,1939,1;                                             1941P   2679
144,1917,1,0,1941;                                                  1943P   2680
110,0.,-29.8,0.,0.,-29.8,1000.;                                     1945P   2681
110,1.5,-29.8,0.,1.5,-29.8,3.;                                      1947P   2682
120,1945,1947,0.,6.28318530717959;                                  1949P   2683
126,1,1,1,0,1,0,0.,0.,1.,1.,1.,1.,1.,3.141592654,0.,1.,0.,0.,       1951P   2684
0.,1.,0.,0.,1.;                                                     1951P   2685
124,-1.,-6.98296267768627E-015,0.,3.16517768646327E-012,            1953P   2686
-6.98296267768627E-015,1.,-6.98296267768627E-015,                   1953P   2687
2.10810943544166E-014,4.87617677579594E-029,                        1953P   2688
-6.98296267768627E-015,-1.,5.99999999999979;                        1953P   2689
100,3.,0.,-29.8,1.5,-29.8,-1.5,-29.8;                               1955P   2690
126,1,1,1,0,1,0,0.,0.,1.,1.,1.,1.,1.,0.,0.,0.,0.,0.,0.,1.,0.,       1957P   2691
0.,1.;                                                              1957P   2692
110,1.5,-29.8,3.,1.5,-29.8,0.;                                      1959P   2693
126,1,1,1,0,1,0,0.,0.,1.,1.,1.,1.,0.,0.,0.,0.,3.141592654,0.,       1961P   2694
0.,1.,0.,0.,1.;                                                     1961P   2695
100,0.,0.,-29.8,1.5,-29.8,-1.5,-29.8;                               1963P   2696
126,1,1,1,0,1,0,0.,0.,1.,1.,1.,1.,0.,3.141592654,0.,1.,             1965P   2697
3.141592654,0.,0.,1.,0.,0.,1.;                                      1965P   2698
110,-1.5,-29.8,0.,-1.5,-29.8,3.;                                    1967P   2699
102,4,1951,1957,1961,1965;                                          1969P   2700
102,4,1955,1959,1963,1967;                                          1971P   2701
142,1,1949,1969,1971,1;                                             1973P   2702
144,1949,1,0,1973;                                                  1975P   2703
110,25.807557033,-14.9,0.,25.807557033,-14.9,1000.;                 1977P   2704
110,27.307557033,-14.9,0.,27.307557033,-14.9,3.;                    1979P   2705
120,1977,1979,0.,6.28318530717959;                                  1981P   2706
126,1,1,1,0,1,0,0.,0.,1.,1.,1.,1.,1.,3.141592654,0.,1.,0.,0.,       1983P   2707
0.,1.,0.,0.,1.;                                                     1983P   2708
124,-1.,-6.98296267768627E-015,0.,51.615114065555,                  1985P   2709
-6.98296267768627E-015,1.,-6.98296267768627E-015,                   1985P   2710
2.01096267977097E-013,4.87617677579594E-029,                        1985P   2711
-6.98296267768627E-015,-1.,5.9999999999999;                         1985P   2712
100,3.,25.807557033,-14.9,27.307557033,-14.9,24.307557033,          1987P   2713
-14.9;                                                              1987P   2714
126,1,1,1,0,1,0,0.,0.,1.,1.,1.,1.,1.,0.,0.,0.,0.,0.,0.,1.,0.,       1989P   2715
0.,1.;                                                              1989P   2716
110,27.307557033,-14.9,3.,27.307557033,-14.9,0.;                    1991P   2717
126,1,1,1,0,1,0,0.,0.,1.,1.,1.,1.,0.,0.,0.,0.,3.141592654,0.,       1993P   2718
0.,1.,0.,0.,1.;                                                     1993P   2719
100,0.,25.807557033,-14.9,27.307557033,-14.9,24.307557033,          1995P   2720
-14.9;                                                              1995P   2721
126,1,1,1,0,1,0,0.,0.,1.,1.,1.,1.,0.,3.141592654,0.,1.,             1997P   2722
3.141592654,0.,0.,1.,0.,0.,1.;                                      1997P   2723
110,24.307557033,-14.9,0.,24.307557033,-14.9,3.;                    1999P   2724
102,4,1983,1989,1993,1997;                                          2001P   2725
102,4,1987,1991,1995,1999;                                          2003P   2726
142,1,1981,2001,2003,1;                                             2005P   2727
144,1981,1,0,2005;                                                  2007P   2728
110,25.807557033,14.9,0.,25.807557033,14.9,1000.;                   2009P   2729
110,27.307557033,14.9,0.,27.307557033,14.9,3.;                      2011P   2730
120,2009,2011,0.,6.28318530717959;                                  2013P   2731
126,1,1,1,0,1,0,0.,0.,1.,1.,1.,1.,1.,3.141592654,0.,1.,0.,0.,       2015P   2732
0.,1.,0.,0.,1.;                                                     2015P   2733
124,-1.,-6.98296267768627E-015,0.,51.6151140655535,                 2017P   2734
-6.98296267768627E-015,1.,-6.98296267768627E-015,                   2017P   2735
2.01096267977088E-013,4.87617677579594E-029,                        2017P   2736
-6.98296267768627E-015,-1.,6.0000000000001;                         2017P   2737
100,3.,25.807557033,14.9,27.307557033,14.9,24.307557033,14.9;       2019P   2738
126,1,1,1,0,1,0,0.,0.,1.,1.,1.,1.,1.,0.,0.,0.,0.,0.,0.,1.,0.,       2021P   2739
0.,1.;                                                              2021P   2740
110,27.307557033,14.9,3.,27.307557033,14.9,0.;                      2023P   2741
126,1,1,1,0,1,0,0.,0.,1.,1.,1.,1.,0.,0.,0.,0.,3.141592654,0.,       2025P   2742
0.,1.,0.,0.,1.;                                                     2025P   2743
100,0.,25.807557033,14.9,27.307557033,14.9,24.307557033,14.9;       2027P   2744
126,1,1,1,0,1,0,0.,0.,1.,1.,1.,1.,0.,3.141592654,0.,1.,             2029P   2745
3.141592654,0.,0.,1.,0.,0.,1.;                                      2029P   2746
110,24.307557033,14.9,0.,24.307557033,14.9,3.;                      2031P   2747
102,4,2015,2021,2025,2029;                                          2033P   2748
102,4,2019,2023,2027,2031;                                          2035P   2749
142,1,2013,2033,2035,1;                                             2037P   2750
144,2013,1,0,2037;                                                  2039P   2751
128,1,1,1,1,0,0,1,0,0,0.,0.,1.,1.,0.,0.,1.,1.,1.,1.,1.,1.,          2041P   2752
-11.015641537,-36.936732841,3.,-11.015641537,-36.936732841,0.,      2041P   2753
-11.015641537,-32.936732841,3.,-11.015641537,-32.936732841,0.,      2041P   2754
0.,1.,0.,1.;                                                        2041P   2755
126,1,1,1,0,1,0,0.,0.,1.,1.,1.,1.,0.,0.,0.,1.,0.,0.,0.,1.,0.,       2043P   2756
0.,1.;                                                              2043P   2757
110,-11.015641537,-36.936732841,3.,-11.015641537,-36.936732841,     2045P   2758
0.;                                                                 2045P   2759
126,1,1,1,0,1,0,0.,0.,1.,1.,1.,1.,1.,0.,0.,1.,1.,0.,0.,1.,0.,       2047P   2760
0.,1.;                                                              2047P   2761
110,-11.015641537,-36.936732841,0.,-11.015641537,-32.936732841,     2049P   2762
0.;                                                                 2049P   2763
126,1,1,1,0,1,0,0.,0.,1.,1.,1.,1.,1.,1.,0.,0.,1.,0.,0.,1.,0.,       2051P   2764
0.,1.;                                                              2051P   2765
110,-11.015641537,-32.936732841,0.,-11.015641537,-32.936732841,     2053P   2766
3.;                                                                 2053P   2767
126,1,1,1,0,1,0,0.,0.,1.,1.,1.,1.,0.,1.,0.,0.,0.,0.,0.,1.,0.,       2055P   2768
0.,1.;                                                              2055P   2769
110,-11.015641537,-32.936732841,3.,-11.015641537,-36.936732841,     2057P   2770
3.;                                                                 2057P   2771
102,4,2043,2047,2051,2055;                                          2059P   2772
102,4,2045,2049,2053,2057;                                          2061P   2773
142,1,2041,2059,2061,1;                                             2063P   2774
144,2041,1,0,2063;                                                  2065P   2775
128,1,1,1,1,0,0,1,0,0,0.,0.,1.,1.,0.,0.,1.,1.,1.,1.,1.,1.,          2067P   2776
-32.015641537,-36.936732841,3.,-32.015641537,-36.936732841,0.,      2067P   2777
-11.015641537,-36.936732841,3.,-11.015641537,-36.936732841,0.,      2067P   2778
0.,1.,0.,1.;                                                        2067P   2779
126,1,1,1,0,1,0,0.,0.,1.,1.,1.,1.,0.,0.,0.,1.,0.,0.,0.,1.,0.,       2069P   2780
0.,1.;                                                              2069P   2781
110,-32.015641537,-36.936732841,3.,-32.015641537,-36.936732841,     2071P   2782
0.;                                                                 2071P   2783
126,1,1,1,0,1,0,0.,0.,1.,1.,1.,1.,1.,0.,0.,1.,1.,0.,0.,1.,0.,       2073P   2784
0.,1.;                                                              2073P   2785
110,-32.015641537,-36.936732841,0.,-11.015641537,-36.936732841,     2075P   2786
0.;                                                                 2075P   2787
126,1,1,1,0,1,0,0.,0.,1.,1.,1.,1.,1.,1.,0.,0.,1.,0.,0.,1.,0.,       2077P   2788
0.,1.;                                                              2077P   2789
110,-11.015641537,-36.936732841,0.,-11.015641537,-36.936732841,     2079P   2790
3.;                                                                 2079P   2791
126,1,1,1,0,1,0,0.,0.,1.,1.,1.,1.,0.,1.,0.,0.,0.,0.,0.,1.,0.,       2081P   2792
0.,1.;                                                              2081P   2793
110,-11.015641537,-36.936732841,3.,-32.015641537,-36.936732841,     2083P   2794
3.;                                                                 2083P   2795
102,4,2069,2073,2077,2081;                                          2085P   2796
102,4,2071,2075,2079,2083;                                          2087P   2797
142,1,2067,2085,2087,1;                                             2089P   2798
144,2067,1,0,2089;                                                  2091P   2799
128,1,1,1,1,0,0,1,0,0,0.,0.,1.,1.,0.,0.,1.,1.,1.,1.,1.,1.,          2093P   2800
-32.015641537,-36.936732841,0.,-32.015641537,-36.936732841,3.,      2093P   2801
-32.015641537,-32.936732841,0.,-32.015641537,-32.936732841,3.,      2093P   2802
0.,1.,0.,1.;                                                        2093P   2803
126,1,1,1,0,1,0,0.,0.,1.,1.,1.,1.,1.,1.,0.,0.,1.,0.,0.,1.,0.,       2095P   2804
0.,1.;                                                              2095P   2805
110,-32.015641537,-32.936732841,3.,-32.015641537,-32.936732841,     2097P   2806
0.;                                                                 2097P   2807
126,1,1,1,0,1,0,0.,0.,1.,1.,1.,1.,0.,1.,0.,0.,0.,0.,0.,1.,0.,       2099P   2808
0.,1.;                                                              2099P   2809
110,-32.015641537,-32.936732841,0.,-32.015641537,-36.936732841,     2101P   2810
0.;                                                                 2101P   2811
126,1,1,1,0,1,0,0.,0.,1.,1.,1.,1.,0.,0.,0.,1.,0.,0.,0.,1.,0.,       2103P   2812
0.,1.;                                                              2103P   2813
110,-32.015641537,-36.936732841,0.,-32.015641537,-36.936732841,     2105P   2814
3.;                                                                 2105P   2815
126,1,1,1,0,1,0,0.,0.,1.,1.,1.,1.,1.,0.,0.,1.,1.,0.,0.,1.,0.,       2107P   2816
0.,1.;                                                              2107P   2817
110,-32.015641537,-36.936732841,3.,-32.015641537,-32.936732841,     2109P   2818
3.;                                                                 2109P   2819
102,4,2095,2099,2103,2107;                                          2111P   2820
102,4,2097,2101,2105,2109;                                          2113P   2821
142,1,2093,2111,2113,1;                                             2115P   2822
144,2093,1,0,2115;                                                  2117P   2823
128,1,1,1,1,0,0,1,0,0,0.,0.,1.,1.,0.,0.,1.,1.,1.,1.,1.,1.,          2119P   2824
-32.015641537,-32.936732841,0.,-32.015641537,-32.936732841,3.,      2119P   2825
-11.015641537,-32.936732841,0.,-11.015641537,-32.936732841,3.,      2119P   2826
0.,1.,0.,1.;                                                        2119P   2827
126,1,1,1,0,1,0,0.,0.,1.,1.,1.,1.,1.,1.,0.,0.,1.,0.,0.,1.,0.,       2121P   2828
0.,1.;                                                              2121P   2829
110,-11.015641537,-32.936732841,3.,-11.015641537,-32.936732841,     2123P   2830
0.;                                                                 2123P   2831
126,1,1,1,0,1,0,0.,0.,1.,1.,1.,1.,0.,1.,0.,0.,0.,0.,0.,1.,0.,       2125P   2832
0.,1.;                                                              2125P   2833
110,-11.015641537,-32.936732841,0.,-32.015641537,-32.936732841,     2127P   2834
0.;                                                                 2127P   2835
126,1,1,1,0,1,0,0.,0.,1.,1.,1.,1.,0.,0.,0.,1.,0.,0.,0.,1.,0.,       2129P   2836
0.,1.;                                                              2129P   2837
110,-32.015641537,-32.936732841,0.,-32.015641537,-32.936732841,     2131P   2838
3.;                                                                 2131P   2839
126,1,1,1,0,1,0,0.,0.,1.,1.,1.,1.,1.,0.,0.,1.,1.,0.,0.,1.,0.,       2133P   2840
0.,1.;                                                              2133P   2841
110,-32.015641537,-32.936732841,3.,-11.015641537,-32.936732841,     2135P   2842
3.;                                                                 2135P   2843
102,4,2121,2125,2129,2133;                                          2137P   2844
102,4,2123,2127,2131,2135;                                          2139P   2845
142,1,2119,2137,2139,1;                                             2141P   2846
144,2119,1,0,2141;                                                  2143P   2847
128,1,1,1,1,0,0,1,0,0,0.,0.,1.,1.,0.,0.,1.,1.,1.,1.,1.,1.,          2145P   2848
11.015641537,-36.936732841,0.,11.015641537,-36.936732841,3.,        2145P   2849
11.015641537,-32.936732841,0.,11.015641537,-32.936732841,3.,0.,     2145P   2850
1.,0.,1.;                                                           2145P   2851
126,1,1,1,0,1,0,0.,0.,1.,1.,1.,1.,1.,1.,0.,0.,1.,0.,0.,1.,0.,       2147P   2852
0.,1.;                                                              2147P   2853
110,11.015641537,-32.936732841,3.,11.015641537,-32.936732841,       2149P   2854
0.;                                                                 2149P   2855
126,1,1,1,0,1,0,0.,0.,1.,1.,1.,1.,0.,1.,0.,0.,0.,0.,0.,1.,0.,       2151P   2856
0.,1.;                                                              2151P   2857
110,11.015641537,-32.936732841,0.,11.015641537,-36.936732841,       2153P   2858
0.;                                                                 2153P   2859
126,1,1,1,0,1,0,0.,0.,1.,1.,1.,1.,0.,0.,0.,1.,0.,0.,0.,1.,0.,       2155P   2860
0.,1.;                                                              2155P   2861
110,11.015641537,-36.936732841,0.,11.015641537,-36.936732841,       2157P   2862
3.;                                                                 2157P   2863
126,1,1,1,0,1,0,0.,0.,1.,1.,1.,1.,1.,0.,0.,1.,1.,0.,0.,1.,0.,       2159P   2864
0.,1.;                                                              2159P   2865
110,11.015641537,-36.936732841,3.,11.015641537,-32.936732841,       2161P   2866
3.;                                                                 2161P   2867
102,4,2147,2151,2155,2159;                                          2163P   2868
102,4,2149,2153,2157,2161;                                          2165P   2869
142,1,2145,2163,2165,1;                                             2167P   2870
144,2145,1,0,2167;                                                  2169P   2871
128,1,1,1,1,0,0,1,0,0,0.,0.,1.,1.,0.,0.,1.,1.,1.,1.,1.,1.,          2171P   2872
11.015641537,-32.936732841,0.,11.015641537,-32.936732841,3.,        2171P   2873
32.015641537,-32.936732841,0.,32.015641537,-32.936732841,3.,0.,     2171P   2874
1.,0.,1.;                                                           2171P   2875
126,1,1,1,0,1,0,0.,0.,1.,1.,1.,1.,1.,1.,0.,0.,1.,0.,0.,1.,0.,       2173P   2876
0.,1.;                                                              2173P   2877
110,32.015641537,-32.936732841,3.,32.015641537,-32.936732841,       2175P   2878
0.;                                                                 2175P   2879
126,1,1,1,0,1,0,0.,0.,1.,1.,1.,1.,0.,1.,0.,0.,0.,0.,0.,1.,0.,       2177P   2880
0.,1.;                                                              2177P   2881
110,32.015641537,-32.936732841,0.,11.015641537,-32.936732841,       2179P   2882
0.;                                                                 2179P   2883
126,1,1,1,0,1,0,0.,0.,1.,1.,1.,1.,0.,0.,0.,1.,0.,0.,0.,1.,0.,       2181P   2884
0.,1.;                                                              2181P   2885
110,11.015641537,-32.936732841,0.,11.015641537,-32.936732841,       2183P   2886
3.;                                                                 2183P   2887
126,1,1,1,0,1,0,0.,0.,1.,1.,1.,1.,1.,0.,0.,1.,1.,0.,0.,1.,0.,       2185P   2888
0.,1.;                                                              2185P   2889
110,11.015641537,-32.936732841,3.,32.015641537,-32.936732841,       2187P   2890
3.;                                                                 2187P   2891
102,4,2173,2177,2181,2185;                                          2189P   2892
102,4,2175,2179,2183,2187;                                          2191P   2893
142,1,2171,2189,2191,1;                                             2193P   2894
144,2171,1,0,2193;                                                  2195P   2895
128,1,1,1,1,0,0,1,0,0,0.,0.,1.,1.,0.,0.,1.,1.,1.,1.,1.,1.,          2197P   2896
32.015641537,-36.936732841,3.,32.015641537,-36.936732841,0.,        2197P   2897
32.015641537,-32.936732841,3.,32.015641537,-32.936732841,0.,0.,     2197P   2898
1.,0.,1.;                                                           2197P   2899
126,1,1,1,0,1,0,0.,0.,1.,1.,1.,1.,0.,0.,0.,1.,0.,0.,0.,1.,0.,       2199P   2900
0.,1.;                                                              2199P   2901
110,32.015641537,-36.936732841,3.,32.015641537,-36.936732841,       2201P   2902
0.;                                                                 2201P   2903
126,1,1,1,0,1,0,0.,0.,1.,1.,1.,1.,1.,0.,0.,1.,1.,0.,0.,1.,0.,       2203P   2904
0.,1.;                                                              2203P   2905
110,32.015641537,-36.936732841,0.,32.015641537,-32.936732841,       2205P   2906
0.;                                                                 2205P   2907
126,1,1,1,0,1,0,0.,0.,1.,1.,1.,1.,1.,1.,0.,0.,1.,0.,0.,1.,0.,       2207P   2908
0.,1.;                                                              2207P   2909
110,32.015641537,-32.936732841,0.,32.015641537,-32.936732841,       2209P   2910
3.;                                                                 2209P   2911
126,1,1,1,0,1,0,0.,0.,1.,1.,1.,1.,0.,1.,0.,0.,0.,0.,0.,1.,0.,       2211P   2912
0.,1.;                                                              2211P   2913
110,32.015641537,-32.936732841,3.,32.015641537,-36.936732841,       2213P   2914
3.;                                                                 2213P   2915
102,4,2199,2203,2207,2211;                                          2215P   2916
102,4,2201,2205,2209,2213;                                          2217P   2917
142,1,2197,2215,2217,1;                                             2219P   2918
144,2197,1,0,2219;                                                  2221P   2919
128,1,1,1,1,0,0,1,0,0,0.,0.,1.,1.,0.,0.,1.,1.,1.,1.,1.,1.,          2223P   2920
11.015641537,-36.936732841,3.,11.015641537,-36.936732841,0.,        2223P   2921
32.015641537,-36.936732841,3.,32.015641537,-36.936732841,0.,0.,     2223P   2922
1.,0.,1.;                                                           2223P   2923
126,1,1,1,0,1,0,0.,0.,1.,1.,1.,1.,0.,0.,0.,1.,0.,0.,0.,1.,0.,       2225P   2924
0.,1.;                                                              2225P   2925
110,11.015641537,-36.936732841,3.,11.015641537,-36.936732841,       2227P   2926
0.;                                                                 2227P   2927
126,1,1,1,0,1,0,0.,0.,1.,1.,1.,1.,1.,0.,0.,1.,1.,0.,0.,1.,0.,       2229P   2928
0.,1.;                                                              2229P   2929
110,11.015641537,-36.936732841,0.,32.015641537,-36.936732841,       2231P   2930
0.;                                                                 2231P   2931
126,1,1,1,0,1,0,0.,0.,1.,1.,1.,1.,1.,1.,0.,0.,1.,0.,0.,1.,0.,       2233P   2932
0.,1.;                                                              2233P   2933
110,32.015641537,-36.936732841,0.,32.015641537,-36.936732841,       2235P   2934
3.;                                                                 2235P   2935
126,1,1,1,0,1,0,0.,0.,1.,1.,1.,1.,0.,1.,0.,0.,0.,0.,0.,1.,0.,       2237P   2936
0.,1.;                                                              2237P   2937
110,32.015641537,-36.936732841,3.,11.015641537,-36.936732841,       2239P   2938
3.;                                                                 2239P   2939
102,4,2225,2229,2233,2237;                                          2241P   2940
102,4,2227,2231,2235,2239;                                          2243P   2941
142,1,2223,2241,2243,1;                                             2245P   2942
144,2223,1,0,2245;                                                  2247P   2943
110,0.,103.205080757,0.,0.,103.205080757,1000.;                     2249P   2944
110,3.,103.205080757,0.,3.,103.205080757,3.;                        2251P   2945
120,2249,2251,0.,6.28318530717959;                                  2253P   2946
126,1,1,1,0,1,0,0.,0.,1.,1.,1.,1.,1.,3.141592654,0.,1.,0.,0.,       2255P   2947
0.,1.,0.,0.,1.;                                                     2255P   2948
124,-1.,-6.98296267768627E-015,0.,7.26136280544416E-013,            2257P   2949
-6.98296267768627E-015,1.,-6.98296267768627E-015,                   2257P   2950
1.41422004504988E-014,4.87617677579594E-029,                        2257P   2951
-6.98296267768627E-015,-1.,6.00000000000072;                        2257P   2952
100,3.,0.,103.205080757,3.,103.205080757,-3.,103.205080757;         2259P   2953
126,1,1,1,0,1,0,0.,0.,1.,1.,1.,1.,1.,0.,0.,0.,0.,0.,0.,1.,0.,       2261P   2954
0.,1.;                                                              2261P   2955
110,3.,103.205080757,3.,3.,103.205080757,0.;                        2263P   2956
126,1,1,1,0,1,0,0.,0.,1.,1.,1.,1.,0.,0.,0.,0.,3.141592654,0.,       2265P   2957
0.,1.,0.,0.,1.;                                                     2265P   2958
100,0.,0.,103.205080757,3.,103.205080757,-3.,103.205080757;         2267P   2959
126,1,1,1,0,1,0,0.,0.,1.,1.,1.,1.,0.,3.141592654,0.,1.,             2269P   2960
3.141592654,0.,0.,1.,0.,0.,1.;                                      2269P   2961
110,-3.,103.205080757,0.,-3.,103.205080757,3.;                      2271P   2962
102,4,2255,2261,2265,2269;                                          2273P   2963
102,4,2259,2263,2267,2271;                                          2275P   2964
142,1,2253,2273,2275,1;                                             2277P   2965
144,2253,1,0,2277;                                                  2279P   2966
110,98.038475773,-56.602540378,0.,98.038475773,-56.602540378,       2281P   2967
1000.;                                                              2281P   2968
110,101.038475773,-56.602540378,0.,101.038475773,-56.602540378,     2283P   2969
3.;                                                                 2283P   2970
120,2281,2283,0.,6.28318530717959;                                  2285P   2971
126,1,1,1,0,1,0,0.,0.,1.,1.,1.,1.,1.,3.141592654,0.,1.,0.,0.,       2287P   2972
0.,1.,0.,0.,1.;                                                     2287P   2973
124,-1.,-6.98296267768627E-015,0.,196.076951545873,                 2289P   2974
-6.98296267768627E-015,1.,-6.98296267768627E-015,                   2289P   2975
7.03328632466907E-013,4.87617677579594E-029,                        2289P   2976
-6.98296267768627E-015,-1.,5.9999999999996;                         2289P   2977
100,3.,98.038475773,-56.602540378,101.038475773,-56.602540378,      2291P   2978
95.038475773,-56.602540378;                                         2291P   2979
126,1,1,1,0,1,0,0.,0.,1.,1.,1.,1.,1.,0.,0.,0.,0.,0.,0.,1.,0.,       2293P   2980
0.,1.;                                                              2293P   2981
110,101.038475773,-56.602540378,3.,101.038475773,-56.602540378,     2295P   2982
0.;                                                                 2295P   2983
126,1,1,1,0,1,0,0.,0.,1.,1.,1.,1.,0.,0.,0.,0.,3.141592654,0.,       2297P   2984
0.,1.,0.,0.,1.;                                                     2297P   2985
100,0.,98.038475773,-56.602540378,101.038475773,-56.602540378,      2299P   2986
95.038475773,-56.602540378;                                         2299P   2987
126,1,1,1,0,1,0,0.,0.,1.,1.,1.,1.,0.,3.141592654,0.,1.,             2301P   2988
3.141592654,0.,0.,1.,0.,0.,1.;                                      2301P   2989
110,95.038475773,-56.602540378,0.,95.038475773,-56.602540378,       2303P   2990
3.;                                                                 2303P   2991
102,4,2287,2293,2297,2301;                                          2305P   2992
102,4,2291,2295,2299,2303;                                          2307P   2993
142,1,2285,2305,2307,1;                                             2309P   2994
144,2285,1,0,2309;                                                  2311P   2995
110,-98.038475773,-56.602540378,0.,-98.038475773,-56.602540378,     2313P   2996
1000.;                                                              2313P   2997
110,-95.038475773,-56.602540378,0.,-95.038475773,-56.602540378,     2315P   2998
3.;                                                                 2315P   2999
120,2313,2315,0.,6.28318530717959;                                  2317P   3000
126,1,1,1,0,1,0,0.,0.,1.,1.,1.,1.,1.,3.141592654,0.,1.,0.,0.,       2319P   3001
0.,1.,0.,0.,1.;                                                     2319P   3002
124,-1.,-6.98296267768627E-015,0.,-196.076951545861,                2321P   3003
-6.98296267768627E-015,1.,-6.98296267768627E-015,                   2321P   3004
-6.6116644375804E-013,4.87617677579594E-029,                        2321P   3005
-6.98296267768627E-015,-1.,5.9999999999996;                         2321P   3006
100,3.,-98.038475773,-56.602540378,-95.038475773,-56.602540378,     2323P   3007
-101.038475773,-56.602540378;                                       2323P   3008
126,1,1,1,0,1,0,0.,0.,1.,1.,1.,1.,1.,0.,0.,0.,0.,0.,0.,1.,0.,       2325P   3009
0.,1.;                                                              2325P   3010
110,-95.038475773,-56.602540378,3.,-95.038475773,-56.602540378,     2327P   3011
0.;                                                                 2327P   3012
126,1,1,1,0,1,0,0.,0.,1.,1.,1.,1.,0.,0.,0.,0.,3.141592654,0.,       2329P   3013
0.,1.,0.,0.,1.;                                                     2329P   3014
100,0.,-98.038475773,-56.602540378,-95.038475773,-56.602540378,     2331P   3015
-101.038475773,-56.602540378;                                       2331P   3016
126,1,1,1,0,1,0,0.,0.,1.,1.,1.,1.,0.,3.141592654,0.,1.,             2333P   3017
3.141592654,0.,0.,1.,0.,0.,1.;                                      2333P   3018
110,-101.038475773,-56.602540378,0.,-101.038475773,                 2335P   3019
-56.602540378,3.;                                                   2335P   3020
102,4,2319,2325,2329,2333;                                          2337P   3021
102,4,2323,2327,2331,2335;                                          2339P   3022
142,1,2317,2337,2339,1;                                             2341P   3023
144,2317,1,0,2341;                                                  2343P   3024
128,1,1,1,1,0,0,1,0,0,0.,0.,1.,1.,0.,0.,1.,1.,1.,1.,1.,1.,          2345P   3025
-10.500337481,112.686347668,0.,-10.500337481,112.686347668,3.,      2345P   3026
10.500337481,112.686347668,0.,10.500337481,112.686347668,3.,0.,     2345P   3027
1.,0.,1.;                                                           2345P   3028
126,1,1,1,0,1,0,0.,0.,1.,1.,1.,1.,0.,1.,0.,0.,0.,0.,0.,1.,0.,       2347P   3029
0.,1.;                                                              2347P   3030
110,10.500337481,112.686347668,0.,-10.500337481,112.686347668,      2349P   3031
0.;                                                                 2349P   3032
126,1,1,1,0,1,0,0.,0.,1.,1.,1.,1.,0.,0.,0.,1.,0.,0.,0.,1.,0.,       2351P   3033
0.,1.;                                                              2351P   3034
110,-10.500337481,112.686347668,0.,-10.500337481,112.686347668,     2353P   3035
3.;                                                                 2353P   3036
126,1,1,1,0,1,0,0.,0.,1.,1.,1.,1.,1.,0.,0.,1.,1.,0.,0.,1.,0.,       2355P   3037
0.,1.;                                                              2355P   3038
110,-10.500337481,112.686347668,3.,10.500337481,112.686347668,      2357P   3039
3.;                                                                 2357P   3040
126,1,1,1,0,1,0,0.,0.,1.,1.,1.,1.,1.,1.,0.,0.,1.,0.,0.,1.,0.,       2359P   3041
0.,1.;                                                              2359P   3042
110,10.500337481,112.686347668,3.,10.500337481,112.686347668,       2361P   3043
0.;                                                                 2361P   3044
102,4,2347,2351,2355,2359;                                          2363P   3045
102,4,2349,2353,2357,2361;                                          2365P   3046
142,1,2345,2363,2365,1;                                             2367P   3047
144,2345,1,0,2367;                                                  2369P   3048
110,-10.500337481,102.686347668,10.,-10.500337481,                  2371P   3049
102.686347668,-990.;                                                2371P   3050
110,-20.500337481,102.686347668,3.,-20.500337481,102.686347668,     2373P   3051
0.;                                                                 2373P   3052
120,2371,2373,0.,6.28318530717959;                                  2375P   3053
126,1,1,1,0,1,0,0.,0.,1.,1.,1.,1.,1.,1.570796327,0.,1.,             2377P   3054
0.523598776,0.,0.,1.,0.,0.,1.;                                      2377P   3055
100,0.,-10.500337481,102.686347668,-10.500337481,112.686347668,     2379P   3056
-19.160591519,107.686347668;                                        2379P   3057
126,1,1,1,0,1,0,0.,0.,1.,1.,1.,1.,1.,0.523598776,0.,0.,             2381P   3058
0.523598776,0.,0.,1.,0.,0.,1.;                                      2381P   3059
110,-19.160591519,107.686347668,0.,-19.160591519,107.686347668,     2383P   3060
3.;                                                                 2383P   3061
126,1,1,1,0,1,0,0.,0.,1.,1.,1.,1.,0.,0.523598776,0.,0.,             2385P   3062
1.570796327,0.,0.,1.,0.,0.,1.;                                      2385P   3063
124,-0.866025403784439,0.499999999999999,6.98296267768627E-015,     2387P   3064
-70.9370703225552,0.499999999999999,0.866025403784439,0.,           2387P   3065
19.0075307063584,-6.04742307255492E-015,3.49148133884313E-015,      2387P   3066
-1.,5.99999999999958;                                               2387P   3067
100,3.,-10.500337481,102.686347668,-0.500337481,102.686347668,      2389P   3068
-5.500337481,111.346601706;                                         2389P   3069
126,1,1,1,0,1,0,0.,0.,1.,1.,1.,1.,0.,1.570796327,0.,1.,             2391P   3070
1.570796327,0.,0.,1.,0.,0.,1.;                                      2391P   3071
110,-10.500337481,112.686347668,3.,-10.500337481,112.686347668,     2393P   3072
0.;                                                                 2393P   3073
102,4,2377,2381,2385,2391;                                          2395P   3074
102,4,2379,2383,2389,2393;                                          2397P   3075
142,1,2375,2395,2397,1;                                             2399P   3076
144,2375,1,0,2399;                                                  2401P   3077
110,10.500337481,102.686347668,10.,10.500337481,102.686347668,      2403P   3078
1010.;                                                              2403P   3079
110,20.500337481,102.686347668,0.,20.500337481,102.686347668,       2405P   3080
3.;                                                                 2405P   3081
120,2403,2405,0.,6.28318530717959;                                  2407P   3082
126,1,1,1,0,1,0,0.,0.,1.,1.,1.,1.,1.,1.570796327,0.,1.,             2409P   3083
0.523598776,0.,0.,1.,0.,0.,1.;                                      2409P   3084
124,-5.55111512312578E-017,1.,3.49148133884312E-015,                2411P   3085
-92.186010186407,1.,1.11022302462516E-016,                          2411P   3086
-6.04742307255492E-015,92.186010186407,-6.04742307255492E-015,      2411P   3087
3.49148133884312E-015,-1.,5.99999999999971;                         2411P   3088
100,3.,10.500337481,102.686347668,20.500337481,102.686347668,       2413P   3089
15.500337481,111.346601706;                                         2413P   3090
126,1,1,1,0,1,0,0.,0.,1.,1.,1.,1.,1.,0.523598776,0.,0.,             2415P   3091
0.523598776,0.,0.,1.,0.,0.,1.;                                      2415P   3092
110,19.160591519,107.686347668,3.,19.160591519,107.686347668,       2417P   3093
0.;                                                                 2417P   3094
126,1,1,1,0,1,0,0.,0.,1.,1.,1.,1.,0.,0.523598776,0.,0.,             2419P   3095
1.570796327,0.,0.,1.,0.,0.,1.;                                      2419P   3096
100,0.,10.500337481,102.686347668,19.160591519,107.686347668,       2421P   3097
10.500337481,112.686347668;                                         2421P   3098
126,1,1,1,0,1,0,0.,0.,1.,1.,1.,1.,0.,1.570796327,0.,1.,             2423P   3099
1.570796327,0.,0.,1.,0.,0.,1.;                                      2423P   3100
110,10.500337481,112.686347668,0.,10.500337481,112.686347668,       2425P   3101
3.;                                                                 2425P   3102
102,4,2409,2415,2419,2423;                                          2427P   3103
102,4,2413,2417,2421,2425;                                          2429P   3104
142,1,2407,2427,2429,1;                                             2431P   3105
144,2407,1,0,2431;                                                  2433P   3106
S      1G      4D   2434P   3106                                        T      1
