SolidWorks IGES file using analytic representation for surfaces         S      1
1H,,1H;,9H2nd_floor,55HZ:\Dropbox\Floatsat\Mechanical_Models\Igs\2nd_floG      1
or.IGS,15HSolidWorks 2016,15HSolidWorks 2016,32,308,15,308,15,9H2nd_flooG      2
r,1.,2,2HMM,50,0.125,13H171214.022507,1E-008,499990.,13HMarcoSanroman,, G      3
11,0,13H171214.022507;                                                  G      4
     314       1       0       0       0                        00000200D      1
     314       0       8       1       0                               0D      2
     110       2       0       0       0                        01010000D      3
     110       0       0       2       0                               0D      4
     110       4       0       0       0                        01010000D      5
     110       0       0       2       0                               0D      6
     120       6       0       0       0                        01010000D      7
     120       0       0       1       0                               0D      8
     126       7       0       0       0                        01010500D      9
     126       0       0       2       0                               0D     10
     110       9       0       0       0                        01010000D     11
     110       0       0       2       0                               0D     12
     126      11       0       0       0                        01010500D     13
     126       0       0       2       0                               0D     14
     100      13       0       0       0                        01010000D     15
     100       0       0       2       0                               0D     16
     126      15       0       0       0                        01010500D     17
     126       0       0       2       0                               0D     18
     110      17       0       0       0                        01010000D     19
     110       0       0       1       0                               0D     20
     126      18       0       0       0                        01010500D     21
     126       0       0       2       0                               0D     22
     124      20       0       0       0                        00000000D     23
     124       0       0       4       0                               0D     24
     100      24       0       0       0              23        01010000D     25
     100       0       0       2       0                               0D     26
     102      26       0       0       0                        01010500D     27
     102       0       0       1       0                               0D     28
     102      27       0       0       0                        01010000D     29
     102       0       0       1       0                               0D     30
     142      28       0       0       0                        00010500D     31
     142       0       0       1       0                               0D     32
     144      29       0       0       0                        00000000D     33
     144       0      -1       1       0                               0D     34
     110      30       0       0       0                        01010000D     35
     110       0       0       2       0                               0D     36
     110      32       0       0       0                        01010000D     37
     110       0       0       2       0                               0D     38
     120      34       0       0       0                        01010000D     39
     120       0       0       1       0                               0D     40
     126      35       0       0       0                        01010500D     41
     126       0       0       2       0                               0D     42
     110      37       0       0       0                        01010000D     43
     110       0       0       2       0                               0D     44
     126      39       0       0       0                        01010500D     45
     126       0       0       2       0                               0D     46
     100      41       0       0       0                        01010000D     47
     100       0       0       2       0                               0D     48
     126      43       0       0       0                        01010500D     49
     126       0       0       2       0                               0D     50
     110      45       0       0       0                        01010000D     51
     110       0       0       2       0                               0D     52
     126      47       0       0       0                        01010500D     53
     126       0       0       2       0                               0D     54
     124      49       0       0       0                        00000000D     55
     124       0       0       4       0                               0D     56
     100      53       0       0       0              55        01010000D     57
     100       0       0       2       0                               0D     58
     102      55       0       0       0                        01010500D     59
     102       0       0       1       0                               0D     60
     102      56       0       0       0                        01010000D     61
     102       0       0       1       0                               0D     62
     142      57       0       0       0                        00010500D     63
     142       0       0       1       0                               0D     64
     144      58       0       0       0                        00000000D     65
     144       0      -1       1       0                               0D     66
     110      59       0       0       0                        01010000D     67
     110       0       0       2       0                               0D     68
     110      61       0       0       0                        01010000D     69
     110       0       0       1       0                               0D     70
     120      62       0       0       0                        01010000D     71
     120       0       0       1       0                               0D     72
     126      63       0       0       0                        01010500D     73
     126       0       0       2       0                               0D     74
     110      65       0       0       0                        01010000D     75
     110       0       0       1       0                               0D     76
     126      66       0       0       0                        01010500D     77
     126       0       0       2       0                               0D     78
     100      68       0       0       0                        01010000D     79
     100       0       0       2       0                               0D     80
     126      70       0       0       0                        01010500D     81
     126       0       0       2       0                               0D     82
     110      72       0       0       0                        01010000D     83
     110       0       0       1       0                               0D     84
     126      73       0       0       0                        01010500D     85
     126       0       0       2       0                               0D     86
     124      75       0       0       0                        00000000D     87
     124       0       0       4       0                               0D     88
     100      79       0       0       0              87        01010000D     89
     100       0       0       2       0                               0D     90
     102      81       0       0       0                        01010500D     91
     102       0       0       1       0                               0D     92
     102      82       0       0       0                        01010000D     93
     102       0       0       1       0                               0D     94
     142      83       0       0       0                        00010500D     95
     142       0       0       1       0                               0D     96
     144      84       0       0       0                        00000000D     97
     144       0      -1       1       0                               0D     98
     110      85       0       0       0                        01010000D     99
     110       0       0       1       0                               0D    100
     110      86       0       0       0                        01010000D    101
     110       0       0       1       0                               0D    102
     120      87       0       0       0                        01010000D    103
     120       0       0       1       0                               0D    104
     126      88       0       0       0                        01010500D    105
     126       0       0       2       0                               0D    106
     110      90       0       0       0                        01010000D    107
     110       0       0       1       0                               0D    108
     126      91       0       0       0                        01010500D    109
     126       0       0       2       0                               0D    110
     124      93       0       0       0                        00000000D    111
     124       0       0       4       0                               0D    112
     100      97       0       0       0             111        01010000D    113
     100       0       0       1       0                               0D    114
     126      98       0       0       0                        01010500D    115
     126       0       0       2       0                               0D    116
     110     100       0       0       0                        01010000D    117
     110       0       0       1       0                               0D    118
     126     101       0       0       0                        01010500D    119
     126       0       0       2       0                               0D    120
     100     103       0       0       0                        01010000D    121
     100       0       0       1       0                               0D    122
     102     104       0       0       0                        01010500D    123
     102       0       0       1       0                               0D    124
     102     105       0       0       0                        01010000D    125
     102       0       0       1       0                               0D    126
     142     106       0       0       0                        00010500D    127
     142       0       0       1       0                               0D    128
     144     107       0       0       0                        00000000D    129
     144       0      -1       1       0                               0D    130
     110     108       0       0       0                        01010000D    131
     110       0       0       1       0                               0D    132
     110     109       0       0       0                        01010000D    133
     110       0       0       1       0                               0D    134
     120     110       0       0       0                        01010000D    135
     120       0       0       1       0                               0D    136
     126     111       0       0       0                        01010500D    137
     126       0       0       2       0                               0D    138
     110     113       0       0       0                        01010000D    139
     110       0       0       1       0                               0D    140
     126     114       0       0       0                        01010500D    141
     126       0       0       2       0                               0D    142
     124     116       0       0       0                        00000000D    143
     124       0       0       4       0                               0D    144
     100     120       0       0       0             143        01010000D    145
     100       0       0       1       0                               0D    146
     126     121       0       0       0                        01010500D    147
     126       0       0       2       0                               0D    148
     110     123       0       0       0                        01010000D    149
     110       0       0       1       0                               0D    150
     126     124       0       0       0                        01010500D    151
     126       0       0       2       0                               0D    152
     100     126       0       0       0                        01010000D    153
     100       0       0       1       0                               0D    154
     102     127       0       0       0                        01010500D    155
     102       0       0       1       0                               0D    156
     102     128       0       0       0                        01010000D    157
     102       0       0       1       0                               0D    158
     142     129       0       0       0                        00010500D    159
     142       0       0       1       0                               0D    160
     144     130       0       0       0                        00000000D    161
     144       0      -1       1       0                               0D    162
     110     131       0       0       0                        01010000D    163
     110       0       0       1       0                               0D    164
     110     132       0       0       0                        01010000D    165
     110       0       0       1       0                               0D    166
     120     133       0       0       0                        01010000D    167
     120       0       0       1       0                               0D    168
     126     134       0       0       0                        01010500D    169
     126       0       0       2       0                               0D    170
     110     136       0       0       0                        01010000D    171
     110       0       0       1       0                               0D    172
     126     137       0       0       0                        01010500D    173
     126       0       0       2       0                               0D    174
     124     139       0       0       0                        00000000D    175
     124       0       0       4       0                               0D    176
     100     143       0       0       0             175        01010000D    177
     100       0       0       1       0                               0D    178
     126     144       0       0       0                        01010500D    179
     126       0       0       2       0                               0D    180
     110     146       0       0       0                        01010000D    181
     110       0       0       1       0                               0D    182
     126     147       0       0       0                        01010500D    183
     126       0       0       2       0                               0D    184
     100     149       0       0       0                        01010000D    185
     100       0       0       1       0                               0D    186
     102     150       0       0       0                        01010500D    187
     102       0       0       1       0                               0D    188
     102     151       0       0       0                        01010000D    189
     102       0       0       1       0                               0D    190
     142     152       0       0       0                        00010500D    191
     142       0       0       1       0                               0D    192
     144     153       0       0       0                        00000000D    193
     144       0      -1       1       0                               0D    194
     110     154       0       0       0                        01010000D    195
     110       0       0       1       0                               0D    196
     110     155       0       0       0                        01010000D    197
     110       0       0       1       0                               0D    198
     120     156       0       0       0                        01010000D    199
     120       0       0       1       0                               0D    200
     126     157       0       0       0                        01010500D    201
     126       0       0       2       0                               0D    202
     110     159       0       0       0                        01010000D    203
     110       0       0       1       0                               0D    204
     126     160       0       0       0                        01010500D    205
     126       0       0       2       0                               0D    206
     100     162       0       0       0                        01010000D    207
     100       0       0       1       0                               0D    208
     126     163       0       0       0                        01010500D    209
     126       0       0       2       0                               0D    210
     110     165       0       0       0                        01010000D    211
     110       0       0       1       0                               0D    212
     126     166       0       0       0                        01010500D    213
     126       0       0       2       0                               0D    214
     124     168       0       0       0                        00000000D    215
     124       0       0       3       0                               0D    216
     100     171       0       0       0             215        01010000D    217
     100       0       0       1       0                               0D    218
     102     172       0       0       0                        01010500D    219
     102       0       0       1       0                               0D    220
     102     173       0       0       0                        01010000D    221
     102       0       0       1       0                               0D    222
     142     174       0       0       0                        00010500D    223
     142       0       0       1       0                               0D    224
     144     175       0       0       0                        00000000D    225
     144       0      -1       1       0                               0D    226
     128     176       0       0       0                        01010000D    227
     128       0       0       3       0                               0D    228
     126     179       0       0       0                        01010500D    229
     126       0       0       2       0                               0D    230
     110     181       0       0       0                        01010000D    231
     110       0       0       1       0                               0D    232
     126     182       0       0       0                        01010500D    233
     126       0       0       2       0                               0D    234
     110     184       0       0       0                        01010000D    235
     110       0       0       1       0                               0D    236
     126     185       0       0       0                        01010500D    237
     126       0       0       2       0                               0D    238
     110     187       0       0       0                        01010000D    239
     110       0       0       1       0                               0D    240
     126     188       0       0       0                        01010500D    241
     126       0       0       2       0                               0D    242
     110     190       0       0       0                        01010000D    243
     110       0       0       1       0                               0D    244
     102     191       0       0       0                        01010500D    245
     102       0       0       1       0                               0D    246
     102     192       0       0       0                        01010000D    247
     102       0       0       1       0                               0D    248
     142     193       0       0       0                        00010500D    249
     142       0       0       1       0                               0D    250
     144     194       0       0       0                        00000000D    251
     144       0      -1       1       0                               0D    252
     128     195       0       0       0                        01010000D    253
     128       0       0       3       0                               0D    254
     126     198       0       0       0                        01010500D    255
     126       0       0       2       0                               0D    256
     110     200       0       0       0                        01010000D    257
     110       0       0       1       0                               0D    258
     126     201       0       0       0                        01010500D    259
     126       0       0       2       0                               0D    260
     110     203       0       0       0                        01010000D    261
     110       0       0       1       0                               0D    262
     126     204       0       0       0                        01010500D    263
     126       0       0       2       0                               0D    264
     110     206       0       0       0                        01010000D    265
     110       0       0       2       0                               0D    266
     126     208       0       0       0                        01010500D    267
     126       0       0       2       0                               0D    268
     110     210       0       0       0                        01010000D    269
     110       0       0       1       0                               0D    270
     102     211       0       0       0                        01010500D    271
     102       0       0       1       0                               0D    272
     102     212       0       0       0                        01010000D    273
     102       0       0       1       0                               0D    274
     142     213       0       0       0                        00010500D    275
     142       0       0       1       0                               0D    276
     144     214       0       0       0                        00000000D    277
     144       0      -1       1       0                               0D    278
     128     215       0       0       0                        01010000D    279
     128       0       0       4       0                               0D    280
     126     219       0       0       0                        01010500D    281
     126       0       0       2       0                               0D    282
     110     221       0       0       0                        01010000D    283
     110       0       0       1       0                               0D    284
     126     222       0       0       0                        01010500D    285
     126       0       0       2       0                               0D    286
     110     224       0       0       0                        01010000D    287
     110       0       0       1       0                               0D    288
     126     225       0       0       0                        01010500D    289
     126       0       0       2       0                               0D    290
     110     227       0       0       0                        01010000D    291
     110       0       0       2       0                               0D    292
     126     229       0       0       0                        01010500D    293
     126       0       0       2       0                               0D    294
     110     231       0       0       0                        01010000D    295
     110       0       0       1       0                               0D    296
     102     232       0       0       0                        01010500D    297
     102       0       0       1       0                               0D    298
     102     233       0       0       0                        01010000D    299
     102       0       0       1       0                               0D    300
     142     234       0       0       0                        00010500D    301
     142       0       0       1       0                               0D    302
     144     235       0       0       0                        00000000D    303
     144       0      -1       1       0                               0D    304
     128     236       0       0       0                        01010000D    305
     128       0       0       4       0                               0D    306
     126     240       0       0       0                        01010500D    307
     126       0       0       2       0                               0D    308
     110     242       0       0       0                        01010000D    309
     110       0       0       2       0                               0D    310
     126     244       0       0       0                        01010500D    311
     126       0       0       2       0                               0D    312
     110     246       0       0       0                        01010000D    313
     110       0       0       2       0                               0D    314
     126     248       0       0       0                        01010500D    315
     126       0       0       2       0                               0D    316
     110     250       0       0       0                        01010000D    317
     110       0       0       2       0                               0D    318
     126     252       0       0       0                        01010500D    319
     126       0       0       2       0                               0D    320
     110     254       0       0       0                        01010000D    321
     110       0       0       2       0                               0D    322
     102     256       0       0       0                        01010500D    323
     102       0       0       1       0                               0D    324
     102     257       0       0       0                        01010000D    325
     102       0       0       1       0                               0D    326
     142     258       0       0       0                        00010500D    327
     142       0       0       1       0                               0D    328
     144     259       0       0       0                        00000000D    329
     144       0      -1       1       0                               0D    330
     128     260       0       0       0                        01010000D    331
     128       0       0       3       0                               0D    332
     126     263       0       0       0                        01010500D    333
     126       0       0       2       0                               0D    334
     110     265       0       0       0                        01010000D    335
     110       0       0       1       0                               0D    336
     126     266       0       0       0                        01010500D    337
     126       0       0       2       0                               0D    338
     110     268       0       0       0                        01010000D    339
     110       0       0       1       0                               0D    340
     126     269       0       0       0                        01010500D    341
     126       0       0       2       0                               0D    342
     110     271       0       0       0                        01010000D    343
     110       0       0       2       0                               0D    344
     126     273       0       0       0                        01010500D    345
     126       0       0       2       0                               0D    346
     110     275       0       0       0                        01010000D    347
     110       0       0       1       0                               0D    348
     102     276       0       0       0                        01010500D    349
     102       0       0       1       0                               0D    350
     102     277       0       0       0                        01010000D    351
     102       0       0       1       0                               0D    352
     142     278       0       0       0                        00010500D    353
     142       0       0       1       0                               0D    354
     144     279       0       0       0                        00000000D    355
     144       0      -1       1       0                               0D    356
     128     280       0       0       0                        01010000D    357
     128       0       0       3       0                               0D    358
     126     283       0       0       0                        01010500D    359
     126       0       0       2       0                               0D    360
     110     285       0       0       0                        01010000D    361
     110       0       0       1       0                               0D    362
     126     286       0       0       0                        01010500D    363
     126       0       0       2       0                               0D    364
     110     288       0       0       0                        01010000D    365
     110       0       0       1       0                               0D    366
     126     289       0       0       0                        01010500D    367
     126       0       0       2       0                               0D    368
     110     291       0       0       0                        01010000D    369
     110       0       0       1       0                               0D    370
     126     292       0       0       0                        01010500D    371
     126       0       0       2       0                               0D    372
     110     294       0       0       0                        01010000D    373
     110       0       0       1       0                               0D    374
     102     295       0       0       0                        01010500D    375
     102       0       0       1       0                               0D    376
     102     296       0       0       0                        01010000D    377
     102       0       0       1       0                               0D    378
     142     297       0       0       0                        00010500D    379
     142       0       0       1       0                               0D    380
     144     298       0       0       0                        00000000D    381
     144       0      -1       1       0                               0D    382
     110     299       0       0       0                        01010000D    383
     110       0       0       1       0                               0D    384
     110     300       0       0       0                        01010000D    385
     110       0       0       1       0                               0D    386
     120     301       0       0       0                        01010000D    387
     120       0       0       1       0                               0D    388
     126     302       0       0       0                        01010500D    389
     126       0       0       2       0                               0D    390
     100     304       0       0       0                        01010000D    391
     100       0       0       1       0                               0D    392
     126     305       0       0       0                        01010500D    393
     126       0       0       2       0                               0D    394
     110     307       0       0       0                        01010000D    395
     110       0       0       1       0                               0D    396
     126     308       0       0       0                        01010500D    397
     126       0       0       2       0                               0D    398
     124     310       0       0       0                        00000000D    399
     124       0       0       4       0                               0D    400
     100     314       0       0       0             399        01010000D    401
     100       0       0       1       0                               0D    402
     126     315       0       0       0                        01010500D    403
     126       0       0       2       0                               0D    404
     110     317       0       0       0                        01010000D    405
     110       0       0       1       0                               0D    406
     102     318       0       0       0                        01010500D    407
     102       0       0       1       0                               0D    408
     102     319       0       0       0                        01010000D    409
     102       0       0       1       0                               0D    410
     142     320       0       0       0                        00010500D    411
     142       0       0       1       0                               0D    412
     144     321       0       0       0                        00000000D    413
     144       0      -1       1       0                               0D    414
     128     322       0       0       0                        01010000D    415
     128       0       0       3       0                               0D    416
     126     325       0       0       0                        01010500D    417
     126       0       0       2       0                               0D    418
     110     327       0       0       0                        01010000D    419
     110       0       0       1       0                               0D    420
     126     328       0       0       0                        01010500D    421
     126       0       0       2       0                               0D    422
     110     330       0       0       0                        01010000D    423
     110       0       0       1       0                               0D    424
     126     331       0       0       0                        01010500D    425
     126       0       0       2       0                               0D    426
     110     333       0       0       0                        01010000D    427
     110       0       0       1       0                               0D    428
     126     334       0       0       0                        01010500D    429
     126       0       0       2       0                               0D    430
     110     336       0       0       0                        01010000D    431
     110       0       0       1       0                               0D    432
     102     337       0       0       0                        01010500D    433
     102       0       0       1       0                               0D    434
     102     338       0       0       0                        01010000D    435
     102       0       0       1       0                               0D    436
     142     339       0       0       0                        00010500D    437
     142       0       0       1       0                               0D    438
     144     340       0       0       0                        00000000D    439
     144       0      -1       1       0                               0D    440
     128     341       0       0       0                        01010000D    441
     128       0       0       4       0                               0D    442
     126     345       0       0       0                        01010500D    443
     126       0       0       2       0                               0D    444
     110     347       0       0       0                        01010000D    445
     110       0       0       2       0                               0D    446
     126     349       0       0       0                        01010500D    447
     126       0       0       2       0                               0D    448
     110     351       0       0       0                        01010000D    449
     110       0       0       1       0                               0D    450
     126     352       0       0       0                        01010500D    451
     126       0       0       2       0                               0D    452
     110     354       0       0       0                        01010000D    453
     110       0       0       1       0                               0D    454
     126     355       0       0       0                        01010500D    455
     126       0       0       2       0                               0D    456
     110     357       0       0       0                        01010000D    457
     110       0       0       1       0                               0D    458
     126     358       0       0       0                        01010500D    459
     126       0       0       2       0                               0D    460
     110     360       0       0       0                        01010000D    461
     110       0       0       1       0                               0D    462
     126     361       0       0       0                        01010500D    463
     126       0       0       2       0                               0D    464
     110     363       0       0       0                        01010000D    465
     110       0       0       1       0                               0D    466
     126     364       0       0       0                        01010500D    467
     126       0       0       2       0                               0D    468
     110     366       0       0       0                        01010000D    469
     110       0       0       2       0                               0D    470
     126     368       0       0       0                        01010500D    471
     126       0       0       2       0                               0D    472
     110     370       0       0       0                        01010000D    473
     110       0       0       1       0                               0D    474
     126     371       0       0       0                        01010500D    475
     126       0       0       2       0                               0D    476
     110     373       0       0       0                        01010000D    477
     110       0       0       1       0                               0D    478
     126     374       0       0       0                        01010500D    479
     126       0       0       2       0                               0D    480
     110     376       0       0       0                        01010000D    481
     110       0       0       2       0                               0D    482
     102     378       0       0       0                        01010500D    483
     102       0       0       1       0                               0D    484
     102     379       0       0       0                        01010000D    485
     102       0       0       1       0                               0D    486
     142     380       0       0       0                        00010500D    487
     142       0       0       1       0                               0D    488
     126     381       0       0       0                        01010500D    489
     126       0       0       2       0                               0D    490
     110     383       0       0       0                        01010000D    491
     110       0       0       1       0                               0D    492
     126     384       0       0       0                        01010500D    493
     126       0       0       2       0                               0D    494
     110     386       0       0       0                        01010000D    495
     110       0       0       1       0                               0D    496
     126     387       0       0       0                        01010500D    497
     126       0       0       2       0                               0D    498
     110     389       0       0       0                        01010000D    499
     110       0       0       1       0                               0D    500
     126     390       0       0       0                        01010500D    501
     126       0       0       2       0                               0D    502
     110     392       0       0       0                        01010000D    503
     110       0       0       1       0                               0D    504
     102     393       0       0       0                        01010500D    505
     102       0       0       1       0                               0D    506
     102     394       0       0       0                        01010000D    507
     102       0       0       1       0                               0D    508
     142     395       0       0       0                        00010500D    509
     142       0       0       1       0                               0D    510
     126     396       0       0       0                        01010500D    511
     126       0       0       2       0                               0D    512
     110     398       0       0       0                        01010000D    513
     110       0       0       2       0                               0D    514
     126     400       0       0       0                        01010500D    515
     126       0       0       2       0                               0D    516
     110     402       0       0       0                        01010000D    517
     110       0       0       2       0                               0D    518
     126     404       0       0       0                        01010500D    519
     126       0       0       2       0                               0D    520
     110     406       0       0       0                        01010000D    521
     110       0       0       2       0                               0D    522
     126     408       0       0       0                        01010500D    523
     126       0       0       2       0                               0D    524
     110     410       0       0       0                        01010000D    525
     110       0       0       2       0                               0D    526
     102     412       0       0       0                        01010500D    527
     102       0       0       1       0                               0D    528
     102     413       0       0       0                        01010000D    529
     102       0       0       1       0                               0D    530
     142     414       0       0       0                        00010500D    531
     142       0       0       1       0                               0D    532
     126     415       0       0       0                        01010500D    533
     126       0       0       2       0                               0D    534
     110     417       0       0       0                        01010000D    535
     110       0       0       2       0                               0D    536
     126     419       0       0       0                        01010500D    537
     126       0       0       2       0                               0D    538
     110     421       0       0       0                        01010000D    539
     110       0       0       2       0                               0D    540
     126     423       0       0       0                        01010500D    541
     126       0       0       2       0                               0D    542
     110     425       0       0       0                        01010000D    543
     110       0       0       2       0                               0D    544
     126     427       0       0       0                        01010500D    545
     126       0       0       2       0                               0D    546
     110     429       0       0       0                        01010000D    547
     110       0       0       2       0                               0D    548
     102     431       0       0       0                        01010500D    549
     102       0       0       1       0                               0D    550
     102     432       0       0       0                        01010000D    551
     102       0       0       1       0                               0D    552
     142     433       0       0       0                        00010500D    553
     142       0       0       1       0                               0D    554
     126     434       0       0       0                        01010500D    555
     126       0       0      12       0                               0D    556
     124     446       0       0       0                        00000000D    557
     124       0       0       4       0                               0D    558
     100     450       0       0       0             557        01010000D    559
     100       0       0       1       0                               0D    560
     126     451       0       0       0                        01010500D    561
     126       0       0      12       0                               0D    562
     124     463       0       0       0                        00000000D    563
     124       0       0       4       0                               0D    564
     100     467       0       0       0             563        01010000D    565
     100       0       0       1       0                               0D    566
     102     468       0       0       0                        01010500D    567
     102       0       0       1       0                               0D    568
     102     469       0       0       0                        01010000D    569
     102       0       0       1       0                               0D    570
     142     470       0       0       0                        00010500D    571
     142       0       0       1       0                               0D    572
     126     471       0       0       0                        01010500D    573
     126       0       0      12       0                               0D    574
     124     483       0       0       0                        00000000D    575
     124       0       0       4       0                               0D    576
     100     487       0       0       0             575        01010000D    577
     100       0       0       1       0                               0D    578
     126     488       0       0       0                        01010500D    579
     126       0       0      12       0                               0D    580
     124     500       0       0       0                        00000000D    581
     124       0       0       4       0                               0D    582
     100     504       0       0       0             581        01010000D    583
     100       0       0       1       0                               0D    584
     102     505       0       0       0                        01010500D    585
     102       0       0       1       0                               0D    586
     102     506       0       0       0                        01010000D    587
     102       0       0       1       0                               0D    588
     142     507       0       0       0                        00010500D    589
     142       0       0       1       0                               0D    590
     126     508       0       0       0                        01010500D    591
     126       0       0      11       0                               0D    592
     124     519       0       0       0                        00000000D    593
     124       0       0       4       0                               0D    594
     100     523       0       0       0             593        01010000D    595
     100       0       0       1       0                               0D    596
     126     524       0       0       0                        01010500D    597
     126       0       0      11       0                               0D    598
     124     535       0       0       0                        00000000D    599
     124       0       0       4       0                               0D    600
     100     539       0       0       0             599        01010000D    601
     100       0       0       1       0                               0D    602
     102     540       0       0       0                        01010500D    603
     102       0       0       1       0                               0D    604
     102     541       0       0       0                        01010000D    605
     102       0       0       1       0                               0D    606
     142     542       0       0       0                        00010500D    607
     142       0       0       1       0                               0D    608
     126     543       0       0       0                        01010500D    609
     126       0       0      22       0                               0D    610
     124     565       0       0       0                        00000000D    611
     124       0       0       3       0                               0D    612
     100     568       0       0       0             611        01010000D    613
     100       0       0       1       0                               0D    614
     126     569       0       0       0                        01010500D    615
     126       0       0      22       0                               0D    616
     124     591       0       0       0                        00000000D    617
     124       0       0       4       0                               0D    618
     100     595       0       0       0             617        01010000D    619
     100       0       0       1       0                               0D    620
     102     596       0       0       0                        01010500D    621
     102       0       0       1       0                               0D    622
     102     597       0       0       0                        01010000D    623
     102       0       0       1       0                               0D    624
     142     598       0       0       0                        00010500D    625
     142       0       0       1       0                               0D    626
     144     599       0       0       0                        00000000D    627
     144       0      -1       1       0                               0D    628
     128     600       0       0       0                        01010000D    629
     128       0       0       4       0                               0D    630
     126     604       0       0       0                        01010500D    631
     126       0       0       2       0                               0D    632
     110     606       0       0       0                        01010000D    633
     110       0       0       1       0                               0D    634
     126     607       0       0       0                        01010500D    635
     126       0       0       2       0                               0D    636
     110     609       0       0       0                        01010000D    637
     110       0       0       1       0                               0D    638
     126     610       0       0       0                        01010500D    639
     126       0       0       2       0                               0D    640
     110     612       0       0       0                        01010000D    641
     110       0       0       1       0                               0D    642
     126     613       0       0       0                        01010500D    643
     126       0       0       2       0                               0D    644
     110     615       0       0       0                        01010000D    645
     110       0       0       1       0                               0D    646
     126     616       0       0       0                        01010500D    647
     126       0       0       2       0                               0D    648
     110     618       0       0       0                        01010000D    649
     110       0       0       2       0                               0D    650
     126     620       0       0       0                        01010500D    651
     126       0       0       2       0                               0D    652
     110     622       0       0       0                        01010000D    653
     110       0       0       1       0                               0D    654
     126     623       0       0       0                        01010500D    655
     126       0       0       2       0                               0D    656
     110     625       0       0       0                        01010000D    657
     110       0       0       1       0                               0D    658
     126     626       0       0       0                        01010500D    659
     126       0       0       2       0                               0D    660
     110     628       0       0       0                        01010000D    661
     110       0       0       2       0                               0D    662
     126     630       0       0       0                        01010500D    663
     126       0       0       2       0                               0D    664
     110     632       0       0       0                        01010000D    665
     110       0       0       2       0                               0D    666
     126     634       0       0       0                        01010500D    667
     126       0       0       2       0                               0D    668
     110     636       0       0       0                        01010000D    669
     110       0       0       1       0                               0D    670
     102     637       0       0       0                        01010500D    671
     102       0       0       1       0                               0D    672
     102     638       0       0       0                        01010000D    673
     102       0       0       1       0                               0D    674
     142     639       0       0       0                        00010500D    675
     142       0       0       1       0                               0D    676
     126     640       0       0       0                        01010500D    677
     126       0       0      22       0                               0D    678
     124     662       0       0       0                        00000000D    679
     124       0       0       4       0                               0D    680
     100     666       0       0       0             679        01010000D    681
     100       0       0       2       0                               0D    682
     126     668       0       0       0                        01010500D    683
     126       0       0      22       0                               0D    684
     124     690       0       0       0                        00000000D    685
     124       0       0       4       0                               0D    686
     100     694       0       0       0             685        01010000D    687
     100       0       0       2       0                               0D    688
     102     696       0       0       0                        01010500D    689
     102       0       0       1       0                               0D    690
     102     697       0       0       0                        01010000D    691
     102       0       0       1       0                               0D    692
     142     698       0       0       0                        00010500D    693
     142       0       0       1       0                               0D    694
     126     699       0       0       0                        01010500D    695
     126       0       0      22       0                               0D    696
     124     721       0       0       0                        00000000D    697
     124       0       0       4       0                               0D    698
     100     725       0       0       0             697        01010000D    699
     100       0       0       2       0                               0D    700
     126     727       0       0       0                        01010500D    701
     126       0       0      22       0                               0D    702
     124     749       0       0       0                        00000000D    703
     124       0       0       4       0                               0D    704
     100     753       0       0       0             703        01010000D    705
     100       0       0       2       0                               0D    706
     102     755       0       0       0                        01010500D    707
     102       0       0       1       0                               0D    708
     102     756       0       0       0                        01010000D    709
     102       0       0       1       0                               0D    710
     142     757       0       0       0                        00010500D    711
     142       0       0       1       0                               0D    712
     126     758       0       0       0                        01010500D    713
     126       0       0      22       0                               0D    714
     124     780       0       0       0                        00000000D    715
     124       0       0       4       0                               0D    716
     100     784       0       0       0             715        01010000D    717
     100       0       0       2       0                               0D    718
     126     786       0       0       0                        01010500D    719
     126       0       0      22       0                               0D    720
     124     808       0       0       0                        00000000D    721
     124       0       0       4       0                               0D    722
     100     812       0       0       0             721        01010000D    723
     100       0       0       2       0                               0D    724
     102     814       0       0       0                        01010500D    725
     102       0       0       1       0                               0D    726
     102     815       0       0       0                        01010000D    727
     102       0       0       1       0                               0D    728
     142     816       0       0       0                        00010500D    729
     142       0       0       1       0                               0D    730
     126     817       0       0       0                        01010500D    731
     126       0       0      12       0                               0D    732
     124     829       0       0       0                        00000000D    733
     124       0       0       4       0                               0D    734
     100     833       0       0       0             733        01010000D    735
     100       0       0       1       0                               0D    736
     126     834       0       0       0                        01010500D    737
     126       0       0      12       0                               0D    738
     124     846       0       0       0                        00000000D    739
     124       0       0       4       0                               0D    740
     100     850       0       0       0             739        01010000D    741
     100       0       0       1       0                               0D    742
     102     851       0       0       0                        01010500D    743
     102       0       0       1       0                               0D    744
     102     852       0       0       0                        01010000D    745
     102       0       0       1       0                               0D    746
     142     853       0       0       0                        00010500D    747
     142       0       0       1       0                               0D    748
     126     854       0       0       0                        01010500D    749
     126       0       0      12       0                               0D    750
     124     866       0       0       0                        00000000D    751
     124       0       0       4       0                               0D    752
     100     870       0       0       0             751        01010000D    753
     100       0       0       1       0                               0D    754
     126     871       0       0       0                        01010500D    755
     126       0       0      12       0                               0D    756
     124     883       0       0       0                        00000000D    757
     124       0       0       4       0                               0D    758
     100     887       0       0       0             757        01010000D    759
     100       0       0       1       0                               0D    760
     102     888       0       0       0                        01010500D    761
     102       0       0       1       0                               0D    762
     102     889       0       0       0                        01010000D    763
     102       0       0       1       0                               0D    764
     142     890       0       0       0                        00010500D    765
     142       0       0       1       0                               0D    766
     126     891       0       0       0                        01010500D    767
     126       0       0      11       0                               0D    768
     124     902       0       0       0                        00000000D    769
     124       0       0       4       0                               0D    770
     100     906       0       0       0             769        01010000D    771
     100       0       0       1       0                               0D    772
     126     907       0       0       0                        01010500D    773
     126       0       0      11       0                               0D    774
     124     918       0       0       0                        00000000D    775
     124       0       0       3       0                               0D    776
     100     921       0       0       0             775        01010000D    777
     100       0       0       1       0                               0D    778
     102     922       0       0       0                        01010500D    779
     102       0       0       1       0                               0D    780
     102     923       0       0       0                        01010000D    781
     102       0       0       1       0                               0D    782
     142     924       0       0       0                        00010500D    783
     142       0       0       1       0                               0D    784
     126     925       0       0       0                        01010500D    785
     126       0       0      22       0                               0D    786
     124     947       0       0       0                        00000000D    787
     124       0       0       3       0                               0D    788
     100     950       0       0       0             787        01010000D    789
     100       0       0       1       0                               0D    790
     126     951       0       0       0                        01010500D    791
     126       0       0      22       0                               0D    792
     124     973       0       0       0                        00000000D    793
     124       0       0       3       0                               0D    794
     100     976       0       0       0             793        01010000D    795
     100       0       0       1       0                               0D    796
     102     977       0       0       0                        01010500D    797
     102       0       0       1       0                               0D    798
     102     978       0       0       0                        01010000D    799
     102       0       0       1       0                               0D    800
     142     979       0       0       0                        00010500D    801
     142       0       0       1       0                               0D    802
     144     980       0       0       0                        00000000D    803
     144       0      -1       1       0                               0D    804
     110     981       0       0       0                        01010000D    805
     110       0       0       1       0                               0D    806
     110     982       0       0       0                        01010000D    807
     110       0       0       1       0                               0D    808
     120     983       0       0       0                        01010000D    809
     120       0       0       1       0                               0D    810
     126     984       0       0       0                        01010500D    811
     126       0       0       2       0                               0D    812
     124     986       0       0       0                        00000000D    813
     124       0       0       4       0                               0D    814
     100     990       0       0       0             813        01010000D    815
     100       0       0       1       0                               0D    816
     126     991       0       0       0                        01010500D    817
     126       0       0       2       0                               0D    818
     110     993       0       0       0                        01010000D    819
     110       0       0       1       0                               0D    820
     126     994       0       0       0                        01010500D    821
     126       0       0       2       0                               0D    822
     100     996       0       0       0                        01010000D    823
     100       0       0       1       0                               0D    824
     126     997       0       0       0                        01010500D    825
     126       0       0       2       0                               0D    826
     110     999       0       0       0                        01010000D    827
     110       0       0       1       0                               0D    828
     102    1000       0       0       0                        01010500D    829
     102       0       0       1       0                               0D    830
     102    1001       0       0       0                        01010000D    831
     102       0       0       1       0                               0D    832
     142    1002       0       0       0                        00010500D    833
     142       0       0       1       0                               0D    834
     144    1003       0       0       0                        00000000D    835
     144       0      -1       1       0                               0D    836
     110    1004       0       0       0                        01010000D    837
     110       0       0       1       0                               0D    838
     110    1005       0       0       0                        01010000D    839
     110       0       0       1       0                               0D    840
     120    1006       0       0       0                        01010000D    841
     120       0       0       1       0                               0D    842
     126    1007       0       0       0                        01010500D    843
     126       0       0       2       0                               0D    844
     124    1009       0       0       0                        00000000D    845
     124       0       0       4       0                               0D    846
     100    1013       0       0       0             845        01010000D    847
     100       0       0       1       0                               0D    848
     126    1014       0       0       0                        01010500D    849
     126       0       0       2       0                               0D    850
     110    1016       0       0       0                        01010000D    851
     110       0       0       1       0                               0D    852
     126    1017       0       0       0                        01010500D    853
     126       0       0       2       0                               0D    854
     100    1019       0       0       0                        01010000D    855
     100       0       0       1       0                               0D    856
     126    1020       0       0       0                        01010500D    857
     126       0       0       2       0                               0D    858
     110    1022       0       0       0                        01010000D    859
     110       0       0       1       0                               0D    860
     102    1023       0       0       0                        01010500D    861
     102       0       0       1       0                               0D    862
     102    1024       0       0       0                        01010000D    863
     102       0       0       1       0                               0D    864
     142    1025       0       0       0                        00010500D    865
     142       0       0       1       0                               0D    866
     144    1026       0       0       0                        00000000D    867
     144       0      -1       1       0                               0D    868
     110    1027       0       0       0                        01010000D    869
     110       0       0       1       0                               0D    870
     110    1028       0       0       0                        01010000D    871
     110       0       0       1       0                               0D    872
     120    1029       0       0       0                        01010000D    873
     120       0       0       1       0                               0D    874
     126    1030       0       0       0                        01010500D    875
     126       0       0       2       0                               0D    876
     124    1032       0       0       0                        00000000D    877
     124       0       0       4       0                               0D    878
     100    1036       0       0       0             877        01010000D    879
     100       0       0       1       0                               0D    880
     126    1037       0       0       0                        01010500D    881
     126       0       0       2       0                               0D    882
     110    1039       0       0       0                        01010000D    883
     110       0       0       1       0                               0D    884
     126    1040       0       0       0                        01010500D    885
     126       0       0       2       0                               0D    886
     100    1042       0       0       0                        01010000D    887
     100       0       0       1       0                               0D    888
     126    1043       0       0       0                        01010500D    889
     126       0       0       2       0                               0D    890
     110    1045       0       0       0                        01010000D    891
     110       0       0       1       0                               0D    892
     102    1046       0       0       0                        01010500D    893
     102       0       0       1       0                               0D    894
     102    1047       0       0       0                        01010000D    895
     102       0       0       1       0                               0D    896
     142    1048       0       0       0                        00010500D    897
     142       0       0       1       0                               0D    898
     144    1049       0       0       0                        00000000D    899
     144       0      -1       1       0                               0D    900
     128    1050       0       0       0                        01010000D    901
     128       0       0       4       0                               0D    902
     126    1054       0       0       0                        01010500D    903
     126       0       0       2       0                               0D    904
     110    1056       0       0       0                        01010000D    905
     110       0       0       1       0                               0D    906
     126    1057       0       0       0                        01010500D    907
     126       0       0       2       0                               0D    908
     110    1059       0       0       0                        01010000D    909
     110       0       0       1       0                               0D    910
     126    1060       0       0       0                        01010500D    911
     126       0       0       2       0                               0D    912
     110    1062       0       0       0                        01010000D    913
     110       0       0       1       0                               0D    914
     126    1063       0       0       0                        01010500D    915
     126       0       0       2       0                               0D    916
     110    1065       0       0       0                        01010000D    917
     110       0       0       2       0                               0D    918
     102    1067       0       0       0                        01010500D    919
     102       0       0       1       0                               0D    920
     102    1068       0       0       0                        01010000D    921
     102       0       0       1       0                               0D    922
     142    1069       0       0       0                        00010500D    923
     142       0       0       1       0                               0D    924
     144    1070       0       0       0                        00000000D    925
     144       0      -1       1       0                               0D    926
     128    1071       0       0       0                        01010000D    927
     128       0       0       4       0                               0D    928
     126    1075       0       0       0                        01010500D    929
     126       0       0       2       0                               0D    930
     110    1077       0       0       0                        01010000D    931
     110       0       0       2       0                               0D    932
     126    1079       0       0       0                        01010500D    933
     126       0       0       2       0                               0D    934
     110    1081       0       0       0                        01010000D    935
     110       0       0       2       0                               0D    936
     126    1083       0       0       0                        01010500D    937
     126       0       0       2       0                               0D    938
     110    1085       0       0       0                        01010000D    939
     110       0       0       2       0                               0D    940
     126    1087       0       0       0                        01010500D    941
     126       0       0       2       0                               0D    942
     110    1089       0       0       0                        01010000D    943
     110       0       0       2       0                               0D    944
     102    1091       0       0       0                        01010500D    945
     102       0       0       1       0                               0D    946
     102    1092       0       0       0                        01010000D    947
     102       0       0       1       0                               0D    948
     142    1093       0       0       0                        00010500D    949
     142       0       0       1       0                               0D    950
     144    1094       0       0       0                        00000000D    951
     144       0      -1       1       0                               0D    952
     128    1095       0       0       0                        01010000D    953
     128       0       0       4       0                               0D    954
     126    1099       0       0       0                        01010500D    955
     126       0       0       2       0                               0D    956
     110    1101       0       0       0                        01010000D    957
     110       0       0       2       0                               0D    958
     126    1103       0       0       0                        01010500D    959
     126       0       0       2       0                               0D    960
     110    1105       0       0       0                        01010000D    961
     110       0       0       2       0                               0D    962
     126    1107       0       0       0                        01010500D    963
     126       0       0       2       0                               0D    964
     110    1109       0       0       0                        01010000D    965
     110       0       0       2       0                               0D    966
     126    1111       0       0       0                        01010500D    967
     126       0       0       2       0                               0D    968
     110    1113       0       0       0                        01010000D    969
     110       0       0       2       0                               0D    970
     102    1115       0       0       0                        01010500D    971
     102       0       0       1       0                               0D    972
     102    1116       0       0       0                        01010000D    973
     102       0       0       1       0                               0D    974
     142    1117       0       0       0                        00010500D    975
     142       0       0       1       0                               0D    976
     144    1118       0       0       0                        00000000D    977
     144       0      -1       1       0                               0D    978
     110    1119       0       0       0                        01010000D    979
     110       0       0       2       0                               0D    980
     110    1121       0       0       0                        01010000D    981
     110       0       0       1       0                               0D    982
     120    1122       0       0       0                        01010000D    983
     120       0       0       1       0                               0D    984
     126    1123       0       0       0                        01010500D    985
     126       0       0       2       0                               0D    986
     100    1125       0       0       0                        01010000D    987
     100       0       0       2       0                               0D    988
     126    1127       0       0       0                        01010500D    989
     126       0       0       2       0                               0D    990
     110    1129       0       0       0                        01010000D    991
     110       0       0       1       0                               0D    992
     126    1130       0       0       0                        01010500D    993
     126       0       0       2       0                               0D    994
     124    1132       0       0       0                        00000000D    995
     124       0       0       4       0                               0D    996
     100    1136       0       0       0             995        01010000D    997
     100       0       0       2       0                               0D    998
     126    1138       0       0       0                        01010500D    999
     126       0       0       2       0                               0D   1000
     110    1140       0       0       0                        01010000D   1001
     110       0       0       1       0                               0D   1002
     102    1141       0       0       0                        01010500D   1003
     102       0       0       1       0                               0D   1004
     102    1142       0       0       0                        01010000D   1005
     102       0       0       1       0                               0D   1006
     142    1143       0       0       0                        00010500D   1007
     142       0       0       1       0                               0D   1008
     144    1144       0       0       0                        00000000D   1009
     144       0      -1       1       0                               0D   1010
     110    1145       0       0       0                        01010000D   1011
     110       0       0       2       0                               0D   1012
     110    1147       0       0       0                        01010000D   1013
     110       0       0       2       0                               0D   1014
     120    1149       0       0       0                        01010000D   1015
     120       0       0       1       0                               0D   1016
     126    1150       0       0       0                        01010500D   1017
     126       0       0       2       0                               0D   1018
     100    1152       0       0       0                        01010000D   1019
     100       0       0       2       0                               0D   1020
     126    1154       0       0       0                        01010500D   1021
     126       0       0       2       0                               0D   1022
     110    1156       0       0       0                        01010000D   1023
     110       0       0       2       0                               0D   1024
     126    1158       0       0       0                        01010500D   1025
     126       0       0       2       0                               0D   1026
     124    1160       0       0       0                        00000000D   1027
     124       0       0       4       0                               0D   1028
     100    1164       0       0       0            1027        01010000D   1029
     100       0       0       2       0                               0D   1030
     126    1166       0       0       0                        01010500D   1031
     126       0       0       2       0                               0D   1032
     110    1168       0       0       0                        01010000D   1033
     110       0       0       2       0                               0D   1034
     102    1170       0       0       0                        01010500D   1035
     102       0       0       1       0                               0D   1036
     102    1171       0       0       0                        01010000D   1037
     102       0       0       1       0                               0D   1038
     142    1172       0       0       0                        00010500D   1039
     142       0       0       1       0                               0D   1040
     144    1173       0       0       0                        00000000D   1041
     144       0      -1       1       0                               0D   1042
     110    1174       0       0       0                        01010000D   1043
     110       0       0       2       0                               0D   1044
     110    1176       0       0       0                        01010000D   1045
     110       0       0       2       0                               0D   1046
     120    1178       0       0       0                        01010000D   1047
     120       0       0       1       0                               0D   1048
     126    1179       0       0       0                        01010500D   1049
     126       0       0       2       0                               0D   1050
     100    1181       0       0       0                        01010000D   1051
     100       0       0       2       0                               0D   1052
     126    1183       0       0       0                        01010500D   1053
     126       0       0       2       0                               0D   1054
     110    1185       0       0       0                        01010000D   1055
     110       0       0       2       0                               0D   1056
     126    1187       0       0       0                        01010500D   1057
     126       0       0       2       0                               0D   1058
     124    1189       0       0       0                        00000000D   1059
     124       0       0       4       0                               0D   1060
     100    1193       0       0       0            1059        01010000D   1061
     100       0       0       2       0                               0D   1062
     126    1195       0       0       0                        01010500D   1063
     126       0       0       2       0                               0D   1064
     110    1197       0       0       0                        01010000D   1065
     110       0       0       1       0                               0D   1066
     102    1198       0       0       0                        01010500D   1067
     102       0       0       1       0                               0D   1068
     102    1199       0       0       0                        01010000D   1069
     102       0       0       1       0                               0D   1070
     142    1200       0       0       0                        00010500D   1071
     142       0       0       1       0                               0D   1072
     144    1201       0       0       0                        00000000D   1073
     144       0      -1       1       0                               0D   1074
     128    1202       0       0       0                        01010000D   1075
     128       0       0       4       0                               0D   1076
     126    1206       0       0       0                        01010500D   1077
     126       0       0       2       0                               0D   1078
     110    1208       0       0       0                        01010000D   1079
     110       0       0       2       0                               0D   1080
     126    1210       0       0       0                        01010500D   1081
     126       0       0       2       0                               0D   1082
     110    1212       0       0       0                        01010000D   1083
     110       0       0       2       0                               0D   1084
     126    1214       0       0       0                        01010500D   1085
     126       0       0       2       0                               0D   1086
     110    1216       0       0       0                        01010000D   1087
     110       0       0       2       0                               0D   1088
     126    1218       0       0       0                        01010500D   1089
     126       0       0       2       0                               0D   1090
     110    1220       0       0       0                        01010000D   1091
     110       0       0       2       0                               0D   1092
     102    1222       0       0       0                        01010500D   1093
     102       0       0       1       0                               0D   1094
     102    1223       0       0       0                        01010000D   1095
     102       0       0       1       0                               0D   1096
     142    1224       0       0       0                        00010500D   1097
     142       0       0       1       0                               0D   1098
     126    1225       0       0       0                        01010500D   1099
     126       0       0      22       0                               0D   1100
     100    1247       0       0       0                        01010000D   1101
     100       0       0       2       0                               0D   1102
     126    1249       0       0       0                        01010500D   1103
     126       0       0      22       0                               0D   1104
     100    1271       0       0       0                        01010000D   1105
     100       0       0       2       0                               0D   1106
     102    1273       0       0       0                        01010500D   1107
     102       0       0       1       0                               0D   1108
     102    1274       0       0       0                        01010000D   1109
     102       0       0       1       0                               0D   1110
     142    1275       0       0       0                        00010500D   1111
     142       0       0       1       0                               0D   1112
     144    1276       0       0       0                        00000000D   1113
     144       0      -1       1       0                               0D   1114
     128    1277       0       0       0                        01010000D   1115
     128       0       0       4       0                               0D   1116
     126    1281       0       0       0                        01010500D   1117
     126       0       0       2       0                               0D   1118
     110    1283       0       0       0                        01010000D   1119
     110       0       0       2       0                               0D   1120
     126    1285       0       0       0                        01010500D   1121
     126       0       0       2       0                               0D   1122
     110    1287       0       0       0                        01010000D   1123
     110       0       0       2       0                               0D   1124
     126    1289       0       0       0                        01010500D   1125
     126       0       0       2       0                               0D   1126
     110    1291       0       0       0                        01010000D   1127
     110       0       0       2       0                               0D   1128
     126    1293       0       0       0                        01010500D   1129
     126       0       0       2       0                               0D   1130
     110    1295       0       0       0                        01010000D   1131
     110       0       0       2       0                               0D   1132
     102    1297       0       0       0                        01010500D   1133
     102       0       0       1       0                               0D   1134
     102    1298       0       0       0                        01010000D   1135
     102       0       0       1       0                               0D   1136
     142    1299       0       0       0                        00010500D   1137
     142       0       0       1       0                               0D   1138
     144    1300       0       0       0                        00000000D   1139
     144       0      -1       1       0                               0D   1140
     128    1301       0       0       0                        01010000D   1141
     128       0       0       4       0                               0D   1142
     126    1305       0       0       0                        01010500D   1143
     126       0       0       2       0                               0D   1144
     110    1307       0       0       0                        01010000D   1145
     110       0       0       2       0                               0D   1146
     126    1309       0       0       0                        01010500D   1147
     126       0       0       2       0                               0D   1148
     110    1311       0       0       0                        01010000D   1149
     110       0       0       2       0                               0D   1150
     126    1313       0       0       0                        01010500D   1151
     126       0       0       2       0                               0D   1152
     110    1315       0       0       0                        01010000D   1153
     110       0       0       2       0                               0D   1154
     126    1317       0       0       0                        01010500D   1155
     126       0       0       2       0                               0D   1156
     110    1319       0       0       0                        01010000D   1157
     110       0       0       2       0                               0D   1158
     102    1321       0       0       0                        01010500D   1159
     102       0       0       1       0                               0D   1160
     102    1322       0       0       0                        01010000D   1161
     102       0       0       1       0                               0D   1162
     142    1323       0       0       0                        00010500D   1163
     142       0       0       1       0                               0D   1164
     144    1324       0       0       0                        00000000D   1165
     144       0      -1       1       0                               0D   1166
     128    1325       0       0       0                        01010000D   1167
     128       0       0       4       0                               0D   1168
     126    1329       0       0       0                        01010500D   1169
     126       0       0       2       0                               0D   1170
     110    1331       0       0       0                        01010000D   1171
     110       0       0       2       0                               0D   1172
     126    1333       0       0       0                        01010500D   1173
     126       0       0       2       0                               0D   1174
     110    1335       0       0       0                        01010000D   1175
     110       0       0       2       0                               0D   1176
     126    1337       0       0       0                        01010500D   1177
     126       0       0       2       0                               0D   1178
     110    1339       0       0       0                        01010000D   1179
     110       0       0       2       0                               0D   1180
     126    1341       0       0       0                        01010500D   1181
     126       0       0       2       0                               0D   1182
     110    1343       0       0       0                        01010000D   1183
     110       0       0       2       0                               0D   1184
     102    1345       0       0       0                        01010500D   1185
     102       0       0       1       0                               0D   1186
     102    1346       0       0       0                        01010000D   1187
     102       0       0       1       0                               0D   1188
     142    1347       0       0       0                        00010500D   1189
     142       0       0       1       0                               0D   1190
     144    1348       0       0       0                        00000000D   1191
     144       0      -1       1       0                               0D   1192
     128    1349       0       0       0                        01010000D   1193
     128       0       0       4       0                               0D   1194
     126    1353       0       0       0                        01010500D   1195
     126       0       0       2       0                               0D   1196
     110    1355       0       0       0                        01010000D   1197
     110       0       0       2       0                               0D   1198
     126    1357       0       0       0                        01010500D   1199
     126       0       0       2       0                               0D   1200
     110    1359       0       0       0                        01010000D   1201
     110       0       0       2       0                               0D   1202
     126    1361       0       0       0                        01010500D   1203
     126       0       0       2       0                               0D   1204
     110    1363       0       0       0                        01010000D   1205
     110       0       0       2       0                               0D   1206
     126    1365       0       0       0                        01010500D   1207
     126       0       0       2       0                               0D   1208
     110    1367       0       0       0                        01010000D   1209
     110       0       0       2       0                               0D   1210
     102    1369       0       0       0                        01010500D   1211
     102       0       0       1       0                               0D   1212
     102    1370       0       0       0                        01010000D   1213
     102       0       0       1       0                               0D   1214
     142    1371       0       0       0                        00010500D   1215
     142       0       0       1       0                               0D   1216
     144    1372       0       0       0                        00000000D   1217
     144       0      -1       1       0                               0D   1218
     128    1373       0       0       0                        01010000D   1219
     128       0       0       4       0                               0D   1220
     126    1377       0       0       0                        01010500D   1221
     126       0       0       2       0                               0D   1222
     110    1379       0       0       0                        01010000D   1223
     110       0       0       1       0                               0D   1224
     126    1380       0       0       0                        01010500D   1225
     126       0       0       2       0                               0D   1226
     110    1382       0       0       0                        01010000D   1227
     110       0       0       1       0                               0D   1228
     126    1383       0       0       0                        01010500D   1229
     126       0       0       2       0                               0D   1230
     110    1385       0       0       0                        01010000D   1231
     110       0       0       1       0                               0D   1232
     126    1386       0       0       0                        01010500D   1233
     126       0       0       2       0                               0D   1234
     110    1388       0       0       0                        01010000D   1235
     110       0       0       1       0                               0D   1236
     102    1389       0       0       0                        01010500D   1237
     102       0       0       1       0                               0D   1238
     102    1390       0       0       0                        01010000D   1239
     102       0       0       1       0                               0D   1240
     142    1391       0       0       0                        00010500D   1241
     142       0       0       1       0                               0D   1242
     126    1392       0       0       0                        01010500D   1243
     126       0       0      22       0                               0D   1244
     100    1414       0       0       0                        01010000D   1245
     100       0       0       2       0                               0D   1246
     126    1416       0       0       0                        01010500D   1247
     126       0       0      22       0                               0D   1248
     100    1438       0       0       0                        01010000D   1249
     100       0       0       2       0                               0D   1250
     102    1440       0       0       0                        01010500D   1251
     102       0       0       1       0                               0D   1252
     102    1441       0       0       0                        01010000D   1253
     102       0       0       1       0                               0D   1254
     142    1442       0       0       0                        00010500D   1255
     142       0       0       1       0                               0D   1256
     144    1443       0       0       0                        00000000D   1257
     144       0      -1       1       0                               0D   1258
     128    1444       0       0       0                        01010000D   1259
     128       0       0       4       0                               0D   1260
     126    1448       0       0       0                        01010500D   1261
     126       0       0       2       0                               0D   1262
     110    1450       0       0       0                        01010000D   1263
     110       0       0       2       0                               0D   1264
     126    1452       0       0       0                        01010500D   1265
     126       0       0       2       0                               0D   1266
     110    1454       0       0       0                        01010000D   1267
     110       0       0       1       0                               0D   1268
     126    1455       0       0       0                        01010500D   1269
     126       0       0       2       0                               0D   1270
     110    1457       0       0       0                        01010000D   1271
     110       0       0       1       0                               0D   1272
     126    1458       0       0       0                        01010500D   1273
     126       0       0       2       0                               0D   1274
     110    1460       0       0       0                        01010000D   1275
     110       0       0       1       0                               0D   1276
     102    1461       0       0       0                        01010500D   1277
     102       0       0       1       0                               0D   1278
     102    1462       0       0       0                        01010000D   1279
     102       0       0       1       0                               0D   1280
     142    1463       0       0       0                        00010500D   1281
     142       0       0       1       0                               0D   1282
     144    1464       0       0       0                        00000000D   1283
     144       0      -1       1       0                               0D   1284
     128    1465       0       0       0                        01010000D   1285
     128       0       0       4       0                               0D   1286
     126    1469       0       0       0                        01010500D   1287
     126       0       0       2       0                               0D   1288
     110    1471       0       0       0                        01010000D   1289
     110       0       0       1       0                               0D   1290
     126    1472       0       0       0                        01010500D   1291
     126       0       0       2       0                               0D   1292
     110    1474       0       0       0                        01010000D   1293
     110       0       0       1       0                               0D   1294
     126    1475       0       0       0                        01010500D   1295
     126       0       0       2       0                               0D   1296
     110    1477       0       0       0                        01010000D   1297
     110       0       0       2       0                               0D   1298
     126    1479       0       0       0                        01010500D   1299
     126       0       0       2       0                               0D   1300
     110    1481       0       0       0                        01010000D   1301
     110       0       0       1       0                               0D   1302
     102    1482       0       0       0                        01010500D   1303
     102       0       0       1       0                               0D   1304
     102    1483       0       0       0                        01010000D   1305
     102       0       0       1       0                               0D   1306
     142    1484       0       0       0                        00010500D   1307
     142       0       0       1       0                               0D   1308
     144    1485       0       0       0                        00000000D   1309
     144       0      -1       1       0                               0D   1310
     128    1486       0       0       0                        01010000D   1311
     128       0       0       4       0                               0D   1312
     126    1490       0       0       0                        01010500D   1313
     126       0       0       2       0                               0D   1314
     110    1492       0       0       0                        01010000D   1315
     110       0       0       1       0                               0D   1316
     126    1493       0       0       0                        01010500D   1317
     126       0       0       2       0                               0D   1318
     110    1495       0       0       0                        01010000D   1319
     110       0       0       1       0                               0D   1320
     126    1496       0       0       0                        01010500D   1321
     126       0       0       2       0                               0D   1322
     110    1498       0       0       0                        01010000D   1323
     110       0       0       1       0                               0D   1324
     126    1499       0       0       0                        01010500D   1325
     126       0       0       2       0                               0D   1326
     110    1501       0       0       0                        01010000D   1327
     110       0       0       1       0                               0D   1328
     102    1502       0       0       0                        01010500D   1329
     102       0       0       1       0                               0D   1330
     102    1503       0       0       0                        01010000D   1331
     102       0       0       1       0                               0D   1332
     142    1504       0       0       0                        00010500D   1333
     142       0       0       1       0                               0D   1334
     144    1505       0       0       0                        00000000D   1335
     144       0      -1       1       0                               0D   1336
     128    1506       0       0       0                        01010000D   1337
     128       0       0       4       0                               0D   1338
     126    1510       0       0       0                        01010500D   1339
     126       0       0       2       0                               0D   1340
     110    1512       0       0       0                        01010000D   1341
     110       0       0       1       0                               0D   1342
     126    1513       0       0       0                        01010500D   1343
     126       0       0       2       0                               0D   1344
     110    1515       0       0       0                        01010000D   1345
     110       0       0       1       0                               0D   1346
     126    1516       0       0       0                        01010500D   1347
     126       0       0       2       0                               0D   1348
     110    1518       0       0       0                        01010000D   1349
     110       0       0       1       0                               0D   1350
     126    1519       0       0       0                        01010500D   1351
     126       0       0       2       0                               0D   1352
     110    1521       0       0       0                        01010000D   1353
     110       0       0       1       0                               0D   1354
     102    1522       0       0       0                        01010500D   1355
     102       0       0       1       0                               0D   1356
     102    1523       0       0       0                        01010000D   1357
     102       0       0       1       0                               0D   1358
     142    1524       0       0       0                        00010500D   1359
     142       0       0       1       0                               0D   1360
     144    1525       0       0       0                        00000000D   1361
     144       0      -1       1       0                               0D   1362
     128    1526       0       0       0                        01010000D   1363
     128       0       0       4       0                               0D   1364
     126    1530       0       0       0                        01010500D   1365
     126       0       0       2       0                               0D   1366
     110    1532       0       0       0                        01010000D   1367
     110       0       0       2       0                               0D   1368
     126    1534       0       0       0                        01010500D   1369
     126       0       0       2       0                               0D   1370
     110    1536       0       0       0                        01010000D   1371
     110       0       0       2       0                               0D   1372
     126    1538       0       0       0                        01010500D   1373
     126       0       0       2       0                               0D   1374
     110    1540       0       0       0                        01010000D   1375
     110       0       0       2       0                               0D   1376
     126    1542       0       0       0                        01010500D   1377
     126       0       0       2       0                               0D   1378
     110    1544       0       0       0                        01010000D   1379
     110       0       0       2       0                               0D   1380
     102    1546       0       0       0                        01010500D   1381
     102       0       0       1       0                               0D   1382
     102    1547       0       0       0                        01010000D   1383
     102       0       0       1       0                               0D   1384
     142    1548       0       0       0                        00010500D   1385
     142       0       0       1       0                               0D   1386
     126    1549       0       0       0                        01010500D   1387
     126       0       0      22       0                               0D   1388
     100    1571       0       0       0                        01010000D   1389
     100       0       0       2       0                               0D   1390
     126    1573       0       0       0                        01010500D   1391
     126       0       0      22       0                               0D   1392
     100    1595       0       0       0                        01010000D   1393
     100       0       0       2       0                               0D   1394
     102    1597       0       0       0                        01010500D   1395
     102       0       0       1       0                               0D   1396
     102    1598       0       0       0                        01010000D   1397
     102       0       0       1       0                               0D   1398
     142    1599       0       0       0                        00010500D   1399
     142       0       0       1       0                               0D   1400
     144    1600       0       0       0                        00000000D   1401
     144       0      -1       1       0                               0D   1402
     128    1601       0       0       0                        01010000D   1403
     128       0       0       4       0                               0D   1404
     126    1605       0       0       0                        01010500D   1405
     126       0       0       2       0                               0D   1406
     110    1607       0       0       0                        01010000D   1407
     110       0       0       2       0                               0D   1408
     126    1609       0       0       0                        01010500D   1409
     126       0       0       2       0                               0D   1410
     110    1611       0       0       0                        01010000D   1411
     110       0       0       2       0                               0D   1412
     126    1613       0       0       0                        01010500D   1413
     126       0       0       2       0                               0D   1414
     110    1615       0       0       0                        01010000D   1415
     110       0       0       2       0                               0D   1416
     126    1617       0       0       0                        01010500D   1417
     126       0       0       2       0                               0D   1418
     110    1619       0       0       0                        01010000D   1419
     110       0       0       2       0                               0D   1420
     102    1621       0       0       0                        01010500D   1421
     102       0       0       1       0                               0D   1422
     102    1622       0       0       0                        01010000D   1423
     102       0       0       1       0                               0D   1424
     142    1623       0       0       0                        00010500D   1425
     142       0       0       1       0                               0D   1426
     144    1624       0       0       0                        00000000D   1427
     144       0      -1       1       0                               0D   1428
     128    1625       0       0       0                        01010000D   1429
     128       0       0       4       0                               0D   1430
     126    1629       0       0       0                        01010500D   1431
     126       0       0       2       0                               0D   1432
     110    1631       0       0       0                        01010000D   1433
     110       0       0       2       0                               0D   1434
     126    1633       0       0       0                        01010500D   1435
     126       0       0       2       0                               0D   1436
     110    1635       0       0       0                        01010000D   1437
     110       0       0       2       0                               0D   1438
     126    1637       0       0       0                        01010500D   1439
     126       0       0       2       0                               0D   1440
     110    1639       0       0       0                        01010000D   1441
     110       0       0       2       0                               0D   1442
     126    1641       0       0       0                        01010500D   1443
     126       0       0       2       0                               0D   1444
     110    1643       0       0       0                        01010000D   1445
     110       0       0       2       0                               0D   1446
     102    1645       0       0       0                        01010500D   1447
     102       0       0       1       0                               0D   1448
     102    1646       0       0       0                        01010000D   1449
     102       0       0       1       0                               0D   1450
     142    1647       0       0       0                        00010500D   1451
     142       0       0       1       0                               0D   1452
     144    1648       0       0       0                        00000000D   1453
     144       0      -1       1       0                               0D   1454
     128    1649       0       0       0                        01010000D   1455
     128       0       0       4       0                               0D   1456
     126    1653       0       0       0                        01010500D   1457
     126       0       0       2       0                               0D   1458
     110    1655       0       0       0                        01010000D   1459
     110       0       0       2       0                               0D   1460
     126    1657       0       0       0                        01010500D   1461
     126       0       0       2       0                               0D   1462
     110    1659       0       0       0                        01010000D   1463
     110       0       0       2       0                               0D   1464
     126    1661       0       0       0                        01010500D   1465
     126       0       0       2       0                               0D   1466
     110    1663       0       0       0                        01010000D   1467
     110       0       0       2       0                               0D   1468
     126    1665       0       0       0                        01010500D   1469
     126       0       0       2       0                               0D   1470
     110    1667       0       0       0                        01010000D   1471
     110       0       0       2       0                               0D   1472
     102    1669       0       0       0                        01010500D   1473
     102       0       0       1       0                               0D   1474
     102    1670       0       0       0                        01010000D   1475
     102       0       0       1       0                               0D   1476
     142    1671       0       0       0                        00010500D   1477
     142       0       0       1       0                               0D   1478
     144    1672       0       0       0                        00000000D   1479
     144       0      -1       1       0                               0D   1480
     128    1673       0       0       0                        01010000D   1481
     128       0       0       4       0                               0D   1482
     126    1677       0       0       0                        01010500D   1483
     126       0       0       2       0                               0D   1484
     110    1679       0       0       0                        01010000D   1485
     110       0       0       2       0                               0D   1486
     126    1681       0       0       0                        01010500D   1487
     126       0       0       2       0                               0D   1488
     110    1683       0       0       0                        01010000D   1489
     110       0       0       2       0                               0D   1490
     126    1685       0       0       0                        01010500D   1491
     126       0       0       2       0                               0D   1492
     110    1687       0       0       0                        01010000D   1493
     110       0       0       2       0                               0D   1494
     126    1689       0       0       0                        01010500D   1495
     126       0       0       2       0                               0D   1496
     110    1691       0       0       0                        01010000D   1497
     110       0       0       2       0                               0D   1498
     102    1693       0       0       0                        01010500D   1499
     102       0       0       1       0                               0D   1500
     102    1694       0       0       0                        01010000D   1501
     102       0       0       1       0                               0D   1502
     142    1695       0       0       0                        00010500D   1503
     142       0       0       1       0                               0D   1504
     144    1696       0       0       0                        00000000D   1505
     144       0      -1       1       0                               0D   1506
314,100.,100.,100.,;                                                   1P      1
110,-0.098650418,70.409300036,4.,-0.098650418,70.409300036,            3P      2
-996.;                                                                 3P      3
110,-10.098650418,70.409300036,2.,-10.098650418,70.409300036,          5P      4
0.;                                                                    5P      5
120,3,5,0.,6.28318530717959;                                           7P      6
126,1,1,1,0,1,0,0.,0.,1.,1.,1.,1.,0.,6.283185307,0.,1.,                9P      7
6.283185307,0.,0.,1.,0.,0.,1.;                                         9P      8
110,-10.098650418,70.409300036,2.,-10.098650418,70.409300036,         11P      9
0.;                                                                   11P     10
126,1,1,1,0,1,0,0.,0.,1.,1.,1.,1.,1.,6.283185307,0.,1.,               13P     11
3.141592654,0.,0.,1.,0.,0.,1.;                                        13P     12
100,0.,-0.098650418,70.409300036,-10.098650418,70.409300036,          15P     13
9.901349582,70.409300036;                                             15P     14
126,1,1,1,0,1,0,0.,0.,1.,1.,1.,1.,1.,3.141592654,0.,0.,               17P     15
3.141592654,0.,0.,1.,0.,0.,1.;                                        17P     16
110,9.901349582,70.409300036,0.,9.901349582,70.409300036,2.;          19P     17
126,1,1,1,0,1,0,0.,0.,1.,1.,1.,1.,0.,3.141592654,0.,0.,               21P     18
6.283185307,0.,0.,1.,0.,0.,1.;                                        21P     19
124,1.,-7.105427357601E-015,0.,5.00284793445195E-013,                 23P     20
-7.105427357601E-015,-1.,6.98296267768627E-015,                       23P     21
140.818600072114,-4.96169340471387E-029,-6.98296267768627E-015,       23P     22
-1.,4.00000000000049;                                                 23P     23
100,2.,-0.098650418,70.409300036,9.901349582,70.409300036,            25P     24
-10.098650418,70.409300036;                                           25P     25
102,4,9,13,17,21;                                                     27P     26
102,4,11,15,19,25;                                                    29P     27
142,1,7,27,29,1;                                                      31P     28
144,7,1,0,31;                                                         33P     29
110,-60.926917285,-35.290083786,4.,-60.926917285,-35.290083786,       35P     30
-996.;                                                                35P     31
110,-70.926917285,-35.290083786,2.,-70.926917285,-35.290083786,       37P     32
0.;                                                                   37P     33
120,35,37,0.,6.28318530717959;                                        39P     34
126,1,1,1,0,1,0,0.,0.,1.,1.,1.,1.,0.,6.283185307,0.,1.,               41P     35
6.283185307,0.,0.,1.,0.,0.,1.;                                        41P     36
110,-70.926917285,-35.290083786,2.,-70.926917285,-35.290083786,       43P     37
0.;                                                                   43P     38
126,1,1,1,0,1,0,0.,0.,1.,1.,1.,1.,1.,6.283185307,0.,1.,               45P     39
3.141592654,0.,0.,1.,0.,0.,1.;                                        45P     40
100,0.,-60.926917285,-35.290083786,-70.926917285,-35.290083786,       47P     41
-50.926917285,-35.290083786;                                          47P     42
126,1,1,1,0,1,0,0.,0.,1.,1.,1.,1.,1.,3.141592654,0.,0.,               49P     43
3.141592654,0.,0.,1.,0.,0.,1.;                                        49P     44
110,-50.926917285,-35.290083786,0.,-50.926917285,-35.290083786,       51P     45
2.;                                                                   51P     46
126,1,1,1,0,1,0,0.,0.,1.,1.,1.,1.,0.,3.141592654,0.,0.,               53P     47
6.283185307,0.,0.,1.,0.,0.,1.;                                        53P     48
124,1.,-7.105427357601E-015,0.,-2.51702073025494E-013,                55P     49
-7.105427357601E-015,-1.,6.98296267768627E-015,                       55P     50
-70.5801675714375,-4.96169340471387E-029,                             55P     51
-6.98296267768627E-015,-1.,3.99999999999975;                          55P     52
100,2.,-60.926917285,-35.290083786,-50.926917285,-35.290083786,       57P     53
-70.926917285,-35.290083786;                                          57P     54
102,4,41,45,49,53;                                                    59P     55
102,4,43,47,51,57;                                                    61P     56
142,1,39,59,61,1;                                                     63P     57
144,39,1,0,63;                                                        65P     58
110,61.025567703,-35.11921625,4.,61.025567703,-35.11921625,           67P     59
-996.;                                                                67P     60
110,51.025567703,-35.11921625,2.,51.025567703,-35.11921625,0.;        69P     61
120,67,69,0.,6.28318530717959;                                        71P     62
126,1,1,1,0,1,0,0.,0.,1.,1.,1.,1.,0.,6.283185307,0.,1.,               73P     63
6.283185307,0.,0.,1.,0.,0.,1.;                                        73P     64
110,51.025567703,-35.11921625,2.,51.025567703,-35.11921625,0.;        75P     65
126,1,1,1,0,1,0,0.,0.,1.,1.,1.,1.,1.,6.283185307,0.,1.,               77P     66
3.141592654,0.,0.,1.,0.,0.,1.;                                        77P     67
100,0.,61.025567703,-35.11921625,51.025567703,-35.11921625,           79P     68
71.025567703,-35.11921625;                                            79P     69
126,1,1,1,0,1,0,0.,0.,1.,1.,1.,1.,1.,3.141592654,0.,0.,               81P     70
3.141592654,0.,0.,1.,0.,0.,1.;                                        81P     71
110,71.025567703,-35.11921625,0.,71.025567703,-35.11921625,2.;        83P     72
126,1,1,1,0,1,0,0.,0.,1.,1.,1.,1.,0.,3.141592654,0.,0.,               85P     73
6.283185307,0.,0.,1.,0.,0.,1.;                                        85P     74
124,1.,-7.105427357601E-015,0.,-2.49273899304668E-013,                87P     75
-7.105427357601E-015,-1.,6.98296267768627E-015,                       87P     76
-70.2384325006779,-4.96169340471387E-029,                             87P     77
-6.98296267768627E-015,-1.,3.99999999999975;                          87P     78
100,2.,61.025567703,-35.11921625,71.025567703,-35.11921625,           89P     79
51.025567703,-35.11921625;                                            89P     80
102,4,73,77,81,85;                                                    91P     81
102,4,75,79,83,89;                                                    93P     82
142,1,71,91,93,1;                                                     95P     83
144,71,1,0,95;                                                        97P     84
110,29.,34.,0.,29.,34.,1000.;                                         99P     85
110,30.75,34.,0.,30.75,34.,4.;                                       101P     86
120,99,101,0.,6.28318530717959;                                      103P     87
126,1,1,1,0,1,0,0.,0.,1.,1.,1.,1.,0.,6.283185307,0.,1.,              105P     88
6.283185307,0.,0.,1.,0.,0.,1.;                                       105P     89
110,30.75,34.,0.,30.75,34.,4.;                                       107P     90
126,1,1,1,0,1,0,0.,0.,1.,1.,1.,1.,1.,6.283185307,0.,1.,              109P     91
3.141592654,0.,0.,1.,0.,0.,1.;                                       109P     92
124,1.,-7.105427357601E-015,0.,2.40307773680117E-013,                111P     93
-7.105427357601E-015,-1.,6.98296267768627E-015,                      111P     94
68.0000000000002,-4.96169340471387E-029,-6.98296267768627E-015,      111P     95
-1.,8.00000000000024;                                                111P     96
100,4.,29.,34.,30.75,34.,27.25,34.;                                  113P     97
126,1,1,1,0,1,0,0.,0.,1.,1.,1.,1.,1.,3.141592654,0.,0.,              115P     98
3.141592654,0.,0.,1.,0.,0.,1.;                                       115P     99
110,27.25,34.,4.,27.25,34.,0.;                                       117P    100
126,1,1,1,0,1,0,0.,0.,1.,1.,1.,1.,0.,3.141592654,0.,0.,              119P    101
6.283185307,0.,0.,1.,0.,0.,1.;                                       119P    102
100,0.,29.,34.,27.25,34.,30.75,34.;                                  121P    103
102,4,105,109,115,119;                                               123P    104
102,4,107,113,117,121;                                               125P    105
142,1,103,123,125,1;                                                 127P    106
144,103,1,0,127;                                                     129P    107
110,-29.,34.,0.,-29.,34.,1000.;                                      131P    108
110,-27.25,34.,0.,-27.25,34.,4.;                                     133P    109
120,131,133,0.,6.28318530717959;                                     135P    110
126,1,1,1,0,1,0,0.,0.,1.,1.,1.,1.,0.,6.283185307,0.,1.,              137P    111
6.283185307,0.,0.,1.,0.,0.,1.;                                       137P    112
110,-27.25,34.,0.,-27.25,34.,4.;                                     139P    113
126,1,1,1,0,1,0,0.,0.,1.,1.,1.,1.,1.,6.283185307,0.,1.,              141P    114
3.141592654,0.,0.,1.,0.,0.,1.;                                       141P    115
124,1.,-7.105427357601E-015,0.,2.40307773680114E-013,                143P    116
-7.105427357601E-015,-1.,6.98296267768627E-015,                      143P    117
67.9999999999998,-4.96169340471387E-029,-6.98296267768627E-015,      143P    118
-1.,8.00000000000024;                                                143P    119
100,4.,-29.,34.,-27.25,34.,-30.75,34.;                               145P    120
126,1,1,1,0,1,0,0.,0.,1.,1.,1.,1.,1.,3.141592654,0.,0.,              147P    121
3.141592654,0.,0.,1.,0.,0.,1.;                                       147P    122
110,-30.75,34.,4.,-30.75,34.,0.;                                     149P    123
126,1,1,1,0,1,0,0.,0.,1.,1.,1.,1.,0.,3.141592654,0.,0.,              151P    124
6.283185307,0.,0.,1.,0.,0.,1.;                                       151P    125
100,0.,-29.,34.,-30.75,34.,-27.25,34.;                               153P    126
102,4,137,141,147,151;                                               155P    127
102,4,139,145,149,153;                                               157P    128
142,1,135,155,157,1;                                                 159P    129
144,135,1,0,159;                                                     161P    130
110,0.,-37.,0.,0.,-37.,1000.;                                        163P    131
110,1.75,-37.,0.,1.75,-37.,4.;                                       165P    132
120,163,165,0.,6.28318530717959;                                     167P    133
126,1,1,1,0,1,0,0.,0.,1.,1.,1.,1.,0.,6.283185307,0.,1.,              169P    134
6.283185307,0.,0.,1.,0.,0.,1.;                                       169P    135
110,1.75,-37.,0.,1.75,-37.,4.;                                       171P    136
126,1,1,1,0,1,0,0.,0.,1.,1.,1.,1.,1.,6.283185307,0.,1.,              173P    137
3.141592654,0.,0.,1.,0.,0.,1.;                                       173P    138
124,1.,-7.105427357601E-015,0.,-2.62900812231237E-013,               175P    139
-7.105427357601E-015,-1.,6.98296267768627E-015,-74.,                 175P    140
-4.96169340471387E-029,-6.98296267768627E-015,-1.,                   175P    141
7.99999999999974;                                                    175P    142
100,4.,0.,-37.,1.75,-37.,-1.75,-37.;                                 177P    143
126,1,1,1,0,1,0,0.,0.,1.,1.,1.,1.,1.,3.141592654,0.,0.,              179P    144
3.141592654,0.,0.,1.,0.,0.,1.;                                       179P    145
110,-1.75,-37.,4.,-1.75,-37.,0.;                                     181P    146
126,1,1,1,0,1,0,0.,0.,1.,1.,1.,1.,0.,3.141592654,0.,0.,              183P    147
6.283185307,0.,0.,1.,0.,0.,1.;                                       183P    148
100,0.,0.,-37.,-1.75,-37.,1.75,-37.;                                 185P    149
102,4,169,173,179,183;                                               187P    150
102,4,171,177,181,185;                                               189P    151
142,1,167,187,189,1;                                                 191P    152
144,167,1,0,191;                                                     193P    153
110,0.,0.,4.,0.,0.,-996.;                                            195P    154
110,-15.,0.,4.,-15.,0.,0.;                                           197P    155
120,195,197,0.,6.28318530717959;                                     199P    156
126,1,1,1,0,1,0,0.,0.,1.,1.,1.,1.,0.,6.283185307,0.,1.,              201P    157
6.283185307,0.,0.,1.,0.,0.,1.;                                       201P    158
110,-15.,0.,4.,-15.,0.,0.;                                           203P    159
126,1,1,1,0,1,0,0.,0.,1.,1.,1.,1.,1.,6.283185307,0.,1.,              205P    160
3.141592654,0.,0.,1.,0.,0.,1.;                                       205P    161
100,0.,0.,0.,-15.,0.,15.,0.;                                         207P    162
126,1,1,1,0,1,0,0.,0.,1.,1.,1.,1.,1.,3.141592654,0.,0.,              209P    163
3.141592654,0.,0.,1.,0.,0.,1.;                                       209P    164
110,15.,0.,0.,15.,0.,4.;                                             211P    165
126,1,1,1,0,1,0,0.,0.,1.,1.,1.,1.,0.,3.141592654,0.,0.,              213P    166
6.283185307,0.,0.,1.,0.,0.,1.;                                       213P    167
124,1.,-7.105427357601E-015,0.,0.,-7.105427357601E-015,-1.,          215P    168
6.98296267768627E-015,-2.79318507107451E-014,                        215P    169
-4.96169340471387E-029,-6.98296267768627E-015,-1.,8.;                215P    170
100,4.,0.,0.,15.,0.,-15.,0.;                                         217P    171
102,4,201,205,209,213;                                               219P    172
102,4,203,207,211,217;                                               221P    173
142,1,199,219,221,1;                                                 223P    174
144,199,1,0,223;                                                     225P    175
128,1,1,1,1,0,0,1,0,0,0.,0.,1.,1.,0.,0.,1.,1.,1.,1.,1.,1.,23.,       227P    176
-54.413271532,4.,23.,-54.413271532,0.,23.,-49.710796942,4.,23.,      227P    177
-49.710796942,0.,0.,1.,0.,1.;                                        227P    178
126,1,1,1,0,1,0,0.,0.,1.,1.,1.,1.,1.,1.,0.,0.,1.,0.,0.,1.,0.,        229P    179
0.,1.;                                                               229P    180
110,23.,-49.710796942,0.,23.,-49.710796942,4.;                       231P    181
126,1,1,1,0,1,0,0.,0.,1.,1.,1.,1.,0.,1.,0.,0.,0.,0.,0.,1.,0.,        233P    182
0.,1.;                                                               233P    183
110,23.,-49.710796942,4.,23.,-54.413271532,4.;                       235P    184
126,1,1,1,0,1,0,0.,0.,1.,1.,1.,1.,0.,0.,0.,1.,0.,0.,0.,1.,0.,        237P    185
0.,1.;                                                               237P    186
110,23.,-54.413271532,4.,23.,-54.413271532,0.;                       239P    187
126,1,1,1,0,1,0,0.,0.,1.,1.,1.,1.,1.,0.,0.,1.,1.,0.,0.,1.,0.,        241P    188
0.,1.;                                                               241P    189
110,23.,-54.413271532,0.,23.,-49.710796942,0.;                       243P    190
102,4,229,233,237,241;                                               245P    191
102,4,231,235,239,243;                                               247P    192
142,1,227,245,247,1;                                                 249P    193
144,227,1,0,249;                                                     251P    194
128,1,1,1,1,0,0,1,0,0,0.,0.,1.,1.,0.,0.,1.,1.,1.,1.,1.,1.,           253P    195
90.342735723,-54.344494984,0.,23.,-54.413271532,0.,                  253P    196
90.342735723,-54.344494984,4.,23.,-54.413271532,4.,0.,1.,0.,1.;      253P    197
126,1,1,1,0,1,0,0.,0.,1.,1.,1.,1.,1.,0.,0.,1.,1.,0.,0.,1.,0.,        255P    198
0.,1.;                                                               255P    199
110,23.,-54.413271532,0.,23.,-54.413271532,4.;                       257P    200
126,1,1,1,0,1,0,0.,0.,1.,1.,1.,1.,1.,1.,0.,0.,1.,0.,0.,1.,0.,        259P    201
0.,1.;                                                               259P    202
110,23.,-54.413271532,4.,90.342735723,-54.344494984,4.;              261P    203
126,1,1,1,0,1,0,0.,0.,1.,1.,1.,1.,0.,1.,0.,0.,0.,0.,0.,1.,0.,        263P    204
0.,1.;                                                               263P    205
110,90.342735723,-54.344494984,4.,90.342735723,-54.344494984,        265P    206
0.;                                                                  265P    207
126,1,1,1,0,1,0,0.,0.,1.,1.,1.,1.,0.,0.,0.,1.,0.,0.,0.,1.,0.,        267P    208
0.,1.;                                                               267P    209
110,90.342735723,-54.344494984,0.,23.,-54.413271532,0.;              269P    210
102,4,255,259,263,267;                                               271P    211
102,4,257,261,265,269;                                               273P    212
142,1,253,271,273,1;                                                 275P    213
144,253,1,0,275;                                                     277P    214
128,1,1,1,1,0,0,1,0,0,0.,0.,1.,1.,0.,0.,1.,1.,1.,1.,1.,1.,           279P    215
1.892345351,105.411351676,0.,92.339196825,-50.878352594,0.,          279P    216
1.892345351,105.411351676,4.,92.339196825,-50.878352594,4.,0.,       279P    217
1.,0.,1.;                                                            279P    218
126,1,1,1,0,1,0,0.,0.,1.,1.,1.,1.,0.,1.,0.,0.,0.,0.,0.,1.,0.,        281P    219
0.,1.;                                                               281P    220
110,1.892345351,105.411351676,4.,1.892345351,105.411351676,0.;       283P    221
126,1,1,1,0,1,0,0.,0.,1.,1.,1.,1.,0.,0.,0.,1.,0.,0.,0.,1.,0.,        285P    222
0.,1.;                                                               285P    223
110,1.892345351,105.411351676,0.,92.339196825,-50.878352594,0.;      287P    224
126,1,1,1,0,1,0,0.,0.,1.,1.,1.,1.,1.,0.,0.,1.,1.,0.,0.,1.,0.,        289P    225
0.,1.;                                                               289P    226
110,92.339196825,-50.878352594,0.,92.339196825,-50.878352594,        291P    227
4.;                                                                  291P    228
126,1,1,1,0,1,0,0.,0.,1.,1.,1.,1.,1.,1.,0.,0.,1.,0.,0.,1.,0.,        293P    229
0.,1.;                                                               293P    230
110,92.339196825,-50.878352594,4.,1.892345351,105.411351676,4.;      295P    231
102,4,281,285,289,293;                                               297P    232
102,4,283,287,291,295;                                               299P    233
142,1,279,297,299,1;                                                 301P    234
144,279,1,0,301;                                                     303P    235
128,1,1,1,1,0,0,1,0,0,0.,0.,1.,1.,0.,0.,1.,1.,1.,1.,1.,1.,           305P    236
-92.235081074,-51.066856691,0.,-2.105299553,105.411351676,0.,        305P    237
-92.235081074,-51.066856691,4.,-2.105299553,105.411351676,4.,        305P    238
0.,1.,0.,1.;                                                         305P    239
126,1,1,1,0,1,0,0.,0.,1.,1.,1.,1.,1.,0.,0.,1.,1.,0.,0.,1.,0.,        307P    240
0.,1.;                                                               307P    241
110,-2.105299553,105.411351676,0.,-2.105299553,105.411351676,        309P    242
4.;                                                                  309P    243
126,1,1,1,0,1,0,0.,0.,1.,1.,1.,1.,1.,1.,0.,0.,1.,0.,0.,1.,0.,        311P    244
0.,1.;                                                               311P    245
110,-2.105299553,105.411351676,4.,-92.235081074,-51.066856691,       313P    246
4.;                                                                  313P    247
126,1,1,1,0,1,0,0.,0.,1.,1.,1.,1.,0.,1.,0.,0.,0.,0.,0.,1.,0.,        315P    248
0.,1.;                                                               315P    249
110,-92.235081074,-51.066856691,4.,-92.235081074,-51.066856691,      317P    250
0.;                                                                  317P    251
126,1,1,1,0,1,0,0.,0.,1.,1.,1.,1.,0.,0.,0.,1.,0.,0.,0.,1.,0.,        319P    252
0.,1.;                                                               319P    253
110,-92.235081074,-51.066856691,0.,-2.105299553,105.411351676,       321P    254
0.;                                                                  321P    255
102,4,307,311,315,319;                                               323P    256
102,4,309,313,317,321;                                               325P    257
142,1,305,323,325,1;                                                 327P    258
144,305,1,0,327;                                                     329P    259
128,1,1,1,1,0,0,1,0,0,0.,0.,1.,1.,0.,0.,1.,1.,1.,1.,1.,1.,-23.,      331P    260
-54.46025093,0.,-90.231542176,-54.528913916,0.,-23.,                 331P    261
-54.46025093,4.,-90.231542176,-54.528913916,4.,0.,1.,0.,1.;          331P    262
126,1,1,1,0,1,0,0.,0.,1.,1.,1.,1.,0.,1.,0.,0.,0.,0.,0.,1.,0.,        333P    263
0.,1.;                                                               333P    264
110,-23.,-54.46025093,4.,-23.,-54.46025093,0.;                       335P    265
126,1,1,1,0,1,0,0.,0.,1.,1.,1.,1.,0.,0.,0.,1.,0.,0.,0.,1.,0.,        337P    266
0.,1.;                                                               337P    267
110,-23.,-54.46025093,0.,-90.231542176,-54.528913916,0.;             339P    268
126,1,1,1,0,1,0,0.,0.,1.,1.,1.,1.,1.,0.,0.,1.,1.,0.,0.,1.,0.,        341P    269
0.,1.;                                                               341P    270
110,-90.231542176,-54.528913916,0.,-90.231542176,-54.528913916,      343P    271
4.;                                                                  343P    272
126,1,1,1,0,1,0,0.,0.,1.,1.,1.,1.,1.,1.,0.,0.,1.,0.,0.,1.,0.,        345P    273
0.,1.;                                                               345P    274
110,-90.231542176,-54.528913916,4.,-23.,-54.46025093,4.;             347P    275
102,4,333,337,341,345;                                               349P    276
102,4,335,339,343,347;                                               351P    277
142,1,331,349,351,1;                                                 353P    278
144,331,1,0,353;                                                     355P    279
128,1,1,1,1,0,0,1,0,0,0.,0.,1.,1.,0.,0.,1.,1.,1.,1.,1.,1.,-23.,      357P    280
-54.46025093,4.,-23.,-54.46025093,0.,-23.,-49.710796942,4.,          357P    281
-23.,-49.710796942,0.,0.,1.,0.,1.;                                   357P    282
126,1,1,1,0,1,0,0.,0.,1.,1.,1.,1.,1.,0.,0.,1.,1.,0.,0.,1.,0.,        359P    283
0.,1.;                                                               359P    284
110,-23.,-54.46025093,0.,-23.,-49.710796942,0.;                      361P    285
126,1,1,1,0,1,0,0.,0.,1.,1.,1.,1.,1.,1.,0.,0.,1.,0.,0.,1.,0.,        363P    286
0.,1.;                                                               363P    287
110,-23.,-49.710796942,0.,-23.,-49.710796942,4.;                     365P    288
126,1,1,1,0,1,0,0.,0.,1.,1.,1.,1.,0.,1.,0.,0.,0.,0.,0.,1.,0.,        367P    289
0.,1.;                                                               367P    290
110,-23.,-49.710796942,4.,-23.,-54.46025093,4.;                      369P    291
126,1,1,1,0,1,0,0.,0.,1.,1.,1.,1.,0.,0.,0.,1.,0.,0.,0.,1.,0.,        371P    292
0.,1.;                                                               371P    293
110,-23.,-54.46025093,4.,-23.,-54.46025093,0.;                       373P    294
102,4,359,363,367,371;                                               375P    295
102,4,361,365,369,373;                                               377P    296
142,1,357,375,377,1;                                                 379P    297
144,357,1,0,379;                                                     381P    298
110,0.,0.,4.,0.,0.,-996.;                                            383P    299
110,-15.,0.,4.,-15.,0.,0.;                                           385P    300
120,383,385,0.,6.28318530717959;                                     387P    301
126,1,1,1,0,1,0,0.,0.,1.,1.,1.,1.,1.,3.141592654,0.,1.,0.,0.,        389P    302
0.,1.,0.,0.,1.;                                                      389P    303
100,0.,0.,0.,15.,0.,-15.,0.;                                         391P    304
126,1,1,1,0,1,0,0.,0.,1.,1.,1.,1.,1.,0.,0.,0.,0.,0.,0.,1.,0.,        393P    305
0.,1.;                                                               393P    306
110,-15.,0.,0.,-15.,0.,4.;                                           395P    307
126,1,1,1,0,1,0,0.,0.,1.,1.,1.,1.,0.,0.,0.,0.,3.141592654,0.,        397P    308
0.,1.,0.,0.,1.;                                                      397P    309
124,-1.,-7.22789203751574E-015,8.55166289179392E-031,                399P    310
-3.42066515671757E-030,-7.22789203751574E-015,1.,                    399P    311
-6.98296267768627E-015,2.79318507107451E-014,                        399P    312
4.96169340471388E-029,-6.98296267768627E-015,-1.,8.;                 399P    313
100,4.,0.,0.,15.,0.,-15.,0.;                                         401P    314
126,1,1,1,0,1,0,0.,0.,1.,1.,1.,1.,0.,3.141592654,0.,1.,              403P    315
3.141592654,0.,0.,1.,0.,0.,1.;                                       403P    316
110,15.,0.,4.,15.,0.,0.;                                             405P    317
102,4,389,393,397,403;                                               407P    318
102,4,391,395,401,405;                                               409P    319
142,1,387,407,409,1;                                                 411P    320
144,387,1,0,411;                                                     413P    321
128,1,1,1,1,0,0,1,0,0,0.,0.,1.,1.,0.,0.,1.,1.,1.,1.,1.,1.,-23.,      415P    322
-49.710796942,0.,-23.,-49.710796942,4.,23.,-49.710796942,0.,         415P    323
23.,-49.710796942,4.,0.,1.,0.,1.;                                    415P    324
126,1,1,1,0,1,0,0.,0.,1.,1.,1.,1.,0.,0.,0.,1.,0.,0.,0.,1.,0.,        417P    325
0.,1.;                                                               417P    326
110,-23.,-49.710796942,0.,-23.,-49.710796942,4.;                     419P    327
126,1,1,1,0,1,0,0.,0.,1.,1.,1.,1.,1.,0.,0.,1.,1.,0.,0.,1.,0.,        421P    328
0.,1.;                                                               421P    329
110,-23.,-49.710796942,4.,23.,-49.710796942,4.;                      423P    330
126,1,1,1,0,1,0,0.,0.,1.,1.,1.,1.,1.,1.,0.,0.,1.,0.,0.,1.,0.,        425P    331
0.,1.;                                                               425P    332
110,23.,-49.710796942,4.,23.,-49.710796942,0.;                       427P    333
126,1,1,1,0,1,0,0.,0.,1.,1.,1.,1.,0.,1.,0.,0.,0.,0.,0.,1.,0.,        429P    334
0.,1.;                                                               429P    335
110,23.,-49.710796942,0.,-23.,-49.710796942,0.;                      431P    336
102,4,417,421,425,429;                                               433P    337
102,4,419,423,427,431;                                               435P    338
142,1,415,433,435,1;                                                 437P    339
144,415,1,0,437;                                                     439P    340
128,1,1,1,1,0,0,1,0,0,0.,0.,1.,1.,0.,0.,1.,1.,1.,1.,1.,1.,           441P    341
-93.342526741,-55.48855551,4.,93.446642493,-55.48855551,4.,          441P    342
-93.342526741,105.411351676,4.,93.446642493,105.411351676,4.,        441P    343
0.,1.,0.,1.;                                                         441P    344
126,1,1,1,0,1,0,0.,0.,1.,1.,1.,1.,0.005928854,0.027481053,0.,        443P    345
0.016655059,0.005964215,0.,0.,1.,0.,0.,1.;                           443P    346
110,-92.235081074,-51.066856691,4.,-90.231542176,-54.528913916,      445P    347
4.;                                                                  445P    348
126,1,1,1,0,1,0,0.,0.,1.,1.,1.,1.,0.016655059,0.005964215,0.,        447P    349
0.376587824,0.006390958,0.,0.,1.,0.,0.,1.;                           447P    350
110,-90.231542176,-54.528913916,4.,-23.,-54.46025093,4.;             449P    351
126,1,1,1,0,1,0,0.,0.,1.,1.,1.,1.,0.376587824,0.006390958,0.,        451P    352
0.376587824,0.035909024,0.,0.,1.,0.,0.,1.;                           451P    353
110,-23.,-54.46025093,4.,-23.,-49.710796942,4.;                      453P    354
126,1,1,1,0,1,0,0.,0.,1.,1.,1.,1.,0.376587824,0.035909024,0.,        455P    355
0.622854779,0.035909024,0.,0.,1.,0.,0.,1.;                           455P    356
110,-23.,-49.710796942,4.,23.,-49.710796942,4.;                      457P    357
126,1,1,1,0,1,0,0.,0.,1.,1.,1.,1.,0.622854779,0.035909024,0.,        459P    358
0.622854779,0.006682937,0.,0.,1.,0.,0.,1.;                           459P    359
110,23.,-49.710796942,4.,23.,-54.413271532,4.;                       461P    360
126,1,1,1,0,1,0,0.,0.,1.,1.,1.,1.,0.622854779,0.006682937,0.,        463P    361
0.983382833,0.007110386,0.,0.,1.,0.,0.,1.;                           463P    362
110,23.,-54.413271532,4.,90.342735723,-54.344494984,4.;              465P    363
126,1,1,1,0,1,0,0.,0.,1.,1.,1.,1.,0.983382833,0.007110386,0.,        467P    364
0.994071146,0.028652614,0.,0.,1.,0.,0.,1.;                           467P    365
110,90.342735723,-54.344494984,4.,92.339196825,-50.878352594,        469P    366
4.;                                                                  469P    367
126,1,1,1,0,1,0,0.,0.,1.,1.,1.,1.,0.994071146,0.028652614,0.,        471P    368
0.509852217,1.,0.,0.,1.,0.,0.,1.;                                    471P    369
110,92.339196825,-50.878352594,4.,1.892345351,105.411351676,4.;      473P    370
126,1,1,1,0,1,0,0.,0.,1.,1.,1.,1.,0.509852217,1.,0.,                 475P    371
0.488450308,1.,0.,0.,1.,0.,0.,1.;                                    475P    372
110,1.892345351,105.411351676,4.,-2.105299553,105.411351676,4.;      477P    373
126,1,1,1,0,1,0,0.,0.,1.,1.,1.,1.,0.488450308,1.,0.,                 479P    374
0.005928854,0.027481053,0.,0.,1.,0.,0.,1.;                           479P    375
110,-2.105299553,105.411351676,4.,-92.235081074,-51.066856691,       481P    376
4.;                                                                  481P    377
102,10,443,447,451,455,459,463,467,471,475,479;                      483P    378
102,10,445,449,453,457,461,465,469,473,477,481;                      485P    379
142,1,441,483,485,1;                                                 487P    380
126,1,1,1,0,1,0,0.,0.,1.,1.,1.,1.,0.439047403,0.688566444,0.,        489P    381
0.438880641,0.878125187,0.,0.,1.,0.,0.,1.;                           489P    382
110,-11.333227047,55.30172148,4.,-11.364376414,85.801705574,4.;      491P    383
126,1,1,1,0,1,0,0.,0.,1.,1.,1.,1.,0.438880641,0.878125187,0.,        493P    384
0.559337241,0.878268003,0.,0.,1.,0.,0.,1.;                           493P    385
110,-11.364376414,85.801705574,4.,11.135611852,85.824684615,4.;      495P    386
126,1,1,1,0,1,0,0.,0.,1.,1.,1.,1.,0.559337241,0.878268003,0.,        497P    387
0.559504003,0.68870926,0.,0.,1.,0.,0.,1.;                            497P    388
110,11.135611852,85.824684615,4.,11.166761219,55.324700521,4.;       499P    389
126,1,1,1,0,1,0,0.,0.,1.,1.,1.,1.,0.559504003,0.68870926,0.,         501P    390
0.439047403,0.688566444,0.,0.,1.,0.,0.,1.;                           501P    391
110,11.166761219,55.324700521,4.,-11.333227047,55.30172148,4.;       503P    392
102,4,489,493,497,501;                                               505P    393
102,4,491,495,499,503;                                               507P    394
142,1,441,505,507,1;                                                 509P    395
126,1,1,1,0,1,0,0.,0.,1.,1.,1.,1.,0.786457997,0.2340123,0.,          511P    396
0.927950868,0.139400586,0.,0.,1.,0.,0.,1.;                           511P    397
110,53.559309198,-17.835998211,4.,79.988644922,-33.059014114,        513P    398
4.;                                                                  513P    399
126,1,1,1,0,1,0,0.,0.,1.,1.,1.,1.,0.927950868,0.139400586,0.,        515P    400
0.867829107,0.018225557,0.,0.,1.,0.,0.,1.;                           515P    401
110,79.988644922,-33.059014114,4.,68.758551222,-52.556065058,        517P    402
4.;                                                                  517P    403
126,1,1,1,0,1,0,0.,0.,1.,1.,1.,1.,0.867829107,0.018225557,0.,        519P    404
0.726336237,0.112837271,0.,0.,1.,0.,0.,1.;                           519P    405
110,68.758551222,-52.556065058,4.,42.329215499,-37.333049154,        521P    406
4.;                                                                  521P    407
126,1,1,1,0,1,0,0.,0.,1.,1.,1.,1.,0.726336237,0.112837271,0.,        523P    408
0.786457997,0.2340123,0.,0.,1.,0.,0.,1.;                             523P    409
110,42.329215499,-37.333049154,4.,53.559309198,-17.835998211,        525P    410
4.;                                                                  525P    411
102,4,511,515,519,523;                                               527P    412
102,4,513,517,521,525;                                               529P    413
142,1,441,527,529,1;                                                 531P    414
126,1,1,1,0,1,0,0.,0.,1.,1.,1.,1.,0.273658504,0.112012695,0.,        533P    415
0.132332396,0.017065666,0.,0.,1.,0.,0.,1.;                           533P    416
110,-42.226082151,-37.465723269,4.,-68.624268508,-52.742691459,      535P    417
4.;                                                                  535P    418
126,1,1,1,0,1,0,0.,0.,1.,1.,1.,1.,0.132332396,0.017065666,0.,        537P    419
0.071997556,0.138097879,0.,0.,1.,0.,0.,1.;                           537P    420
110,-68.624268508,-52.742691459,4.,-79.894163074,-33.268619557,      539P    421
4.;                                                                  539P    422
126,1,1,1,0,1,0,0.,0.,1.,1.,1.,1.,0.071997556,0.138097879,0.,        541P    423
0.213323664,0.233044908,0.,0.,1.,0.,0.,1.;                           541P    424
110,-79.894163074,-33.268619557,4.,-53.495976718,-17.991651367,      543P    425
4.;                                                                  543P    426
126,1,1,1,0,1,0,0.,0.,1.,1.,1.,1.,0.213323664,0.233044908,0.,        545P    427
0.273658504,0.112012695,0.,0.,1.,0.,0.,1.;                           545P    428
110,-53.495976718,-17.991651367,4.,-42.226082151,-37.465723269,      547P    429
4.;                                                                  547P    430
102,4,533,537,541,545;                                               549P    431
102,4,535,539,543,547;                                               551P    432
142,1,441,549,551,1;                                                 553P    433
126,16,2,1,0,1,0,0.,0.,0.,0.125,0.125,0.25,0.25,0.375,0.375,         555P    434
0.5,0.5,0.625,0.625,0.75,0.75,0.875,0.875,1.,1.,1.,1.,1.,1.,1.,      555P    435
1.,1.,1.,1.,1.,1.,1.,1.,1.,1.,1.,1.,1.,0.645607704,0.556175308,      555P    436
0.,0.645607704,0.558338744,0.,0.646320866,0.560337499,0.,            555P    437
0.647034027,0.562336253,0.,0.648351777,0.563866033,0.,               555P    438
0.649669528,0.565395813,0.,0.651391252,0.566223724,0.,               555P    439
0.653112975,0.567051635,0.,0.654976556,0.567051635,0.,               555P    440
0.656840136,0.567051635,0.,0.65856186,0.566223724,0.,                555P    441
0.660283584,0.565395813,0.,0.661601334,0.563866033,0.,               555P    442
0.662919085,0.562336253,0.,0.663632246,0.560337499,0.,               555P    443
0.664345407,0.558338744,0.,0.664345407,0.556175308,0.,0.,1.,0.,      555P    444
0.,1.;                                                               555P    445
124,-1.,-6.98296267768627E-015,0.,58.0000000000002,                  557P    446
-6.98296267768627E-015,1.,-6.98296267768627E-015,                    557P    447
2.31892037898358E-013,4.87617677579594E-029,                         557P    448
-6.98296267768627E-015,-1.,8.00000000000024;                         557P    449
100,4.,29.,34.,30.75,34.,27.25,34.;                                  559P    450
126,16,2,1,0,1,0,0.,0.,0.,0.125,0.125,0.25,0.25,0.375,0.375,         561P    451
0.5,0.5,0.625,0.625,0.75,0.75,0.875,0.875,1.,1.,1.,1.,1.,1.,1.,      561P    452
1.,1.,1.,1.,1.,1.,1.,1.,1.,1.,1.,1.,1.,0.664345407,0.556175308,      561P    453
0.,0.664345407,0.554011873,0.,0.663632246,0.552013118,0.,            561P    454
0.662919085,0.550014364,0.,0.661601334,0.548484584,0.,               561P    455
0.660283584,0.546954804,0.,0.65856186,0.546126893,0.,                561P    456
0.656840136,0.545298981,0.,0.654976556,0.545298981,0.,               561P    457
0.653112975,0.545298981,0.,0.651391252,0.546126893,0.,               561P    458
0.649669528,0.546954804,0.,0.648351777,0.548484584,0.,               561P    459
0.647034027,0.550014364,0.,0.646320866,0.552013118,0.,               561P    460
0.645607704,0.554011873,0.,0.645607704,0.556175308,0.,0.,1.,0.,      561P    461
0.,1.;                                                               561P    462
124,1.,-7.105427357601E-015,0.,2.40307773680117E-013,                563P    463
-7.105427357601E-015,-1.,6.98296267768627E-015,                      563P    464
68.0000000000002,-4.96169340471387E-029,-6.98296267768627E-015,      563P    465
-1.,8.00000000000024;                                                563P    466
100,4.,29.,34.,30.75,34.,27.25,34.;                                  565P    467
102,2,555,561;                                                       567P    468
102,2,559,565;                                                       569P    469
142,1,441,567,569,1;                                                 571P    470
126,16,2,1,0,1,0,0.,0.,0.,0.125,0.125,0.25,0.25,0.375,0.375,         573P    471
0.5,0.5,0.625,0.625,0.75,0.75,0.875,0.875,1.,1.,1.,1.,1.,1.,1.,      573P    472
1.,1.,1.,1.,1.,1.,1.,1.,1.,1.,1.,1.,1.,0.335097195,0.556175308,      573P    473
0.,0.335097195,0.558338744,0.,0.335810357,0.560337499,0.,            573P    474
0.336523518,0.562336253,0.,0.337841268,0.563866033,0.,               573P    475
0.339159019,0.565395813,0.,0.340880743,0.566223724,0.,               573P    476
0.342602467,0.567051635,0.,0.344466047,0.567051635,0.,               573P    477
0.346329627,0.567051635,0.,0.348051351,0.566223724,0.,               573P    478
0.349773075,0.565395813,0.,0.351090825,0.563866033,0.,               573P    479
0.352408576,0.562336253,0.,0.353121737,0.560337499,0.,               573P    480
0.353834899,0.558338744,0.,0.353834899,0.556175308,0.,0.,1.,0.,      573P    481
0.,1.;                                                               573P    482
124,-1.,-6.98296267768627E-015,0.,-57.9999999999998,                 575P    483
-6.98296267768627E-015,1.,-6.98296267768627E-015,                    575P    484
-1.75675786286629E-013,4.87617677579594E-029,                        575P    485
-6.98296267768627E-015,-1.,8.00000000000024;                         575P    486
100,4.,-29.,34.,-27.25,34.,-30.75,34.;                               577P    487
126,16,2,1,0,1,0,0.,0.,0.,0.125,0.125,0.25,0.25,0.375,0.375,         579P    488
0.5,0.5,0.625,0.625,0.75,0.75,0.875,0.875,1.,1.,1.,1.,1.,1.,1.,      579P    489
1.,1.,1.,1.,1.,1.,1.,1.,1.,1.,1.,1.,1.,0.353834899,0.556175308,      579P    490
0.,0.353834899,0.554011873,0.,0.353121737,0.552013118,0.,            579P    491
0.352408576,0.550014364,0.,0.351090825,0.548484584,0.,               579P    492
0.349773075,0.546954804,0.,0.348051351,0.546126893,0.,               579P    493
0.346329627,0.545298981,0.,0.344466047,0.545298981,0.,               579P    494
0.342602467,0.545298981,0.,0.340880743,0.546126893,0.,               579P    495
0.339159019,0.546954804,0.,0.337841268,0.548484584,0.,               579P    496
0.336523518,0.550014364,0.,0.335810357,0.552013118,0.,               579P    497
0.335097195,0.554011873,0.,0.335097195,0.556175308,0.,0.,1.,0.,      579P    498
0.,1.;                                                               579P    499
124,1.,-7.105427357601E-015,0.,2.40307773680114E-013,                581P    500
-7.105427357601E-015,-1.,6.98296267768627E-015,                      581P    501
67.9999999999998,-4.96169340471387E-029,-6.98296267768627E-015,      581P    502
-1.,8.00000000000024;                                                581P    503
100,4.,-29.,34.,-27.25,34.,-30.75,34.;                               583P    504
102,2,573,579;                                                       585P    505
102,2,577,583;                                                       587P    506
142,1,441,585,587,1;                                                 589P    507
126,16,2,1,0,1,0,0.,0.,0.,0.125,0.125,0.25,0.25,0.375,0.375,         591P    508
0.5,0.5,0.625,0.625,0.75,0.75,0.875,0.875,1.,1.,1.,1.,1.,1.,1.,      591P    509
1.,1.,1.,1.,1.,1.,1.,1.,1.,1.,1.,1.,1.,0.49035245,0.114907186,       591P    510
0.,0.49035245,0.117070622,0.,0.491065611,0.119069376,0.,             591P    511
0.491778773,0.12106813,0.,0.493096523,0.12259791,0.,                 591P    512
0.494414273,0.12412769,0.,0.496135997,0.124955602,0.,                591P    513
0.497857721,0.125783513,0.,0.499721301,0.125783513,0.,               591P    514
0.501584882,0.125783513,0.,0.503306606,0.124955602,0.,               591P    515
0.50502833,0.12412769,0.,0.50634608,0.12259791,0.,0.50766383,        591P    516
0.12106813,0.,0.508376992,0.119069376,0.,0.509090153,                591P    517
0.117070622,0.,0.509090153,0.114907186,0.,0.,1.,0.,0.,1.;            591P    518
124,-1.,-6.98296267768627E-015,0.,-2.58369619074392E-013,            593P    519
-6.98296267768627E-015,1.,-6.98296267768627E-015,                    593P    520
2.81081258058576E-014,4.87617677579594E-029,                         593P    521
-6.98296267768627E-015,-1.,7.99999999999974;                         593P    522
100,4.,0.,-37.,1.75,-37.,-1.75,-37.;                                 595P    523
126,16,2,1,0,1,0,0.,0.,0.,0.125,0.125,0.25,0.25,0.375,0.375,         597P    524
0.5,0.5,0.625,0.625,0.75,0.75,0.875,0.875,1.,1.,1.,1.,1.,1.,1.,      597P    525
1.,1.,1.,1.,1.,1.,1.,1.,1.,1.,1.,1.,1.,0.509090153,0.114907186,      597P    526
0.,0.509090153,0.11274375,0.,0.508376992,0.110744996,0.,             597P    527
0.50766383,0.108746241,0.,0.50634608,0.107216461,0.,0.50502833,      597P    528
0.105686681,0.,0.503306606,0.10485877,0.,0.501584882,                597P    529
0.104030859,0.,0.499721301,0.104030859,0.,0.497857721,               597P    530
0.104030859,0.,0.496135997,0.10485877,0.,0.494414273,                597P    531
0.105686681,0.,0.493096523,0.107216461,0.,0.491778773,               597P    532
0.108746241,0.,0.491065611,0.110744996,0.,0.49035245,                597P    533
0.11274375,0.,0.49035245,0.114907186,0.,0.,1.,0.,0.,1.;              597P    534
124,1.,-7.105427357601E-015,0.,-2.62900812231237E-013,               599P    535
-7.105427357601E-015,-1.,6.98296267768627E-015,-74.,                 599P    536
-4.96169340471387E-029,-6.98296267768627E-015,-1.,                   599P    537
7.99999999999974;                                                    599P    538
100,4.,0.,-37.,1.75,-37.,-1.75,-37.;                                 601P    539
102,2,591,597;                                                       603P    540
102,2,595,601;                                                       605P    541
142,1,441,603,605,1;                                                 607P    542
126,32,2,1,0,1,0,0.,0.,0.,0.0625,0.0625,0.125,0.125,0.1875,          609P    543
0.1875,0.25,0.25,0.3125,0.3125,0.375,0.375,0.4375,0.4375,0.5,        609P    544
0.5,0.5625,0.5625,0.625,0.625,0.6875,0.6875,0.75,0.75,0.8125,        609P    545
0.8125,0.875,0.875,0.9375,0.9375,1.,1.,1.,1.,1.,1.,1.,1.,1.,1.,      609P    546
1.,1.,1.,1.,1.,1.,1.,1.,1.,1.,1.,1.,1.,1.,1.,1.,1.,1.,1.,1.,1.,      609P    547
1.,1.,1.,1.,1.,0.580025743,0.344863813,0.,0.580025743,               609P    548
0.335681887,0.,0.578482716,0.326676389,0.,0.576939689,               609P    549
0.317670891,0.,0.573912932,0.309187898,0.,0.570886175,               609P    550
0.300704904,0.,0.566492005,0.293070412,0.,0.562097835,               609P    551
0.285435919,0.,0.556505117,0.278943317,0.,0.550912399,               609P    552
0.272450715,0.,0.544336059,0.26734951,0.,0.537759719,                609P    553
0.262248305,0.,0.530452481,0.258734534,0.,0.523145243,               609P    554
0.255220763,0.,0.515387921,0.253429458,0.,0.507630599,               609P    555
0.251638153,0.,0.499721301,0.251638153,0.,0.491812004,               609P    556
0.251638153,0.,0.484054682,0.253429458,0.,0.47629736,                609P    557
0.255220763,0.,0.468990122,0.258734534,0.,0.461682884,               609P    558
0.262248305,0.,0.455106544,0.26734951,0.,0.448530204,                609P    559
0.272450715,0.,0.442937486,0.278943317,0.,0.437344768,               609P    560
0.285435919,0.,0.432950598,0.293070412,0.,0.428556428,               609P    561
0.300704904,0.,0.425529671,0.309187898,0.,0.422502914,               609P    562
0.317670891,0.,0.420959887,0.326676389,0.,0.419416859,               609P    563
0.335681887,0.,0.419416859,0.344863813,0.,0.,1.,0.,0.,1.;            609P    564
124,1.,-7.105427357601E-015,0.,0.,-7.105427357601E-015,-1.,          611P    565
6.98296267768627E-015,-2.79318507107451E-014,                        611P    566
-4.96169340471387E-029,-6.98296267768627E-015,-1.,8.;                611P    567
100,4.,0.,0.,15.,0.,-15.,0.;                                         613P    568
126,32,2,1,0,1,0,0.,0.,0.,0.0625,0.0625,0.125,0.125,0.1875,          615P    569
0.1875,0.25,0.25,0.3125,0.3125,0.375,0.375,0.4375,0.4375,0.5,        615P    570
0.5,0.5625,0.5625,0.625,0.625,0.6875,0.6875,0.75,0.75,0.8125,        615P    571
0.8125,0.875,0.875,0.9375,0.9375,1.,1.,1.,1.,1.,1.,1.,1.,1.,1.,      615P    572
1.,1.,1.,1.,1.,1.,1.,1.,1.,1.,1.,1.,1.,1.,1.,1.,1.,1.,1.,1.,1.,      615P    573
1.,1.,1.,1.,1.,0.419416859,0.344863813,0.,0.419416859,               615P    574
0.354045739,0.,0.420959887,0.363051237,0.,0.422502914,               615P    575
0.372056735,0.,0.425529671,0.380539728,0.,0.428556428,               615P    576
0.389022722,0.,0.432950598,0.396657215,0.,0.437344768,               615P    577
0.404291707,0.,0.442937486,0.410784309,0.,0.448530204,               615P    578
0.417276911,0.,0.455106544,0.422378116,0.,0.461682884,               615P    579
0.427479321,0.,0.468990122,0.430993092,0.,0.47629736,                615P    580
0.434506863,0.,0.484054682,0.436298168,0.,0.491812004,               615P    581
0.438089473,0.,0.499721301,0.438089473,0.,0.507630599,               615P    582
0.438089473,0.,0.515387921,0.436298168,0.,0.523145243,               615P    583
0.434506863,0.,0.530452481,0.430993092,0.,0.537759719,               615P    584
0.427479321,0.,0.544336059,0.422378116,0.,0.550912399,               615P    585
0.417276911,0.,0.556505117,0.410784309,0.,0.562097835,               615P    586
0.404291707,0.,0.566492005,0.396657215,0.,0.570886175,               615P    587
0.389022722,0.,0.573912932,0.380539728,0.,0.576939689,               615P    588
0.372056735,0.,0.578482716,0.363051237,0.,0.580025743,               615P    589
0.354045739,0.,0.580025743,0.344863813,0.,0.,1.,0.,0.,1.;            615P    590
124,-1.,-7.22789203751574E-015,8.55166289179392E-031,                617P    591
-3.42066515671757E-030,-7.22789203751574E-015,1.,                    617P    592
-6.98296267768627E-015,2.79318507107451E-014,                        617P    593
4.96169340471388E-029,-6.98296267768627E-015,-1.,8.;                 617P    594
100,4.,0.,0.,15.,0.,-15.,0.;                                         619P    595
102,2,609,615;                                                       621P    596
102,2,613,619;                                                       623P    597
142,1,441,621,623,1;                                                 625P    598
144,441,1,7,487,509,531,553,571,589,607,625;                         627P    599
128,1,1,1,1,0,0,1,0,0,0.,0.,1.,1.,0.,0.,1.,1.,1.,1.,1.,1.,           629P    600
-93.342526741,-55.48855551,0.,93.446642493,-55.48855551,0.,          629P    601
-93.342526741,105.411351676,0.,93.446642493,105.411351676,0.,        629P    602
0.,1.,0.,1.;                                                         629P    603
126,1,1,1,0,1,0,0.,0.,1.,1.,1.,1.,0.376587824,0.006390958,0.,        631P    604
0.376587824,0.035909024,0.,0.,1.,0.,0.,1.;                           631P    605
110,-23.,-54.46025093,0.,-23.,-49.710796942,0.;                      633P    606
126,1,1,1,0,1,0,0.,0.,1.,1.,1.,1.,0.376587824,0.035909024,0.,        635P    607
0.622854779,0.035909024,0.,0.,1.,0.,0.,1.;                           635P    608
110,-23.,-49.710796942,0.,23.,-49.710796942,0.;                      637P    609
126,1,1,1,0,1,0,0.,0.,1.,1.,1.,1.,0.622854779,0.035909024,0.,        639P    610
0.622854779,0.006682937,0.,0.,1.,0.,0.,1.;                           639P    611
110,23.,-49.710796942,0.,23.,-54.413271532,0.;                       641P    612
126,1,1,1,0,1,0,0.,0.,1.,1.,1.,1.,0.622854779,0.006682937,0.,        643P    613
0.983382833,0.007110386,0.,0.,1.,0.,0.,1.;                           643P    614
110,23.,-54.413271532,0.,90.342735723,-54.344494984,0.;              645P    615
126,1,1,1,0,1,0,0.,0.,1.,1.,1.,1.,0.983382833,0.007110386,0.,        647P    616
0.994071146,0.028652614,0.,0.,1.,0.,0.,1.;                           647P    617
110,90.342735723,-54.344494984,0.,92.339196825,-50.878352594,        649P    618
0.;                                                                  649P    619
126,1,1,1,0,1,0,0.,0.,1.,1.,1.,1.,0.994071146,0.028652614,0.,        651P    620
0.509852217,1.,0.,0.,1.,0.,0.,1.;                                    651P    621
110,92.339196825,-50.878352594,0.,1.892345351,105.411351676,0.;      653P    622
126,1,1,1,0,1,0,0.,0.,1.,1.,1.,1.,0.509852217,1.,0.,                 655P    623
0.488450308,1.,0.,0.,1.,0.,0.,1.;                                    655P    624
110,1.892345351,105.411351676,0.,-2.105299553,105.411351676,0.;      657P    625
126,1,1,1,0,1,0,0.,0.,1.,1.,1.,1.,0.488450308,1.,0.,                 659P    626
0.005928854,0.027481053,0.,0.,1.,0.,0.,1.;                           659P    627
110,-2.105299553,105.411351676,0.,-92.235081074,-51.066856691,       661P    628
0.;                                                                  661P    629
126,1,1,1,0,1,0,0.,0.,1.,1.,1.,1.,0.005928854,0.027481053,0.,        663P    630
0.016655059,0.005964215,0.,0.,1.,0.,0.,1.;                           663P    631
110,-92.235081074,-51.066856691,0.,-90.231542176,-54.528913916,      665P    632
0.;                                                                  665P    633
126,1,1,1,0,1,0,0.,0.,1.,1.,1.,1.,0.016655059,0.005964215,0.,        667P    634
0.376587824,0.006390958,0.,0.,1.,0.,0.,1.;                           667P    635
110,-90.231542176,-54.528913916,0.,-23.,-54.46025093,0.;             669P    636
102,10,631,635,639,643,647,651,655,659,663,667;                      671P    637
102,10,633,637,641,645,649,653,657,661,665,669;                      673P    638
142,1,629,671,673,1;                                                 675P    639
126,32,2,1,0,1,0,0.,0.,0.,0.0625,0.0625,0.125,0.125,0.1875,          677P    640
0.1875,0.25,0.25,0.3125,0.3125,0.375,0.375,0.4375,0.4375,0.5,        677P    641
0.5,0.5625,0.5625,0.625,0.625,0.6875,0.6875,0.75,0.75,0.8125,        677P    642
0.8125,0.875,0.875,0.9375,0.9375,1.,1.,1.,1.,1.,1.,1.,1.,1.,1.,      677P    643
1.,1.,1.,1.,1.,1.,1.,1.,1.,1.,1.,1.,1.,1.,1.,1.,1.,1.,1.,1.,1.,      677P    644
1.,1.,1.,1.,1.,0.552729458,0.78246071,0.,0.552729458,                677P    645
0.776339426,0.,0.551700773,0.77033576,0.,0.550672089,                677P    646
0.764332095,0.,0.548654251,0.758676766,0.,0.546636413,               677P    647
0.753021437,0.,0.543706966,0.747931775,0.,0.540777519,               677P    648
0.742842114,0.,0.537049041,0.738513712,0.,0.533320562,               677P    649
0.734185311,0.,0.528936335,0.730784507,0.,0.524552108,               677P    650
0.727383704,0.,0.519680617,0.72504119,0.,0.514809125,                677P    651
0.722698676,0.,0.509637577,0.721504473,0.,0.504466028,               677P    652
0.72031027,0.,0.499193164,0.72031027,0.,0.493920299,0.72031027,      677P    653
0.,0.488748751,0.721504473,0.,0.483577203,0.722698676,0.,            677P    654
0.478705711,0.72504119,0.,0.473834219,0.727383704,0.,                677P    655
0.469449992,0.730784507,0.,0.465065765,0.734185311,0.,               677P    656
0.461337287,0.738513712,0.,0.457608808,0.742842114,0.,               677P    657
0.454679361,0.747931775,0.,0.451749915,0.753021437,0.,               677P    658
0.449732077,0.758676766,0.,0.447714239,0.764332095,0.,               677P    659
0.446685554,0.77033576,0.,0.445656869,0.776339426,0.,                677P    660
0.445656869,0.78246071,0.,0.,1.,0.,0.,1.;                            677P    661
124,1.,-7.105427357601E-015,0.,5.00284793445195E-013,                679P    662
-7.105427357601E-015,-1.,6.98296267768627E-015,                      679P    663
140.818600072114,-4.96169340471387E-029,-6.98296267768627E-015,      679P    664
-1.,4.91665514313801E-013;                                           679P    665
100,0.,-0.098650418,70.409300036,9.901349582,70.409300036,           681P    666
-10.098650418,70.409300036;                                          681P    667
126,32,2,1,0,1,0,0.,0.,0.,0.0625,0.0625,0.125,0.125,0.1875,          683P    668
0.1875,0.25,0.25,0.3125,0.3125,0.375,0.375,0.4375,0.4375,0.5,        683P    669
0.5,0.5625,0.5625,0.625,0.625,0.6875,0.6875,0.75,0.75,0.8125,        683P    670
0.8125,0.875,0.875,0.9375,0.9375,1.,1.,1.,1.,1.,1.,1.,1.,1.,1.,      683P    671
1.,1.,1.,1.,1.,1.,1.,1.,1.,1.,1.,1.,1.,1.,1.,1.,1.,1.,1.,1.,1.,      683P    672
1.,1.,1.,1.,1.,0.445656869,0.78246071,0.,0.445656869,                683P    673
0.788581994,0.,0.446685554,0.794585659,0.,0.447714239,               683P    674
0.800589324,0.,0.449732077,0.806244653,0.,0.451749915,               683P    675
0.811899982,0.,0.454679361,0.816989644,0.,0.457608808,               683P    676
0.822079306,0.,0.461337287,0.826407707,0.,0.465065765,               683P    677
0.830736108,0.,0.469449992,0.834136912,0.,0.473834219,               683P    678
0.837537715,0.,0.478705711,0.839880229,0.,0.483577203,               683P    679
0.842222743,0.,0.488748751,0.843416946,0.,0.493920299,               683P    680
0.844611149,0.,0.499193164,0.844611149,0.,0.504466028,               683P    681
0.844611149,0.,0.509637577,0.843416946,0.,0.514809125,               683P    682
0.842222743,0.,0.519680617,0.839880229,0.,0.524552108,               683P    683
0.837537715,0.,0.528936335,0.834136912,0.,0.533320562,               683P    684
0.830736108,0.,0.537049041,0.826407707,0.,0.540777519,               683P    685
0.822079306,0.,0.543706966,0.816989644,0.,0.546636413,               683P    686
0.811899982,0.,0.548654251,0.806244653,0.,0.550672089,               683P    687
0.800589324,0.,0.551700773,0.794585659,0.,0.552729458,               683P    688
0.788581994,0.,0.552729458,0.78246071,0.,0.,1.,0.,0.,1.;             683P    689
124,-1.,-6.98296267768627E-015,0.,-0.197300835093597,                685P    690
-6.98296267768627E-015,1.,-6.98296267768627E-015,                    685P    691
-1.37774436773149E-015,4.87617677579594E-029,                        685P    692
-6.98296267768627E-015,-1.,4.91665514313801E-013;                    685P    693
100,0.,-0.098650418,70.409300036,9.901349582,70.409300036,           687P    694
-10.098650418,70.409300036;                                          687P    695
102,2,677,683;                                                       689P    696
102,2,681,687;                                                       691P    697
142,1,629,689,691,1;                                                 693P    698
126,32,2,1,0,1,0,0.,0.,0.,0.0625,0.0625,0.125,0.125,0.1875,          695P    699
0.1875,0.25,0.25,0.3125,0.3125,0.375,0.375,0.4375,0.4375,0.5,        695P    700
0.5,0.5625,0.5625,0.625,0.625,0.6875,0.6875,0.75,0.75,0.8125,        695P    701
0.8125,0.875,0.875,0.9375,0.9375,1.,1.,1.,1.,1.,1.,1.,1.,1.,1.,      695P    702
1.,1.,1.,1.,1.,1.,1.,1.,1.,1.,1.,1.,1.,1.,1.,1.,1.,1.,1.,1.,1.,      695P    703
1.,1.,1.,1.,1.,0.227077457,0.12553439,0.,0.227077457,                695P    704
0.119413106,0.,0.226048772,0.113409441,0.,0.225020087,               695P    705
0.107405776,0.,0.223002249,0.101750447,0.,0.220984411,               695P    706
0.096095117,0.,0.218054964,0.091005456,0.,0.215125517,               695P    707
0.085915794,0.,0.211397039,0.081587393,0.,0.20766856,                695P    708
0.077258991,0.,0.203284334,0.073858188,0.,0.198900107,               695P    709
0.070457385,0.,0.194028615,0.068114871,0.,0.189157123,               695P    710
0.065772357,0.,0.183985575,0.064578154,0.,0.178814027,               695P    711
0.06338395,0.,0.173541162,0.06338395,0.,0.168268297,0.06338395,      695P    712
0.,0.163096749,0.064578154,0.,0.157925201,0.065772357,0.,            695P    713
0.153053709,0.068114871,0.,0.148182217,0.070457385,0.,               695P    714
0.14379799,0.073858188,0.,0.139413763,0.077258991,0.,                695P    715
0.135685285,0.081587393,0.,0.131956806,0.085915794,0.,               695P    716
0.12902736,0.091005456,0.,0.126097913,0.096095117,0.,                695P    717
0.124080075,0.101750447,0.,0.122062237,0.107405776,0.,               695P    718
0.121033552,0.113409441,0.,0.120004867,0.119413106,0.,               695P    719
0.120004867,0.12553439,0.,0.,1.,0.,0.,1.;                            695P    720
124,1.,-7.105427357601E-015,0.,-2.51702073025494E-013,               697P    721
-7.105427357601E-015,-1.,6.98296267768627E-015,                      697P    722
-70.5801675714374,-4.96169340471387E-029,                            697P    723
-6.98296267768627E-015,-1.,-2.46429337968097E-013;                   697P    724
100,0.,-60.926917285,-35.290083786,-50.926917285,-35.290083786,      699P    725
-70.926917285,-35.290083786;                                         699P    726
126,32,2,1,0,1,0,0.,0.,0.,0.0625,0.0625,0.125,0.125,0.1875,          701P    727
0.1875,0.25,0.25,0.3125,0.3125,0.375,0.375,0.4375,0.4375,0.5,        701P    728
0.5,0.5625,0.5625,0.625,0.625,0.6875,0.6875,0.75,0.75,0.8125,        701P    729
0.8125,0.875,0.875,0.9375,0.9375,1.,1.,1.,1.,1.,1.,1.,1.,1.,1.,      701P    730
1.,1.,1.,1.,1.,1.,1.,1.,1.,1.,1.,1.,1.,1.,1.,1.,1.,1.,1.,1.,1.,      701P    731
1.,1.,1.,1.,1.,0.120004867,0.12553439,0.,0.120004867,                701P    732
0.131655674,0.,0.121033552,0.137659339,0.,0.122062237,               701P    733
0.143663005,0.,0.124080075,0.149318334,0.,0.126097913,               701P    734
0.154973663,0.,0.12902736,0.160063324,0.,0.131956806,                701P    735
0.165152986,0.,0.135685285,0.169481388,0.,0.139413763,               701P    736
0.173809789,0.,0.14379799,0.177210592,0.,0.148182217,                701P    737
0.180611395,0.,0.153053709,0.182953909,0.,0.157925201,               701P    738
0.185296423,0.,0.163096749,0.186490627,0.,0.168268297,               701P    739
0.18768483,0.,0.173541162,0.18768483,0.,0.178814027,0.18768483,      701P    740
0.,0.183985575,0.186490627,0.,0.189157123,0.185296423,0.,            701P    741
0.194028615,0.182953909,0.,0.198900107,0.180611395,0.,               701P    742
0.203284334,0.177210592,0.,0.20766856,0.173809789,0.,                701P    743
0.211397039,0.169481388,0.,0.215125517,0.165152986,0.,               701P    744
0.218054964,0.160063324,0.,0.220984411,0.154973663,0.,               701P    745
0.223002249,0.149318334,0.,0.225020087,0.143663005,0.,               701P    746
0.226048772,0.137659339,0.,0.227077457,0.131655674,0.,               701P    747
0.227077457,0.12553439,0.,0.,1.,0.,0.,1.;                            701P    748
124,-1.,-6.98296267768627E-015,0.,-121.853834570265,                 703P    749
-6.98296267768627E-015,1.,-6.98296267768627E-015,                    703P    750
-4.27628250798777E-013,4.87617677579594E-029,                        703P    751
-6.98296267768627E-015,-1.,-2.46429337968091E-013;                   703P    752
100,0.,-60.926917285,-35.290083786,-50.926917285,-35.290083786,      705P    753
-70.926917285,-35.290083786;                                         705P    754
102,2,695,701;                                                       707P    755
102,2,699,705;                                                       709P    756
142,1,629,707,709,1;                                                 711P    757
126,32,2,1,0,1,0,0.,0.,0.,0.0625,0.0625,0.125,0.125,0.1875,          713P    758
0.1875,0.25,0.25,0.3125,0.3125,0.375,0.375,0.4375,0.4375,0.5,        713P    759
0.5,0.5625,0.5625,0.625,0.625,0.6875,0.6875,0.75,0.75,0.8125,        713P    760
0.8125,0.875,0.875,0.9375,0.9375,1.,1.,1.,1.,1.,1.,1.,1.,1.,1.,      713P    761
1.,1.,1.,1.,1.,1.,1.,1.,1.,1.,1.,1.,1.,1.,1.,1.,1.,1.,1.,1.,1.,      713P    762
1.,1.,1.,1.,1.,0.879965873,0.126596339,0.,0.879965873,               713P    763
0.120475055,0.,0.878937188,0.11447139,0.,0.877908504,                713P    764
0.108467725,0.,0.875890666,0.102812396,0.,0.873872828,               713P    765
0.097157067,0.,0.870943381,0.092067405,0.,0.868013934,               713P    766
0.086977743,0.,0.864285456,0.082649342,0.,0.860556977,               713P    767
0.07832094,0.,0.85617275,0.074920137,0.,0.851788524,                 713P    768
0.071519334,0.,0.846917032,0.06917682,0.,0.84204554,                 713P    769
0.066834306,0.,0.836873992,0.065640103,0.,0.831702444,               713P    770
0.0644459,0.,0.826429579,0.0644459,0.,0.821156714,0.0644459,0.,      713P    771
0.815985166,0.065640103,0.,0.810813618,0.066834306,0.,               713P    772
0.805942126,0.06917682,0.,0.801070634,0.071519334,0.,                713P    773
0.796686407,0.074920137,0.,0.79230218,0.07832094,0.,                 713P    774
0.788573702,0.082649342,0.,0.784845223,0.086977743,0.,               713P    775
0.781915777,0.092067405,0.,0.77898633,0.097157067,0.,                713P    776
0.776968492,0.102812396,0.,0.774950654,0.108467725,0.,               713P    777
0.773921969,0.11447139,0.,0.772893284,0.120475055,0.,                713P    778
0.772893284,0.126596339,0.,0.,1.,0.,0.,1.;                           713P    779
124,1.,-7.105427357601E-015,0.,-2.49273899304668E-013,               715P    780
-7.105427357601E-015,-1.,6.98296267768627E-015,                      715P    781
-70.2384325006779,-4.96169340471387E-029,                            715P    782
-6.98296267768627E-015,-1.,-2.45236176345708E-013;                   715P    783
100,0.,61.025567703,-35.11921625,71.025567703,-35.11921625,          717P    784
51.025567703,-35.11921625;                                           717P    785
126,32,2,1,0,1,0,0.,0.,0.,0.0625,0.0625,0.125,0.125,0.1875,          719P    786
0.1875,0.25,0.25,0.3125,0.3125,0.375,0.375,0.4375,0.4375,0.5,        719P    787
0.5,0.5625,0.5625,0.625,0.625,0.6875,0.6875,0.75,0.75,0.8125,        719P    788
0.8125,0.875,0.875,0.9375,0.9375,1.,1.,1.,1.,1.,1.,1.,1.,1.,1.,      719P    789
1.,1.,1.,1.,1.,1.,1.,1.,1.,1.,1.,1.,1.,1.,1.,1.,1.,1.,1.,1.,1.,      719P    790
1.,1.,1.,1.,1.,0.772893284,0.126596339,0.,0.772893284,               719P    791
0.132717623,0.,0.773921969,0.138721289,0.,0.774950654,               719P    792
0.144724954,0.,0.776968492,0.150380283,0.,0.77898633,                719P    793
0.156035612,0.,0.781915777,0.161125274,0.,0.784845223,               719P    794
0.166214935,0.,0.788573702,0.170543337,0.,0.79230218,                719P    795
0.174871738,0.,0.796686407,0.178272542,0.,0.801070634,               719P    796
0.181673345,0.,0.805942126,0.184015859,0.,0.810813618,               719P    797
0.186358373,0.,0.815985166,0.187552576,0.,0.821156714,               719P    798
0.188746779,0.,0.826429579,0.188746779,0.,0.831702444,               719P    799
0.188746779,0.,0.836873992,0.187552576,0.,0.84204554,                719P    800
0.186358373,0.,0.846917032,0.184015859,0.,0.851788524,               719P    801
0.181673345,0.,0.85617275,0.178272542,0.,0.860556977,                719P    802
0.174871738,0.,0.864285456,0.170543337,0.,0.868013934,               719P    803
0.166214935,0.,0.870943381,0.161125274,0.,0.873872828,               719P    804
0.156035612,0.,0.875890666,0.150380283,0.,0.877908504,               719P    805
0.144724954,0.,0.878937188,0.138721289,0.,0.879965873,               719P    806
0.132717623,0.,0.879965873,0.126596339,0.,0.,1.,0.,0.,1.;            719P    807
124,-1.,-6.98296267768627E-015,0.,122.051135405359,                  721P    808
-6.98296267768627E-015,1.,-6.98296267768627E-015,                    721P    809
4.29005995166509E-013,4.87617677579594E-029,                         721P    810
-6.98296267768627E-015,-1.,-2.45236176345714E-013;                   721P    811
100,0.,61.025567703,-35.11921625,71.025567703,-35.11921625,          723P    812
51.025567703,-35.11921625;                                           723P    813
102,2,713,719;                                                       725P    814
102,2,717,723;                                                       727P    815
142,1,629,725,727,1;                                                 729P    816
126,16,2,1,0,1,0,0.,0.,0.,0.125,0.125,0.25,0.25,0.375,0.375,         731P    817
0.5,0.5,0.625,0.625,0.75,0.75,0.875,0.875,1.,1.,1.,1.,1.,1.,1.,      731P    818
1.,1.,1.,1.,1.,1.,1.,1.,1.,1.,1.,1.,1.,0.664345407,0.556175308,      731P    819
0.,0.664345407,0.554011873,0.,0.663632246,0.552013118,0.,            731P    820
0.662919085,0.550014364,0.,0.661601334,0.548484584,0.,               731P    821
0.660283584,0.546954804,0.,0.65856186,0.546126893,0.,                731P    822
0.656840136,0.545298981,0.,0.654976556,0.545298981,0.,               731P    823
0.653112975,0.545298981,0.,0.651391252,0.546126893,0.,               731P    824
0.649669528,0.546954804,0.,0.648351777,0.548484584,0.,               731P    825
0.647034027,0.550014364,0.,0.646320866,0.552013118,0.,               731P    826
0.645607704,0.554011873,0.,0.645607704,0.556175308,0.,0.,1.,0.,      731P    827
0.,1.;                                                               731P    828
124,1.,-7.105427357601E-015,0.,2.40307773680117E-013,                733P    829
-7.105427357601E-015,-1.,6.98296267768627E-015,                      733P    830
68.0000000000002,-4.96169340471387E-029,-6.98296267768627E-015,      733P    831
-1.,2.37420731041335E-013;                                           733P    832
100,0.,29.,34.,30.75,34.,27.25,34.;                                  735P    833
126,16,2,1,0,1,0,0.,0.,0.,0.125,0.125,0.25,0.25,0.375,0.375,         737P    834
0.5,0.5,0.625,0.625,0.75,0.75,0.875,0.875,1.,1.,1.,1.,1.,1.,1.,      737P    835
1.,1.,1.,1.,1.,1.,1.,1.,1.,1.,1.,1.,1.,0.645607704,0.556175308,      737P    836
0.,0.645607704,0.558338744,0.,0.646320866,0.560337499,0.,            737P    837
0.647034027,0.562336253,0.,0.648351777,0.563866033,0.,               737P    838
0.649669528,0.565395813,0.,0.651391252,0.566223724,0.,               737P    839
0.653112975,0.567051635,0.,0.654976556,0.567051635,0.,               737P    840
0.656840136,0.567051635,0.,0.65856186,0.566223724,0.,                737P    841
0.660283584,0.565395813,0.,0.661601334,0.563866033,0.,               737P    842
0.662919085,0.562336253,0.,0.663632246,0.560337499,0.,               737P    843
0.664345407,0.558338744,0.,0.664345407,0.556175308,0.,0.,1.,0.,      737P    844
0.,1.;                                                               737P    845
124,-1.,-6.98296267768627E-015,0.,58.0000000000002,                  739P    846
-6.98296267768627E-015,1.,-6.98296267768627E-015,                    739P    847
2.03783912092497E-013,4.87617677579594E-029,                         739P    848
-6.98296267768627E-015,-1.,2.37420731041332E-013;                    739P    849
100,0.,29.,34.,30.75,34.,27.25,34.;                                  741P    850
102,2,731,737;                                                       743P    851
102,2,735,741;                                                       745P    852
142,1,629,743,745,1;                                                 747P    853
126,16,2,1,0,1,0,0.,0.,0.,0.125,0.125,0.25,0.25,0.375,0.375,         749P    854
0.5,0.5,0.625,0.625,0.75,0.75,0.875,0.875,1.,1.,1.,1.,1.,1.,1.,      749P    855
1.,1.,1.,1.,1.,1.,1.,1.,1.,1.,1.,1.,1.,0.353834899,0.556175308,      749P    856
0.,0.353834899,0.554011873,0.,0.353121737,0.552013118,0.,            749P    857
0.352408576,0.550014364,0.,0.351090825,0.548484584,0.,               749P    858
0.349773075,0.546954804,0.,0.348051351,0.546126893,0.,               749P    859
0.346329627,0.545298981,0.,0.344466047,0.545298981,0.,               749P    860
0.342602467,0.545298981,0.,0.340880743,0.546126893,0.,               749P    861
0.339159019,0.546954804,0.,0.337841268,0.548484584,0.,               749P    862
0.336523518,0.550014364,0.,0.335810357,0.552013118,0.,               749P    863
0.335097195,0.554011873,0.,0.335097195,0.556175308,0.,0.,1.,0.,      749P    864
0.,1.;                                                               749P    865
124,1.,-7.105427357601E-015,0.,2.40307773680114E-013,                751P    866
-7.105427357601E-015,-1.,6.98296267768627E-015,                      751P    867
67.9999999999998,-4.96169340471387E-029,-6.98296267768627E-015,      751P    868
-1.,2.37420731041332E-013;                                           751P    869
100,0.,-29.,34.,-27.25,34.,-30.75,34.;                               753P    870
126,16,2,1,0,1,0,0.,0.,0.,0.125,0.125,0.25,0.25,0.375,0.375,         755P    871
0.5,0.5,0.625,0.625,0.75,0.75,0.875,0.875,1.,1.,1.,1.,1.,1.,1.,      755P    872
1.,1.,1.,1.,1.,1.,1.,1.,1.,1.,1.,1.,1.,0.335097195,0.556175308,      755P    873
0.,0.335097195,0.558338744,0.,0.335810357,0.560337499,0.,            755P    874
0.336523518,0.562336253,0.,0.337841268,0.563866033,0.,               755P    875
0.339159019,0.565395813,0.,0.340880743,0.566223724,0.,               755P    876
0.342602467,0.567051635,0.,0.344466047,0.567051635,0.,               755P    877
0.346329627,0.567051635,0.,0.348051351,0.566223724,0.,               755P    878
0.349773075,0.565395813,0.,0.351090825,0.563866033,0.,               755P    879
0.352408576,0.562336253,0.,0.353121737,0.560337499,0.,               755P    880
0.353834899,0.558338744,0.,0.353834899,0.556175308,0.,0.,1.,0.,      755P    881
0.,1.;                                                               755P    882
124,-1.,-6.98296267768627E-015,0.,-57.9999999999998,                 757P    883
-6.98296267768627E-015,1.,-6.98296267768627E-015,                    757P    884
-2.03783912092491E-013,4.87617677579594E-029,                        757P    885
-6.98296267768627E-015,-1.,2.37420731041334E-013;                    757P    886
100,0.,-29.,34.,-27.25,34.,-30.75,34.;                               759P    887
102,2,749,755;                                                       761P    888
102,2,753,759;                                                       763P    889
142,1,629,761,763,1;                                                 765P    890
126,16,2,1,0,1,0,0.,0.,0.,0.125,0.125,0.25,0.25,0.375,0.375,         767P    891
0.5,0.5,0.625,0.625,0.75,0.75,0.875,0.875,1.,1.,1.,1.,1.,1.,1.,      767P    892
1.,1.,1.,1.,1.,1.,1.,1.,1.,1.,1.,1.,1.,0.509090153,0.114907186,      767P    893
0.,0.509090153,0.11274375,0.,0.508376992,0.110744996,0.,             767P    894
0.50766383,0.108746241,0.,0.50634608,0.107216461,0.,0.50502833,      767P    895
0.105686681,0.,0.503306606,0.10485877,0.,0.501584882,                767P    896
0.104030859,0.,0.499721301,0.104030859,0.,0.497857721,               767P    897
0.104030859,0.,0.496135997,0.10485877,0.,0.494414273,                767P    898
0.105686681,0.,0.493096523,0.107216461,0.,0.491778773,               767P    899
0.108746241,0.,0.491065611,0.110744996,0.,0.49035245,                767P    900
0.11274375,0.,0.49035245,0.114907186,0.,0.,1.,0.,0.,1.;              767P    901
124,1.,-7.105427357601E-015,0.,-2.62900812231237E-013,               769P    902
-7.105427357601E-015,-1.,6.98296267768627E-015,-74.,                 769P    903
-4.96169340471387E-029,-6.98296267768627E-015,-1.,                   769P    904
-2.58369619074392E-013;                                              769P    905
100,0.,0.,-37.,1.75,-37.,-1.75,-37.;                                 771P    906
126,16,2,1,0,1,0,0.,0.,0.,0.125,0.125,0.25,0.25,0.375,0.375,         773P    907
0.5,0.5,0.625,0.625,0.75,0.75,0.875,0.875,1.,1.,1.,1.,1.,1.,1.,      773P    908
1.,1.,1.,1.,1.,1.,1.,1.,1.,1.,1.,1.,1.,0.49035245,0.114907186,       773P    909
0.,0.49035245,0.117070622,0.,0.491065611,0.119069376,0.,             773P    910
0.491778773,0.12106813,0.,0.493096523,0.12259791,0.,                 773P    911
0.494414273,0.12412769,0.,0.496135997,0.124955602,0.,                773P    912
0.497857721,0.125783513,0.,0.499721301,0.125783513,0.,               773P    913
0.501584882,0.125783513,0.,0.503306606,0.124955602,0.,               773P    914
0.50502833,0.12412769,0.,0.50634608,0.12259791,0.,0.50766383,        773P    915
0.12106813,0.,0.508376992,0.119069376,0.,0.509090153,                773P    916
0.117070622,0.,0.509090153,0.114907186,0.,0.,1.,0.,0.,1.;            773P    917
124,-1.,-6.98296267768627E-015,0.,0.,-6.98296267768627E-015,1.,      775P    918
-6.98296267768627E-015,0.,4.87617677579594E-029,                     775P    919
-6.98296267768627E-015,-1.,0.;                                       775P    920
100,0.,0.,-37.,1.75,-37.,-1.75,-37.;                                 777P    921
102,2,767,773;                                                       779P    922
102,2,771,777;                                                       781P    923
142,1,629,779,781,1;                                                 783P    924
126,32,2,1,0,1,0,0.,0.,0.,0.0625,0.0625,0.125,0.125,0.1875,          785P    925
0.1875,0.25,0.25,0.3125,0.3125,0.375,0.375,0.4375,0.4375,0.5,        785P    926
0.5,0.5625,0.5625,0.625,0.625,0.6875,0.6875,0.75,0.75,0.8125,        785P    927
0.8125,0.875,0.875,0.9375,0.9375,1.,1.,1.,1.,1.,1.,1.,1.,1.,1.,      785P    928
1.,1.,1.,1.,1.,1.,1.,1.,1.,1.,1.,1.,1.,1.,1.,1.,1.,1.,1.,1.,1.,      785P    929
1.,1.,1.,1.,1.,0.419416859,0.344863813,0.,0.419416859,               785P    930
0.354045739,0.,0.420959887,0.363051237,0.,0.422502914,               785P    931
0.372056735,0.,0.425529671,0.380539728,0.,0.428556428,               785P    932
0.389022722,0.,0.432950598,0.396657215,0.,0.437344768,               785P    933
0.404291707,0.,0.442937486,0.410784309,0.,0.448530204,               785P    934
0.417276911,0.,0.455106544,0.422378116,0.,0.461682884,               785P    935
0.427479321,0.,0.468990122,0.430993092,0.,0.47629736,                785P    936
0.434506863,0.,0.484054682,0.436298168,0.,0.491812004,               785P    937
0.438089473,0.,0.499721301,0.438089473,0.,0.507630599,               785P    938
0.438089473,0.,0.515387921,0.436298168,0.,0.523145243,               785P    939
0.434506863,0.,0.530452481,0.430993092,0.,0.537759719,               785P    940
0.427479321,0.,0.544336059,0.422378116,0.,0.550912399,               785P    941
0.417276911,0.,0.556505117,0.410784309,0.,0.562097835,               785P    942
0.404291707,0.,0.566492005,0.396657215,0.,0.570886175,               785P    943
0.389022722,0.,0.573912932,0.380539728,0.,0.576939689,               785P    944
0.372056735,0.,0.578482716,0.363051237,0.,0.580025743,               785P    945
0.354045739,0.,0.580025743,0.344863813,0.,0.,1.,0.,0.,1.;            785P    946
124,-1.,-7.22789203751574E-015,8.55166289179392E-031,0.,             787P    947
-7.22789203751574E-015,1.,-6.98296267768627E-015,0.,                 787P    948
4.96169340471388E-029,-6.98296267768627E-015,-1.,0.;                 787P    949
100,0.,0.,0.,15.,0.,-15.,0.;                                         789P    950
126,32,2,1,0,1,0,0.,0.,0.,0.0625,0.0625,0.125,0.125,0.1875,          791P    951
0.1875,0.25,0.25,0.3125,0.3125,0.375,0.375,0.4375,0.4375,0.5,        791P    952
0.5,0.5625,0.5625,0.625,0.625,0.6875,0.6875,0.75,0.75,0.8125,        791P    953
0.8125,0.875,0.875,0.9375,0.9375,1.,1.,1.,1.,1.,1.,1.,1.,1.,1.,      791P    954
1.,1.,1.,1.,1.,1.,1.,1.,1.,1.,1.,1.,1.,1.,1.,1.,1.,1.,1.,1.,1.,      791P    955
1.,1.,1.,1.,1.,0.580025743,0.344863813,0.,0.580025743,               791P    956
0.335681887,0.,0.578482716,0.326676389,0.,0.576939689,               791P    957
0.317670891,0.,0.573912932,0.309187898,0.,0.570886175,               791P    958
0.300704904,0.,0.566492005,0.293070412,0.,0.562097835,               791P    959
0.285435919,0.,0.556505117,0.278943317,0.,0.550912399,               791P    960
0.272450715,0.,0.544336059,0.26734951,0.,0.537759719,                791P    961
0.262248305,0.,0.530452481,0.258734534,0.,0.523145243,               791P    962
0.255220763,0.,0.515387921,0.253429458,0.,0.507630599,               791P    963
0.251638153,0.,0.499721301,0.251638153,0.,0.491812004,               791P    964
0.251638153,0.,0.484054682,0.253429458,0.,0.47629736,                791P    965
0.255220763,0.,0.468990122,0.258734534,0.,0.461682884,               791P    966
0.262248305,0.,0.455106544,0.26734951,0.,0.448530204,                791P    967
0.272450715,0.,0.442937486,0.278943317,0.,0.437344768,               791P    968
0.285435919,0.,0.432950598,0.293070412,0.,0.428556428,               791P    969
0.300704904,0.,0.425529671,0.309187898,0.,0.422502914,               791P    970
0.317670891,0.,0.420959887,0.326676389,0.,0.419416859,               791P    971
0.335681887,0.,0.419416859,0.344863813,0.,0.,1.,0.,0.,1.;            791P    972
124,1.,-7.105427357601E-015,0.,0.,-7.105427357601E-015,-1.,          793P    973
6.98296267768627E-015,0.,-4.96169340471387E-029,                     793P    974
-6.98296267768627E-015,-1.,0.;                                       793P    975
100,0.,0.,0.,15.,0.,-15.,0.;                                         795P    976
102,2,785,791;                                                       797P    977
102,2,789,795;                                                       799P    978
142,1,629,797,799,1;                                                 801P    979
144,629,1,7,675,693,711,729,747,765,783,801;                         803P    980
110,0.,-37.,0.,0.,-37.,1000.;                                        805P    981
110,1.75,-37.,0.,1.75,-37.,4.;                                       807P    982
120,805,807,0.,6.28318530717959;                                     809P    983
126,1,1,1,0,1,0,0.,0.,1.,1.,1.,1.,1.,3.141592654,0.,1.,0.,0.,        811P    984
0.,1.,0.,0.,1.;                                                      811P    985
124,-1.,-6.98296267768627E-015,0.,-2.58369619074392E-013,            813P    986
-6.98296267768627E-015,1.,-6.98296267768627E-015,                    813P    987
2.81081258058576E-014,4.87617677579594E-029,                         813P    988
-6.98296267768627E-015,-1.,7.99999999999974;                         813P    989
100,4.,0.,-37.,1.75,-37.,-1.75,-37.;                                 815P    990
126,1,1,1,0,1,0,0.,0.,1.,1.,1.,1.,1.,0.,0.,0.,0.,0.,0.,1.,0.,        817P    991
0.,1.;                                                               817P    992
110,1.75,-37.,4.,1.75,-37.,0.;                                       819P    993
126,1,1,1,0,1,0,0.,0.,1.,1.,1.,1.,0.,0.,0.,0.,3.141592654,0.,        821P    994
0.,1.,0.,0.,1.;                                                      821P    995
100,0.,0.,-37.,1.75,-37.,-1.75,-37.;                                 823P    996
126,1,1,1,0,1,0,0.,0.,1.,1.,1.,1.,0.,3.141592654,0.,1.,              825P    997
3.141592654,0.,0.,1.,0.,0.,1.;                                       825P    998
110,-1.75,-37.,0.,-1.75,-37.,4.;                                     827P    999
102,4,811,817,821,825;                                               829P   1000
102,4,815,819,823,827;                                               831P   1001
142,1,809,829,831,1;                                                 833P   1002
144,809,1,0,833;                                                     835P   1003
110,-29.,34.,0.,-29.,34.,1000.;                                      837P   1004
110,-27.25,34.,0.,-27.25,34.,4.;                                     839P   1005
120,837,839,0.,6.28318530717959;                                     841P   1006
126,1,1,1,0,1,0,0.,0.,1.,1.,1.,1.,1.,3.141592654,0.,1.,0.,0.,        843P   1007
0.,1.,0.,0.,1.;                                                      843P   1008
124,-1.,-6.98296267768627E-015,0.,-57.9999999999998,                 845P   1009
-6.98296267768627E-015,1.,-6.98296267768627E-015,                    845P   1010
-1.75675786286629E-013,4.87617677579594E-029,                        845P   1011
-6.98296267768627E-015,-1.,8.00000000000024;                         845P   1012
100,4.,-29.,34.,-27.25,34.,-30.75,34.;                               847P   1013
126,1,1,1,0,1,0,0.,0.,1.,1.,1.,1.,1.,0.,0.,0.,0.,0.,0.,1.,0.,        849P   1014
0.,1.;                                                               849P   1015
110,-27.25,34.,4.,-27.25,34.,0.;                                     851P   1016
126,1,1,1,0,1,0,0.,0.,1.,1.,1.,1.,0.,0.,0.,0.,3.141592654,0.,        853P   1017
0.,1.,0.,0.,1.;                                                      853P   1018
100,0.,-29.,34.,-27.25,34.,-30.75,34.;                               855P   1019
126,1,1,1,0,1,0,0.,0.,1.,1.,1.,1.,0.,3.141592654,0.,1.,              857P   1020
3.141592654,0.,0.,1.,0.,0.,1.;                                       857P   1021
110,-30.75,34.,0.,-30.75,34.,4.;                                     859P   1022
102,4,843,849,853,857;                                               861P   1023
102,4,847,851,855,859;                                               863P   1024
142,1,841,861,863,1;                                                 865P   1025
144,841,1,0,865;                                                     867P   1026
110,29.,34.,0.,29.,34.,1000.;                                        869P   1027
110,30.75,34.,0.,30.75,34.,4.;                                       871P   1028
120,869,871,0.,6.28318530717959;                                     873P   1029
126,1,1,1,0,1,0,0.,0.,1.,1.,1.,1.,1.,3.141592654,0.,1.,0.,0.,        875P   1030
0.,1.,0.,0.,1.;                                                      875P   1031
124,-1.,-6.98296267768627E-015,0.,58.0000000000002,                  877P   1032
-6.98296267768627E-015,1.,-6.98296267768627E-015,                    877P   1033
2.31892037898358E-013,4.87617677579594E-029,                         877P   1034
-6.98296267768627E-015,-1.,8.00000000000024;                         877P   1035
100,4.,29.,34.,30.75,34.,27.25,34.;                                  879P   1036
126,1,1,1,0,1,0,0.,0.,1.,1.,1.,1.,1.,0.,0.,0.,0.,0.,0.,1.,0.,        881P   1037
0.,1.;                                                               881P   1038
110,30.75,34.,4.,30.75,34.,0.;                                       883P   1039
126,1,1,1,0,1,0,0.,0.,1.,1.,1.,1.,0.,0.,0.,0.,3.141592654,0.,        885P   1040
0.,1.,0.,0.,1.;                                                      885P   1041
100,0.,29.,34.,30.75,34.,27.25,34.;                                  887P   1042
126,1,1,1,0,1,0,0.,0.,1.,1.,1.,1.,0.,3.141592654,0.,1.,              889P   1043
3.141592654,0.,0.,1.,0.,0.,1.;                                       889P   1044
110,27.25,34.,0.,27.25,34.,4.;                                       891P   1045
102,4,875,881,885,889;                                               893P   1046
102,4,879,883,887,891;                                               895P   1047
142,1,873,893,895,1;                                                 897P   1048
144,873,1,0,897;                                                     899P   1049
128,1,1,1,1,0,0,1,0,0,0.,0.,1.,1.,0.,0.,1.,1.,1.,1.,1.,1.,           901P   1050
-2.105299553,105.411351676,4.,-2.105299553,105.411351676,0.,         901P   1051
1.892345351,105.411351676,4.,1.892345351,105.411351676,0.,0.,        901P   1052
1.,0.,1.;                                                            901P   1053
126,1,1,1,0,1,0,0.,0.,1.,1.,1.,1.,1.,0.,0.,1.,1.,0.,0.,1.,0.,        903P   1054
0.,1.;                                                               903P   1055
110,-2.105299553,105.411351676,0.,1.892345351,105.411351676,0.;      905P   1056
126,1,1,1,0,1,0,0.,0.,1.,1.,1.,1.,1.,1.,0.,0.,1.,0.,0.,1.,0.,        907P   1057
0.,1.;                                                               907P   1058
110,1.892345351,105.411351676,0.,1.892345351,105.411351676,4.;       909P   1059
126,1,1,1,0,1,0,0.,0.,1.,1.,1.,1.,0.,1.,0.,0.,0.,0.,0.,1.,0.,        911P   1060
0.,1.;                                                               911P   1061
110,1.892345351,105.411351676,4.,-2.105299553,105.411351676,4.;      913P   1062
126,1,1,1,0,1,0,0.,0.,1.,1.,1.,1.,0.,0.,0.,1.,0.,0.,0.,1.,0.,        915P   1063
0.,1.;                                                               915P   1064
110,-2.105299553,105.411351676,4.,-2.105299553,105.411351676,        917P   1065
0.;                                                                  917P   1066
102,4,903,907,911,915;                                               919P   1067
102,4,905,909,913,917;                                               921P   1068
142,1,901,919,921,1;                                                 923P   1069
144,901,1,0,923;                                                     925P   1070
128,1,1,1,1,0,0,1,0,0,0.,0.,1.,1.,0.,0.,1.,1.,1.,1.,1.,1.,           927P   1071
92.339196825,-50.878352594,0.,90.342735723,-54.344494984,0.,         927P   1072
92.339196825,-50.878352594,4.,90.342735723,-54.344494984,4.,0.,      927P   1073
1.,0.,1.;                                                            927P   1074
126,1,1,1,0,1,0,0.,0.,1.,1.,1.,1.,0.,0.,0.,1.,0.,0.,0.,1.,0.,        929P   1075
0.,1.;                                                               929P   1076
110,92.339196825,-50.878352594,0.,90.342735723,-54.344494984,        931P   1077
0.;                                                                  931P   1078
126,1,1,1,0,1,0,0.,0.,1.,1.,1.,1.,1.,0.,0.,1.,1.,0.,0.,1.,0.,        933P   1079
0.,1.;                                                               933P   1080
110,90.342735723,-54.344494984,0.,90.342735723,-54.344494984,        935P   1081
4.;                                                                  935P   1082
126,1,1,1,0,1,0,0.,0.,1.,1.,1.,1.,1.,1.,0.,0.,1.,0.,0.,1.,0.,        937P   1083
0.,1.;                                                               937P   1084
110,90.342735723,-54.344494984,4.,92.339196825,-50.878352594,        939P   1085
4.;                                                                  939P   1086
126,1,1,1,0,1,0,0.,0.,1.,1.,1.,1.,0.,1.,0.,0.,0.,0.,0.,1.,0.,        941P   1087
0.,1.;                                                               941P   1088
110,92.339196825,-50.878352594,4.,92.339196825,-50.878352594,        943P   1089
0.;                                                                  943P   1090
102,4,929,933,937,941;                                               945P   1091
102,4,931,935,939,943;                                               947P   1092
142,1,927,945,947,1;                                                 949P   1093
144,927,1,0,949;                                                     951P   1094
128,1,1,1,1,0,0,1,0,0,0.,0.,1.,1.,0.,0.,1.,1.,1.,1.,1.,1.,           953P   1095
-90.231542176,-54.528913916,0.,-92.235081074,-51.066856691,0.,       953P   1096
-90.231542176,-54.528913916,4.,-92.235081074,-51.066856691,4.,       953P   1097
0.,1.,0.,1.;                                                         953P   1098
126,1,1,1,0,1,0,0.,0.,1.,1.,1.,1.,0.,0.,0.,1.,0.,0.,0.,1.,0.,        955P   1099
0.,1.;                                                               955P   1100
110,-90.231542176,-54.528913916,0.,-92.235081074,-51.066856691,      957P   1101
0.;                                                                  957P   1102
126,1,1,1,0,1,0,0.,0.,1.,1.,1.,1.,1.,0.,0.,1.,1.,0.,0.,1.,0.,        959P   1103
0.,1.;                                                               959P   1104
110,-92.235081074,-51.066856691,0.,-92.235081074,-51.066856691,      961P   1105
4.;                                                                  961P   1106
126,1,1,1,0,1,0,0.,0.,1.,1.,1.,1.,1.,1.,0.,0.,1.,0.,0.,1.,0.,        963P   1107
0.,1.;                                                               963P   1108
110,-92.235081074,-51.066856691,4.,-90.231542176,-54.528913916,      965P   1109
4.;                                                                  965P   1110
126,1,1,1,0,1,0,0.,0.,1.,1.,1.,1.,0.,1.,0.,0.,0.,0.,0.,1.,0.,        967P   1111
0.,1.;                                                               967P   1112
110,-90.231542176,-54.528913916,4.,-90.231542176,-54.528913916,      969P   1113
0.;                                                                  969P   1114
102,4,955,959,963,967;                                               971P   1115
102,4,957,961,965,969;                                               973P   1116
142,1,953,971,973,1;                                                 975P   1117
144,953,1,0,975;                                                     977P   1118
110,61.025567703,-35.11921625,4.,61.025567703,-35.11921625,          979P   1119
-996.;                                                               979P   1120
110,51.025567703,-35.11921625,2.,51.025567703,-35.11921625,0.;       981P   1121
120,979,981,0.,6.28318530717959;                                     983P   1122
126,1,1,1,0,1,0,0.,0.,1.,1.,1.,1.,1.,3.141592654,0.,1.,0.,0.,        985P   1123
0.,1.,0.,0.,1.;                                                      985P   1124
100,0.,61.025567703,-35.11921625,71.025567703,-35.11921625,          987P   1125
51.025567703,-35.11921625;                                           987P   1126
126,1,1,1,0,1,0,0.,0.,1.,1.,1.,1.,1.,0.,0.,0.,0.,0.,0.,1.,0.,        989P   1127
0.,1.;                                                               989P   1128
110,51.025567703,-35.11921625,0.,51.025567703,-35.11921625,2.;       991P   1129
126,1,1,1,0,1,0,0.,0.,1.,1.,1.,1.,0.,0.,0.,0.,3.141592654,0.,        993P   1130
0.,1.,0.,0.,1.;                                                      993P   1131
124,-1.,-6.98296267768627E-015,0.,122.051135405359,                  995P   1132
-6.98296267768627E-015,1.,-6.98296267768627E-015,                    995P   1133
4.4306005806944E-013,4.87617677579594E-029,                          995P   1134
-6.98296267768627E-015,-1.,3.99999999999976;                         995P   1135
100,2.,61.025567703,-35.11921625,71.025567703,-35.11921625,          997P   1136
51.025567703,-35.11921625;                                           997P   1137
126,1,1,1,0,1,0,0.,0.,1.,1.,1.,1.,0.,3.141592654,0.,1.,              999P   1138
3.141592654,0.,0.,1.,0.,0.,1.;                                       999P   1139
110,71.025567703,-35.11921625,2.,71.025567703,-35.11921625,0.;      1001P   1140
102,4,985,989,993,999;                                              1003P   1141
102,4,987,991,997,1001;                                             1005P   1142
142,1,983,1003,1005,1;                                              1007P   1143
144,983,1,0,1007;                                                   1009P   1144
110,-60.926917285,-35.290083786,4.,-60.926917285,-35.290083786,     1011P   1145
-996.;                                                              1011P   1146
110,-70.926917285,-35.290083786,2.,-70.926917285,-35.290083786,     1013P   1147
0.;                                                                 1013P   1148
120,1011,1013,0.,6.28318530717959;                                  1015P   1149
126,1,1,1,0,1,0,0.,0.,1.,1.,1.,1.,1.,3.141592654,0.,1.,0.,0.,       1017P   1150
0.,1.,0.,0.,1.;                                                     1017P   1151
100,0.,-60.926917285,-35.290083786,-50.926917285,-35.290083786,     1019P   1152
-70.926917285,-35.290083786;                                        1019P   1153
126,1,1,1,0,1,0,0.,0.,1.,1.,1.,1.,1.,0.,0.,0.,0.,0.,0.,1.,0.,       1021P   1154
0.,1.;                                                              1021P   1155
110,-70.926917285,-35.290083786,0.,-70.926917285,-35.290083786,     1023P   1156
2.;                                                                 1023P   1157
126,1,1,1,0,1,0,0.,0.,1.,1.,1.,1.,0.,0.,0.,0.,3.141592654,0.,       1025P   1158
0.,1.,0.,0.,1.;                                                     1025P   1159
124,-1.,-6.98296267768627E-015,0.,-121.853834570265,                1027P   1160
-6.98296267768627E-015,1.,-6.98296267768627E-015,                   1027P   1161
-4.13574187895847E-013,4.87617677579594E-029,                       1027P   1162
-6.98296267768627E-015,-1.,3.99999999999975;                        1027P   1163
100,2.,-60.926917285,-35.290083786,-50.926917285,-35.290083786,     1029P   1164
-70.926917285,-35.290083786;                                        1029P   1165
126,1,1,1,0,1,0,0.,0.,1.,1.,1.,1.,0.,3.141592654,0.,1.,             1031P   1166
3.141592654,0.,0.,1.,0.,0.,1.;                                      1031P   1167
110,-50.926917285,-35.290083786,2.,-50.926917285,-35.290083786,     1033P   1168
0.;                                                                 1033P   1169
102,4,1017,1021,1025,1031;                                          1035P   1170
102,4,1019,1023,1029,1033;                                          1037P   1171
142,1,1015,1035,1037,1;                                             1039P   1172
144,1015,1,0,1039;                                                  1041P   1173
110,-0.098650418,70.409300036,4.,-0.098650418,70.409300036,         1043P   1174
-996.;                                                              1043P   1175
110,-10.098650418,70.409300036,2.,-10.098650418,70.409300036,       1045P   1176
0.;                                                                 1045P   1177
120,1043,1045,0.,6.28318530717959;                                  1047P   1178
126,1,1,1,0,1,0,0.,0.,1.,1.,1.,1.,1.,3.141592654,0.,1.,0.,0.,       1049P   1179
0.,1.,0.,0.,1.;                                                     1049P   1180
100,0.,-0.098650418,70.409300036,9.901349582,70.409300036,          1051P   1181
-10.098650418,70.409300036;                                         1051P   1182
126,1,1,1,0,1,0,0.,0.,1.,1.,1.,1.,1.,0.,0.,0.,0.,0.,0.,1.,0.,       1053P   1183
0.,1.;                                                              1053P   1184
110,-10.098650418,70.409300036,0.,-10.098650418,70.409300036,       1055P   1185
2.;                                                                 1055P   1186
126,1,1,1,0,1,0,0.,0.,1.,1.,1.,1.,0.,0.,0.,0.,3.141592654,0.,       1057P   1187
0.,1.,0.,0.,1.;                                                     1057P   1188
124,-1.,-6.98296267768627E-015,0.,-0.197300835093597,               1059P   1189
-6.98296267768627E-015,1.,-6.98296267768627E-015,                   1059P   1190
1.26763185351991E-014,4.87617677579594E-029,                        1059P   1191
-6.98296267768627E-015,-1.,4.00000000000049;                        1059P   1192
100,2.,-0.098650418,70.409300036,9.901349582,70.409300036,          1061P   1193
-10.098650418,70.409300036;                                         1061P   1194
126,1,1,1,0,1,0,0.,0.,1.,1.,1.,1.,0.,3.141592654,0.,1.,             1063P   1195
3.141592654,0.,0.,1.,0.,0.,1.;                                      1063P   1196
110,9.901349582,70.409300036,2.,9.901349582,70.409300036,0.;        1065P   1197
102,4,1049,1053,1057,1063;                                          1067P   1198
102,4,1051,1055,1061,1065;                                          1069P   1199
142,1,1047,1067,1069,1;                                             1071P   1200
144,1047,1,0,1071;                                                  1073P   1201
128,1,1,1,1,0,0,1,0,0,0.,0.,1.,1.,0.,0.,1.,1.,1.,1.,1.,1.,          1075P   1202
-42.000073666,-52.9511977,2.,-80.12017156,-52.9511977,2.,           1075P   1203
-42.000073666,-17.783145126,2.,-80.12017156,-17.783145126,2.,       1075P   1204
0.,1.,0.,1.;                                                        1075P   1205
126,1,1,1,0,1,0,0.,0.,1.,1.,1.,1.,0.698429341,0.005928854,0.,       1077P   1206
0.994071146,0.559672109,0.,0.,1.,0.,0.,1.;                          1077P   1207
110,-68.624268508,-52.742691459,2.,-79.894163074,-33.268619557,     1079P   1208
2.;                                                                 1079P   1209
126,1,1,1,0,1,0,0.,0.,1.,1.,1.,1.,0.994071146,0.559672109,0.,       1081P   1210
0.301570659,0.994071146,0.,0.,1.,0.,0.,1.;                          1081P   1211
110,-79.894163074,-33.268619557,2.,-53.495976718,-17.991651367,     1083P   1212
2.;                                                                 1083P   1213
126,1,1,1,0,1,0,0.,0.,1.,1.,1.,1.,0.301570659,0.994071146,0.,       1085P   1214
0.005928854,0.440327891,0.,0.,1.,0.,0.,1.;                          1085P   1215
110,-53.495976718,-17.991651367,2.,-42.226082151,-37.465723269,     1087P   1216
2.;                                                                 1087P   1217
126,1,1,1,0,1,0,0.,0.,1.,1.,1.,1.,0.005928854,0.440327891,0.,       1089P   1218
0.698429341,0.005928854,0.,0.,1.,0.,0.,1.;                          1089P   1219
110,-42.226082151,-37.465723269,2.,-68.624268508,-52.742691459,     1091P   1220
2.;                                                                 1091P   1221
102,4,1077,1081,1085,1089;                                          1093P   1222
102,4,1079,1083,1087,1091;                                          1095P   1223
142,1,1075,1093,1095,1;                                             1097P   1224
126,32,2,1,0,1,0,0.,0.,0.,0.0625,0.0625,0.125,0.125,0.1875,         1099P   1225
0.1875,0.25,0.25,0.3125,0.3125,0.375,0.375,0.4375,0.4375,0.5,       1099P   1226
0.5,0.5625,0.5625,0.625,0.625,0.6875,0.6875,0.75,0.75,0.8125,       1099P   1227
0.8125,0.875,0.875,0.9375,0.9375,1.,1.,1.,1.,1.,1.,1.,1.,1.,1.,     1099P   1228
1.,1.,1.,1.,1.,1.,1.,1.,1.,1.,1.,1.,1.,1.,1.,1.,1.,1.,1.,1.,1.,     1099P   1229
1.,1.,1.,1.,1.,0.234176828,0.502191979,0.,0.234176828,              1099P   1230
0.530197909,0.,0.239217403,0.557665714,0.,0.244257977,              1099P   1231
0.585133518,0.,0.25414542,0.611007624,0.,0.264032863,               1099P   1232
0.63688173,0.,0.278387205,0.66016781,0.,0.292741547,0.68345389,     1099P   1233
0.,0.311011158,0.703257073,0.,0.32928077,0.723060257,0.,            1099P   1234
0.350763561,0.738619518,0.,0.372246352,0.754178779,0.,              1099P   1235
0.39611675,0.764896185,0.,0.419987148,0.77561359,0.,                1099P   1236
0.445327828,0.781077276,0.,0.470668508,0.786540962,0.,              1099P   1237
0.49650564,0.786540962,0.,0.522342773,0.786540962,0.,               1099P   1238
0.547683453,0.781077276,0.,0.573024132,0.77561359,0.,               1099P   1239
0.596894531,0.764896185,0.,0.620764929,0.754178779,0.,              1099P   1240
0.64224772,0.738619518,0.,0.663730511,0.723060257,0.,               1099P   1241
0.682000122,0.703257073,0.,0.700269734,0.68345389,0.,               1099P   1242
0.714624076,0.66016781,0.,0.728978418,0.63688173,0.,                1099P   1243
0.738865861,0.611007624,0.,0.748753303,0.585133518,0.,              1099P   1244
0.753793878,0.557665714,0.,0.758834453,0.530197909,0.,              1099P   1245
0.758834453,0.502191979,0.,0.,1.,0.,0.,1.;                          1099P   1246
100,2.,-60.926917285,-35.290083786,-50.926917285,-35.290083786,     1101P   1247
-70.926917285,-35.290083786;                                        1101P   1248
126,32,2,1,0,1,0,0.,0.,0.,0.0625,0.0625,0.125,0.125,0.1875,         1103P   1249
0.1875,0.25,0.25,0.3125,0.3125,0.375,0.375,0.4375,0.4375,0.5,       1103P   1250
0.5,0.5625,0.5625,0.625,0.625,0.6875,0.6875,0.75,0.75,0.8125,       1103P   1251
0.8125,0.875,0.875,0.9375,0.9375,1.,1.,1.,1.,1.,1.,1.,1.,1.,1.,     1103P   1252
1.,1.,1.,1.,1.,1.,1.,1.,1.,1.,1.,1.,1.,1.,1.,1.,1.,1.,1.,1.,1.,     1103P   1253
1.,1.,1.,1.,1.,0.758834453,0.502191979,0.,0.758834453,              1103P   1254
0.474186048,0.,0.753793878,0.446718244,0.,0.748753303,              1103P   1255
0.41925044,0.,0.738865861,0.393376334,0.,0.728978418,               1103P   1256
0.367502228,0.,0.714624076,0.344216148,0.,0.700269734,              1103P   1257
0.320930068,0.,0.682000122,0.301126884,0.,0.663730511,              1103P   1258
0.281323701,0.,0.64224772,0.26576444,0.,0.620764929,                1103P   1259
0.250205179,0.,0.596894531,0.239487773,0.,0.573024132,              1103P   1260
0.228770367,0.,0.547683453,0.223306681,0.,0.522342773,              1103P   1261
0.217842995,0.,0.49650564,0.217842995,0.,0.470668508,               1103P   1262
0.217842995,0.,0.445327828,0.223306681,0.,0.419987148,              1103P   1263
0.228770367,0.,0.39611675,0.239487773,0.,0.372246352,               1103P   1264
0.250205179,0.,0.350763561,0.26576444,0.,0.32928077,                1103P   1265
0.281323701,0.,0.311011158,0.301126884,0.,0.292741547,              1103P   1266
0.320930068,0.,0.278387205,0.344216148,0.,0.264032863,              1103P   1267
0.367502228,0.,0.25414542,0.393376334,0.,0.244257977,               1103P   1268
0.41925044,0.,0.239217403,0.446718244,0.,0.234176828,               1103P   1269
0.474186048,0.,0.234176828,0.502191979,0.,0.,1.,0.,0.,1.;           1103P   1270
100,2.,-60.926917285,-35.290083786,-70.926917285,-35.290083786,     1105P   1271
-50.926917285,-35.290083786;                                        1105P   1272
102,2,1099,1103;                                                    1107P   1273
102,2,1101,1105;                                                    1109P   1274
142,1,1075,1107,1109,1;                                             1111P   1275
144,1075,1,1,1097,1111;                                             1113P   1276
128,1,1,1,1,0,0,1,0,0,0.,0.,1.,1.,0.,0.,1.,1.,1.,1.,1.,1.,          1115P   1277
-68.624268508,-52.742691459,2.,-42.226082151,-37.465723269,2.,      1115P   1278
-68.624268508,-52.742691459,4.,-42.226082151,-37.465723269,4.,      1115P   1279
0.,1.,0.,1.;                                                        1115P   1280
126,1,1,1,0,1,0,0.,0.,1.,1.,1.,1.,0.,1.,0.,0.,0.,0.,0.,1.,0.,       1117P   1281
0.,1.;                                                              1117P   1282
110,-68.624268508,-52.742691459,4.,-68.624268508,-52.742691459,     1119P   1283
2.;                                                                 1119P   1284
126,1,1,1,0,1,0,0.,0.,1.,1.,1.,1.,0.,0.,0.,1.,0.,0.,0.,1.,0.,       1121P   1285
0.,1.;                                                              1121P   1286
110,-68.624268508,-52.742691459,2.,-42.226082151,-37.465723269,     1123P   1287
2.;                                                                 1123P   1288
126,1,1,1,0,1,0,0.,0.,1.,1.,1.,1.,1.,0.,0.,1.,1.,0.,0.,1.,0.,       1125P   1289
0.,1.;                                                              1125P   1290
110,-42.226082151,-37.465723269,2.,-42.226082151,-37.465723269,     1127P   1291
4.;                                                                 1127P   1292
126,1,1,1,0,1,0,0.,0.,1.,1.,1.,1.,1.,1.,0.,0.,1.,0.,0.,1.,0.,       1129P   1293
0.,1.;                                                              1129P   1294
110,-42.226082151,-37.465723269,4.,-68.624268508,-52.742691459,     1131P   1295
4.;                                                                 1131P   1296
102,4,1117,1121,1125,1129;                                          1133P   1297
102,4,1119,1123,1127,1131;                                          1135P   1298
142,1,1115,1133,1135,1;                                             1137P   1299
144,1115,1,0,1137;                                                  1139P   1300
128,1,1,1,1,0,0,1,0,0,0.,0.,1.,1.,0.,0.,1.,1.,1.,1.,1.,1.,          1141P   1301
-79.894163074,-33.268619557,2.,-68.624268508,-52.742691459,2.,      1141P   1302
-79.894163074,-33.268619557,4.,-68.624268508,-52.742691459,4.,      1141P   1303
0.,1.,0.,1.;                                                        1141P   1304
126,1,1,1,0,1,0,0.,0.,1.,1.,1.,1.,0.,1.,0.,0.,0.,0.,0.,1.,0.,       1143P   1305
0.,1.;                                                              1143P   1306
110,-79.894163074,-33.268619557,4.,-79.894163074,-33.268619557,     1145P   1307
2.;                                                                 1145P   1308
126,1,1,1,0,1,0,0.,0.,1.,1.,1.,1.,0.,0.,0.,1.,0.,0.,0.,1.,0.,       1147P   1309
0.,1.;                                                              1147P   1310
110,-79.894163074,-33.268619557,2.,-68.624268508,-52.742691459,     1149P   1311
2.;                                                                 1149P   1312
126,1,1,1,0,1,0,0.,0.,1.,1.,1.,1.,1.,0.,0.,1.,1.,0.,0.,1.,0.,       1151P   1313
0.,1.;                                                              1151P   1314
110,-68.624268508,-52.742691459,2.,-68.624268508,-52.742691459,     1153P   1315
4.;                                                                 1153P   1316
126,1,1,1,0,1,0,0.,0.,1.,1.,1.,1.,1.,1.,0.,0.,1.,0.,0.,1.,0.,       1155P   1317
0.,1.;                                                              1155P   1318
110,-68.624268508,-52.742691459,4.,-79.894163074,-33.268619557,     1157P   1319
4.;                                                                 1157P   1320
102,4,1143,1147,1151,1155;                                          1159P   1321
102,4,1145,1149,1153,1157;                                          1161P   1322
142,1,1141,1159,1161,1;                                             1163P   1323
144,1141,1,0,1163;                                                  1165P   1324
128,1,1,1,1,0,0,1,0,0,0.,0.,1.,1.,0.,0.,1.,1.,1.,1.,1.,1.,          1167P   1325
-53.495976718,-17.991651367,2.,-79.894163074,-33.268619557,2.,      1167P   1326
-53.495976718,-17.991651367,4.,-79.894163074,-33.268619557,4.,      1167P   1327
0.,1.,0.,1.;                                                        1167P   1328
126,1,1,1,0,1,0,0.,0.,1.,1.,1.,1.,0.,1.,0.,0.,0.,0.,0.,1.,0.,       1169P   1329
0.,1.;                                                              1169P   1330
110,-53.495976718,-17.991651367,4.,-53.495976718,-17.991651367,     1171P   1331
2.;                                                                 1171P   1332
126,1,1,1,0,1,0,0.,0.,1.,1.,1.,1.,0.,0.,0.,1.,0.,0.,0.,1.,0.,       1173P   1333
0.,1.;                                                              1173P   1334
110,-53.495976718,-17.991651367,2.,-79.894163074,-33.268619557,     1175P   1335
2.;                                                                 1175P   1336
126,1,1,1,0,1,0,0.,0.,1.,1.,1.,1.,1.,0.,0.,1.,1.,0.,0.,1.,0.,       1177P   1337
0.,1.;                                                              1177P   1338
110,-79.894163074,-33.268619557,2.,-79.894163074,-33.268619557,     1179P   1339
4.;                                                                 1179P   1340
126,1,1,1,0,1,0,0.,0.,1.,1.,1.,1.,1.,1.,0.,0.,1.,0.,0.,1.,0.,       1181P   1341
0.,1.;                                                              1181P   1342
110,-79.894163074,-33.268619557,4.,-53.495976718,-17.991651367,     1183P   1343
4.;                                                                 1183P   1344
102,4,1169,1173,1177,1181;                                          1185P   1345
102,4,1171,1175,1179,1183;                                          1187P   1346
142,1,1167,1185,1187,1;                                             1189P   1347
144,1167,1,0,1189;                                                  1191P   1348
128,1,1,1,1,0,0,1,0,0,0.,0.,1.,1.,0.,0.,1.,1.,1.,1.,1.,1.,          1193P   1349
-42.226082151,-37.465723269,2.,-53.495976718,-17.991651367,2.,      1193P   1350
-42.226082151,-37.465723269,4.,-53.495976718,-17.991651367,4.,      1193P   1351
0.,1.,0.,1.;                                                        1193P   1352
126,1,1,1,0,1,0,0.,0.,1.,1.,1.,1.,0.,1.,0.,0.,0.,0.,0.,1.,0.,       1195P   1353
0.,1.;                                                              1195P   1354
110,-42.226082151,-37.465723269,4.,-42.226082151,-37.465723269,     1197P   1355
2.;                                                                 1197P   1356
126,1,1,1,0,1,0,0.,0.,1.,1.,1.,1.,0.,0.,0.,1.,0.,0.,0.,1.,0.,       1199P   1357
0.,1.;                                                              1199P   1358
110,-42.226082151,-37.465723269,2.,-53.495976718,-17.991651367,     1201P   1359
2.;                                                                 1201P   1360
126,1,1,1,0,1,0,0.,0.,1.,1.,1.,1.,1.,0.,0.,1.,1.,0.,0.,1.,0.,       1203P   1361
0.,1.;                                                              1203P   1362
110,-53.495976718,-17.991651367,2.,-53.495976718,-17.991651367,     1205P   1363
4.;                                                                 1205P   1364
126,1,1,1,0,1,0,0.,0.,1.,1.,1.,1.,1.,1.,0.,0.,1.,0.,0.,1.,0.,       1207P   1365
0.,1.;                                                              1207P   1366
110,-53.495976718,-17.991651367,4.,-42.226082151,-37.465723269,     1209P   1367
4.;                                                                 1209P   1368
102,4,1195,1199,1203,1207;                                          1211P   1369
102,4,1197,1201,1205,1209;                                          1213P   1370
142,1,1193,1211,1213,1;                                             1215P   1371
144,1193,1,0,1215;                                                  1217P   1372
128,1,1,1,1,0,0,1,0,0,0.,0.,1.,1.,0.,0.,1.,1.,1.,1.,1.,1.,          1219P   1373
11.301948045,55.118583701,2.,-11.49956324,55.118583701,2.,          1219P   1374
11.301948045,86.007822394,2.,-11.49956324,86.007822394,2.,0.,       1219P   1375
1.,0.,1.;                                                           1219P   1376
126,1,1,1,0,1,0,0.,0.,1.,1.,1.,1.,0.994071146,0.993327229,0.,       1221P   1377
0.007294964,0.994071146,0.,0.,1.,0.,0.,1.;                          1221P   1378
110,-11.364376414,85.801705574,2.,11.135611852,85.824684615,2.;     1223P   1379
126,1,1,1,0,1,0,0.,0.,1.,1.,1.,1.,0.007294964,0.994071146,0.,       1225P   1380
0.005928854,0.006672771,0.,0.,1.,0.,0.,1.;                          1225P   1381
110,11.135611852,85.824684615,2.,11.166761219,55.324700521,2.;      1227P   1382
126,1,1,1,0,1,0,0.,0.,1.,1.,1.,1.,0.005928854,0.006672771,0.,       1229P   1383
0.992705036,0.005928854,0.,0.,1.,0.,0.,1.;                          1229P   1384
110,11.166761219,55.324700521,2.,-11.333227047,55.30172148,2.;      1231P   1385
126,1,1,1,0,1,0,0.,0.,1.,1.,1.,1.,0.992705036,0.005928854,0.,       1233P   1386
0.994071146,0.993327229,0.,0.,1.,0.,0.,1.;                          1233P   1387
110,-11.333227047,55.30172148,2.,-11.364376414,85.801705574,2.;     1235P   1388
102,4,1221,1225,1229,1233;                                          1237P   1389
102,4,1223,1227,1231,1235;                                          1239P   1390
142,1,1219,1237,1239,1;                                             1241P   1391
126,32,2,1,0,1,0,0.,0.,0.,0.0625,0.0625,0.125,0.125,0.1875,         1243P   1392
0.1875,0.25,0.25,0.3125,0.3125,0.375,0.375,0.4375,0.4375,0.5,       1243P   1393
0.5,0.5625,0.5625,0.625,0.625,0.6875,0.6875,0.75,0.75,0.8125,       1243P   1394
0.8125,0.875,0.875,0.9375,0.9375,1.,1.,1.,1.,1.,1.,1.,1.,1.,1.,     1243P   1395
1.,1.,1.,1.,1.,1.,1.,1.,1.,1.,1.,1.,1.,1.,1.,1.,1.,1.,1.,1.,1.,     1243P   1396
1.,1.,1.,1.,1.,0.061425686,0.495017585,0.,0.061425686,              1243P   1397
0.52690293,0.,0.069852636,0.558175607,0.,0.078279586,               1243P   1398
0.589448284,0.,0.094809643,0.618906502,0.,0.1113397,                1243P   1399
0.648364719,0.,0.135337623,0.674876415,0.,0.159335546,              1243P   1400
0.70138811,0.,0.189879109,0.723934454,0.,0.220422672,               1243P   1401
0.746480798,0.,0.256338102,0.764195346,0.,0.292253533,              1243P   1402
0.781909895,0.,0.332160621,0.794111888,0.,0.372067709,              1243P   1403
0.806313881,0.,0.414432847,0.812534404,0.,0.456797986,              1243P   1404
0.818754926,0.,0.499993107,0.818754926,0.,0.543188227,              1243P   1405
0.818754926,0.,0.585553366,0.812534404,0.,0.627918505,              1243P   1406
0.806313881,0.,0.667825593,0.794111888,0.,0.707732681,              1243P   1407
0.781909895,0.,0.743648111,0.764195346,0.,0.779563541,              1243P   1408
0.746480798,0.,0.810107104,0.723934454,0.,0.840650667,              1243P   1409
0.70138811,0.,0.86464859,0.674876415,0.,0.888646513,                1243P   1410
0.648364719,0.,0.905176571,0.618906502,0.,0.921706628,              1243P   1411
0.589448284,0.,0.930133578,0.558175607,0.,0.938560528,              1243P   1412
0.52690293,0.,0.938560528,0.495017585,0.,0.,1.,0.,0.,1.;            1243P   1413
100,2.,-0.098650418,70.409300036,9.901349582,70.409300036,          1245P   1414
-10.098650418,70.409300036;                                         1245P   1415
126,32,2,1,0,1,0,0.,0.,0.,0.0625,0.0625,0.125,0.125,0.1875,         1247P   1416
0.1875,0.25,0.25,0.3125,0.3125,0.375,0.375,0.4375,0.4375,0.5,       1247P   1417
0.5,0.5625,0.5625,0.625,0.625,0.6875,0.6875,0.75,0.75,0.8125,       1247P   1418
0.8125,0.875,0.875,0.9375,0.9375,1.,1.,1.,1.,1.,1.,1.,1.,1.,1.,     1247P   1419
1.,1.,1.,1.,1.,1.,1.,1.,1.,1.,1.,1.,1.,1.,1.,1.,1.,1.,1.,1.,1.,     1247P   1420
1.,1.,1.,1.,1.,0.938560528,0.495017585,0.,0.938560528,              1247P   1421
0.46313224,0.,0.930133578,0.431859563,0.,0.921706628,               1247P   1422
0.400586886,0.,0.905176571,0.371128668,0.,0.888646513,              1247P   1423
0.34167045,0.,0.86464859,0.315158755,0.,0.840650667,                1247P   1424
0.288647059,0.,0.810107104,0.266100716,0.,0.779563541,              1247P   1425
0.243554372,0.,0.743648111,0.225839823,0.,0.707732681,              1247P   1426
0.208125275,0.,0.667825593,0.195923282,0.,0.627918505,              1247P   1427
0.183721288,0.,0.585553366,0.177500766,0.,0.543188227,              1247P   1428
0.171280244,0.,0.499993107,0.171280244,0.,0.456797986,              1247P   1429
0.171280244,0.,0.414432847,0.177500766,0.,0.372067709,              1247P   1430
0.183721288,0.,0.332160621,0.195923282,0.,0.292253533,              1247P   1431
0.208125275,0.,0.256338102,0.225839823,0.,0.220422672,              1247P   1432
0.243554372,0.,0.189879109,0.266100716,0.,0.159335546,              1247P   1433
0.288647059,0.,0.135337623,0.315158755,0.,0.1113397,0.34167045,     1247P   1434
0.,0.094809643,0.371128668,0.,0.078279586,0.400586886,0.,           1247P   1435
0.069852636,0.431859563,0.,0.061425686,0.46313224,0.,               1247P   1436
0.061425686,0.495017585,0.,0.,1.,0.,0.,1.;                          1247P   1437
100,2.,-0.098650418,70.409300036,-10.098650418,70.409300036,        1249P   1438
9.901349582,70.409300036;                                           1249P   1439
102,2,1243,1247;                                                    1251P   1440
102,2,1245,1249;                                                    1253P   1441
142,1,1219,1251,1253,1;                                             1255P   1442
144,1219,1,1,1241,1255;                                             1257P   1443
128,1,1,1,1,0,0,1,0,0,0.,0.,1.,1.,0.,0.,1.,1.,1.,1.,1.,1.,          1259P   1444
-11.364376414,85.801705574,2.,-11.333227047,55.30172148,2.,         1259P   1445
-11.364376414,85.801705574,4.,-11.333227047,55.30172148,4.,0.,      1259P   1446
1.,0.,1.;                                                           1259P   1447
126,1,1,1,0,1,0,0.,0.,1.,1.,1.,1.,0.,1.,0.,0.,0.,0.,0.,1.,0.,       1261P   1448
0.,1.;                                                              1261P   1449
110,-11.364376414,85.801705574,4.,-11.364376414,85.801705574,       1263P   1450
2.;                                                                 1263P   1451
126,1,1,1,0,1,0,0.,0.,1.,1.,1.,1.,0.,0.,0.,1.,0.,0.,0.,1.,0.,       1265P   1452
0.,1.;                                                              1265P   1453
110,-11.364376414,85.801705574,2.,-11.333227047,55.30172148,2.;     1267P   1454
126,1,1,1,0,1,0,0.,0.,1.,1.,1.,1.,1.,0.,0.,1.,1.,0.,0.,1.,0.,       1269P   1455
0.,1.;                                                              1269P   1456
110,-11.333227047,55.30172148,2.,-11.333227047,55.30172148,4.;      1271P   1457
126,1,1,1,0,1,0,0.,0.,1.,1.,1.,1.,1.,1.,0.,0.,1.,0.,0.,1.,0.,       1273P   1458
0.,1.;                                                              1273P   1459
110,-11.333227047,55.30172148,4.,-11.364376414,85.801705574,4.;     1275P   1460
102,4,1261,1265,1269,1273;                                          1277P   1461
102,4,1263,1267,1271,1275;                                          1279P   1462
142,1,1259,1277,1279,1;                                             1281P   1463
144,1259,1,0,1281;                                                  1283P   1464
128,1,1,1,1,0,0,1,0,0,0.,0.,1.,1.,0.,0.,1.,1.,1.,1.,1.,1.,          1285P   1465
11.135611852,85.824684615,2.,-11.364376414,85.801705574,2.,         1285P   1466
11.135611852,85.824684615,4.,-11.364376414,85.801705574,4.,0.,      1285P   1467
1.,0.,1.;                                                           1285P   1468
126,1,1,1,0,1,0,0.,0.,1.,1.,1.,1.,0.,1.,0.,0.,0.,0.,0.,1.,0.,       1287P   1469
0.,1.;                                                              1287P   1470
110,11.135611852,85.824684615,4.,11.135611852,85.824684615,2.;      1289P   1471
126,1,1,1,0,1,0,0.,0.,1.,1.,1.,1.,0.,0.,0.,1.,0.,0.,0.,1.,0.,       1291P   1472
0.,1.;                                                              1291P   1473
110,11.135611852,85.824684615,2.,-11.364376414,85.801705574,2.;     1293P   1474
126,1,1,1,0,1,0,0.,0.,1.,1.,1.,1.,1.,0.,0.,1.,1.,0.,0.,1.,0.,       1295P   1475
0.,1.;                                                              1295P   1476
110,-11.364376414,85.801705574,2.,-11.364376414,85.801705574,       1297P   1477
4.;                                                                 1297P   1478
126,1,1,1,0,1,0,0.,0.,1.,1.,1.,1.,1.,1.,0.,0.,1.,0.,0.,1.,0.,       1299P   1479
0.,1.;                                                              1299P   1480
110,-11.364376414,85.801705574,4.,11.135611852,85.824684615,4.;     1301P   1481
102,4,1287,1291,1295,1299;                                          1303P   1482
102,4,1289,1293,1297,1301;                                          1305P   1483
142,1,1285,1303,1305,1;                                             1307P   1484
144,1285,1,0,1307;                                                  1309P   1485
128,1,1,1,1,0,0,1,0,0,0.,0.,1.,1.,0.,0.,1.,1.,1.,1.,1.,1.,          1311P   1486
11.166761219,55.324700521,2.,11.135611852,85.824684615,2.,          1311P   1487
11.166761219,55.324700521,4.,11.135611852,85.824684615,4.,0.,       1311P   1488
1.,0.,1.;                                                           1311P   1489
126,1,1,1,0,1,0,0.,0.,1.,1.,1.,1.,0.,1.,0.,0.,0.,0.,0.,1.,0.,       1313P   1490
0.,1.;                                                              1313P   1491
110,11.166761219,55.324700521,4.,11.166761219,55.324700521,2.;      1315P   1492
126,1,1,1,0,1,0,0.,0.,1.,1.,1.,1.,0.,0.,0.,1.,0.,0.,0.,1.,0.,       1317P   1493
0.,1.;                                                              1317P   1494
110,11.166761219,55.324700521,2.,11.135611852,85.824684615,2.;      1319P   1495
126,1,1,1,0,1,0,0.,0.,1.,1.,1.,1.,1.,0.,0.,1.,1.,0.,0.,1.,0.,       1321P   1496
0.,1.;                                                              1321P   1497
110,11.135611852,85.824684615,2.,11.135611852,85.824684615,4.;      1323P   1498
126,1,1,1,0,1,0,0.,0.,1.,1.,1.,1.,1.,1.,0.,0.,1.,0.,0.,1.,0.,       1325P   1499
0.,1.;                                                              1325P   1500
110,11.135611852,85.824684615,4.,11.166761219,55.324700521,4.;      1327P   1501
102,4,1313,1317,1321,1325;                                          1329P   1502
102,4,1315,1319,1323,1327;                                          1331P   1503
142,1,1311,1329,1331,1;                                             1333P   1504
144,1311,1,0,1333;                                                  1335P   1505
128,1,1,1,1,0,0,1,0,0,0.,0.,1.,1.,0.,0.,1.,1.,1.,1.,1.,1.,          1337P   1506
-11.333227047,55.30172148,2.,11.166761219,55.324700521,2.,          1337P   1507
-11.333227047,55.30172148,4.,11.166761219,55.324700521,4.,0.,       1337P   1508
1.,0.,1.;                                                           1337P   1509
126,1,1,1,0,1,0,0.,0.,1.,1.,1.,1.,0.,1.,0.,0.,0.,0.,0.,1.,0.,       1339P   1510
0.,1.;                                                              1339P   1511
110,-11.333227047,55.30172148,4.,-11.333227047,55.30172148,2.;      1341P   1512
126,1,1,1,0,1,0,0.,0.,1.,1.,1.,1.,0.,0.,0.,1.,0.,0.,0.,1.,0.,       1343P   1513
0.,1.;                                                              1343P   1514
110,-11.333227047,55.30172148,2.,11.166761219,55.324700521,2.;      1345P   1515
126,1,1,1,0,1,0,0.,0.,1.,1.,1.,1.,1.,0.,0.,1.,1.,0.,0.,1.,0.,       1347P   1516
0.,1.;                                                              1347P   1517
110,11.166761219,55.324700521,2.,11.166761219,55.324700521,4.;      1349P   1518
126,1,1,1,0,1,0,0.,0.,1.,1.,1.,1.,1.,1.,0.,0.,1.,0.,0.,1.,0.,       1351P   1519
0.,1.;                                                              1351P   1520
110,11.166761219,55.324700521,4.,-11.333227047,55.30172148,4.;      1353P   1521
102,4,1339,1343,1347,1351;                                          1355P   1522
102,4,1341,1345,1349,1353;                                          1357P   1523
142,1,1337,1355,1357,1;                                             1359P   1524
144,1337,1,0,1359;                                                  1361P   1525
128,1,1,1,1,0,0,1,0,0,0.,0.,1.,1.,0.,0.,1.,1.,1.,1.,1.,1.,          1363P   1526
80.214601498,-52.764385459,2.,42.103258922,-52.764385459,2.,        1363P   1527
80.214601498,-17.62767781,2.,42.103258922,-17.62767781,2.,0.,       1363P   1528
1.,0.,1.;                                                           1363P   1529
126,1,1,1,0,1,0,0.,0.,1.,1.,1.,1.,0.005928854,0.560820084,0.,       1365P   1530
0.300594246,0.005928854,0.,0.,1.,0.,0.,1.;                          1365P   1531
110,79.988644922,-33.059014114,2.,68.758551222,-52.556065058,       1367P   1532
2.;                                                                 1367P   1533
126,1,1,1,0,1,0,0.,0.,1.,1.,1.,1.,0.300594246,0.005928854,0.,       1369P   1534
0.994071146,0.439179916,0.,0.,1.,0.,0.,1.;                          1369P   1535
110,68.758551222,-52.556065058,2.,42.329215499,-37.333049154,       1371P   1536
2.;                                                                 1371P   1537
126,1,1,1,0,1,0,0.,0.,1.,1.,1.,1.,0.994071146,0.439179916,0.,       1373P   1538
0.699405754,0.994071146,0.,0.,1.,0.,0.,1.;                          1373P   1539
110,42.329215499,-37.333049154,2.,53.559309198,-17.835998211,       1375P   1540
2.;                                                                 1375P   1541
126,1,1,1,0,1,0,0.,0.,1.,1.,1.,1.,0.699405754,0.994071146,0.,       1377P   1542
0.005928854,0.560820084,0.,0.,1.,0.,0.,1.;                          1377P   1543
110,53.559309198,-17.835998211,2.,79.988644922,-33.059014114,       1379P   1544
2.;                                                                 1379P   1545
102,4,1365,1369,1373,1377;                                          1381P   1546
102,4,1367,1371,1375,1379;                                          1383P   1547
142,1,1363,1381,1383,1;                                             1385P   1548
126,32,2,1,0,1,0,0.,0.,0.,0.0625,0.0625,0.125,0.125,0.1875,         1387P   1549
0.1875,0.25,0.25,0.3125,0.3125,0.375,0.375,0.4375,0.4375,0.5,       1387P   1550
0.5,0.5625,0.5625,0.625,0.625,0.6875,0.6875,0.75,0.75,0.8125,       1387P   1551
0.8125,0.875,0.875,0.9375,0.9375,1.,1.,1.,1.,1.,1.,1.,1.,1.,1.,     1387P   1552
1.,1.,1.,1.,1.,1.,1.,1.,1.,1.,1.,1.,1.,1.,1.,1.,1.,1.,1.,1.,1.,     1387P   1553
1.,1.,1.,1.,1.,0.24111021,0.502186186,0.,0.24111021,0.5302171,      1387P   1554
0.,0.246151942,0.557709408,0.,0.251193675,0.585201716,0.,           1387P   1555
0.261083389,0.611098904,0.,0.270973103,0.636996092,0.,              1387P   1556
0.285330742,0.660302945,0.,0.299688382,0.683609798,0.,              1387P   1557
0.317962191,0.703430648,0.,0.336236,0.723251497,0.,0.357723726,     1387P   1558
0.738824639,0.,0.379211452,0.75439778,0.,0.403087334,               1387P   1559
0.765124747,0.,0.426963216,0.775851713,0.,0.452309717,              1387P   1560
0.781320273,0.,0.477656218,0.786788833,0.,0.503499287,              1387P   1561
0.786788833,0.,0.529342355,0.786788833,0.,0.554688856,              1387P   1562
0.781320273,0.,0.580035357,0.775851713,0.,0.603911239,              1387P   1563
0.765124747,0.,0.627787121,0.75439778,0.,0.649274847,               1387P   1564
0.738824639,0.,0.670762573,0.723251497,0.,0.689036382,              1387P   1565
0.703430648,0.,0.707310191,0.683609798,0.,0.721667831,              1387P   1566
0.660302945,0.,0.73602547,0.636996092,0.,0.745915184,               1387P   1567
0.611098904,0.,0.755804898,0.585201716,0.,0.760846631,              1387P   1568
0.557709408,0.,0.765888363,0.5302171,0.,0.765888363,                1387P   1569
0.502186186,0.,0.,1.,0.,0.,1.;                                      1387P   1570
100,2.,61.025567703,-35.11921625,71.025567703,-35.11921625,         1389P   1571
51.025567703,-35.11921625;                                          1389P   1572
126,32,2,1,0,1,0,0.,0.,0.,0.0625,0.0625,0.125,0.125,0.1875,         1391P   1573
0.1875,0.25,0.25,0.3125,0.3125,0.375,0.375,0.4375,0.4375,0.5,       1391P   1574
0.5,0.5625,0.5625,0.625,0.625,0.6875,0.6875,0.75,0.75,0.8125,       1391P   1575
0.8125,0.875,0.875,0.9375,0.9375,1.,1.,1.,1.,1.,1.,1.,1.,1.,1.,     1391P   1576
1.,1.,1.,1.,1.,1.,1.,1.,1.,1.,1.,1.,1.,1.,1.,1.,1.,1.,1.,1.,1.,     1391P   1577
1.,1.,1.,1.,1.,0.765888363,0.502186186,0.,0.765888363,              1391P   1578
0.474155272,0.,0.760846631,0.446662964,0.,0.755804898,              1391P   1579
0.419170656,0.,0.745915184,0.393273468,0.,0.73602547,               1391P   1580
0.367376281,0.,0.721667831,0.344069427,0.,0.707310191,              1391P   1581
0.320762574,0.,0.689036382,0.300941725,0.,0.670762573,              1391P   1582
0.281120875,0.,0.649274847,0.265547734,0.,0.627787121,              1391P   1583
0.249974592,0.,0.603911239,0.239247626,0.,0.580035357,              1391P   1584
0.228520659,0.,0.554688856,0.223052099,0.,0.529342355,              1391P   1585
0.217583539,0.,0.503499287,0.217583539,0.,0.477656218,              1391P   1586
0.217583539,0.,0.452309717,0.223052099,0.,0.426963216,              1391P   1587
0.228520659,0.,0.403087334,0.239247626,0.,0.379211452,              1391P   1588
0.249974592,0.,0.357723726,0.265547734,0.,0.336236,0.281120875,     1391P   1589
0.,0.317962191,0.300941725,0.,0.299688382,0.320762574,0.,           1391P   1590
0.285330742,0.344069427,0.,0.270973103,0.367376281,0.,              1391P   1591
0.261083389,0.393273468,0.,0.251193675,0.419170656,0.,              1391P   1592
0.246151942,0.446662964,0.,0.24111021,0.474155272,0.,               1391P   1593
0.24111021,0.502186186,0.,0.,1.,0.,0.,1.;                           1391P   1594
100,2.,61.025567703,-35.11921625,51.025567703,-35.11921625,         1393P   1595
71.025567703,-35.11921625;                                          1393P   1596
102,2,1387,1391;                                                    1395P   1597
102,2,1389,1393;                                                    1397P   1598
142,1,1363,1395,1397,1;                                             1399P   1599
144,1363,1,1,1385,1399;                                             1401P   1600
128,1,1,1,1,0,0,1,0,0,0.,0.,1.,1.,0.,0.,1.,1.,1.,1.,1.,1.,          1403P   1601
79.988644922,-33.059014114,2.,53.559309198,-17.835998211,2.,        1403P   1602
79.988644922,-33.059014114,4.,53.559309198,-17.835998211,4.,0.,     1403P   1603
1.,0.,1.;                                                           1403P   1604
126,1,1,1,0,1,0,0.,0.,1.,1.,1.,1.,0.,1.,0.,0.,0.,0.,0.,1.,0.,       1405P   1605
0.,1.;                                                              1405P   1606
110,79.988644922,-33.059014114,4.,79.988644922,-33.059014114,       1407P   1607
2.;                                                                 1407P   1608
126,1,1,1,0,1,0,0.,0.,1.,1.,1.,1.,0.,0.,0.,1.,0.,0.,0.,1.,0.,       1409P   1609
0.,1.;                                                              1409P   1610
110,79.988644922,-33.059014114,2.,53.559309198,-17.835998211,       1411P   1611
2.;                                                                 1411P   1612
126,1,1,1,0,1,0,0.,0.,1.,1.,1.,1.,1.,0.,0.,1.,1.,0.,0.,1.,0.,       1413P   1613
0.,1.;                                                              1413P   1614
110,53.559309198,-17.835998211,2.,53.559309198,-17.835998211,       1415P   1615
4.;                                                                 1415P   1616
126,1,1,1,0,1,0,0.,0.,1.,1.,1.,1.,1.,1.,0.,0.,1.,0.,0.,1.,0.,       1417P   1617
0.,1.;                                                              1417P   1618
110,53.559309198,-17.835998211,4.,79.988644922,-33.059014114,       1419P   1619
4.;                                                                 1419P   1620
102,4,1405,1409,1413,1417;                                          1421P   1621
102,4,1407,1411,1415,1419;                                          1423P   1622
142,1,1403,1421,1423,1;                                             1425P   1623
144,1403,1,0,1425;                                                  1427P   1624
128,1,1,1,1,0,0,1,0,0,0.,0.,1.,1.,0.,0.,1.,1.,1.,1.,1.,1.,          1429P   1625
68.758551222,-52.556065058,2.,79.988644922,-33.059014114,2.,        1429P   1626
68.758551222,-52.556065058,4.,79.988644922,-33.059014114,4.,0.,     1429P   1627
1.,0.,1.;                                                           1429P   1628
126,1,1,1,0,1,0,0.,0.,1.,1.,1.,1.,0.,1.,0.,0.,0.,0.,0.,1.,0.,       1431P   1629
0.,1.;                                                              1431P   1630
110,68.758551222,-52.556065058,4.,68.758551222,-52.556065058,       1433P   1631
2.;                                                                 1433P   1632
126,1,1,1,0,1,0,0.,0.,1.,1.,1.,1.,0.,0.,0.,1.,0.,0.,0.,1.,0.,       1435P   1633
0.,1.;                                                              1435P   1634
110,68.758551222,-52.556065058,2.,79.988644922,-33.059014114,       1437P   1635
2.;                                                                 1437P   1636
126,1,1,1,0,1,0,0.,0.,1.,1.,1.,1.,1.,0.,0.,1.,1.,0.,0.,1.,0.,       1439P   1637
0.,1.;                                                              1439P   1638
110,79.988644922,-33.059014114,2.,79.988644922,-33.059014114,       1441P   1639
4.;                                                                 1441P   1640
126,1,1,1,0,1,0,0.,0.,1.,1.,1.,1.,1.,1.,0.,0.,1.,0.,0.,1.,0.,       1443P   1641
0.,1.;                                                              1443P   1642
110,79.988644922,-33.059014114,4.,68.758551222,-52.556065058,       1445P   1643
4.;                                                                 1445P   1644
102,4,1431,1435,1439,1443;                                          1447P   1645
102,4,1433,1437,1441,1445;                                          1449P   1646
142,1,1429,1447,1449,1;                                             1451P   1647
144,1429,1,0,1451;                                                  1453P   1648
128,1,1,1,1,0,0,1,0,0,0.,0.,1.,1.,0.,0.,1.,1.,1.,1.,1.,1.,          1455P   1649
42.329215499,-37.333049154,2.,68.758551222,-52.556065058,2.,        1455P   1650
42.329215499,-37.333049154,4.,68.758551222,-52.556065058,4.,0.,     1455P   1651
1.,0.,1.;                                                           1455P   1652
126,1,1,1,0,1,0,0.,0.,1.,1.,1.,1.,0.,1.,0.,0.,0.,0.,0.,1.,0.,       1457P   1653
0.,1.;                                                              1457P   1654
110,42.329215499,-37.333049154,4.,42.329215499,-37.333049154,       1459P   1655
2.;                                                                 1459P   1656
126,1,1,1,0,1,0,0.,0.,1.,1.,1.,1.,0.,0.,0.,1.,0.,0.,0.,1.,0.,       1461P   1657
0.,1.;                                                              1461P   1658
110,42.329215499,-37.333049154,2.,68.758551222,-52.556065058,       1463P   1659
2.;                                                                 1463P   1660
126,1,1,1,0,1,0,0.,0.,1.,1.,1.,1.,1.,0.,0.,1.,1.,0.,0.,1.,0.,       1465P   1661
0.,1.;                                                              1465P   1662
110,68.758551222,-52.556065058,2.,68.758551222,-52.556065058,       1467P   1663
4.;                                                                 1467P   1664
126,1,1,1,0,1,0,0.,0.,1.,1.,1.,1.,1.,1.,0.,0.,1.,0.,0.,1.,0.,       1469P   1665
0.,1.;                                                              1469P   1666
110,68.758551222,-52.556065058,4.,42.329215499,-37.333049154,       1471P   1667
4.;                                                                 1471P   1668
102,4,1457,1461,1465,1469;                                          1473P   1669
102,4,1459,1463,1467,1471;                                          1475P   1670
142,1,1455,1473,1475,1;                                             1477P   1671
144,1455,1,0,1477;                                                  1479P   1672
128,1,1,1,1,0,0,1,0,0,0.,0.,1.,1.,0.,0.,1.,1.,1.,1.,1.,1.,          1481P   1673
53.559309198,-17.835998211,2.,42.329215499,-37.333049154,2.,        1481P   1674
53.559309198,-17.835998211,4.,42.329215499,-37.333049154,4.,0.,     1481P   1675
1.,0.,1.;                                                           1481P   1676
126,1,1,1,0,1,0,0.,0.,1.,1.,1.,1.,0.,1.,0.,0.,0.,0.,0.,1.,0.,       1483P   1677
0.,1.;                                                              1483P   1678
110,53.559309198,-17.835998211,4.,53.559309198,-17.835998211,       1485P   1679
2.;                                                                 1485P   1680
126,1,1,1,0,1,0,0.,0.,1.,1.,1.,1.,0.,0.,0.,1.,0.,0.,0.,1.,0.,       1487P   1681
0.,1.;                                                              1487P   1682
110,53.559309198,-17.835998211,2.,42.329215499,-37.333049154,       1489P   1683
2.;                                                                 1489P   1684
126,1,1,1,0,1,0,0.,0.,1.,1.,1.,1.,1.,0.,0.,1.,1.,0.,0.,1.,0.,       1491P   1685
0.,1.;                                                              1491P   1686
110,42.329215499,-37.333049154,2.,42.329215499,-37.333049154,       1493P   1687
4.;                                                                 1493P   1688
126,1,1,1,0,1,0,0.,0.,1.,1.,1.,1.,1.,1.,0.,0.,1.,0.,0.,1.,0.,       1495P   1689
0.,1.;                                                              1495P   1690
110,42.329215499,-37.333049154,4.,53.559309198,-17.835998211,       1497P   1691
4.;                                                                 1497P   1692
102,4,1483,1487,1491,1495;                                          1499P   1693
102,4,1485,1489,1493,1497;                                          1501P   1694
142,1,1481,1499,1501,1;                                             1503P   1695
144,1481,1,0,1503;                                                  1505P   1696
S      1G      4D   1506P   1696                                        T      1
