SolidWorks IGES file using analytic representation for surfaces         S      1
1H,,1H;,9H3nd_floor,55HZ:\Dropbox\Floatsat\Mechanical_Models\Igs\3nd_floG      1
or.IGS,15HSolidWorks 2016,15HSolidWorks 2016,32,308,15,308,15,9H3nd_flooG      2
r,1.,2,2HMM,50,0.125,13H171214.013427,1E-008,499990.,13HMarcoSanroman,, G      3
11,0,13H171214.013427;                                                  G      4
     314       1       0       0       0                        00000200D      1
     314       0       8       1       0                               0D      2
     110       2       0       0       0                        01010000D      3
     110       0       0       2       0                               0D      4
     110       4       0       0       0                        01010000D      5
     110       0       0       2       0                               0D      6
     120       6       0       0       0                        01010000D      7
     120       0       0       1       0                               0D      8
     126       7       0       0       0                        01010500D      9
     126       0       0       2       0                               0D     10
     110       9       0       0       0                        01010000D     11
     110       0       0       2       0                               0D     12
     126      11       0       0       0                        01010500D     13
     126       0       0       2       0                               0D     14
     124      13       0       0       0                        00000000D     15
     124       0       0       5       0                               0D     16
     100      18       0       0       0              15        01010000D     17
     100       0       0       2       0                               0D     18
     126      20       0       0       0                        01010500D     19
     126       0       0       2       0                               0D     20
     110      22       0       0       0                        01010000D     21
     110       0       0       2       0                               0D     22
     126      24       0       0       0                        01010500D     23
     126       0       0       2       0                               0D     24
     100      26       0       0       0                        01010000D     25
     100       0       0       2       0                               0D     26
     102      28       0       0       0                        01010500D     27
     102       0       0       1       0                               0D     28
     102      29       0       0       0                        01010000D     29
     102       0       0       1       0                               0D     30
     142      30       0       0       0                        00010500D     31
     142       0       0       1       0                               0D     32
     144      31       0       0       0                        00000000D     33
     144       0      -1       1       0                               0D     34
     110      32       0       0       0                        01010000D     35
     110       0       0       1       0                               0D     36
     110      33       0       0       0                        01010000D     37
     110       0       0       1       0                               0D     38
     120      34       0       0       0                        01010000D     39
     120       0       0       1       0                               0D     40
     126      35       0       0       0                        01010500D     41
     126       0       0       2       0                               0D     42
     110      37       0       0       0                        01010000D     43
     110       0       0       1       0                               0D     44
     126      38       0       0       0                        01010500D     45
     126       0       0       2       0                               0D     46
     124      40       0       0       0                        00000000D     47
     124       0       0       4       0                               0D     48
     100      44       0       0       0              47        01010000D     49
     100       0       0       1       0                               0D     50
     126      45       0       0       0                        01010500D     51
     126       0       0       2       0                               0D     52
     110      47       0       0       0                        01010000D     53
     110       0       0       1       0                               0D     54
     126      48       0       0       0                        01010500D     55
     126       0       0       2       0                               0D     56
     100      50       0       0       0                        01010000D     57
     100       0       0       1       0                               0D     58
     102      51       0       0       0                        01010500D     59
     102       0       0       1       0                               0D     60
     102      52       0       0       0                        01010000D     61
     102       0       0       1       0                               0D     62
     142      53       0       0       0                        00010500D     63
     142       0       0       1       0                               0D     64
     144      54       0       0       0                        00000000D     65
     144       0      -1       1       0                               0D     66
     110      55       0       0       0                        01010000D     67
     110       0       0       1       0                               0D     68
     110      56       0       0       0                        01010000D     69
     110       0       0       1       0                               0D     70
     120      57       0       0       0                        01010000D     71
     120       0       0       1       0                               0D     72
     126      58       0       0       0                        01010500D     73
     126       0       0       2       0                               0D     74
     110      60       0       0       0                        01010000D     75
     110       0       0       1       0                               0D     76
     126      61       0       0       0                        01010500D     77
     126       0       0       2       0                               0D     78
     124      63       0       0       0                        00000000D     79
     124       0       0       4       0                               0D     80
     100      67       0       0       0              79        01010000D     81
     100       0       0       1       0                               0D     82
     126      68       0       0       0                        01010500D     83
     126       0       0       2       0                               0D     84
     110      70       0       0       0                        01010000D     85
     110       0       0       1       0                               0D     86
     126      71       0       0       0                        01010500D     87
     126       0       0       2       0                               0D     88
     100      73       0       0       0                        01010000D     89
     100       0       0       1       0                               0D     90
     102      74       0       0       0                        01010500D     91
     102       0       0       1       0                               0D     92
     102      75       0       0       0                        01010000D     93
     102       0       0       1       0                               0D     94
     142      76       0       0       0                        00010500D     95
     142       0       0       1       0                               0D     96
     144      77       0       0       0                        00000000D     97
     144       0      -1       1       0                               0D     98
     110      78       0       0       0                        01010000D     99
     110       0       0       1       0                               0D    100
     110      79       0       0       0                        01010000D    101
     110       0       0       1       0                               0D    102
     120      80       0       0       0                        01010000D    103
     120       0       0       1       0                               0D    104
     126      81       0       0       0                        01010500D    105
     126       0       0       2       0                               0D    106
     110      83       0       0       0                        01010000D    107
     110       0       0       1       0                               0D    108
     126      84       0       0       0                        01010500D    109
     126       0       0       2       0                               0D    110
     124      86       0       0       0                        00000000D    111
     124       0       0       4       0                               0D    112
     100      90       0       0       0             111        01010000D    113
     100       0       0       1       0                               0D    114
     126      91       0       0       0                        01010500D    115
     126       0       0       2       0                               0D    116
     110      93       0       0       0                        01010000D    117
     110       0       0       1       0                               0D    118
     126      94       0       0       0                        01010500D    119
     126       0       0       2       0                               0D    120
     100      96       0       0       0                        01010000D    121
     100       0       0       1       0                               0D    122
     102      97       0       0       0                        01010500D    123
     102       0       0       1       0                               0D    124
     102      98       0       0       0                        01010000D    125
     102       0       0       1       0                               0D    126
     142      99       0       0       0                        00010500D    127
     142       0       0       1       0                               0D    128
     144     100       0       0       0                        00000000D    129
     144       0      -1       1       0                               0D    130
     110     101       0       0       0                        01010000D    131
     110       0       0       1       0                               0D    132
     110     102       0       0       0                        01010000D    133
     110       0       0       1       0                               0D    134
     120     103       0       0       0                        01010000D    135
     120       0       0       1       0                               0D    136
     126     104       0       0       0                        01010500D    137
     126       0       0       2       0                               0D    138
     110     106       0       0       0                        01010000D    139
     110       0       0       1       0                               0D    140
     126     107       0       0       0                        01010500D    141
     126       0       0       2       0                               0D    142
     100     109       0       0       0                        01010000D    143
     100       0       0       1       0                               0D    144
     126     110       0       0       0                        01010500D    145
     126       0       0       2       0                               0D    146
     110     112       0       0       0                        01010000D    147
     110       0       0       1       0                               0D    148
     126     113       0       0       0                        01010500D    149
     126       0       0       2       0                               0D    150
     124     115       0       0       0                        00000000D    151
     124       0       0       3       0                               0D    152
     100     118       0       0       0             151        01010000D    153
     100       0       0       1       0                               0D    154
     102     119       0       0       0                        01010500D    155
     102       0       0       1       0                               0D    156
     102     120       0       0       0                        01010000D    157
     102       0       0       1       0                               0D    158
     142     121       0       0       0                        00010500D    159
     142       0       0       1       0                               0D    160
     144     122       0       0       0                        00000000D    161
     144       0      -1       1       0                               0D    162
     128     123       0       0       0                        01010000D    163
     128       0       0       3       0                               0D    164
     126     126       0       0       0                        01010500D    165
     126       0       0       2       0                               0D    166
     110     128       0       0       0                        01010000D    167
     110       0       0       1       0                               0D    168
     126     129       0       0       0                        01010500D    169
     126       0       0       2       0                               0D    170
     110     131       0       0       0                        01010000D    171
     110       0       0       1       0                               0D    172
     126     132       0       0       0                        01010500D    173
     126       0       0       2       0                               0D    174
     110     134       0       0       0                        01010000D    175
     110       0       0       1       0                               0D    176
     126     135       0       0       0                        01010500D    177
     126       0       0       2       0                               0D    178
     110     137       0       0       0                        01010000D    179
     110       0       0       1       0                               0D    180
     102     138       0       0       0                        01010500D    181
     102       0       0       1       0                               0D    182
     102     139       0       0       0                        01010000D    183
     102       0       0       1       0                               0D    184
     142     140       0       0       0                        00010500D    185
     142       0       0       1       0                               0D    186
     144     141       0       0       0                        00000000D    187
     144       0      -1       1       0                               0D    188
     128     142       0       0       0                        01010000D    189
     128       0       0       3       0                               0D    190
     126     145       0       0       0                        01010500D    191
     126       0       0       2       0                               0D    192
     110     147       0       0       0                        01010000D    193
     110       0       0       1       0                               0D    194
     126     148       0       0       0                        01010500D    195
     126       0       0       2       0                               0D    196
     110     150       0       0       0                        01010000D    197
     110       0       0       1       0                               0D    198
     126     151       0       0       0                        01010500D    199
     126       0       0       2       0                               0D    200
     110     153       0       0       0                        01010000D    201
     110       0       0       2       0                               0D    202
     126     155       0       0       0                        01010500D    203
     126       0       0       2       0                               0D    204
     110     157       0       0       0                        01010000D    205
     110       0       0       1       0                               0D    206
     102     158       0       0       0                        01010500D    207
     102       0       0       1       0                               0D    208
     102     159       0       0       0                        01010000D    209
     102       0       0       1       0                               0D    210
     142     160       0       0       0                        00010500D    211
     142       0       0       1       0                               0D    212
     144     161       0       0       0                        00000000D    213
     144       0      -1       1       0                               0D    214
     128     162       0       0       0                        01010000D    215
     128       0       0       4       0                               0D    216
     126     166       0       0       0                        01010500D    217
     126       0       0       2       0                               0D    218
     110     168       0       0       0                        01010000D    219
     110       0       0       1       0                               0D    220
     126     169       0       0       0                        01010500D    221
     126       0       0       2       0                               0D    222
     110     171       0       0       0                        01010000D    223
     110       0       0       1       0                               0D    224
     126     172       0       0       0                        01010500D    225
     126       0       0       2       0                               0D    226
     110     174       0       0       0                        01010000D    227
     110       0       0       2       0                               0D    228
     126     176       0       0       0                        01010500D    229
     126       0       0       2       0                               0D    230
     110     178       0       0       0                        01010000D    231
     110       0       0       1       0                               0D    232
     102     179       0       0       0                        01010500D    233
     102       0       0       1       0                               0D    234
     102     180       0       0       0                        01010000D    235
     102       0       0       1       0                               0D    236
     142     181       0       0       0                        00010500D    237
     142       0       0       1       0                               0D    238
     144     182       0       0       0                        00000000D    239
     144       0      -1       1       0                               0D    240
     128     183       0       0       0                        01010000D    241
     128       0       0       4       0                               0D    242
     126     187       0       0       0                        01010500D    243
     126       0       0       2       0                               0D    244
     110     189       0       0       0                        01010000D    245
     110       0       0       2       0                               0D    246
     126     191       0       0       0                        01010500D    247
     126       0       0       2       0                               0D    248
     110     193       0       0       0                        01010000D    249
     110       0       0       2       0                               0D    250
     126     195       0       0       0                        01010500D    251
     126       0       0       2       0                               0D    252
     110     197       0       0       0                        01010000D    253
     110       0       0       2       0                               0D    254
     126     199       0       0       0                        01010500D    255
     126       0       0       2       0                               0D    256
     110     201       0       0       0                        01010000D    257
     110       0       0       2       0                               0D    258
     102     203       0       0       0                        01010500D    259
     102       0       0       1       0                               0D    260
     102     204       0       0       0                        01010000D    261
     102       0       0       1       0                               0D    262
     142     205       0       0       0                        00010500D    263
     142       0       0       1       0                               0D    264
     144     206       0       0       0                        00000000D    265
     144       0      -1       1       0                               0D    266
     128     207       0       0       0                        01010000D    267
     128       0       0       3       0                               0D    268
     126     210       0       0       0                        01010500D    269
     126       0       0       2       0                               0D    270
     110     212       0       0       0                        01010000D    271
     110       0       0       1       0                               0D    272
     126     213       0       0       0                        01010500D    273
     126       0       0       2       0                               0D    274
     110     215       0       0       0                        01010000D    275
     110       0       0       1       0                               0D    276
     126     216       0       0       0                        01010500D    277
     126       0       0       2       0                               0D    278
     110     218       0       0       0                        01010000D    279
     110       0       0       2       0                               0D    280
     126     220       0       0       0                        01010500D    281
     126       0       0       2       0                               0D    282
     110     222       0       0       0                        01010000D    283
     110       0       0       1       0                               0D    284
     102     223       0       0       0                        01010500D    285
     102       0       0       1       0                               0D    286
     102     224       0       0       0                        01010000D    287
     102       0       0       1       0                               0D    288
     142     225       0       0       0                        00010500D    289
     142       0       0       1       0                               0D    290
     144     226       0       0       0                        00000000D    291
     144       0      -1       1       0                               0D    292
     128     227       0       0       0                        01010000D    293
     128       0       0       3       0                               0D    294
     126     230       0       0       0                        01010500D    295
     126       0       0       2       0                               0D    296
     110     232       0       0       0                        01010000D    297
     110       0       0       1       0                               0D    298
     126     233       0       0       0                        01010500D    299
     126       0       0       2       0                               0D    300
     110     235       0       0       0                        01010000D    301
     110       0       0       1       0                               0D    302
     126     236       0       0       0                        01010500D    303
     126       0       0       2       0                               0D    304
     110     238       0       0       0                        01010000D    305
     110       0       0       1       0                               0D    306
     126     239       0       0       0                        01010500D    307
     126       0       0       2       0                               0D    308
     110     241       0       0       0                        01010000D    309
     110       0       0       1       0                               0D    310
     102     242       0       0       0                        01010500D    311
     102       0       0       1       0                               0D    312
     102     243       0       0       0                        01010000D    313
     102       0       0       1       0                               0D    314
     142     244       0       0       0                        00010500D    315
     142       0       0       1       0                               0D    316
     144     245       0       0       0                        00000000D    317
     144       0      -1       1       0                               0D    318
     110     246       0       0       0                        01010000D    319
     110       0       0       1       0                               0D    320
     110     247       0       0       0                        01010000D    321
     110       0       0       1       0                               0D    322
     120     248       0       0       0                        01010000D    323
     120       0       0       1       0                               0D    324
     126     249       0       0       0                        01010500D    325
     126       0       0       2       0                               0D    326
     100     251       0       0       0                        01010000D    327
     100       0       0       1       0                               0D    328
     126     252       0       0       0                        01010500D    329
     126       0       0       2       0                               0D    330
     110     254       0       0       0                        01010000D    331
     110       0       0       1       0                               0D    332
     126     255       0       0       0                        01010500D    333
     126       0       0       2       0                               0D    334
     124     257       0       0       0                        00000000D    335
     124       0       0       4       0                               0D    336
     100     261       0       0       0             335        01010000D    337
     100       0       0       1       0                               0D    338
     126     262       0       0       0                        01010500D    339
     126       0       0       2       0                               0D    340
     110     264       0       0       0                        01010000D    341
     110       0       0       1       0                               0D    342
     102     265       0       0       0                        01010500D    343
     102       0       0       1       0                               0D    344
     102     266       0       0       0                        01010000D    345
     102       0       0       1       0                               0D    346
     142     267       0       0       0                        00010500D    347
     142       0       0       1       0                               0D    348
     144     268       0       0       0                        00000000D    349
     144       0      -1       1       0                               0D    350
     128     269       0       0       0                        01010000D    351
     128       0       0       3       0                               0D    352
     126     272       0       0       0                        01010500D    353
     126       0       0       2       0                               0D    354
     110     274       0       0       0                        01010000D    355
     110       0       0       1       0                               0D    356
     126     275       0       0       0                        01010500D    357
     126       0       0       2       0                               0D    358
     110     277       0       0       0                        01010000D    359
     110       0       0       1       0                               0D    360
     126     278       0       0       0                        01010500D    361
     126       0       0       2       0                               0D    362
     110     280       0       0       0                        01010000D    363
     110       0       0       1       0                               0D    364
     126     281       0       0       0                        01010500D    365
     126       0       0       2       0                               0D    366
     110     283       0       0       0                        01010000D    367
     110       0       0       1       0                               0D    368
     102     284       0       0       0                        01010500D    369
     102       0       0       1       0                               0D    370
     102     285       0       0       0                        01010000D    371
     102       0       0       1       0                               0D    372
     142     286       0       0       0                        00010500D    373
     142       0       0       1       0                               0D    374
     144     287       0       0       0                        00000000D    375
     144       0      -1       1       0                               0D    376
     128     288       0       0       0                        01010000D    377
     128       0       0       4       0                               0D    378
     126     292       0       0       0                        01010500D    379
     126       0       0       2       0                               0D    380
     110     294       0       0       0                        01010000D    381
     110       0       0       2       0                               0D    382
     126     296       0       0       0                        01010500D    383
     126       0       0       2       0                               0D    384
     110     298       0       0       0                        01010000D    385
     110       0       0       1       0                               0D    386
     126     299       0       0       0                        01010500D    387
     126       0       0       2       0                               0D    388
     110     301       0       0       0                        01010000D    389
     110       0       0       1       0                               0D    390
     126     302       0       0       0                        01010500D    391
     126       0       0       2       0                               0D    392
     110     304       0       0       0                        01010000D    393
     110       0       0       1       0                               0D    394
     126     305       0       0       0                        01010500D    395
     126       0       0       2       0                               0D    396
     110     307       0       0       0                        01010000D    397
     110       0       0       1       0                               0D    398
     126     308       0       0       0                        01010500D    399
     126       0       0       2       0                               0D    400
     110     310       0       0       0                        01010000D    401
     110       0       0       1       0                               0D    402
     126     311       0       0       0                        01010500D    403
     126       0       0       2       0                               0D    404
     110     313       0       0       0                        01010000D    405
     110       0       0       2       0                               0D    406
     126     315       0       0       0                        01010500D    407
     126       0       0       2       0                               0D    408
     110     317       0       0       0                        01010000D    409
     110       0       0       1       0                               0D    410
     126     318       0       0       0                        01010500D    411
     126       0       0       2       0                               0D    412
     110     320       0       0       0                        01010000D    413
     110       0       0       1       0                               0D    414
     126     321       0       0       0                        01010500D    415
     126       0       0       2       0                               0D    416
     110     323       0       0       0                        01010000D    417
     110       0       0       2       0                               0D    418
     102     325       0       0       0                        01010500D    419
     102       0       0       1       0                               0D    420
     102     326       0       0       0                        01010000D    421
     102       0       0       1       0                               0D    422
     142     327       0       0       0                        00010500D    423
     142       0       0       1       0                               0D    424
     126     328       0       0       0                        01010500D    425
     126       0       0      22       0                               0D    426
     124     350       0       0       0                        00000000D    427
     124       0       0       5       0                               0D    428
     100     355       0       0       0             427        01010000D    429
     100       0       0       2       0                               0D    430
     126     357       0       0       0                        01010500D    431
     126       0       0       2       0                               0D    432
     110     359       0       0       0                        01010000D    433
     110       0       0       2       0                               0D    434
     126     361       0       0       0                        01010500D    435
     126       0       0       2       0                               0D    436
     124     363       0       0       0                        00000000D    437
     124       0       0       5       0                               0D    438
     100     368       0       0       0             437        01010000D    439
     100       0       0       2       0                               0D    440
     126     370       0       0       0                        01010500D    441
     126       0       0      22       0                               0D    442
     124     392       0       0       0                        00000000D    443
     124       0       0       4       0                               0D    444
     100     396       0       0       0             443        01010000D    445
     100       0       0       2       0                               0D    446
     126     398       0       0       0                        01010500D    447
     126       0       0       2       0                               0D    448
     110     400       0       0       0                        01010000D    449
     110       0       0       2       0                               0D    450
     102     402       0       0       0                        01010500D    451
     102       0       0       1       0                               0D    452
     102     403       0       0       0                        01010000D    453
     102       0       0       1       0                               0D    454
     142     404       0       0       0                        00010500D    455
     142       0       0       1       0                               0D    456
     126     405       0       0       0                        01010500D    457
     126       0       0      12       0                               0D    458
     124     417       0       0       0                        00000000D    459
     124       0       0       4       0                               0D    460
     100     421       0       0       0             459        01010000D    461
     100       0       0       1       0                               0D    462
     126     422       0       0       0                        01010500D    463
     126       0       0      12       0                               0D    464
     124     434       0       0       0                        00000000D    465
     124       0       0       4       0                               0D    466
     100     438       0       0       0             465        01010000D    467
     100       0       0       1       0                               0D    468
     102     439       0       0       0                        01010500D    469
     102       0       0       1       0                               0D    470
     102     440       0       0       0                        01010000D    471
     102       0       0       1       0                               0D    472
     142     441       0       0       0                        00010500D    473
     142       0       0       1       0                               0D    474
     126     442       0       0       0                        01010500D    475
     126       0       0      12       0                               0D    476
     124     454       0       0       0                        00000000D    477
     124       0       0       4       0                               0D    478
     100     458       0       0       0             477        01010000D    479
     100       0       0       1       0                               0D    480
     126     459       0       0       0                        01010500D    481
     126       0       0      12       0                               0D    482
     124     471       0       0       0                        00000000D    483
     124       0       0       4       0                               0D    484
     100     475       0       0       0             483        01010000D    485
     100       0       0       1       0                               0D    486
     102     476       0       0       0                        01010500D    487
     102       0       0       1       0                               0D    488
     102     477       0       0       0                        01010000D    489
     102       0       0       1       0                               0D    490
     142     478       0       0       0                        00010500D    491
     142       0       0       1       0                               0D    492
     126     479       0       0       0                        01010500D    493
     126       0       0      11       0                               0D    494
     124     490       0       0       0                        00000000D    495
     124       0       0       4       0                               0D    496
     100     494       0       0       0             495        01010000D    497
     100       0       0       1       0                               0D    498
     126     495       0       0       0                        01010500D    499
     126       0       0      11       0                               0D    500
     124     506       0       0       0                        00000000D    501
     124       0       0       4       0                               0D    502
     100     510       0       0       0             501        01010000D    503
     100       0       0       1       0                               0D    504
     102     511       0       0       0                        01010500D    505
     102       0       0       1       0                               0D    506
     102     512       0       0       0                        01010000D    507
     102       0       0       1       0                               0D    508
     142     513       0       0       0                        00010500D    509
     142       0       0       1       0                               0D    510
     126     514       0       0       0                        01010500D    511
     126       0       0      22       0                               0D    512
     124     536       0       0       0                        00000000D    513
     124       0       0       3       0                               0D    514
     100     539       0       0       0             513        01010000D    515
     100       0       0       1       0                               0D    516
     126     540       0       0       0                        01010500D    517
     126       0       0      22       0                               0D    518
     124     562       0       0       0                        00000000D    519
     124       0       0       4       0                               0D    520
     100     566       0       0       0             519        01010000D    521
     100       0       0       1       0                               0D    522
     102     567       0       0       0                        01010500D    523
     102       0       0       1       0                               0D    524
     102     568       0       0       0                        01010000D    525
     102       0       0       1       0                               0D    526
     142     569       0       0       0                        00010500D    527
     142       0       0       1       0                               0D    528
     144     570       0       0       0                        00000000D    529
     144       0      -1       1       0                               0D    530
     128     571       0       0       0                        01010000D    531
     128       0       0       4       0                               0D    532
     126     575       0       0       0                        01010500D    533
     126       0       0       2       0                               0D    534
     110     577       0       0       0                        01010000D    535
     110       0       0       1       0                               0D    536
     126     578       0       0       0                        01010500D    537
     126       0       0       2       0                               0D    538
     110     580       0       0       0                        01010000D    539
     110       0       0       1       0                               0D    540
     126     581       0       0       0                        01010500D    541
     126       0       0       2       0                               0D    542
     110     583       0       0       0                        01010000D    543
     110       0       0       1       0                               0D    544
     126     584       0       0       0                        01010500D    545
     126       0       0       2       0                               0D    546
     110     586       0       0       0                        01010000D    547
     110       0       0       1       0                               0D    548
     126     587       0       0       0                        01010500D    549
     126       0       0       2       0                               0D    550
     110     589       0       0       0                        01010000D    551
     110       0       0       2       0                               0D    552
     126     591       0       0       0                        01010500D    553
     126       0       0       2       0                               0D    554
     110     593       0       0       0                        01010000D    555
     110       0       0       1       0                               0D    556
     126     594       0       0       0                        01010500D    557
     126       0       0       2       0                               0D    558
     110     596       0       0       0                        01010000D    559
     110       0       0       1       0                               0D    560
     126     597       0       0       0                        01010500D    561
     126       0       0       2       0                               0D    562
     110     599       0       0       0                        01010000D    563
     110       0       0       2       0                               0D    564
     126     601       0       0       0                        01010500D    565
     126       0       0       2       0                               0D    566
     110     603       0       0       0                        01010000D    567
     110       0       0       2       0                               0D    568
     126     605       0       0       0                        01010500D    569
     126       0       0       2       0                               0D    570
     110     607       0       0       0                        01010000D    571
     110       0       0       1       0                               0D    572
     102     608       0       0       0                        01010500D    573
     102       0       0       1       0                               0D    574
     102     609       0       0       0                        01010000D    575
     102       0       0       1       0                               0D    576
     142     610       0       0       0                        00010500D    577
     142       0       0       1       0                               0D    578
     126     611       0       0       0                        01010500D    579
     126       0       0       2       0                               0D    580
     124     613       0       0       0                        00000000D    581
     124       0       0       5       0                               0D    582
     100     618       0       0       0             581        01010000D    583
     100       0       0       2       0                               0D    584
     126     620       0       0       0                        01010500D    585
     126       0       0      22       0                               0D    586
     124     642       0       0       0                        00000000D    587
     124       0       0       4       0                               0D    588
     100     646       0       0       0             587        01010000D    589
     100       0       0       2       0                               0D    590
     126     648       0       0       0                        01010500D    591
     126       0       0       2       0                               0D    592
     110     650       0       0       0                        01010000D    593
     110       0       0       2       0                               0D    594
     126     652       0       0       0                        01010500D    595
     126       0       0      22       0                               0D    596
     124     674       0       0       0                        00000000D    597
     124       0       0       5       0                               0D    598
     100     679       0       0       0             597        01010000D    599
     100       0       0       2       0                               0D    600
     126     681       0       0       0                        01010500D    601
     126       0       0       2       0                               0D    602
     110     683       0       0       0                        01010000D    603
     110       0       0       2       0                               0D    604
     102     685       0       0       0                        01010500D    605
     102       0       0       1       0                               0D    606
     102     686       0       0       0                        01010000D    607
     102       0       0       1       0                               0D    608
     142     687       0       0       0                        00010500D    609
     142       0       0       1       0                               0D    610
     126     688       0       0       0                        01010500D    611
     126       0       0      12       0                               0D    612
     124     700       0       0       0                        00000000D    613
     124       0       0       4       0                               0D    614
     100     704       0       0       0             613        01010000D    615
     100       0       0       1       0                               0D    616
     126     705       0       0       0                        01010500D    617
     126       0       0      12       0                               0D    618
     124     717       0       0       0                        00000000D    619
     124       0       0       4       0                               0D    620
     100     721       0       0       0             619        01010000D    621
     100       0       0       1       0                               0D    622
     102     722       0       0       0                        01010500D    623
     102       0       0       1       0                               0D    624
     102     723       0       0       0                        01010000D    625
     102       0       0       1       0                               0D    626
     142     724       0       0       0                        00010500D    627
     142       0       0       1       0                               0D    628
     126     725       0       0       0                        01010500D    629
     126       0       0      12       0                               0D    630
     124     737       0       0       0                        00000000D    631
     124       0       0       4       0                               0D    632
     100     741       0       0       0             631        01010000D    633
     100       0       0       1       0                               0D    634
     126     742       0       0       0                        01010500D    635
     126       0       0      12       0                               0D    636
     124     754       0       0       0                        00000000D    637
     124       0       0       4       0                               0D    638
     100     758       0       0       0             637        01010000D    639
     100       0       0       1       0                               0D    640
     102     759       0       0       0                        01010500D    641
     102       0       0       1       0                               0D    642
     102     760       0       0       0                        01010000D    643
     102       0       0       1       0                               0D    644
     142     761       0       0       0                        00010500D    645
     142       0       0       1       0                               0D    646
     126     762       0       0       0                        01010500D    647
     126       0       0      11       0                               0D    648
     124     773       0       0       0                        00000000D    649
     124       0       0       4       0                               0D    650
     100     777       0       0       0             649        01010000D    651
     100       0       0       1       0                               0D    652
     126     778       0       0       0                        01010500D    653
     126       0       0      11       0                               0D    654
     124     789       0       0       0                        00000000D    655
     124       0       0       3       0                               0D    656
     100     792       0       0       0             655        01010000D    657
     100       0       0       1       0                               0D    658
     102     793       0       0       0                        01010500D    659
     102       0       0       1       0                               0D    660
     102     794       0       0       0                        01010000D    661
     102       0       0       1       0                               0D    662
     142     795       0       0       0                        00010500D    663
     142       0       0       1       0                               0D    664
     126     796       0       0       0                        01010500D    665
     126       0       0      22       0                               0D    666
     124     818       0       0       0                        00000000D    667
     124       0       0       3       0                               0D    668
     100     821       0       0       0             667        01010000D    669
     100       0       0       1       0                               0D    670
     126     822       0       0       0                        01010500D    671
     126       0       0      22       0                               0D    672
     124     844       0       0       0                        00000000D    673
     124       0       0       3       0                               0D    674
     100     847       0       0       0             673        01010000D    675
     100       0       0       1       0                               0D    676
     102     848       0       0       0                        01010500D    677
     102       0       0       1       0                               0D    678
     102     849       0       0       0                        01010000D    679
     102       0       0       1       0                               0D    680
     142     850       0       0       0                        00010500D    681
     142       0       0       1       0                               0D    682
     144     851       0       0       0                        00000000D    683
     144       0      -1       1       0                               0D    684
     110     852       0       0       0                        01010000D    685
     110       0       0       1       0                               0D    686
     110     853       0       0       0                        01010000D    687
     110       0       0       1       0                               0D    688
     120     854       0       0       0                        01010000D    689
     120       0       0       1       0                               0D    690
     126     855       0       0       0                        01010500D    691
     126       0       0       2       0                               0D    692
     124     857       0       0       0                        00000000D    693
     124       0       0       4       0                               0D    694
     100     861       0       0       0             693        01010000D    695
     100       0       0       1       0                               0D    696
     126     862       0       0       0                        01010500D    697
     126       0       0       2       0                               0D    698
     110     864       0       0       0                        01010000D    699
     110       0       0       1       0                               0D    700
     126     865       0       0       0                        01010500D    701
     126       0       0       2       0                               0D    702
     100     867       0       0       0                        01010000D    703
     100       0       0       1       0                               0D    704
     126     868       0       0       0                        01010500D    705
     126       0       0       2       0                               0D    706
     110     870       0       0       0                        01010000D    707
     110       0       0       1       0                               0D    708
     102     871       0       0       0                        01010500D    709
     102       0       0       1       0                               0D    710
     102     872       0       0       0                        01010000D    711
     102       0       0       1       0                               0D    712
     142     873       0       0       0                        00010500D    713
     142       0       0       1       0                               0D    714
     144     874       0       0       0                        00000000D    715
     144       0      -1       1       0                               0D    716
     110     875       0       0       0                        01010000D    717
     110       0       0       1       0                               0D    718
     110     876       0       0       0                        01010000D    719
     110       0       0       1       0                               0D    720
     120     877       0       0       0                        01010000D    721
     120       0       0       1       0                               0D    722
     126     878       0       0       0                        01010500D    723
     126       0       0       2       0                               0D    724
     124     880       0       0       0                        00000000D    725
     124       0       0       4       0                               0D    726
     100     884       0       0       0             725        01010000D    727
     100       0       0       1       0                               0D    728
     126     885       0       0       0                        01010500D    729
     126       0       0       2       0                               0D    730
     110     887       0       0       0                        01010000D    731
     110       0       0       1       0                               0D    732
     126     888       0       0       0                        01010500D    733
     126       0       0       2       0                               0D    734
     100     890       0       0       0                        01010000D    735
     100       0       0       1       0                               0D    736
     126     891       0       0       0                        01010500D    737
     126       0       0       2       0                               0D    738
     110     893       0       0       0                        01010000D    739
     110       0       0       1       0                               0D    740
     102     894       0       0       0                        01010500D    741
     102       0       0       1       0                               0D    742
     102     895       0       0       0                        01010000D    743
     102       0       0       1       0                               0D    744
     142     896       0       0       0                        00010500D    745
     142       0       0       1       0                               0D    746
     144     897       0       0       0                        00000000D    747
     144       0      -1       1       0                               0D    748
     110     898       0       0       0                        01010000D    749
     110       0       0       1       0                               0D    750
     110     899       0       0       0                        01010000D    751
     110       0       0       1       0                               0D    752
     120     900       0       0       0                        01010000D    753
     120       0       0       1       0                               0D    754
     126     901       0       0       0                        01010500D    755
     126       0       0       2       0                               0D    756
     124     903       0       0       0                        00000000D    757
     124       0       0       4       0                               0D    758
     100     907       0       0       0             757        01010000D    759
     100       0       0       1       0                               0D    760
     126     908       0       0       0                        01010500D    761
     126       0       0       2       0                               0D    762
     110     910       0       0       0                        01010000D    763
     110       0       0       1       0                               0D    764
     126     911       0       0       0                        01010500D    765
     126       0       0       2       0                               0D    766
     100     913       0       0       0                        01010000D    767
     100       0       0       1       0                               0D    768
     126     914       0       0       0                        01010500D    769
     126       0       0       2       0                               0D    770
     110     916       0       0       0                        01010000D    771
     110       0       0       1       0                               0D    772
     102     917       0       0       0                        01010500D    773
     102       0       0       1       0                               0D    774
     102     918       0       0       0                        01010000D    775
     102       0       0       1       0                               0D    776
     142     919       0       0       0                        00010500D    777
     142       0       0       1       0                               0D    778
     144     920       0       0       0                        00000000D    779
     144       0      -1       1       0                               0D    780
     128     921       0       0       0                        01010000D    781
     128       0       0       4       0                               0D    782
     126     925       0       0       0                        01010500D    783
     126       0       0       2       0                               0D    784
     110     927       0       0       0                        01010000D    785
     110       0       0       1       0                               0D    786
     126     928       0       0       0                        01010500D    787
     126       0       0       2       0                               0D    788
     110     930       0       0       0                        01010000D    789
     110       0       0       1       0                               0D    790
     126     931       0       0       0                        01010500D    791
     126       0       0       2       0                               0D    792
     110     933       0       0       0                        01010000D    793
     110       0       0       1       0                               0D    794
     126     934       0       0       0                        01010500D    795
     126       0       0       2       0                               0D    796
     110     936       0       0       0                        01010000D    797
     110       0       0       2       0                               0D    798
     102     938       0       0       0                        01010500D    799
     102       0       0       1       0                               0D    800
     102     939       0       0       0                        01010000D    801
     102       0       0       1       0                               0D    802
     142     940       0       0       0                        00010500D    803
     142       0       0       1       0                               0D    804
     144     941       0       0       0                        00000000D    805
     144       0      -1       1       0                               0D    806
     128     942       0       0       0                        01010000D    807
     128       0       0       4       0                               0D    808
     126     946       0       0       0                        01010500D    809
     126       0       0       2       0                               0D    810
     110     948       0       0       0                        01010000D    811
     110       0       0       2       0                               0D    812
     126     950       0       0       0                        01010500D    813
     126       0       0       2       0                               0D    814
     110     952       0       0       0                        01010000D    815
     110       0       0       2       0                               0D    816
     126     954       0       0       0                        01010500D    817
     126       0       0       2       0                               0D    818
     110     956       0       0       0                        01010000D    819
     110       0       0       2       0                               0D    820
     126     958       0       0       0                        01010500D    821
     126       0       0       2       0                               0D    822
     110     960       0       0       0                        01010000D    823
     110       0       0       2       0                               0D    824
     102     962       0       0       0                        01010500D    825
     102       0       0       1       0                               0D    826
     102     963       0       0       0                        01010000D    827
     102       0       0       1       0                               0D    828
     142     964       0       0       0                        00010500D    829
     142       0       0       1       0                               0D    830
     144     965       0       0       0                        00000000D    831
     144       0      -1       1       0                               0D    832
     128     966       0       0       0                        01010000D    833
     128       0       0       4       0                               0D    834
     126     970       0       0       0                        01010500D    835
     126       0       0       2       0                               0D    836
     110     972       0       0       0                        01010000D    837
     110       0       0       2       0                               0D    838
     126     974       0       0       0                        01010500D    839
     126       0       0       2       0                               0D    840
     110     976       0       0       0                        01010000D    841
     110       0       0       2       0                               0D    842
     126     978       0       0       0                        01010500D    843
     126       0       0       2       0                               0D    844
     110     980       0       0       0                        01010000D    845
     110       0       0       2       0                               0D    846
     126     982       0       0       0                        01010500D    847
     126       0       0       2       0                               0D    848
     110     984       0       0       0                        01010000D    849
     110       0       0       2       0                               0D    850
     102     986       0       0       0                        01010500D    851
     102       0       0       1       0                               0D    852
     102     987       0       0       0                        01010000D    853
     102       0       0       1       0                               0D    854
     142     988       0       0       0                        00010500D    855
     142       0       0       1       0                               0D    856
     144     989       0       0       0                        00000000D    857
     144       0      -1       1       0                               0D    858
     110     990       0       0       0                        01010000D    859
     110       0       0       2       0                               0D    860
     110     992       0       0       0                        01010000D    861
     110       0       0       2       0                               0D    862
     120     994       0       0       0                        01010000D    863
     120       0       0       1       0                               0D    864
     126     995       0       0       0                        01010500D    865
     126       0       0       2       0                               0D    866
     100     997       0       0       0                        01010000D    867
     100       0       0       2       0                               0D    868
     126     999       0       0       0                        01010500D    869
     126       0       0       2       0                               0D    870
     110    1001       0       0       0                        01010000D    871
     110       0       0       1       0                               0D    872
     126    1002       0       0       0                        01010500D    873
     126       0       0       2       0                               0D    874
     124    1004       0       0       0                        00000000D    875
     124       0       0       5       0                               0D    876
     100    1009       0       0       0             875        01010000D    877
     100       0       0       2       0                               0D    878
     126    1011       0       0       0                        01010500D    879
     126       0       0       2       0                               0D    880
     110    1013       0       0       0                        01010000D    881
     110       0       0       2       0                               0D    882
     102    1015       0       0       0                        01010500D    883
     102       0       0       1       0                               0D    884
     102    1016       0       0       0                        01010000D    885
     102       0       0       1       0                               0D    886
     142    1017       0       0       0                        00010500D    887
     142       0       0       1       0                               0D    888
     144    1018       0       0       0                        00000000D    889
     144       0      -1       1       0                               0D    890
     128    1019       0       0       0                        01010000D    891
     128       0       0       4       0                               0D    892
     126    1023       0       0       0                        01010500D    893
     126       0       0       2       0                               0D    894
     110    1025       0       0       0                        01010000D    895
     110       0       0       2       0                               0D    896
     126    1027       0       0       0                        01010500D    897
     126       0       0       2       0                               0D    898
     110    1029       0       0       0                        01010000D    899
     110       0       0       2       0                               0D    900
     126    1031       0       0       0                        01010500D    901
     126       0       0       2       0                               0D    902
     110    1033       0       0       0                        01010000D    903
     110       0       0       2       0                               0D    904
     126    1035       0       0       0                        01010500D    905
     126       0       0       2       0                               0D    906
     110    1037       0       0       0                        01010000D    907
     110       0       0       2       0                               0D    908
     102    1039       0       0       0                        01010500D    909
     102       0       0       1       0                               0D    910
     102    1040       0       0       0                        01010000D    911
     102       0       0       1       0                               0D    912
     142    1041       0       0       0                        00010500D    913
     142       0       0       1       0                               0D    914
     144    1042       0       0       0                        00000000D    915
     144       0      -1       1       0                               0D    916
     110    1043       0       0       0                        01010000D    917
     110       0       0       2       0                               0D    918
     110    1045       0       0       0                        01010000D    919
     110       0       0       2       0                               0D    920
     120    1047       0       0       0                        01010000D    921
     120       0       0       1       0                               0D    922
     126    1048       0       0       0                        01010500D    923
     126       0       0       2       0                               0D    924
     124    1050       0       0       0                        00000000D    925
     124       0       0       4       0                               0D    926
     100    1054       0       0       0             925        01010000D    927
     100       0       0       2       0                               0D    928
     126    1056       0       0       0                        01010500D    929
     126       0       0       2       0                               0D    930
     110    1058       0       0       0                        01010000D    931
     110       0       0       2       0                               0D    932
     126    1060       0       0       0                        01010500D    933
     126       0       0       2       0                               0D    934
     100    1062       0       0       0                        01010000D    935
     100       0       0       2       0                               0D    936
     126    1064       0       0       0                        01010500D    937
     126       0       0       2       0                               0D    938
     110    1066       0       0       0                        01010000D    939
     110       0       0       2       0                               0D    940
     102    1068       0       0       0                        01010500D    941
     102       0       0       1       0                               0D    942
     102    1069       0       0       0                        01010000D    943
     102       0       0       1       0                               0D    944
     142    1070       0       0       0                        00010500D    945
     142       0       0       1       0                               0D    946
     144    1071       0       0       0                        00000000D    947
     144       0      -1       1       0                               0D    948
     128    1072       0       0       0                        01010000D    949
     128       0       0       4       0                               0D    950
     126    1076       0       0       0                        01010500D    951
     126       0       0       2       0                               0D    952
     110    1078       0       0       0                        01010000D    953
     110       0       0       2       0                               0D    954
     126    1080       0       0       0                        01010500D    955
     126       0       0       2       0                               0D    956
     110    1082       0       0       0                        01010000D    957
     110       0       0       2       0                               0D    958
     126    1084       0       0       0                        01010500D    959
     126       0       0       2       0                               0D    960
     110    1086       0       0       0                        01010000D    961
     110       0       0       2       0                               0D    962
     126    1088       0       0       0                        01010500D    963
     126       0       0       2       0                               0D    964
     110    1090       0       0       0                        01010000D    965
     110       0       0       1       0                               0D    966
     102    1091       0       0       0                        01010500D    967
     102       0       0       1       0                               0D    968
     102    1092       0       0       0                        01010000D    969
     102       0       0       1       0                               0D    970
     142    1093       0       0       0                        00010500D    971
     142       0       0       1       0                               0D    972
     144    1094       0       0       0                        00000000D    973
     144       0      -1       1       0                               0D    974
314,100.,100.,100.,;                                                   1P      1
110,-42.364819277,-15.158265734,-6.,-42.364819277,                     3P      2
-15.158265734,994.;                                                    3P      3
110,-39.864819277,-15.158265734,0.,-39.864819277,-15.158265734,        5P      4
4.;                                                                    5P      5
120,3,5,0.,6.28318530717959;                                           7P      6
126,1,1,1,0,1,0,0.,0.,1.,1.,1.,1.,0.,0.001021291,0.,1.,                9P      7
0.001021291,0.,0.,1.,0.,0.,1.;                                         9P      8
110,-39.864820581,-15.155712507,0.,-39.864820581,-15.155712507,       11P      9
4.;                                                                   11P     10
126,1,1,1,0,1,0,0.,0.,1.,1.,1.,1.,1.,0.001021291,0.,1.,0.,0.,         13P     11
0.,1.,0.,0.,1.;                                                       13P     12
124,0.999999478482489,0.00102129072770338,0.,                         15P     13
0.0154589022468985,0.00102129072770338,-0.999999478482489,            15P     14
-6.98296267768627E-015,-30.2732567652391,                             15P     15
-7.13163503461974E-018,6.98295903594895E-015,-1.,                     15P     16
8.00000000000011;                                                     15P     17
100,4.,-42.364819277,-15.158265734,-39.864819277,-15.158265734,       17P     18
-39.864820581,-15.155712507;                                          17P     19
126,1,1,1,0,1,0,0.,0.,1.,1.,1.,1.,1.,0.,0.,0.,0.,0.,0.,1.,0.,         19P     20
0.,1.;                                                                19P     21
110,-39.864819277,-15.158265734,4.,-39.864819277,-15.158265734,       21P     22
0.;                                                                   21P     23
126,1,1,1,0,1,0,0.,0.,1.,1.,1.,1.,0.,0.,0.,0.,0.001021291,0.,         23P     24
0.,1.,0.,0.,1.;                                                       23P     25
100,0.,-42.364819277,-15.158265734,-39.864819277,-15.158265734,       25P     26
-39.864820581,-15.155712507;                                          25P     27
102,4,9,13,19,23;                                                     27P     28
102,4,11,17,21,25;                                                    29P     29
142,1,7,27,29,1;                                                      31P     30
144,7,1,0,31;                                                         33P     31
110,29.,34.,0.,29.,34.,1000.;                                         35P     32
110,30.75,34.,0.,30.75,34.,4.;                                        37P     33
120,35,37,0.,6.28318530717959;                                        39P     34
126,1,1,1,0,1,0,0.,0.,1.,1.,1.,1.,0.,6.283185307,0.,1.,               41P     35
6.283185307,0.,0.,1.,0.,0.,1.;                                        41P     36
110,30.75,34.,0.,30.75,34.,4.;                                        43P     37
126,1,1,1,0,1,0,0.,0.,1.,1.,1.,1.,1.,6.283185307,0.,1.,               45P     38
3.141592654,0.,0.,1.,0.,0.,1.;                                        45P     39
124,1.,-7.105427357601E-015,0.,2.40307773680117E-013,                 47P     40
-7.105427357601E-015,-1.,6.98296267768627E-015,                       47P     41
68.0000000000002,-4.96169340471387E-029,-6.98296267768627E-015,       47P     42
-1.,8.00000000000024;                                                 47P     43
100,4.,29.,34.,30.75,34.,27.25,34.;                                   49P     44
126,1,1,1,0,1,0,0.,0.,1.,1.,1.,1.,1.,3.141592654,0.,0.,               51P     45
3.141592654,0.,0.,1.,0.,0.,1.;                                        51P     46
110,27.25,34.,4.,27.25,34.,0.;                                        53P     47
126,1,1,1,0,1,0,0.,0.,1.,1.,1.,1.,0.,3.141592654,0.,0.,               55P     48
6.283185307,0.,0.,1.,0.,0.,1.;                                        55P     49
100,0.,29.,34.,27.25,34.,30.75,34.;                                   57P     50
102,4,41,45,51,55;                                                    59P     51
102,4,43,49,53,57;                                                    61P     52
142,1,39,59,61,1;                                                     63P     53
144,39,1,0,63;                                                        65P     54
110,-29.,34.,0.,-29.,34.,1000.;                                       67P     55
110,-27.25,34.,0.,-27.25,34.,4.;                                      69P     56
120,67,69,0.,6.28318530717959;                                        71P     57
126,1,1,1,0,1,0,0.,0.,1.,1.,1.,1.,0.,6.283185307,0.,1.,               73P     58
6.283185307,0.,0.,1.,0.,0.,1.;                                        73P     59
110,-27.25,34.,0.,-27.25,34.,4.;                                      75P     60
126,1,1,1,0,1,0,0.,0.,1.,1.,1.,1.,1.,6.283185307,0.,1.,               77P     61
3.141592654,0.,0.,1.,0.,0.,1.;                                        77P     62
124,1.,-7.105427357601E-015,0.,2.40307773680114E-013,                 79P     63
-7.105427357601E-015,-1.,6.98296267768627E-015,                       79P     64
67.9999999999998,-4.96169340471387E-029,-6.98296267768627E-015,       79P     65
-1.,8.00000000000024;                                                 79P     66
100,4.,-29.,34.,-27.25,34.,-30.75,34.;                                81P     67
126,1,1,1,0,1,0,0.,0.,1.,1.,1.,1.,1.,3.141592654,0.,0.,               83P     68
3.141592654,0.,0.,1.,0.,0.,1.;                                        83P     69
110,-30.75,34.,4.,-30.75,34.,0.;                                      85P     70
126,1,1,1,0,1,0,0.,0.,1.,1.,1.,1.,0.,3.141592654,0.,0.,               87P     71
6.283185307,0.,0.,1.,0.,0.,1.;                                        87P     72
100,0.,-29.,34.,-30.75,34.,-27.25,34.;                                89P     73
102,4,73,77,83,87;                                                    91P     74
102,4,75,81,85,89;                                                    93P     75
142,1,71,91,93,1;                                                     95P     76
144,71,1,0,95;                                                        97P     77
110,0.,-37.,0.,0.,-37.,1000.;                                         99P     78
110,1.75,-37.,0.,1.75,-37.,4.;                                       101P     79
120,99,101,0.,6.28318530717959;                                      103P     80
126,1,1,1,0,1,0,0.,0.,1.,1.,1.,1.,0.,6.283185307,0.,1.,              105P     81
6.283185307,0.,0.,1.,0.,0.,1.;                                       105P     82
110,1.75,-37.,0.,1.75,-37.,4.;                                       107P     83
126,1,1,1,0,1,0,0.,0.,1.,1.,1.,1.,1.,6.283185307,0.,1.,              109P     84
3.141592654,0.,0.,1.,0.,0.,1.;                                       109P     85
124,1.,-7.105427357601E-015,0.,-2.62900812231237E-013,               111P     86
-7.105427357601E-015,-1.,6.98296267768627E-015,-74.,                 111P     87
-4.96169340471387E-029,-6.98296267768627E-015,-1.,                   111P     88
7.99999999999974;                                                    111P     89
100,4.,0.,-37.,1.75,-37.,-1.75,-37.;                                 113P     90
126,1,1,1,0,1,0,0.,0.,1.,1.,1.,1.,1.,3.141592654,0.,0.,              115P     91
3.141592654,0.,0.,1.,0.,0.,1.;                                       115P     92
110,-1.75,-37.,4.,-1.75,-37.,0.;                                     117P     93
126,1,1,1,0,1,0,0.,0.,1.,1.,1.,1.,0.,3.141592654,0.,0.,              119P     94
6.283185307,0.,0.,1.,0.,0.,1.;                                       119P     95
100,0.,0.,-37.,-1.75,-37.,1.75,-37.;                                 121P     96
102,4,105,109,115,119;                                               123P     97
102,4,107,113,117,121;                                               125P     98
142,1,103,123,125,1;                                                 127P     99
144,103,1,0,127;                                                     129P    100
110,0.,0.,4.,0.,0.,-996.;                                            131P    101
110,-15.,0.,4.,-15.,0.,0.;                                           133P    102
120,131,133,0.,6.28318530717959;                                     135P    103
126,1,1,1,0,1,0,0.,0.,1.,1.,1.,1.,0.,6.283185307,0.,1.,              137P    104
6.283185307,0.,0.,1.,0.,0.,1.;                                       137P    105
110,-15.,0.,4.,-15.,0.,0.;                                           139P    106
126,1,1,1,0,1,0,0.,0.,1.,1.,1.,1.,1.,6.283185307,0.,1.,              141P    107
3.141592654,0.,0.,1.,0.,0.,1.;                                       141P    108
100,0.,0.,0.,-15.,0.,15.,0.;                                         143P    109
126,1,1,1,0,1,0,0.,0.,1.,1.,1.,1.,1.,3.141592654,0.,0.,              145P    110
3.141592654,0.,0.,1.,0.,0.,1.;                                       145P    111
110,15.,0.,0.,15.,0.,4.;                                             147P    112
126,1,1,1,0,1,0,0.,0.,1.,1.,1.,1.,0.,3.141592654,0.,0.,              149P    113
6.283185307,0.,0.,1.,0.,0.,1.;                                       149P    114
124,1.,-7.105427357601E-015,0.,0.,-7.105427357601E-015,-1.,          151P    115
6.98296267768627E-015,-2.79318507107451E-014,                        151P    116
-4.96169340471387E-029,-6.98296267768627E-015,-1.,8.;                151P    117
100,4.,0.,0.,15.,0.,-15.,0.;                                         153P    118
102,4,137,141,145,149;                                               155P    119
102,4,139,143,147,153;                                               157P    120
142,1,135,155,157,1;                                                 159P    121
144,135,1,0,159;                                                     161P    122
128,1,1,1,1,0,0,1,0,0,0.,0.,1.,1.,0.,0.,1.,1.,1.,1.,1.,1.,23.,       163P    123
-54.413271532,4.,23.,-54.413271532,0.,23.,-49.710796942,4.,23.,      163P    124
-49.710796942,0.,0.,1.,0.,1.;                                        163P    125
126,1,1,1,0,1,0,0.,0.,1.,1.,1.,1.,1.,1.,0.,0.,1.,0.,0.,1.,0.,        165P    126
0.,1.;                                                               165P    127
110,23.,-49.710796942,0.,23.,-49.710796942,4.;                       167P    128
126,1,1,1,0,1,0,0.,0.,1.,1.,1.,1.,0.,1.,0.,0.,0.,0.,0.,1.,0.,        169P    129
0.,1.;                                                               169P    130
110,23.,-49.710796942,4.,23.,-54.413271532,4.;                       171P    131
126,1,1,1,0,1,0,0.,0.,1.,1.,1.,1.,0.,0.,0.,1.,0.,0.,0.,1.,0.,        173P    132
0.,1.;                                                               173P    133
110,23.,-54.413271532,4.,23.,-54.413271532,0.;                       175P    134
126,1,1,1,0,1,0,0.,0.,1.,1.,1.,1.,1.,0.,0.,1.,1.,0.,0.,1.,0.,        177P    135
0.,1.;                                                               177P    136
110,23.,-54.413271532,0.,23.,-49.710796942,0.;                       179P    137
102,4,165,169,173,177;                                               181P    138
102,4,167,171,175,179;                                               183P    139
142,1,163,181,183,1;                                                 185P    140
144,163,1,0,185;                                                     187P    141
128,1,1,1,1,0,0,1,0,0,0.,0.,1.,1.,0.,0.,1.,1.,1.,1.,1.,1.,           189P    142
90.342735723,-54.344494984,0.,23.,-54.413271532,0.,                  189P    143
90.342735723,-54.344494984,4.,23.,-54.413271532,4.,0.,1.,0.,1.;      189P    144
126,1,1,1,0,1,0,0.,0.,1.,1.,1.,1.,1.,0.,0.,1.,1.,0.,0.,1.,0.,        191P    145
0.,1.;                                                               191P    146
110,23.,-54.413271532,0.,23.,-54.413271532,4.;                       193P    147
126,1,1,1,0,1,0,0.,0.,1.,1.,1.,1.,1.,1.,0.,0.,1.,0.,0.,1.,0.,        195P    148
0.,1.;                                                               195P    149
110,23.,-54.413271532,4.,90.342735723,-54.344494984,4.;              197P    150
126,1,1,1,0,1,0,0.,0.,1.,1.,1.,1.,0.,1.,0.,0.,0.,0.,0.,1.,0.,        199P    151
0.,1.;                                                               199P    152
110,90.342735723,-54.344494984,4.,90.342735723,-54.344494984,        201P    153
0.;                                                                  201P    154
126,1,1,1,0,1,0,0.,0.,1.,1.,1.,1.,0.,0.,0.,1.,0.,0.,0.,1.,0.,        203P    155
0.,1.;                                                               203P    156
110,90.342735723,-54.344494984,0.,23.,-54.413271532,0.;              205P    157
102,4,191,195,199,203;                                               207P    158
102,4,193,197,201,205;                                               209P    159
142,1,189,207,209,1;                                                 211P    160
144,189,1,0,211;                                                     213P    161
128,1,1,1,1,0,0,1,0,0,0.,0.,1.,1.,0.,0.,1.,1.,1.,1.,1.,1.,           215P    162
1.892345351,105.411351676,0.,92.339196825,-50.878352594,0.,          215P    163
1.892345351,105.411351676,4.,92.339196825,-50.878352594,4.,0.,       215P    164
1.,0.,1.;                                                            215P    165
126,1,1,1,0,1,0,0.,0.,1.,1.,1.,1.,0.,1.,0.,0.,0.,0.,0.,1.,0.,        217P    166
0.,1.;                                                               217P    167
110,1.892345351,105.411351676,4.,1.892345351,105.411351676,0.;       219P    168
126,1,1,1,0,1,0,0.,0.,1.,1.,1.,1.,0.,0.,0.,1.,0.,0.,0.,1.,0.,        221P    169
0.,1.;                                                               221P    170
110,1.892345351,105.411351676,0.,92.339196825,-50.878352594,0.;      223P    171
126,1,1,1,0,1,0,0.,0.,1.,1.,1.,1.,1.,0.,0.,1.,1.,0.,0.,1.,0.,        225P    172
0.,1.;                                                               225P    173
110,92.339196825,-50.878352594,0.,92.339196825,-50.878352594,        227P    174
4.;                                                                  227P    175
126,1,1,1,0,1,0,0.,0.,1.,1.,1.,1.,1.,1.,0.,0.,1.,0.,0.,1.,0.,        229P    176
0.,1.;                                                               229P    177
110,92.339196825,-50.878352594,4.,1.892345351,105.411351676,4.;      231P    178
102,4,217,221,225,229;                                               233P    179
102,4,219,223,227,231;                                               235P    180
142,1,215,233,235,1;                                                 237P    181
144,215,1,0,237;                                                     239P    182
128,1,1,1,1,0,0,1,0,0,0.,0.,1.,1.,0.,0.,1.,1.,1.,1.,1.,1.,           241P    183
-92.235081074,-51.066856691,0.,-2.105299553,105.411351676,0.,        241P    184
-92.235081074,-51.066856691,4.,-2.105299553,105.411351676,4.,        241P    185
0.,1.,0.,1.;                                                         241P    186
126,1,1,1,0,1,0,0.,0.,1.,1.,1.,1.,1.,0.,0.,1.,1.,0.,0.,1.,0.,        243P    187
0.,1.;                                                               243P    188
110,-2.105299553,105.411351676,0.,-2.105299553,105.411351676,        245P    189
4.;                                                                  245P    190
126,1,1,1,0,1,0,0.,0.,1.,1.,1.,1.,1.,1.,0.,0.,1.,0.,0.,1.,0.,        247P    191
0.,1.;                                                               247P    192
110,-2.105299553,105.411351676,4.,-92.235081074,-51.066856691,       249P    193
4.;                                                                  249P    194
126,1,1,1,0,1,0,0.,0.,1.,1.,1.,1.,0.,1.,0.,0.,0.,0.,0.,1.,0.,        251P    195
0.,1.;                                                               251P    196
110,-92.235081074,-51.066856691,4.,-92.235081074,-51.066856691,      253P    197
0.;                                                                  253P    198
126,1,1,1,0,1,0,0.,0.,1.,1.,1.,1.,0.,0.,0.,1.,0.,0.,0.,1.,0.,        255P    199
0.,1.;                                                               255P    200
110,-92.235081074,-51.066856691,0.,-2.105299553,105.411351676,       257P    201
0.;                                                                  257P    202
102,4,243,247,251,255;                                               259P    203
102,4,245,249,253,257;                                               261P    204
142,1,241,259,261,1;                                                 263P    205
144,241,1,0,263;                                                     265P    206
128,1,1,1,1,0,0,1,0,0,0.,0.,1.,1.,0.,0.,1.,1.,1.,1.,1.,1.,-23.,      267P    207
-54.46025093,0.,-90.231542176,-54.528913916,0.,-23.,                 267P    208
-54.46025093,4.,-90.231542176,-54.528913916,4.,0.,1.,0.,1.;          267P    209
126,1,1,1,0,1,0,0.,0.,1.,1.,1.,1.,0.,1.,0.,0.,0.,0.,0.,1.,0.,        269P    210
0.,1.;                                                               269P    211
110,-23.,-54.46025093,4.,-23.,-54.46025093,0.;                       271P    212
126,1,1,1,0,1,0,0.,0.,1.,1.,1.,1.,0.,0.,0.,1.,0.,0.,0.,1.,0.,        273P    213
0.,1.;                                                               273P    214
110,-23.,-54.46025093,0.,-90.231542176,-54.528913916,0.;             275P    215
126,1,1,1,0,1,0,0.,0.,1.,1.,1.,1.,1.,0.,0.,1.,1.,0.,0.,1.,0.,        277P    216
0.,1.;                                                               277P    217
110,-90.231542176,-54.528913916,0.,-90.231542176,-54.528913916,      279P    218
4.;                                                                  279P    219
126,1,1,1,0,1,0,0.,0.,1.,1.,1.,1.,1.,1.,0.,0.,1.,0.,0.,1.,0.,        281P    220
0.,1.;                                                               281P    221
110,-90.231542176,-54.528913916,4.,-23.,-54.46025093,4.;             283P    222
102,4,269,273,277,281;                                               285P    223
102,4,271,275,279,283;                                               287P    224
142,1,267,285,287,1;                                                 289P    225
144,267,1,0,289;                                                     291P    226
128,1,1,1,1,0,0,1,0,0,0.,0.,1.,1.,0.,0.,1.,1.,1.,1.,1.,1.,-23.,      293P    227
-54.46025093,4.,-23.,-54.46025093,0.,-23.,-49.710796942,4.,          293P    228
-23.,-49.710796942,0.,0.,1.,0.,1.;                                   293P    229
126,1,1,1,0,1,0,0.,0.,1.,1.,1.,1.,1.,0.,0.,1.,1.,0.,0.,1.,0.,        295P    230
0.,1.;                                                               295P    231
110,-23.,-54.46025093,0.,-23.,-49.710796942,0.;                      297P    232
126,1,1,1,0,1,0,0.,0.,1.,1.,1.,1.,1.,1.,0.,0.,1.,0.,0.,1.,0.,        299P    233
0.,1.;                                                               299P    234
110,-23.,-49.710796942,0.,-23.,-49.710796942,4.;                     301P    235
126,1,1,1,0,1,0,0.,0.,1.,1.,1.,1.,0.,1.,0.,0.,0.,0.,0.,1.,0.,        303P    236
0.,1.;                                                               303P    237
110,-23.,-49.710796942,4.,-23.,-54.46025093,4.;                      305P    238
126,1,1,1,0,1,0,0.,0.,1.,1.,1.,1.,0.,0.,0.,1.,0.,0.,0.,1.,0.,        307P    239
0.,1.;                                                               307P    240
110,-23.,-54.46025093,4.,-23.,-54.46025093,0.;                       309P    241
102,4,295,299,303,307;                                               311P    242
102,4,297,301,305,309;                                               313P    243
142,1,293,311,313,1;                                                 315P    244
144,293,1,0,315;                                                     317P    245
110,0.,0.,4.,0.,0.,-996.;                                            319P    246
110,-15.,0.,4.,-15.,0.,0.;                                           321P    247
120,319,321,0.,6.28318530717959;                                     323P    248
126,1,1,1,0,1,0,0.,0.,1.,1.,1.,1.,1.,3.141592654,0.,1.,0.,0.,        325P    249
0.,1.,0.,0.,1.;                                                      325P    250
100,0.,0.,0.,15.,0.,-15.,0.;                                         327P    251
126,1,1,1,0,1,0,0.,0.,1.,1.,1.,1.,1.,0.,0.,0.,0.,0.,0.,1.,0.,        329P    252
0.,1.;                                                               329P    253
110,-15.,0.,0.,-15.,0.,4.;                                           331P    254
126,1,1,1,0,1,0,0.,0.,1.,1.,1.,1.,0.,0.,0.,0.,3.141592654,0.,        333P    255
0.,1.,0.,0.,1.;                                                      333P    256
124,-1.,-7.22789203751574E-015,8.55166289179392E-031,                335P    257
-3.42066515671757E-030,-7.22789203751574E-015,1.,                    335P    258
-6.98296267768627E-015,2.79318507107451E-014,                        335P    259
4.96169340471388E-029,-6.98296267768627E-015,-1.,8.;                 335P    260
100,4.,0.,0.,15.,0.,-15.,0.;                                         337P    261
126,1,1,1,0,1,0,0.,0.,1.,1.,1.,1.,0.,3.141592654,0.,1.,              339P    262
3.141592654,0.,0.,1.,0.,0.,1.;                                       339P    263
110,15.,0.,4.,15.,0.,0.;                                             341P    264
102,4,325,329,333,339;                                               343P    265
102,4,327,331,337,341;                                               345P    266
142,1,323,343,345,1;                                                 347P    267
144,323,1,0,347;                                                     349P    268
128,1,1,1,1,0,0,1,0,0,0.,0.,1.,1.,0.,0.,1.,1.,1.,1.,1.,1.,-23.,      351P    269
-49.710796942,0.,-23.,-49.710796942,4.,23.,-49.710796942,0.,         351P    270
23.,-49.710796942,4.,0.,1.,0.,1.;                                    351P    271
126,1,1,1,0,1,0,0.,0.,1.,1.,1.,1.,0.,0.,0.,1.,0.,0.,0.,1.,0.,        353P    272
0.,1.;                                                               353P    273
110,-23.,-49.710796942,0.,-23.,-49.710796942,4.;                     355P    274
126,1,1,1,0,1,0,0.,0.,1.,1.,1.,1.,1.,0.,0.,1.,1.,0.,0.,1.,0.,        357P    275
0.,1.;                                                               357P    276
110,-23.,-49.710796942,4.,23.,-49.710796942,4.;                      359P    277
126,1,1,1,0,1,0,0.,0.,1.,1.,1.,1.,1.,1.,0.,0.,1.,0.,0.,1.,0.,        361P    278
0.,1.;                                                               361P    279
110,23.,-49.710796942,4.,23.,-49.710796942,0.;                       363P    280
126,1,1,1,0,1,0,0.,0.,1.,1.,1.,1.,0.,1.,0.,0.,0.,0.,0.,1.,0.,        365P    281
0.,1.;                                                               365P    282
110,23.,-49.710796942,0.,-23.,-49.710796942,0.;                      367P    283
102,4,353,357,361,365;                                               369P    284
102,4,355,359,363,367;                                               371P    285
142,1,351,369,371,1;                                                 373P    286
144,351,1,0,373;                                                     375P    287
128,1,1,1,1,0,0,1,0,0,0.,0.,1.,1.,0.,0.,1.,1.,1.,1.,1.,1.,           377P    288
-93.342526741,-55.48855551,4.,93.446642493,-55.48855551,4.,          377P    289
-93.342526741,105.411351676,4.,93.446642493,105.411351676,4.,        377P    290
0.,1.,0.,1.;                                                         377P    291
126,1,1,1,0,1,0,0.,0.,1.,1.,1.,1.,0.005928854,0.027481053,0.,        379P    292
0.016655059,0.005964215,0.,0.,1.,0.,0.,1.;                           379P    293
110,-92.235081074,-51.066856691,4.,-90.231542176,-54.528913916,      381P    294
4.;                                                                  381P    295
126,1,1,1,0,1,0,0.,0.,1.,1.,1.,1.,0.016655059,0.005964215,0.,        383P    296
0.376587824,0.006390958,0.,0.,1.,0.,0.,1.;                           383P    297
110,-90.231542176,-54.528913916,4.,-23.,-54.46025093,4.;             385P    298
126,1,1,1,0,1,0,0.,0.,1.,1.,1.,1.,0.376587824,0.006390958,0.,        387P    299
0.376587824,0.035909024,0.,0.,1.,0.,0.,1.;                           387P    300
110,-23.,-54.46025093,4.,-23.,-49.710796942,4.;                      389P    301
126,1,1,1,0,1,0,0.,0.,1.,1.,1.,1.,0.376587824,0.035909024,0.,        391P    302
0.622854779,0.035909024,0.,0.,1.,0.,0.,1.;                           391P    303
110,-23.,-49.710796942,4.,23.,-49.710796942,4.;                      393P    304
126,1,1,1,0,1,0,0.,0.,1.,1.,1.,1.,0.622854779,0.035909024,0.,        395P    305
0.622854779,0.006682937,0.,0.,1.,0.,0.,1.;                           395P    306
110,23.,-49.710796942,4.,23.,-54.413271532,4.;                       397P    307
126,1,1,1,0,1,0,0.,0.,1.,1.,1.,1.,0.622854779,0.006682937,0.,        399P    308
0.983382833,0.007110386,0.,0.,1.,0.,0.,1.;                           399P    309
110,23.,-54.413271532,4.,90.342735723,-54.344494984,4.;              401P    310
126,1,1,1,0,1,0,0.,0.,1.,1.,1.,1.,0.983382833,0.007110386,0.,        403P    311
0.994071146,0.028652614,0.,0.,1.,0.,0.,1.;                           403P    312
110,90.342735723,-54.344494984,4.,92.339196825,-50.878352594,        405P    313
4.;                                                                  405P    314
126,1,1,1,0,1,0,0.,0.,1.,1.,1.,1.,0.994071146,0.028652614,0.,        407P    315
0.509852217,1.,0.,0.,1.,0.,0.,1.;                                    407P    316
110,92.339196825,-50.878352594,4.,1.892345351,105.411351676,4.;      409P    317
126,1,1,1,0,1,0,0.,0.,1.,1.,1.,1.,0.509852217,1.,0.,                 411P    318
0.488450308,1.,0.,0.,1.,0.,0.,1.;                                    411P    319
110,1.892345351,105.411351676,4.,-2.105299553,105.411351676,4.;      413P    320
126,1,1,1,0,1,0,0.,0.,1.,1.,1.,1.,0.488450308,1.,0.,                 415P    321
0.005928854,0.027481053,0.,0.,1.,0.,0.,1.;                           415P    322
110,-2.105299553,105.411351676,4.,-92.235081074,-51.066856691,       417P    323
4.;                                                                  417P    324
102,10,379,383,387,391,395,399,403,407,411,415;                      419P    325
102,10,381,385,389,393,397,401,405,409,413,417;                      421P    326
142,1,377,419,421,1;                                                 423P    327
126,32,2,1,0,1,0,0.,0.,0.,0.0625,0.0625,0.125,0.125,0.1875,          425P    328
0.1875,0.25,0.25,0.3125,0.3125,0.375,0.375,0.4375,0.4375,0.5,        425P    329
0.5,0.5625,0.5625,0.625,0.625,0.6875,0.6875,0.75,0.75,0.8125,        425P    330
0.8125,0.875,0.875,0.9375,0.9375,1.,1.,1.,1.,1.,1.,1.,1.,1.,1.,      425P    331
1.,1.,1.,1.,1.,1.,1.,1.,1.,1.,1.,1.,1.,1.,1.,1.,1.,1.,1.,1.,1.,      425P    332
1.,1.,1.,1.,1.,0.259498884,0.287928901,0.,0.259497538,               425P    333
0.289459221,0.,0.259753389,0.290960441,0.,0.260009239,               425P    334
0.292461662,0.,0.260512455,0.293876092,0.,0.26101567,                425P    335
0.295290521,0.,0.261746912,0.296563804,0.,0.262478154,               425P    336
0.297837087,0.,0.263409321,0.298920292,0.,0.264340488,               425P    337
0.300003497,0.,0.265435797,0.300854997,0.,0.266531105,               425P    338
0.301706497,0.,0.267748462,0.302293569,0.,0.268965819,               425P    339
0.302880641,0.,0.270258443,0.303180725,0.,0.271551066,               425P    340
0.303480808,0.,0.272869282,0.303482371,0.,0.274187498,               425P    341
0.303483934,0.,0.275480647,0.303186916,0.,0.276773796,               425P    342
0.302889898,0.,0.277992183,0.302305714,0.,0.279210571,               425P    343
0.30172153,0.,0.280307375,0.300872629,0.,0.281404179,                425P    344
0.300023728,0.,0.28233725,0.298942734,0.,0.283270321,                425P    345
0.297861739,0.,0.284003802,0.296590192,0.,0.284737282,               425P    346
0.295318646,0.,0.285242985,0.293905413,0.,0.285748688,               425P    347
0.292492179,0.,0.28600718,0.290991569,0.,0.286265671,                425P    348
0.289490958,0.,0.286267018,0.287960638,0.,0.,1.,0.,0.,1.;            425P    349
124,-0.999999478482489,-0.00102129072776829,                         427P    350
7.13163503461489E-018,-84.751225200869,-0.00102129072776829,         427P    351
0.999999478482489,-6.98295903594895E-015,-0.0432778315173688,        427P    352
4.58101696571948E-028,-6.98296267768627E-015,-1.,                    427P    353
7.99999999999994;                                                    427P    354
100,4.,-42.370947021,-9.158268863,-39.870947021,-9.158268863,        429P    355
-44.870947021,-9.158268863;                                          429P    356
126,1,1,1,0,1,0,0.,0.,1.,1.,1.,1.,0.286267018,0.287960638,0.,        431P    357
0.286299823,0.250670393,0.,0.,1.,0.,0.,1.;                           431P    358
110,-39.870948325,-9.155715636,4.,-39.864820581,-15.155712507,       433P    359
4.;                                                                  433P    360
126,1,1,1,0,1,0,0.,0.,1.,1.,1.,1.,0.286299823,0.250670393,0.,        435P    361
0.28629983,0.250654525,0.,0.,1.,0.,0.,1.;                            435P    362
124,0.999999478482489,0.00102129072770338,0.,                        437P    363
0.0154589022468985,0.00102129072770338,-0.999999478482489,           437P    364
-6.98296267768627E-015,-30.2732567652391,                            437P    365
-7.13163503461974E-018,6.98295903594895E-015,-1.,                    437P    366
8.00000000000011;                                                    437P    367
100,4.,-42.364819277,-15.158265734,-39.864819277,-15.158265734,      439P    368
-39.864820581,-15.155712507;                                         439P    369
126,32,2,1,0,1,0,0.,0.,0.,0.0625,0.0625,0.125,0.125,0.1875,          441P    370
0.1875,0.25,0.25,0.3125,0.3125,0.375,0.375,0.4375,0.4375,0.5,        441P    371
0.5,0.5625,0.5625,0.625,0.625,0.6875,0.6875,0.75,0.75,0.8125,        441P    372
0.8125,0.875,0.875,0.9375,0.9375,1.,1.,1.,1.,1.,1.,1.,1.,1.,1.,      441P    373
1.,1.,1.,1.,1.,1.,1.,1.,1.,1.,1.,1.,1.,1.,1.,1.,1.,1.,1.,1.,1.,      441P    374
1.,1.,1.,1.,1.,0.28629983,0.250654525,0.,0.28629983,                 441P    375
0.249124704,0.,0.286042826,0.24762426,0.,0.285785821,                441P    376
0.246123816,0.,0.285281682,0.244710372,0.,0.284777543,               441P    377
0.243296927,0.,0.284045631,0.242024765,0.,0.283313719,               441P    378
0.240752603,0.,0.282382142,0.239670581,0.,0.281450565,               441P    379
0.238588558,0.,0.280355101,0.23773823,0.,0.279259637,                441P    380
0.236887901,0.,0.278042355,0.236301923,0.,0.276825074,               441P    381
0.235715945,0.,0.275532725,0.235416822,0.,0.274240376,               441P    382
0.235117698,0.,0.272922591,0.235116917,0.,0.271604806,               441P    383
0.235116136,0.,0.270312195,0.235413727,0.,0.269019583,               441P    384
0.235711318,0.,0.267801787,0.236295853,0.,0.266583991,               441P    385
0.236880387,0.,0.265487779,0.237729416,0.,0.264391567,               441P    386
0.238578446,0.,0.263459039,0.239659363,0.,0.262526511,               441P    387
0.240740281,0.,0.26179348,0.242011574,0.,0.261060449,                441P    388
0.243282867,0.,0.260555067,0.244695713,0.,0.260049685,               441P    389
0.246108559,0.,0.25979136,0.247608698,0.,0.259533036,                441P    390
0.249108837,0.,0.25953169,0.250638656,0.,0.,1.,0.,0.,1.;             441P    391
124,1.,1.06355896312138E-014,-7.13163503460034E-018,                 443P    392
1.55957787118189E-013,1.06347222694758E-014,-1.,                     443P    393
6.98295903594895E-015,-30.3165314676483,-7.13163503452608E-018,      443P    394
-6.98295903594895E-015,-1.,7.99999999999989;                         443P    395
100,4.,-42.364819277,-15.158265734,-39.864819277,-15.158265734,      445P    396
-44.864817973,-15.155712507;                                         445P    397
126,1,1,1,0,1,0,0.,0.,1.,1.,1.,1.,0.25953169,0.250638656,0.,         447P    398
0.259498884,0.287928901,0.,0.,1.,0.,0.,1.;                           447P    399
110,-44.864817973,-15.160818961,4.,-44.870945718,-9.16082209,        449P    400
4.;                                                                  449P    401
102,5,425,431,435,441,447;                                           451P    402
102,5,429,433,439,445,449;                                           453P    403
142,1,377,451,453,1;                                                 455P    404
126,16,2,1,0,1,0,0.,0.,0.,0.125,0.125,0.25,0.25,0.375,0.375,         457P    405
0.5,0.5,0.625,0.625,0.75,0.75,0.875,0.875,1.,1.,1.,1.,1.,1.,1.,      457P    406
1.,1.,1.,1.,1.,1.,1.,1.,1.,1.,1.,1.,1.,0.645607704,0.556175308,      457P    407
0.,0.645607704,0.558338744,0.,0.646320866,0.560337499,0.,            457P    408
0.647034027,0.562336253,0.,0.648351777,0.563866033,0.,               457P    409
0.649669528,0.565395813,0.,0.651391252,0.566223724,0.,               457P    410
0.653112975,0.567051635,0.,0.654976556,0.567051635,0.,               457P    411
0.656840136,0.567051635,0.,0.65856186,0.566223724,0.,                457P    412
0.660283584,0.565395813,0.,0.661601334,0.563866033,0.,               457P    413
0.662919085,0.562336253,0.,0.663632246,0.560337499,0.,               457P    414
0.664345407,0.558338744,0.,0.664345407,0.556175308,0.,0.,1.,0.,      457P    415
0.,1.;                                                               457P    416
124,-1.,-6.98296267768627E-015,0.,58.0000000000002,                  459P    417
-6.98296267768627E-015,1.,-6.98296267768627E-015,                    459P    418
2.31892037898358E-013,4.87617677579594E-029,                         459P    419
-6.98296267768627E-015,-1.,8.00000000000024;                         459P    420
100,4.,29.,34.,30.75,34.,27.25,34.;                                  461P    421
126,16,2,1,0,1,0,0.,0.,0.,0.125,0.125,0.25,0.25,0.375,0.375,         463P    422
0.5,0.5,0.625,0.625,0.75,0.75,0.875,0.875,1.,1.,1.,1.,1.,1.,1.,      463P    423
1.,1.,1.,1.,1.,1.,1.,1.,1.,1.,1.,1.,1.,0.664345407,0.556175308,      463P    424
0.,0.664345407,0.554011873,0.,0.663632246,0.552013118,0.,            463P    425
0.662919085,0.550014364,0.,0.661601334,0.548484584,0.,               463P    426
0.660283584,0.546954804,0.,0.65856186,0.546126893,0.,                463P    427
0.656840136,0.545298981,0.,0.654976556,0.545298981,0.,               463P    428
0.653112975,0.545298981,0.,0.651391252,0.546126893,0.,               463P    429
0.649669528,0.546954804,0.,0.648351777,0.548484584,0.,               463P    430
0.647034027,0.550014364,0.,0.646320866,0.552013118,0.,               463P    431
0.645607704,0.554011873,0.,0.645607704,0.556175308,0.,0.,1.,0.,      463P    432
0.,1.;                                                               463P    433
124,1.,-7.105427357601E-015,0.,2.40307773680117E-013,                465P    434
-7.105427357601E-015,-1.,6.98296267768627E-015,                      465P    435
68.0000000000002,-4.96169340471387E-029,-6.98296267768627E-015,      465P    436
-1.,8.00000000000024;                                                465P    437
100,4.,29.,34.,30.75,34.,27.25,34.;                                  467P    438
102,2,457,463;                                                       469P    439
102,2,461,467;                                                       471P    440
142,1,377,469,471,1;                                                 473P    441
126,16,2,1,0,1,0,0.,0.,0.,0.125,0.125,0.25,0.25,0.375,0.375,         475P    442
0.5,0.5,0.625,0.625,0.75,0.75,0.875,0.875,1.,1.,1.,1.,1.,1.,1.,      475P    443
1.,1.,1.,1.,1.,1.,1.,1.,1.,1.,1.,1.,1.,0.335097195,0.556175308,      475P    444
0.,0.335097195,0.558338744,0.,0.335810357,0.560337499,0.,            475P    445
0.336523518,0.562336253,0.,0.337841268,0.563866033,0.,               475P    446
0.339159019,0.565395813,0.,0.340880743,0.566223724,0.,               475P    447
0.342602467,0.567051635,0.,0.344466047,0.567051635,0.,               475P    448
0.346329627,0.567051635,0.,0.348051351,0.566223724,0.,               475P    449
0.349773075,0.565395813,0.,0.351090825,0.563866033,0.,               475P    450
0.352408576,0.562336253,0.,0.353121737,0.560337499,0.,               475P    451
0.353834899,0.558338744,0.,0.353834899,0.556175308,0.,0.,1.,0.,      475P    452
0.,1.;                                                               475P    453
124,-1.,-6.98296267768627E-015,0.,-57.9999999999998,                 477P    454
-6.98296267768627E-015,1.,-6.98296267768627E-015,                    477P    455
-1.75675786286629E-013,4.87617677579594E-029,                        477P    456
-6.98296267768627E-015,-1.,8.00000000000024;                         477P    457
100,4.,-29.,34.,-27.25,34.,-30.75,34.;                               479P    458
126,16,2,1,0,1,0,0.,0.,0.,0.125,0.125,0.25,0.25,0.375,0.375,         481P    459
0.5,0.5,0.625,0.625,0.75,0.75,0.875,0.875,1.,1.,1.,1.,1.,1.,1.,      481P    460
1.,1.,1.,1.,1.,1.,1.,1.,1.,1.,1.,1.,1.,0.353834899,0.556175308,      481P    461
0.,0.353834899,0.554011873,0.,0.353121737,0.552013118,0.,            481P    462
0.352408576,0.550014364,0.,0.351090825,0.548484584,0.,               481P    463
0.349773075,0.546954804,0.,0.348051351,0.546126893,0.,               481P    464
0.346329627,0.545298981,0.,0.344466047,0.545298981,0.,               481P    465
0.342602467,0.545298981,0.,0.340880743,0.546126893,0.,               481P    466
0.339159019,0.546954804,0.,0.337841268,0.548484584,0.,               481P    467
0.336523518,0.550014364,0.,0.335810357,0.552013118,0.,               481P    468
0.335097195,0.554011873,0.,0.335097195,0.556175308,0.,0.,1.,0.,      481P    469
0.,1.;                                                               481P    470
124,1.,-7.105427357601E-015,0.,2.40307773680114E-013,                483P    471
-7.105427357601E-015,-1.,6.98296267768627E-015,                      483P    472
67.9999999999998,-4.96169340471387E-029,-6.98296267768627E-015,      483P    473
-1.,8.00000000000024;                                                483P    474
100,4.,-29.,34.,-27.25,34.,-30.75,34.;                               485P    475
102,2,475,481;                                                       487P    476
102,2,479,485;                                                       489P    477
142,1,377,487,489,1;                                                 491P    478
126,16,2,1,0,1,0,0.,0.,0.,0.125,0.125,0.25,0.25,0.375,0.375,         493P    479
0.5,0.5,0.625,0.625,0.75,0.75,0.875,0.875,1.,1.,1.,1.,1.,1.,1.,      493P    480
1.,1.,1.,1.,1.,1.,1.,1.,1.,1.,1.,1.,1.,0.49035245,0.114907186,       493P    481
0.,0.49035245,0.117070622,0.,0.491065611,0.119069376,0.,             493P    482
0.491778773,0.12106813,0.,0.493096523,0.12259791,0.,                 493P    483
0.494414273,0.12412769,0.,0.496135997,0.124955602,0.,                493P    484
0.497857721,0.125783513,0.,0.499721301,0.125783513,0.,               493P    485
0.501584882,0.125783513,0.,0.503306606,0.124955602,0.,               493P    486
0.50502833,0.12412769,0.,0.50634608,0.12259791,0.,0.50766383,        493P    487
0.12106813,0.,0.508376992,0.119069376,0.,0.509090153,                493P    488
0.117070622,0.,0.509090153,0.114907186,0.,0.,1.,0.,0.,1.;            493P    489
124,-1.,-6.98296267768627E-015,0.,-2.58369619074392E-013,            495P    490
-6.98296267768627E-015,1.,-6.98296267768627E-015,                    495P    491
2.81081258058576E-014,4.87617677579594E-029,                         495P    492
-6.98296267768627E-015,-1.,7.99999999999974;                         495P    493
100,4.,0.,-37.,1.75,-37.,-1.75,-37.;                                 497P    494
126,16,2,1,0,1,0,0.,0.,0.,0.125,0.125,0.25,0.25,0.375,0.375,         499P    495
0.5,0.5,0.625,0.625,0.75,0.75,0.875,0.875,1.,1.,1.,1.,1.,1.,1.,      499P    496
1.,1.,1.,1.,1.,1.,1.,1.,1.,1.,1.,1.,1.,0.509090153,0.114907186,      499P    497
0.,0.509090153,0.11274375,0.,0.508376992,0.110744996,0.,             499P    498
0.50766383,0.108746241,0.,0.50634608,0.107216461,0.,0.50502833,      499P    499
0.105686681,0.,0.503306606,0.10485877,0.,0.501584882,                499P    500
0.104030859,0.,0.499721301,0.104030859,0.,0.497857721,               499P    501
0.104030859,0.,0.496135997,0.10485877,0.,0.494414273,                499P    502
0.105686681,0.,0.493096523,0.107216461,0.,0.491778773,               499P    503
0.108746241,0.,0.491065611,0.110744996,0.,0.49035245,                499P    504
0.11274375,0.,0.49035245,0.114907186,0.,0.,1.,0.,0.,1.;              499P    505
124,1.,-7.105427357601E-015,0.,-2.62900812231237E-013,               501P    506
-7.105427357601E-015,-1.,6.98296267768627E-015,-74.,                 501P    507
-4.96169340471387E-029,-6.98296267768627E-015,-1.,                   501P    508
7.99999999999974;                                                    501P    509
100,4.,0.,-37.,1.75,-37.,-1.75,-37.;                                 503P    510
102,2,493,499;                                                       505P    511
102,2,497,503;                                                       507P    512
142,1,377,505,507,1;                                                 509P    513
126,32,2,1,0,1,0,0.,0.,0.,0.0625,0.0625,0.125,0.125,0.1875,          511P    514
0.1875,0.25,0.25,0.3125,0.3125,0.375,0.375,0.4375,0.4375,0.5,        511P    515
0.5,0.5625,0.5625,0.625,0.625,0.6875,0.6875,0.75,0.75,0.8125,        511P    516
0.8125,0.875,0.875,0.9375,0.9375,1.,1.,1.,1.,1.,1.,1.,1.,1.,1.,      511P    517
1.,1.,1.,1.,1.,1.,1.,1.,1.,1.,1.,1.,1.,1.,1.,1.,1.,1.,1.,1.,1.,      511P    518
1.,1.,1.,1.,1.,0.580025743,0.344863813,0.,0.580025743,               511P    519
0.335681887,0.,0.578482716,0.326676389,0.,0.576939689,               511P    520
0.317670891,0.,0.573912932,0.309187898,0.,0.570886175,               511P    521
0.300704904,0.,0.566492005,0.293070412,0.,0.562097835,               511P    522
0.285435919,0.,0.556505117,0.278943317,0.,0.550912399,               511P    523
0.272450715,0.,0.544336059,0.26734951,0.,0.537759719,                511P    524
0.262248305,0.,0.530452481,0.258734534,0.,0.523145243,               511P    525
0.255220763,0.,0.515387921,0.253429458,0.,0.507630599,               511P    526
0.251638153,0.,0.499721301,0.251638153,0.,0.491812004,               511P    527
0.251638153,0.,0.484054682,0.253429458,0.,0.47629736,                511P    528
0.255220763,0.,0.468990122,0.258734534,0.,0.461682884,               511P    529
0.262248305,0.,0.455106544,0.26734951,0.,0.448530204,                511P    530
0.272450715,0.,0.442937486,0.278943317,0.,0.437344768,               511P    531
0.285435919,0.,0.432950598,0.293070412,0.,0.428556428,               511P    532
0.300704904,0.,0.425529671,0.309187898,0.,0.422502914,               511P    533
0.317670891,0.,0.420959887,0.326676389,0.,0.419416859,               511P    534
0.335681887,0.,0.419416859,0.344863813,0.,0.,1.,0.,0.,1.;            511P    535
124,1.,-7.105427357601E-015,0.,0.,-7.105427357601E-015,-1.,          513P    536
6.98296267768627E-015,-2.79318507107451E-014,                        513P    537
-4.96169340471387E-029,-6.98296267768627E-015,-1.,8.;                513P    538
100,4.,0.,0.,15.,0.,-15.,0.;                                         515P    539
126,32,2,1,0,1,0,0.,0.,0.,0.0625,0.0625,0.125,0.125,0.1875,          517P    540
0.1875,0.25,0.25,0.3125,0.3125,0.375,0.375,0.4375,0.4375,0.5,        517P    541
0.5,0.5625,0.5625,0.625,0.625,0.6875,0.6875,0.75,0.75,0.8125,        517P    542
0.8125,0.875,0.875,0.9375,0.9375,1.,1.,1.,1.,1.,1.,1.,1.,1.,1.,      517P    543
1.,1.,1.,1.,1.,1.,1.,1.,1.,1.,1.,1.,1.,1.,1.,1.,1.,1.,1.,1.,1.,      517P    544
1.,1.,1.,1.,1.,0.419416859,0.344863813,0.,0.419416859,               517P    545
0.354045739,0.,0.420959887,0.363051237,0.,0.422502914,               517P    546
0.372056735,0.,0.425529671,0.380539728,0.,0.428556428,               517P    547
0.389022722,0.,0.432950598,0.396657215,0.,0.437344768,               517P    548
0.404291707,0.,0.442937486,0.410784309,0.,0.448530204,               517P    549
0.417276911,0.,0.455106544,0.422378116,0.,0.461682884,               517P    550
0.427479321,0.,0.468990122,0.430993092,0.,0.47629736,                517P    551
0.434506863,0.,0.484054682,0.436298168,0.,0.491812004,               517P    552
0.438089473,0.,0.499721301,0.438089473,0.,0.507630599,               517P    553
0.438089473,0.,0.515387921,0.436298168,0.,0.523145243,               517P    554
0.434506863,0.,0.530452481,0.430993092,0.,0.537759719,               517P    555
0.427479321,0.,0.544336059,0.422378116,0.,0.550912399,               517P    556
0.417276911,0.,0.556505117,0.410784309,0.,0.562097835,               517P    557
0.404291707,0.,0.566492005,0.396657215,0.,0.570886175,               517P    558
0.389022722,0.,0.573912932,0.380539728,0.,0.576939689,               517P    559
0.372056735,0.,0.578482716,0.363051237,0.,0.580025743,               517P    560
0.354045739,0.,0.580025743,0.344863813,0.,0.,1.,0.,0.,1.;            517P    561
124,-1.,-7.22789203751574E-015,8.55166289179392E-031,                519P    562
-3.42066515671757E-030,-7.22789203751574E-015,1.,                    519P    563
-6.98296267768627E-015,2.79318507107451E-014,                        519P    564
4.96169340471388E-029,-6.98296267768627E-015,-1.,8.;                 519P    565
100,4.,0.,0.,15.,0.,-15.,0.;                                         521P    566
102,2,511,517;                                                       523P    567
102,2,515,521;                                                       525P    568
142,1,377,523,525,1;                                                 527P    569
144,377,1,5,423,455,473,491,509,527;                                 529P    570
128,1,1,1,1,0,0,1,0,0,0.,0.,1.,1.,0.,0.,1.,1.,1.,1.,1.,1.,           531P    571
-93.342526741,-55.48855551,0.,93.446642493,-55.48855551,0.,          531P    572
-93.342526741,105.411351676,0.,93.446642493,105.411351676,0.,        531P    573
0.,1.,0.,1.;                                                         531P    574
126,1,1,1,0,1,0,0.,0.,1.,1.,1.,1.,0.376587824,0.006390958,0.,        533P    575
0.376587824,0.035909024,0.,0.,1.,0.,0.,1.;                           533P    576
110,-23.,-54.46025093,0.,-23.,-49.710796942,0.;                      535P    577
126,1,1,1,0,1,0,0.,0.,1.,1.,1.,1.,0.376587824,0.035909024,0.,        537P    578
0.622854779,0.035909024,0.,0.,1.,0.,0.,1.;                           537P    579
110,-23.,-49.710796942,0.,23.,-49.710796942,0.;                      539P    580
126,1,1,1,0,1,0,0.,0.,1.,1.,1.,1.,0.622854779,0.035909024,0.,        541P    581
0.622854779,0.006682937,0.,0.,1.,0.,0.,1.;                           541P    582
110,23.,-49.710796942,0.,23.,-54.413271532,0.;                       543P    583
126,1,1,1,0,1,0,0.,0.,1.,1.,1.,1.,0.622854779,0.006682937,0.,        545P    584
0.983382833,0.007110386,0.,0.,1.,0.,0.,1.;                           545P    585
110,23.,-54.413271532,0.,90.342735723,-54.344494984,0.;              547P    586
126,1,1,1,0,1,0,0.,0.,1.,1.,1.,1.,0.983382833,0.007110386,0.,        549P    587
0.994071146,0.028652614,0.,0.,1.,0.,0.,1.;                           549P    588
110,90.342735723,-54.344494984,0.,92.339196825,-50.878352594,        551P    589
0.;                                                                  551P    590
126,1,1,1,0,1,0,0.,0.,1.,1.,1.,1.,0.994071146,0.028652614,0.,        553P    591
0.509852217,1.,0.,0.,1.,0.,0.,1.;                                    553P    592
110,92.339196825,-50.878352594,0.,1.892345351,105.411351676,0.;      555P    593
126,1,1,1,0,1,0,0.,0.,1.,1.,1.,1.,0.509852217,1.,0.,                 557P    594
0.488450308,1.,0.,0.,1.,0.,0.,1.;                                    557P    595
110,1.892345351,105.411351676,0.,-2.105299553,105.411351676,0.;      559P    596
126,1,1,1,0,1,0,0.,0.,1.,1.,1.,1.,0.488450308,1.,0.,                 561P    597
0.005928854,0.027481053,0.,0.,1.,0.,0.,1.;                           561P    598
110,-2.105299553,105.411351676,0.,-92.235081074,-51.066856691,       563P    599
0.;                                                                  563P    600
126,1,1,1,0,1,0,0.,0.,1.,1.,1.,1.,0.005928854,0.027481053,0.,        565P    601
0.016655059,0.005964215,0.,0.,1.,0.,0.,1.;                           565P    602
110,-92.235081074,-51.066856691,0.,-90.231542176,-54.528913916,      567P    603
0.;                                                                  567P    604
126,1,1,1,0,1,0,0.,0.,1.,1.,1.,1.,0.016655059,0.005964215,0.,        569P    605
0.376587824,0.006390958,0.,0.,1.,0.,0.,1.;                           569P    606
110,-90.231542176,-54.528913916,0.,-23.,-54.46025093,0.;             571P    607
102,10,533,537,541,545,549,553,557,561,565,569;                      573P    608
102,10,535,539,543,547,551,555,559,563,567,571;                      575P    609
142,1,531,573,575,1;                                                 577P    610
126,1,1,1,0,1,0,0.,0.,1.,1.,1.,1.,0.286299823,0.250670393,0.,        579P    611
0.28629983,0.250654525,0.,0.,1.,0.,0.,1.;                            579P    612
124,0.999999478482489,0.00102129072770338,0.,                        581P    613
0.0154589022468984,0.00102129072770338,-0.999999478482489,           581P    614
-6.98296267768627E-015,-30.2732567652391,                            581P    615
-7.13163503461974E-018,6.98295903594895E-015,-1.,                    581P    616
1.05547418245932E-013;                                               581P    617
100,0.,-42.364819277,-15.158265734,-39.864819277,-15.158265734,      583P    618
-39.864820581,-15.155712507;                                         583P    619
126,32,2,1,0,1,0,0.,0.,0.,0.0625,0.0625,0.125,0.125,0.1875,          585P    620
0.1875,0.25,0.25,0.3125,0.3125,0.375,0.375,0.4375,0.4375,0.5,        585P    621
0.5,0.5625,0.5625,0.625,0.625,0.6875,0.6875,0.75,0.75,0.8125,        585P    622
0.8125,0.875,0.875,0.9375,0.9375,1.,1.,1.,1.,1.,1.,1.,1.,1.,1.,      585P    623
1.,1.,1.,1.,1.,1.,1.,1.,1.,1.,1.,1.,1.,1.,1.,1.,1.,1.,1.,1.,1.,      585P    624
1.,1.,1.,1.,1.,0.28629983,0.250654525,0.,0.28629983,                 585P    625
0.249124704,0.,0.286042826,0.24762426,0.,0.285785821,                585P    626
0.246123816,0.,0.285281682,0.244710372,0.,0.284777543,               585P    627
0.243296927,0.,0.284045631,0.242024765,0.,0.283313719,               585P    628
0.240752603,0.,0.282382142,0.239670581,0.,0.281450565,               585P    629
0.238588558,0.,0.280355101,0.23773823,0.,0.279259637,                585P    630
0.236887901,0.,0.278042355,0.236301923,0.,0.276825074,               585P    631
0.235715945,0.,0.275532725,0.235416822,0.,0.274240376,               585P    632
0.235117698,0.,0.272922591,0.235116917,0.,0.271604806,               585P    633
0.235116136,0.,0.270312195,0.235413727,0.,0.269019583,               585P    634
0.235711318,0.,0.267801787,0.236295853,0.,0.266583991,               585P    635
0.236880387,0.,0.265487779,0.237729416,0.,0.264391567,               585P    636
0.238578446,0.,0.263459039,0.239659363,0.,0.262526511,               585P    637
0.240740281,0.,0.26179348,0.242011574,0.,0.261060449,                585P    638
0.243282867,0.,0.260555067,0.244695713,0.,0.260049685,               585P    639
0.246108559,0.,0.25979136,0.247608698,0.,0.259533036,                585P    640
0.249108837,0.,0.25953169,0.250638656,0.,0.,1.,0.,0.,1.;             585P    641
124,1.,4.47970653627561E-014,-7.13163503459551E-018,                 587P    642
6.71141145241408E-013,4.47966316818871E-014,-1.,                     587P    643
6.98295903594895E-015,-30.3165314676468,-7.1316350342827E-018,       587P    644
-6.98295903594895E-015,-1.,-1.06151679104702E-013;                   587P    645
100,0.,-42.364819277,-15.158265734,-39.864819277,-15.158265734,      589P    646
-44.864817973,-15.155712507;                                         589P    647
126,1,1,1,0,1,0,0.,0.,1.,1.,1.,1.,0.25953169,0.250638656,0.,         591P    648
0.259498884,0.287928901,0.,0.,1.,0.,0.,1.;                           591P    649
110,-44.864817973,-15.160818961,0.,-44.870945718,-9.16082209,        593P    650
0.;                                                                  593P    651
126,32,2,1,0,1,0,0.,0.,0.,0.0625,0.0625,0.125,0.125,0.1875,          595P    652
0.1875,0.25,0.25,0.3125,0.3125,0.375,0.375,0.4375,0.4375,0.5,        595P    653
0.5,0.5625,0.5625,0.625,0.625,0.6875,0.6875,0.75,0.75,0.8125,        595P    654
0.8125,0.875,0.875,0.9375,0.9375,1.,1.,1.,1.,1.,1.,1.,1.,1.,1.,      595P    655
1.,1.,1.,1.,1.,1.,1.,1.,1.,1.,1.,1.,1.,1.,1.,1.,1.,1.,1.,1.,1.,      595P    656
1.,1.,1.,1.,1.,0.259498884,0.287928901,0.,0.259497538,               595P    657
0.289459221,0.,0.259753389,0.290960441,0.,0.260009239,               595P    658
0.292461662,0.,0.260512455,0.293876092,0.,0.26101567,                595P    659
0.295290521,0.,0.261746912,0.296563804,0.,0.262478154,               595P    660
0.297837087,0.,0.263409321,0.298920292,0.,0.264340488,               595P    661
0.300003497,0.,0.265435797,0.300854997,0.,0.266531105,               595P    662
0.301706497,0.,0.267748462,0.302293569,0.,0.268965819,               595P    663
0.302880641,0.,0.270258443,0.303180725,0.,0.271551066,               595P    664
0.303480808,0.,0.272869282,0.303482371,0.,0.274187498,               595P    665
0.303483934,0.,0.275480647,0.303186916,0.,0.276773796,               595P    666
0.302889898,0.,0.277992183,0.302305714,0.,0.279210571,               595P    667
0.30172153,0.,0.280307375,0.300872629,0.,0.281404179,                595P    668
0.300023728,0.,0.28233725,0.298942734,0.,0.283270321,                595P    669
0.297861739,0.,0.284003802,0.296590192,0.,0.284737282,               595P    670
0.295318646,0.,0.285242985,0.293905413,0.,0.285748688,               595P    671
0.292492179,0.,0.28600718,0.290991569,0.,0.286265671,                595P    672
0.289490958,0.,0.286267018,0.287960638,0.,0.,1.,0.,0.,1.;            595P    673
124,-0.999999478482489,-0.00102129072776829,                         597P    674
7.13163503461489E-018,-84.751225200869,-0.00102129072776829,         597P    675
0.999999478482489,-6.98295903594895E-015,-0.0432778315173969,        597P    676
4.58101696571948E-028,-6.98296267768627E-015,-1.,                    597P    677
-6.39518496620328E-014;                                              597P    678
100,0.,-42.370947021,-9.158268863,-39.870947021,-9.158268863,        599P    679
-44.870947021,-9.158268863;                                          599P    680
126,1,1,1,0,1,0,0.,0.,1.,1.,1.,1.,0.286267018,0.287960638,0.,        601P    681
0.286299823,0.250670393,0.,0.,1.,0.,0.,1.;                           601P    682
110,-39.870948325,-9.155715636,0.,-39.864820581,-15.155712507,       603P    683
0.;                                                                  603P    684
102,5,579,585,591,595,601;                                           605P    685
102,5,583,589,593,599,603;                                           607P    686
142,1,531,605,607,1;                                                 609P    687
126,16,2,1,0,1,0,0.,0.,0.,0.125,0.125,0.25,0.25,0.375,0.375,         611P    688
0.5,0.5,0.625,0.625,0.75,0.75,0.875,0.875,1.,1.,1.,1.,1.,1.,1.,      611P    689
1.,1.,1.,1.,1.,1.,1.,1.,1.,1.,1.,1.,1.,0.664345407,0.556175308,      611P    690
0.,0.664345407,0.554011873,0.,0.663632246,0.552013118,0.,            611P    691
0.662919085,0.550014364,0.,0.661601334,0.548484584,0.,               611P    692
0.660283584,0.546954804,0.,0.65856186,0.546126893,0.,                611P    693
0.656840136,0.545298981,0.,0.654976556,0.545298981,0.,               611P    694
0.653112975,0.545298981,0.,0.651391252,0.546126893,0.,               611P    695
0.649669528,0.546954804,0.,0.648351777,0.548484584,0.,               611P    696
0.647034027,0.550014364,0.,0.646320866,0.552013118,0.,               611P    697
0.645607704,0.554011873,0.,0.645607704,0.556175308,0.,0.,1.,0.,      611P    698
0.,1.;                                                               611P    699
124,1.,-7.105427357601E-015,0.,2.40307773680117E-013,                613P    700
-7.105427357601E-015,-1.,6.98296267768627E-015,                      613P    701
68.0000000000002,-4.96169340471387E-029,-6.98296267768627E-015,      613P    702
-1.,2.37420731041335E-013;                                           613P    703
100,0.,29.,34.,30.75,34.,27.25,34.;                                  615P    704
126,16,2,1,0,1,0,0.,0.,0.,0.125,0.125,0.25,0.25,0.375,0.375,         617P    705
0.5,0.5,0.625,0.625,0.75,0.75,0.875,0.875,1.,1.,1.,1.,1.,1.,1.,      617P    706
1.,1.,1.,1.,1.,1.,1.,1.,1.,1.,1.,1.,1.,0.645607704,0.556175308,      617P    707
0.,0.645607704,0.558338744,0.,0.646320866,0.560337499,0.,            617P    708
0.647034027,0.562336253,0.,0.648351777,0.563866033,0.,               617P    709
0.649669528,0.565395813,0.,0.651391252,0.566223724,0.,               617P    710
0.653112975,0.567051635,0.,0.654976556,0.567051635,0.,               617P    711
0.656840136,0.567051635,0.,0.65856186,0.566223724,0.,                617P    712
0.660283584,0.565395813,0.,0.661601334,0.563866033,0.,               617P    713
0.662919085,0.562336253,0.,0.663632246,0.560337499,0.,               617P    714
0.664345407,0.558338744,0.,0.664345407,0.556175308,0.,0.,1.,0.,      617P    715
0.,1.;                                                               617P    716
124,-1.,-6.98296267768627E-015,0.,58.0000000000002,                  619P    717
-6.98296267768627E-015,1.,-6.98296267768627E-015,                    619P    718
2.03783912092497E-013,4.87617677579594E-029,                         619P    719
-6.98296267768627E-015,-1.,2.37420731041332E-013;                    619P    720
100,0.,29.,34.,30.75,34.,27.25,34.;                                  621P    721
102,2,611,617;                                                       623P    722
102,2,615,621;                                                       625P    723
142,1,531,623,625,1;                                                 627P    724
126,16,2,1,0,1,0,0.,0.,0.,0.125,0.125,0.25,0.25,0.375,0.375,         629P    725
0.5,0.5,0.625,0.625,0.75,0.75,0.875,0.875,1.,1.,1.,1.,1.,1.,1.,      629P    726
1.,1.,1.,1.,1.,1.,1.,1.,1.,1.,1.,1.,1.,0.353834899,0.556175308,      629P    727
0.,0.353834899,0.554011873,0.,0.353121737,0.552013118,0.,            629P    728
0.352408576,0.550014364,0.,0.351090825,0.548484584,0.,               629P    729
0.349773075,0.546954804,0.,0.348051351,0.546126893,0.,               629P    730
0.346329627,0.545298981,0.,0.344466047,0.545298981,0.,               629P    731
0.342602467,0.545298981,0.,0.340880743,0.546126893,0.,               629P    732
0.339159019,0.546954804,0.,0.337841268,0.548484584,0.,               629P    733
0.336523518,0.550014364,0.,0.335810357,0.552013118,0.,               629P    734
0.335097195,0.554011873,0.,0.335097195,0.556175308,0.,0.,1.,0.,      629P    735
0.,1.;                                                               629P    736
124,1.,-7.105427357601E-015,0.,2.40307773680114E-013,                631P    737
-7.105427357601E-015,-1.,6.98296267768627E-015,                      631P    738
67.9999999999998,-4.96169340471387E-029,-6.98296267768627E-015,      631P    739
-1.,2.37420731041332E-013;                                           631P    740
100,0.,-29.,34.,-27.25,34.,-30.75,34.;                               633P    741
126,16,2,1,0,1,0,0.,0.,0.,0.125,0.125,0.25,0.25,0.375,0.375,         635P    742
0.5,0.5,0.625,0.625,0.75,0.75,0.875,0.875,1.,1.,1.,1.,1.,1.,1.,      635P    743
1.,1.,1.,1.,1.,1.,1.,1.,1.,1.,1.,1.,1.,0.335097195,0.556175308,      635P    744
0.,0.335097195,0.558338744,0.,0.335810357,0.560337499,0.,            635P    745
0.336523518,0.562336253,0.,0.337841268,0.563866033,0.,               635P    746
0.339159019,0.565395813,0.,0.340880743,0.566223724,0.,               635P    747
0.342602467,0.567051635,0.,0.344466047,0.567051635,0.,               635P    748
0.346329627,0.567051635,0.,0.348051351,0.566223724,0.,               635P    749
0.349773075,0.565395813,0.,0.351090825,0.563866033,0.,               635P    750
0.352408576,0.562336253,0.,0.353121737,0.560337499,0.,               635P    751
0.353834899,0.558338744,0.,0.353834899,0.556175308,0.,0.,1.,0.,      635P    752
0.,1.;                                                               635P    753
124,-1.,-6.98296267768627E-015,0.,-57.9999999999998,                 637P    754
-6.98296267768627E-015,1.,-6.98296267768627E-015,                    637P    755
-2.03783912092491E-013,4.87617677579594E-029,                        637P    756
-6.98296267768627E-015,-1.,2.37420731041334E-013;                    637P    757
100,0.,-29.,34.,-27.25,34.,-30.75,34.;                               639P    758
102,2,629,635;                                                       641P    759
102,2,633,639;                                                       643P    760
142,1,531,641,643,1;                                                 645P    761
126,16,2,1,0,1,0,0.,0.,0.,0.125,0.125,0.25,0.25,0.375,0.375,         647P    762
0.5,0.5,0.625,0.625,0.75,0.75,0.875,0.875,1.,1.,1.,1.,1.,1.,1.,      647P    763
1.,1.,1.,1.,1.,1.,1.,1.,1.,1.,1.,1.,1.,0.509090153,0.114907186,      647P    764
0.,0.509090153,0.11274375,0.,0.508376992,0.110744996,0.,             647P    765
0.50766383,0.108746241,0.,0.50634608,0.107216461,0.,0.50502833,      647P    766
0.105686681,0.,0.503306606,0.10485877,0.,0.501584882,                647P    767
0.104030859,0.,0.499721301,0.104030859,0.,0.497857721,               647P    768
0.104030859,0.,0.496135997,0.10485877,0.,0.494414273,                647P    769
0.105686681,0.,0.493096523,0.107216461,0.,0.491778773,               647P    770
0.108746241,0.,0.491065611,0.110744996,0.,0.49035245,                647P    771
0.11274375,0.,0.49035245,0.114907186,0.,0.,1.,0.,0.,1.;              647P    772
124,1.,-7.105427357601E-015,0.,-2.62900812231237E-013,               649P    773
-7.105427357601E-015,-1.,6.98296267768627E-015,-74.,                 649P    774
-4.96169340471387E-029,-6.98296267768627E-015,-1.,                   649P    775
-2.58369619074392E-013;                                              649P    776
100,0.,0.,-37.,1.75,-37.,-1.75,-37.;                                 651P    777
126,16,2,1,0,1,0,0.,0.,0.,0.125,0.125,0.25,0.25,0.375,0.375,         653P    778
0.5,0.5,0.625,0.625,0.75,0.75,0.875,0.875,1.,1.,1.,1.,1.,1.,1.,      653P    779
1.,1.,1.,1.,1.,1.,1.,1.,1.,1.,1.,1.,1.,0.49035245,0.114907186,       653P    780
0.,0.49035245,0.117070622,0.,0.491065611,0.119069376,0.,             653P    781
0.491778773,0.12106813,0.,0.493096523,0.12259791,0.,                 653P    782
0.494414273,0.12412769,0.,0.496135997,0.124955602,0.,                653P    783
0.497857721,0.125783513,0.,0.499721301,0.125783513,0.,               653P    784
0.501584882,0.125783513,0.,0.503306606,0.124955602,0.,               653P    785
0.50502833,0.12412769,0.,0.50634608,0.12259791,0.,0.50766383,        653P    786
0.12106813,0.,0.508376992,0.119069376,0.,0.509090153,                653P    787
0.117070622,0.,0.509090153,0.114907186,0.,0.,1.,0.,0.,1.;            653P    788
124,-1.,-6.98296267768627E-015,0.,0.,-6.98296267768627E-015,1.,      655P    789
-6.98296267768627E-015,0.,4.87617677579594E-029,                     655P    790
-6.98296267768627E-015,-1.,0.;                                       655P    791
100,0.,0.,-37.,1.75,-37.,-1.75,-37.;                                 657P    792
102,2,647,653;                                                       659P    793
102,2,651,657;                                                       661P    794
142,1,531,659,661,1;                                                 663P    795
126,32,2,1,0,1,0,0.,0.,0.,0.0625,0.0625,0.125,0.125,0.1875,          665P    796
0.1875,0.25,0.25,0.3125,0.3125,0.375,0.375,0.4375,0.4375,0.5,        665P    797
0.5,0.5625,0.5625,0.625,0.625,0.6875,0.6875,0.75,0.75,0.8125,        665P    798
0.8125,0.875,0.875,0.9375,0.9375,1.,1.,1.,1.,1.,1.,1.,1.,1.,1.,      665P    799
1.,1.,1.,1.,1.,1.,1.,1.,1.,1.,1.,1.,1.,1.,1.,1.,1.,1.,1.,1.,1.,      665P    800
1.,1.,1.,1.,1.,0.419416859,0.344863813,0.,0.419416859,               665P    801
0.354045739,0.,0.420959887,0.363051237,0.,0.422502914,               665P    802
0.372056735,0.,0.425529671,0.380539728,0.,0.428556428,               665P    803
0.389022722,0.,0.432950598,0.396657215,0.,0.437344768,               665P    804
0.404291707,0.,0.442937486,0.410784309,0.,0.448530204,               665P    805
0.417276911,0.,0.455106544,0.422378116,0.,0.461682884,               665P    806
0.427479321,0.,0.468990122,0.430993092,0.,0.47629736,                665P    807
0.434506863,0.,0.484054682,0.436298168,0.,0.491812004,               665P    808
0.438089473,0.,0.499721301,0.438089473,0.,0.507630599,               665P    809
0.438089473,0.,0.515387921,0.436298168,0.,0.523145243,               665P    810
0.434506863,0.,0.530452481,0.430993092,0.,0.537759719,               665P    811
0.427479321,0.,0.544336059,0.422378116,0.,0.550912399,               665P    812
0.417276911,0.,0.556505117,0.410784309,0.,0.562097835,               665P    813
0.404291707,0.,0.566492005,0.396657215,0.,0.570886175,               665P    814
0.389022722,0.,0.573912932,0.380539728,0.,0.576939689,               665P    815
0.372056735,0.,0.578482716,0.363051237,0.,0.580025743,               665P    816
0.354045739,0.,0.580025743,0.344863813,0.,0.,1.,0.,0.,1.;            665P    817
124,-1.,-7.22789203751574E-015,8.55166289179392E-031,0.,             667P    818
-7.22789203751574E-015,1.,-6.98296267768627E-015,0.,                 667P    819
4.96169340471388E-029,-6.98296267768627E-015,-1.,0.;                 667P    820
100,0.,0.,0.,15.,0.,-15.,0.;                                         669P    821
126,32,2,1,0,1,0,0.,0.,0.,0.0625,0.0625,0.125,0.125,0.1875,          671P    822
0.1875,0.25,0.25,0.3125,0.3125,0.375,0.375,0.4375,0.4375,0.5,        671P    823
0.5,0.5625,0.5625,0.625,0.625,0.6875,0.6875,0.75,0.75,0.8125,        671P    824
0.8125,0.875,0.875,0.9375,0.9375,1.,1.,1.,1.,1.,1.,1.,1.,1.,1.,      671P    825
1.,1.,1.,1.,1.,1.,1.,1.,1.,1.,1.,1.,1.,1.,1.,1.,1.,1.,1.,1.,1.,      671P    826
1.,1.,1.,1.,1.,0.580025743,0.344863813,0.,0.580025743,               671P    827
0.335681887,0.,0.578482716,0.326676389,0.,0.576939689,               671P    828
0.317670891,0.,0.573912932,0.309187898,0.,0.570886175,               671P    829
0.300704904,0.,0.566492005,0.293070412,0.,0.562097835,               671P    830
0.285435919,0.,0.556505117,0.278943317,0.,0.550912399,               671P    831
0.272450715,0.,0.544336059,0.26734951,0.,0.537759719,                671P    832
0.262248305,0.,0.530452481,0.258734534,0.,0.523145243,               671P    833
0.255220763,0.,0.515387921,0.253429458,0.,0.507630599,               671P    834
0.251638153,0.,0.499721301,0.251638153,0.,0.491812004,               671P    835
0.251638153,0.,0.484054682,0.253429458,0.,0.47629736,                671P    836
0.255220763,0.,0.468990122,0.258734534,0.,0.461682884,               671P    837
0.262248305,0.,0.455106544,0.26734951,0.,0.448530204,                671P    838
0.272450715,0.,0.442937486,0.278943317,0.,0.437344768,               671P    839
0.285435919,0.,0.432950598,0.293070412,0.,0.428556428,               671P    840
0.300704904,0.,0.425529671,0.309187898,0.,0.422502914,               671P    841
0.317670891,0.,0.420959887,0.326676389,0.,0.419416859,               671P    842
0.335681887,0.,0.419416859,0.344863813,0.,0.,1.,0.,0.,1.;            671P    843
124,1.,-7.105427357601E-015,0.,0.,-7.105427357601E-015,-1.,          673P    844
6.98296267768627E-015,0.,-4.96169340471387E-029,                     673P    845
-6.98296267768627E-015,-1.,0.;                                       673P    846
100,0.,0.,0.,15.,0.,-15.,0.;                                         675P    847
102,2,665,671;                                                       677P    848
102,2,669,675;                                                       679P    849
142,1,531,677,679,1;                                                 681P    850
144,531,1,5,577,609,627,645,663,681;                                 683P    851
110,0.,-37.,0.,0.,-37.,1000.;                                        685P    852
110,1.75,-37.,0.,1.75,-37.,4.;                                       687P    853
120,685,687,0.,6.28318530717959;                                     689P    854
126,1,1,1,0,1,0,0.,0.,1.,1.,1.,1.,1.,3.141592654,0.,1.,0.,0.,        691P    855
0.,1.,0.,0.,1.;                                                      691P    856
124,-1.,-6.98296267768627E-015,0.,-2.58369619074392E-013,            693P    857
-6.98296267768627E-015,1.,-6.98296267768627E-015,                    693P    858
2.81081258058576E-014,4.87617677579594E-029,                         693P    859
-6.98296267768627E-015,-1.,7.99999999999974;                         693P    860
100,4.,0.,-37.,1.75,-37.,-1.75,-37.;                                 695P    861
126,1,1,1,0,1,0,0.,0.,1.,1.,1.,1.,1.,0.,0.,0.,0.,0.,0.,1.,0.,        697P    862
0.,1.;                                                               697P    863
110,1.75,-37.,4.,1.75,-37.,0.;                                       699P    864
126,1,1,1,0,1,0,0.,0.,1.,1.,1.,1.,0.,0.,0.,0.,3.141592654,0.,        701P    865
0.,1.,0.,0.,1.;                                                      701P    866
100,0.,0.,-37.,1.75,-37.,-1.75,-37.;                                 703P    867
126,1,1,1,0,1,0,0.,0.,1.,1.,1.,1.,0.,3.141592654,0.,1.,              705P    868
3.141592654,0.,0.,1.,0.,0.,1.;                                       705P    869
110,-1.75,-37.,0.,-1.75,-37.,4.;                                     707P    870
102,4,691,697,701,705;                                               709P    871
102,4,695,699,703,707;                                               711P    872
142,1,689,709,711,1;                                                 713P    873
144,689,1,0,713;                                                     715P    874
110,-29.,34.,0.,-29.,34.,1000.;                                      717P    875
110,-27.25,34.,0.,-27.25,34.,4.;                                     719P    876
120,717,719,0.,6.28318530717959;                                     721P    877
126,1,1,1,0,1,0,0.,0.,1.,1.,1.,1.,1.,3.141592654,0.,1.,0.,0.,        723P    878
0.,1.,0.,0.,1.;                                                      723P    879
124,-1.,-6.98296267768627E-015,0.,-57.9999999999998,                 725P    880
-6.98296267768627E-015,1.,-6.98296267768627E-015,                    725P    881
-1.75675786286629E-013,4.87617677579594E-029,                        725P    882
-6.98296267768627E-015,-1.,8.00000000000024;                         725P    883
100,4.,-29.,34.,-27.25,34.,-30.75,34.;                               727P    884
126,1,1,1,0,1,0,0.,0.,1.,1.,1.,1.,1.,0.,0.,0.,0.,0.,0.,1.,0.,        729P    885
0.,1.;                                                               729P    886
110,-27.25,34.,4.,-27.25,34.,0.;                                     731P    887
126,1,1,1,0,1,0,0.,0.,1.,1.,1.,1.,0.,0.,0.,0.,3.141592654,0.,        733P    888
0.,1.,0.,0.,1.;                                                      733P    889
100,0.,-29.,34.,-27.25,34.,-30.75,34.;                               735P    890
126,1,1,1,0,1,0,0.,0.,1.,1.,1.,1.,0.,3.141592654,0.,1.,              737P    891
3.141592654,0.,0.,1.,0.,0.,1.;                                       737P    892
110,-30.75,34.,0.,-30.75,34.,4.;                                     739P    893
102,4,723,729,733,737;                                               741P    894
102,4,727,731,735,739;                                               743P    895
142,1,721,741,743,1;                                                 745P    896
144,721,1,0,745;                                                     747P    897
110,29.,34.,0.,29.,34.,1000.;                                        749P    898
110,30.75,34.,0.,30.75,34.,4.;                                       751P    899
120,749,751,0.,6.28318530717959;                                     753P    900
126,1,1,1,0,1,0,0.,0.,1.,1.,1.,1.,1.,3.141592654,0.,1.,0.,0.,        755P    901
0.,1.,0.,0.,1.;                                                      755P    902
124,-1.,-6.98296267768627E-015,0.,58.0000000000002,                  757P    903
-6.98296267768627E-015,1.,-6.98296267768627E-015,                    757P    904
2.31892037898358E-013,4.87617677579594E-029,                         757P    905
-6.98296267768627E-015,-1.,8.00000000000024;                         757P    906
100,4.,29.,34.,30.75,34.,27.25,34.;                                  759P    907
126,1,1,1,0,1,0,0.,0.,1.,1.,1.,1.,1.,0.,0.,0.,0.,0.,0.,1.,0.,        761P    908
0.,1.;                                                               761P    909
110,30.75,34.,4.,30.75,34.,0.;                                       763P    910
126,1,1,1,0,1,0,0.,0.,1.,1.,1.,1.,0.,0.,0.,0.,3.141592654,0.,        765P    911
0.,1.,0.,0.,1.;                                                      765P    912
100,0.,29.,34.,30.75,34.,27.25,34.;                                  767P    913
126,1,1,1,0,1,0,0.,0.,1.,1.,1.,1.,0.,3.141592654,0.,1.,              769P    914
3.141592654,0.,0.,1.,0.,0.,1.;                                       769P    915
110,27.25,34.,0.,27.25,34.,4.;                                       771P    916
102,4,755,761,765,769;                                               773P    917
102,4,759,763,767,771;                                               775P    918
142,1,753,773,775,1;                                                 777P    919
144,753,1,0,777;                                                     779P    920
128,1,1,1,1,0,0,1,0,0,0.,0.,1.,1.,0.,0.,1.,1.,1.,1.,1.,1.,           781P    921
-2.105299553,105.411351676,4.,-2.105299553,105.411351676,0.,         781P    922
1.892345351,105.411351676,4.,1.892345351,105.411351676,0.,0.,        781P    923
1.,0.,1.;                                                            781P    924
126,1,1,1,0,1,0,0.,0.,1.,1.,1.,1.,1.,0.,0.,1.,1.,0.,0.,1.,0.,        783P    925
0.,1.;                                                               783P    926
110,-2.105299553,105.411351676,0.,1.892345351,105.411351676,0.;      785P    927
126,1,1,1,0,1,0,0.,0.,1.,1.,1.,1.,1.,1.,0.,0.,1.,0.,0.,1.,0.,        787P    928
0.,1.;                                                               787P    929
110,1.892345351,105.411351676,0.,1.892345351,105.411351676,4.;       789P    930
126,1,1,1,0,1,0,0.,0.,1.,1.,1.,1.,0.,1.,0.,0.,0.,0.,0.,1.,0.,        791P    931
0.,1.;                                                               791P    932
110,1.892345351,105.411351676,4.,-2.105299553,105.411351676,4.;      793P    933
126,1,1,1,0,1,0,0.,0.,1.,1.,1.,1.,0.,0.,0.,1.,0.,0.,0.,1.,0.,        795P    934
0.,1.;                                                               795P    935
110,-2.105299553,105.411351676,4.,-2.105299553,105.411351676,        797P    936
0.;                                                                  797P    937
102,4,783,787,791,795;                                               799P    938
102,4,785,789,793,797;                                               801P    939
142,1,781,799,801,1;                                                 803P    940
144,781,1,0,803;                                                     805P    941
128,1,1,1,1,0,0,1,0,0,0.,0.,1.,1.,0.,0.,1.,1.,1.,1.,1.,1.,           807P    942
92.339196825,-50.878352594,0.,90.342735723,-54.344494984,0.,         807P    943
92.339196825,-50.878352594,4.,90.342735723,-54.344494984,4.,0.,      807P    944
1.,0.,1.;                                                            807P    945
126,1,1,1,0,1,0,0.,0.,1.,1.,1.,1.,0.,0.,0.,1.,0.,0.,0.,1.,0.,        809P    946
0.,1.;                                                               809P    947
110,92.339196825,-50.878352594,0.,90.342735723,-54.344494984,        811P    948
0.;                                                                  811P    949
126,1,1,1,0,1,0,0.,0.,1.,1.,1.,1.,1.,0.,0.,1.,1.,0.,0.,1.,0.,        813P    950
0.,1.;                                                               813P    951
110,90.342735723,-54.344494984,0.,90.342735723,-54.344494984,        815P    952
4.;                                                                  815P    953
126,1,1,1,0,1,0,0.,0.,1.,1.,1.,1.,1.,1.,0.,0.,1.,0.,0.,1.,0.,        817P    954
0.,1.;                                                               817P    955
110,90.342735723,-54.344494984,4.,92.339196825,-50.878352594,        819P    956
4.;                                                                  819P    957
126,1,1,1,0,1,0,0.,0.,1.,1.,1.,1.,0.,1.,0.,0.,0.,0.,0.,1.,0.,        821P    958
0.,1.;                                                               821P    959
110,92.339196825,-50.878352594,4.,92.339196825,-50.878352594,        823P    960
0.;                                                                  823P    961
102,4,809,813,817,821;                                               825P    962
102,4,811,815,819,823;                                               827P    963
142,1,807,825,827,1;                                                 829P    964
144,807,1,0,829;                                                     831P    965
128,1,1,1,1,0,0,1,0,0,0.,0.,1.,1.,0.,0.,1.,1.,1.,1.,1.,1.,           833P    966
-90.231542176,-54.528913916,0.,-92.235081074,-51.066856691,0.,       833P    967
-90.231542176,-54.528913916,4.,-92.235081074,-51.066856691,4.,       833P    968
0.,1.,0.,1.;                                                         833P    969
126,1,1,1,0,1,0,0.,0.,1.,1.,1.,1.,0.,0.,0.,1.,0.,0.,0.,1.,0.,        835P    970
0.,1.;                                                               835P    971
110,-90.231542176,-54.528913916,0.,-92.235081074,-51.066856691,      837P    972
0.;                                                                  837P    973
126,1,1,1,0,1,0,0.,0.,1.,1.,1.,1.,1.,0.,0.,1.,1.,0.,0.,1.,0.,        839P    974
0.,1.;                                                               839P    975
110,-92.235081074,-51.066856691,0.,-92.235081074,-51.066856691,      841P    976
4.;                                                                  841P    977
126,1,1,1,0,1,0,0.,0.,1.,1.,1.,1.,1.,1.,0.,0.,1.,0.,0.,1.,0.,        843P    978
0.,1.;                                                               843P    979
110,-92.235081074,-51.066856691,4.,-90.231542176,-54.528913916,      845P    980
4.;                                                                  845P    981
126,1,1,1,0,1,0,0.,0.,1.,1.,1.,1.,0.,1.,0.,0.,0.,0.,0.,1.,0.,        847P    982
0.,1.;                                                               847P    983
110,-90.231542176,-54.528913916,4.,-90.231542176,-54.528913916,      849P    984
0.;                                                                  849P    985
102,4,835,839,843,847;                                               851P    986
102,4,837,841,845,849;                                               853P    987
142,1,833,851,853,1;                                                 855P    988
144,833,1,0,855;                                                     857P    989
110,-42.370947021,-9.158268863,-6.,-42.370947021,-9.158268863,       859P    990
994.;                                                                859P    991
110,-39.870947021,-9.158268863,0.,-39.870947021,-9.158268863,        861P    992
4.;                                                                  861P    993
120,859,861,0.,6.28318530717959;                                     863P    994
126,1,1,1,0,1,0,0.,0.,1.,1.,1.,1.,0.,0.001021291,0.,0.,              865P    995
3.142613944,0.,0.,1.,0.,0.,1.;                                       865P    996
100,0.,-42.370947021,-9.158268863,-39.870948325,-9.155715636,        867P    997
-44.870945718,-9.16082209;                                           867P    998
126,1,1,1,0,1,0,0.,0.,1.,1.,1.,1.,0.,3.142613944,0.,1.,              869P    999
3.142613944,0.,0.,1.,0.,0.,1.;                                       869P   1000
110,-44.870945718,-9.16082209,0.,-44.870945718,-9.16082209,4.;       871P   1001
126,1,1,1,0,1,0,0.,0.,1.,1.,1.,1.,1.,3.142613944,0.,1.,              873P   1002
0.001021291,0.,0.,1.,0.,0.,1.;                                       873P   1003
124,-0.999999478482489,-0.00102129072776829,                         875P   1004
7.13163503461489E-018,-84.751225200869,-0.00102129072776829,         875P   1005
0.999999478482489,-6.98295903594895E-015,-0.0432778315173688,        875P   1006
4.58101696571948E-028,-6.98296267768627E-015,-1.,                    875P   1007
7.99999999999994;                                                    875P   1008
100,4.,-42.370947021,-9.158268863,-39.870947021,-9.158268863,        877P   1009
-44.870947021,-9.158268863;                                          877P   1010
126,1,1,1,0,1,0,0.,0.,1.,1.,1.,1.,1.,0.001021291,0.,0.,              879P   1011
0.001021291,0.,0.,1.,0.,0.,1.;                                       879P   1012
110,-39.870948325,-9.155715636,4.,-39.870948325,-9.155715636,        881P   1013
0.;                                                                  881P   1014
102,4,865,869,873,879;                                               883P   1015
102,4,867,871,877,881;                                               885P   1016
142,1,863,883,885,1;                                                 887P   1017
144,863,1,0,887;                                                     889P   1018
128,1,1,1,1,0,0,1,0,0,0.,0.,1.,1.,0.,0.,1.,1.,1.,1.,1.,1.,           891P   1019
-39.864820581,-15.155712507,0.,-39.870948325,-9.155715636,0.,        891P   1020
-39.864820581,-15.155712507,4.,-39.870948325,-9.155715636,4.,        891P   1021
0.,1.,0.,1.;                                                         891P   1022
126,1,1,1,0,1,0,0.,0.,1.,1.,1.,1.,0.,0.,0.,1.,0.,0.,0.,1.,0.,        893P   1023
0.,1.;                                                               893P   1024
110,-39.864820581,-15.155712507,0.,-39.870948325,-9.155715636,       895P   1025
0.;                                                                  895P   1026
126,1,1,1,0,1,0,0.,0.,1.,1.,1.,1.,1.,0.,0.,1.,1.,0.,0.,1.,0.,        897P   1027
0.,1.;                                                               897P   1028
110,-39.870948325,-9.155715636,0.,-39.870948325,-9.155715636,        899P   1029
4.;                                                                  899P   1030
126,1,1,1,0,1,0,0.,0.,1.,1.,1.,1.,1.,1.,0.,0.,1.,0.,0.,1.,0.,        901P   1031
0.,1.;                                                               901P   1032
110,-39.870948325,-9.155715636,4.,-39.864820581,-15.155712507,       903P   1033
4.;                                                                  903P   1034
126,1,1,1,0,1,0,0.,0.,1.,1.,1.,1.,0.,1.,0.,0.,0.,0.,0.,1.,0.,        905P   1035
0.,1.;                                                               905P   1036
110,-39.864820581,-15.155712507,4.,-39.864820581,-15.155712507,      907P   1037
0.;                                                                  907P   1038
102,4,893,897,901,905;                                               909P   1039
102,4,895,899,903,907;                                               911P   1040
142,1,891,909,911,1;                                                 913P   1041
144,891,1,0,913;                                                     915P   1042
110,-42.364819277,-15.158265734,-6.,-42.364819277,                   917P   1043
-15.158265734,994.;                                                  917P   1044
110,-39.864819277,-15.158265734,0.,-39.864819277,-15.158265734,      919P   1045
4.;                                                                  919P   1046
120,917,919,0.,6.28318530717959;                                     921P   1047
126,1,1,1,0,1,0,0.,0.,1.,1.,1.,1.,1.,6.283185307,0.,1.,              923P   1048
3.142613944,0.,0.,1.,0.,0.,1.;                                       923P   1049
124,1.,1.06355896312138E-014,-7.13163503460034E-018,                 925P   1050
1.55957787118189E-013,1.06347222694758E-014,-1.,                     925P   1051
6.98295903594895E-015,-30.3165314676483,-7.13163503452608E-018,      925P   1052
-6.98295903594895E-015,-1.,7.99999999999989;                         925P   1053
100,4.,-42.364819277,-15.158265734,-39.864819277,-15.158265734,      927P   1054
-44.864817973,-15.155712507;                                         927P   1055
126,1,1,1,0,1,0,0.,0.,1.,1.,1.,1.,1.,3.142613944,0.,0.,              929P   1056
3.142613944,0.,0.,1.,0.,0.,1.;                                       929P   1057
110,-44.864817973,-15.160818961,4.,-44.864817973,-15.160818961,      931P   1058
0.;                                                                  931P   1059
126,1,1,1,0,1,0,0.,0.,1.,1.,1.,1.,0.,3.142613944,0.,0.,              933P   1060
6.283185307,0.,0.,1.,0.,0.,1.;                                       933P   1061
100,0.,-42.364819277,-15.158265734,-44.864817973,-15.160818961,      935P   1062
-39.864819277,-15.158265734;                                         935P   1063
126,1,1,1,0,1,0,0.,0.,1.,1.,1.,1.,0.,6.283185307,0.,1.,              937P   1064
6.283185307,0.,0.,1.,0.,0.,1.;                                       937P   1065
110,-39.864819277,-15.158265734,0.,-39.864819277,-15.158265734,      939P   1066
4.;                                                                  939P   1067
102,4,923,929,933,937;                                               941P   1068
102,4,927,931,935,939;                                               943P   1069
142,1,921,941,943,1;                                                 945P   1070
144,921,1,0,945;                                                     947P   1071
128,1,1,1,1,0,0,1,0,0,0.,0.,1.,1.,0.,0.,1.,1.,1.,1.,1.,1.,           949P   1072
-44.870945718,-9.16082209,0.,-44.864817973,-15.160818961,0.,         949P   1073
-44.870945718,-9.16082209,4.,-44.864817973,-15.160818961,4.,0.,      949P   1074
1.,0.,1.;                                                            949P   1075
126,1,1,1,0,1,0,0.,0.,1.,1.,1.,1.,0.,0.,0.,1.,0.,0.,0.,1.,0.,        951P   1076
0.,1.;                                                               951P   1077
110,-44.870945718,-9.16082209,0.,-44.864817973,-15.160818961,        953P   1078
0.;                                                                  953P   1079
126,1,1,1,0,1,0,0.,0.,1.,1.,1.,1.,1.,0.,0.,1.,1.,0.,0.,1.,0.,        955P   1080
0.,1.;                                                               955P   1081
110,-44.864817973,-15.160818961,0.,-44.864817973,-15.160818961,      957P   1082
4.;                                                                  957P   1083
126,1,1,1,0,1,0,0.,0.,1.,1.,1.,1.,1.,1.,0.,0.,1.,0.,0.,1.,0.,        959P   1084
0.,1.;                                                               959P   1085
110,-44.864817973,-15.160818961,4.,-44.870945718,-9.16082209,        961P   1086
4.;                                                                  961P   1087
126,1,1,1,0,1,0,0.,0.,1.,1.,1.,1.,0.,1.,0.,0.,0.,0.,0.,1.,0.,        963P   1088
0.,1.;                                                               963P   1089
110,-44.870945718,-9.16082209,4.,-44.870945718,-9.16082209,0.;       965P   1090
102,4,951,955,959,963;                                               967P   1091
102,4,953,957,961,965;                                               969P   1092
142,1,949,967,969,1;                                                 971P   1093
144,949,1,0,971;                                                     973P   1094
S      1G      4D    974P   1094                                        T      1
