SolidWorks IGES file using analytic representation for surfaces         S      1
1H,,1H;,13Hcase_camera_1,59HZ:\Dropbox\Floatsat\Mechanical_Models\Igs\caG      1
se_camera_1.IGS,15HSolidWorks 2016,15HSolidWorks 2016,32,308,15,308,15, G      2
13Hcase_camera_1,1.,2,2HMM,50,0.125,13H171214.022824,1E-008,499990.,13HMG      3
arcoSanroman,,11,0,13H171214.022824;                                    G      4
     314       1       0       0       0                        00000200D      1
     314       0       4       1       0                               0D      2
     110       2       0       0       0                        01010000D      3
     110       0       0       1       0                               0D      4
     110       3       0       0       0                        01010000D      5
     110       0       0       1       0                               0D      6
     120       4       0       0       0                        01010000D      7
     120       0       0       1       0                               0D      8
     126       5       0       0       0                        01010500D      9
     126       0       0       2       0                               0D     10
     110       7       0       0       0                        01010000D     11
     110       0       0       1       0                               0D     12
     126       8       0       0       0                        01010500D     13
     126       0       0       2       0                               0D     14
     124      10       0       0       0                        00000000D     15
     124       0       0       4       0                               0D     16
     100      14       0       0       0              15        01010000D     17
     100       0       0       1       0                               0D     18
     126      15       0       0       0                        01010500D     19
     126       0       0       2       0                               0D     20
     110      17       0       0       0                        01010000D     21
     110       0       0       1       0                               0D     22
     126      18       0       0       0                        01010500D     23
     126       0       0       2       0                               0D     24
     100      20       0       0       0                        01010000D     25
     100       0       0       1       0                               0D     26
     102      21       0       0       0                        01010500D     27
     102       0       0       1       0                               0D     28
     102      22       0       0       0                        01010000D     29
     102       0       0       1       0                               0D     30
     142      23       0       0       0                        00010500D     31
     142       0       0       1       0                               0D     32
     144      24       0       0       0                        00000000D     33
     144       0      -1       1       0                               0D     34
     110      25       0       0       0                        01010000D     35
     110       0       0       1       0                               0D     36
     110      26       0       0       0                        01010000D     37
     110       0       0       1       0                               0D     38
     120      27       0       0       0                        01010000D     39
     120       0       0       1       0                               0D     40
     126      28       0       0       0                        01010500D     41
     126       0       0      12       0                               0D     42
     126      40       0       0       0                        01010000D     43
     126       0       0       5       0                               0D     44
     126      45       0       0       0                        01010500D     45
     126       0       0       8       0                               0D     46
     126      53       0       0       0                        01010000D     47
     126       0       0       6       0                               0D     48
     126      59       0       0       0                        01010500D     49
     126       0       0       2       0                               0D     50
     110      61       0       0       0                        01010000D     51
     110       0       0       1       0                               0D     52
     126      62       0       0       0                        01010500D     53
     126       0       0       2       0                               0D     54
     124      64       0       0       0                        00000000D     55
     124       0       0       3       0                               0D     56
     100      67       0       0       0              55        01010000D     57
     100       0       0       1       0                               0D     58
     126      68       0       0       0                        01010500D     59
     126       0       0       2       0                               0D     60
     110      70       0       0       0                        01010000D     61
     110       0       0       1       0                               0D     62
     126      71       0       0       0                        01010500D     63
     126       0       0       8       0                               0D     64
     126      79       0       0       0                        01010000D     65
     126       0       0       5       0                               0D     66
     102      84       0       0       0                        01010500D     67
     102       0       0       1       0                               0D     68
     102      85       0       0       0                        01010000D     69
     102       0       0       1       0                               0D     70
     142      86       0       0       0                        00010500D     71
     142       0       0       1       0                               0D     72
     144      87       0       0       0                        00000000D     73
     144       0      -1       1       0                               0D     74
     110      88       0       0       0                        01010000D     75
     110       0       0       1       0                               0D     76
     110      89       0       0       0                        01010000D     77
     110       0       0       1       0                               0D     78
     120      90       0       0       0                        01010000D     79
     120       0       0       1       0                               0D     80
     126      91       0       0       0                        01010500D     81
     126       0       0       2       0                               0D     82
     124      93       0       0       0                        00000000D     83
     124       0       0       4       0                               0D     84
     100      97       0       0       0              83        01010000D     85
     100       0       0       1       0                               0D     86
     126      98       0       0       0                        01010500D     87
     126       0       0       2       0                               0D     88
     110     100       0       0       0                        01010000D     89
     110       0       0       1       0                               0D     90
     126     101       0       0       0                        01010500D     91
     126       0       0       2       0                               0D     92
     100     103       0       0       0                        01010000D     93
     100       0       0       1       0                               0D     94
     126     104       0       0       0                        01010500D     95
     126       0       0       2       0                               0D     96
     110     106       0       0       0                        01010000D     97
     110       0       0       1       0                               0D     98
     126     107       0       0       0                        01010500D     99
     126       0       0       9       0                               0D    100
     126     116       0       0       0                        01010000D    101
     126       0       0       6       0                               0D    102
     126     122       0       0       0                        01010500D    103
     126       0       0      22       0                               0D    104
     126     144       0       0       0                        01010000D    105
     126       0       0      16       0                               0D    106
     126     160       0       0       0                        01010500D    107
     126       0       0       9       0                               0D    108
     126     169       0       0       0                        01010000D    109
     126       0       0       5       0                               0D    110
     126     174       0       0       0                        01010500D    111
     126       0       0       2       0                               0D    112
     110     176       0       0       0                        01010000D    113
     110       0       0       1       0                               0D    114
     102     177       0       0       0                        01010500D    115
     102       0       0       1       0                               0D    116
     102     178       0       0       0                        01010000D    117
     102       0       0       1       0                               0D    118
     142     179       0       0       0                        00010500D    119
     142       0       0       1       0                               0D    120
     126     180       0       0       0                        01010500D    121
     126       0       0       2       0                               0D    122
     100     182       0       0       0                        01010000D    123
     100       0       0       1       0                               0D    124
     126     183       0       0       0                        01010500D    125
     126       0       0       2       0                               0D    126
     110     185       0       0       0                        01010000D    127
     110       0       0       2       0                               0D    128
     126     187       0       0       0                        01010500D    129
     126       0       0       2       0                               0D    130
     124     189       0       0       0                        00000000D    131
     124       0       0       4       0                               0D    132
     100     193       0       0       0             131        01010000D    133
     100       0       0       1       0                               0D    134
     126     194       0       0       0                        01010500D    135
     126       0       0       2       0                               0D    136
     110     196       0       0       0                        01010000D    137
     110       0       0       1       0                               0D    138
     102     197       0       0       0                        01010500D    139
     102       0       0       1       0                               0D    140
     102     198       0       0       0                        01010000D    141
     102       0       0       1       0                               0D    142
     142     199       0       0       0                        00010500D    143
     142       0       0       1       0                               0D    144
     144     200       0       0       0                        00000000D    145
     144       0      -1       1       0                               0D    146
     110     201       0       0       0                        01010000D    147
     110       0       0       1       0                               0D    148
     110     202       0       0       0                        01010000D    149
     110       0       0       1       0                               0D    150
     120     203       0       0       0                        01010000D    151
     120       0       0       1       0                               0D    152
     126     204       0       0       0                        01010500D    153
     126       0       0       2       0                               0D    154
     110     206       0       0       0                        01010000D    155
     110       0       0       1       0                               0D    156
     126     207       0       0       0                        01010500D    157
     126       0       0       2       0                               0D    158
     124     209       0       0       0                        00000000D    159
     124       0       0       3       0                               0D    160
     100     212       0       0       0             159        01010000D    161
     100       0       0       1       0                               0D    162
     126     213       0       0       0                        01010500D    163
     126       0       0       2       0                               0D    164
     110     215       0       0       0                        01010000D    165
     110       0       0       1       0                               0D    166
     126     216       0       0       0                        01010500D    167
     126       0       0      12       0                               0D    168
     126     228       0       0       0                        01010000D    169
     126       0       0       5       0                               0D    170
     126     233       0       0       0                        01010500D    171
     126       0       0       2       0                               0D    172
     110     235       0       0       0                        01010000D    173
     110       0       0       1       0                               0D    174
     126     236       0       0       0                        01010500D    175
     126       0       0       2       0                               0D    176
     100     238       0       0       0                        01010000D    177
     100       0       0       1       0                               0D    178
     102     239       0       0       0                        01010500D    179
     102       0       0       1       0                               0D    180
     102     240       0       0       0                        01010000D    181
     102       0       0       1       0                               0D    182
     142     241       0       0       0                        00010500D    183
     142       0       0       1       0                               0D    184
     144     242       0       0       0                        00000000D    185
     144       0      -1       1       0                               0D    186
     128     243       0       0       0                        01010000D    187
     128       0       0       3       0                               0D    188
     126     246       0       0       0                        01010500D    189
     126       0       0      44       0                               0D    190
     100     290       0       0       0                        01010000D    191
     100       0       0       1       0                               0D    192
     126     291       0       0       0                        01010500D    193
     126       0       0      44       0                               0D    194
     100     335       0       0       0                        01010000D    195
     100       0       0       1       0                               0D    196
     102     336       0       0       0                        01010500D    197
     102       0       0       1       0                               0D    198
     102     337       0       0       0                        01010000D    199
     102       0       0       1       0                               0D    200
     142     338       0       0       0                        00010500D    201
     142       0       0       1       0                               0D    202
     126     339       0       0       0                        01010500D    203
     126       0       0      22       0                               0D    204
     124     361       0       0       0                        00000000D    205
     124       0       0       4       0                               0D    206
     100     365       0       0       0             205        01010000D    207
     100       0       0       1       0                               0D    208
     126     366       0       0       0                        01010500D    209
     126       0       0       2       0                               0D    210
     110     368       0       0       0                        01010000D    211
     110       0       0       1       0                               0D    212
     126     369       0       0       0                        01010500D    213
     126       0       0      22       0                               0D    214
     124     391       0       0       0                        00000000D    215
     124       0       0       4       0                               0D    216
     100     395       0       0       0             215        01010000D    217
     100       0       0       1       0                               0D    218
     126     396       0       0       0                        01010500D    219
     126       0       0       2       0                               0D    220
     110     398       0       0       0                        01010000D    221
     110       0       0       1       0                               0D    222
     102     399       0       0       0                        01010500D    223
     102       0       0       1       0                               0D    224
     102     400       0       0       0                        01010000D    225
     102       0       0       1       0                               0D    226
     142     401       0       0       0                        00010500D    227
     142       0       0       1       0                               0D    228
     144     402       0       0       0                        00000000D    229
     144       0      -1       1       0                               0D    230
     128     403       0       0       0                        01010000D    231
     128       0       0       3       0                               0D    232
     126     406       0       0       0                        01010500D    233
     126       0       0      44       0                               0D    234
     100     450       0       0       0                        01010000D    235
     100       0       0       1       0                               0D    236
     126     451       0       0       0                        01010500D    237
     126       0       0      44       0                               0D    238
     100     495       0       0       0                        01010000D    239
     100       0       0       1       0                               0D    240
     102     496       0       0       0                        01010500D    241
     102       0       0       1       0                               0D    242
     102     497       0       0       0                        01010000D    243
     102       0       0       1       0                               0D    244
     142     498       0       0       0                        00010500D    245
     142       0       0       1       0                               0D    246
     144     499       0       0       0                        00000000D    247
     144       0      -1       1       0                               0D    248
     128     500       0       0       0                        01010000D    249
     128       0       0       3       0                               0D    250
     126     503       0       0       0                        01010500D    251
     126       0       0       2       0                               0D    252
     110     505       0       0       0                        01010000D    253
     110       0       0       1       0                               0D    254
     126     506       0       0       0                        01010500D    255
     126       0       0       2       0                               0D    256
     110     508       0       0       0                        01010000D    257
     110       0       0       1       0                               0D    258
     126     509       0       0       0                        01010500D    259
     126       0       0       2       0                               0D    260
     110     511       0       0       0                        01010000D    261
     110       0       0       1       0                               0D    262
     126     512       0       0       0                        01010500D    263
     126       0       0       2       0                               0D    264
     110     514       0       0       0                        01010000D    265
     110       0       0       1       0                               0D    266
     102     515       0       0       0                        01010500D    267
     102       0       0       1       0                               0D    268
     102     516       0       0       0                        01010000D    269
     102       0       0       1       0                               0D    270
     142     517       0       0       0                        00010500D    271
     142       0       0       1       0                               0D    272
     144     518       0       0       0                        00000000D    273
     144       0      -1       1       0                               0D    274
     128     519       0       0       0                        01010000D    275
     128       0       0       3       0                               0D    276
     126     522       0       0       0                        01010500D    277
     126       0       0       2       0                               0D    278
     110     524       0       0       0                        01010000D    279
     110       0       0       1       0                               0D    280
     126     525       0       0       0                        01010500D    281
     126       0       0       6       0                               0D    282
     100     531       0       0       0                        01010000D    283
     100       0       0       1       0                               0D    284
     126     532       0       0       0                        01010500D    285
     126       0       0       2       0                               0D    286
     110     534       0       0       0                        01010000D    287
     110       0       0       1       0                               0D    288
     126     535       0       0       0                        01010500D    289
     126       0       0       2       0                               0D    290
     110     537       0       0       0                        01010000D    291
     110       0       0       1       0                               0D    292
     102     538       0       0       0                        01010500D    293
     102       0       0       1       0                               0D    294
     102     539       0       0       0                        01010000D    295
     102       0       0       1       0                               0D    296
     142     540       0       0       0                        00010500D    297
     142       0       0       1       0                               0D    298
     144     541       0       0       0                        00000000D    299
     144       0      -1       1       0                               0D    300
     128     542       0       0       0                        01010000D    301
     128       0       0       3       0                               0D    302
     126     545       0       0       0                        01010500D    303
     126       0       0       2       0                               0D    304
     110     547       0       0       0                        01010000D    305
     110       0       0       2       0                               0D    306
     126     549       0       0       0                        01010500D    307
     126       0       0       2       0                               0D    308
     110     551       0       0       0                        01010000D    309
     110       0       0       1       0                               0D    310
     126     552       0       0       0                        01010500D    311
     126       0       0       2       0                               0D    312
     110     554       0       0       0                        01010000D    313
     110       0       0       1       0                               0D    314
     126     555       0       0       0                        01010500D    315
     126       0       0       2       0                               0D    316
     110     557       0       0       0                        01010000D    317
     110       0       0       1       0                               0D    318
     102     558       0       0       0                        01010500D    319
     102       0       0       1       0                               0D    320
     102     559       0       0       0                        01010000D    321
     102       0       0       1       0                               0D    322
     142     560       0       0       0                        00010500D    323
     142       0       0       1       0                               0D    324
     126     561       0       0       0                        01010500D    325
     126       0       0      22       0                               0D    326
     124     583       0       0       0                        00000000D    327
     124       0       0       2       0                               0D    328
     100     585       0       0       0             327        01010000D    329
     100       0       0       1       0                               0D    330
     126     586       0       0       0                        01010500D    331
     126       0       0      22       0                               0D    332
     124     608       0       0       0                        00000000D    333
     124       0       0       3       0                               0D    334
     100     611       0       0       0             333        01010000D    335
     100       0       0       1       0                               0D    336
     102     612       0       0       0                        01010500D    337
     102       0       0       1       0                               0D    338
     102     613       0       0       0                        01010000D    339
     102       0       0       1       0                               0D    340
     142     614       0       0       0                        00010500D    341
     142       0       0       1       0                               0D    342
     144     615       0       0       0                        00000000D    343
     144       0      -1       1       0                               0D    344
     128     616       0       0       0                        01010000D    345
     128       0       0       3       0                               0D    346
     126     619       0       0       0                        01010500D    347
     126       0       0       2       0                               0D    348
     110     621       0       0       0                        01010000D    349
     110       0       0       1       0                               0D    350
     126     622       0       0       0                        01010500D    351
     126       0       0       6       0                               0D    352
     124     628       0       0       0                        00000000D    353
     124       0       0       4       0                               0D    354
     100     632       0       0       0             353        01010000D    355
     100       0       0       1       0                               0D    356
     126     633       0       0       0                        01010500D    357
     126       0       0       2       0                               0D    358
     110     635       0       0       0                        01010000D    359
     110       0       0       1       0                               0D    360
     126     636       0       0       0                        01010500D    361
     126       0       0       2       0                               0D    362
     110     638       0       0       0                        01010000D    363
     110       0       0       1       0                               0D    364
     102     639       0       0       0                        01010500D    365
     102       0       0       1       0                               0D    366
     102     640       0       0       0                        01010000D    367
     102       0       0       1       0                               0D    368
     142     641       0       0       0                        00010500D    369
     142       0       0       1       0                               0D    370
     126     642       0       0       0                        01010500D    371
     126       0       0      22       0                               0D    372
     100     664       0       0       0                        01010000D    373
     100       0       0       1       0                               0D    374
     126     665       0       0       0                        01010500D    375
     126       0       0      22       0                               0D    376
     100     687       0       0       0                        01010000D    377
     100       0       0       1       0                               0D    378
     102     688       0       0       0                        01010500D    379
     102       0       0       1       0                               0D    380
     102     689       0       0       0                        01010000D    381
     102       0       0       1       0                               0D    382
     142     690       0       0       0                        00010500D    383
     142       0       0       1       0                               0D    384
     144     691       0       0       0                        00000000D    385
     144       0      -1       1       0                               0D    386
     128     692       0       0       0                        01010000D    387
     128       0       0       3       0                               0D    388
     126     695       0       0       0                        01010500D    389
     126       0       0       2       0                               0D    390
     110     697       0       0       0                        01010000D    391
     110       0       0       1       0                               0D    392
     126     698       0       0       0                        01010500D    393
     126       0       0       2       0                               0D    394
     110     700       0       0       0                        01010000D    395
     110       0       0       1       0                               0D    396
     126     701       0       0       0                        01010500D    397
     126       0       0       2       0                               0D    398
     110     703       0       0       0                        01010000D    399
     110       0       0       1       0                               0D    400
     126     704       0       0       0                        01010500D    401
     126       0       0       2       0                               0D    402
     110     706       0       0       0                        01010000D    403
     110       0       0       1       0                               0D    404
     102     707       0       0       0                        01010500D    405
     102       0       0       1       0                               0D    406
     102     708       0       0       0                        01010000D    407
     102       0       0       1       0                               0D    408
     142     709       0       0       0                        00010500D    409
     142       0       0       1       0                               0D    410
     144     710       0       0       0                        00000000D    411
     144       0      -1       1       0                               0D    412
     110     711       0       0       0                        01010000D    413
     110       0       0       1       0                               0D    414
     110     712       0       0       0                        01010000D    415
     110       0       0       1       0                               0D    416
     120     713       0       0       0                        01010000D    417
     120       0       0       1       0                               0D    418
     126     714       0       0       0                        01010500D    419
     126       0       0       2       0                               0D    420
     124     716       0       0       0                        00000000D    421
     124       0       0       2       0                               0D    422
     100     718       0       0       0             421        01010000D    423
     100       0       0       1       0                               0D    424
     126     719       0       0       0                        01010500D    425
     126       0       0       2       0                               0D    426
     110     721       0       0       0                        01010000D    427
     110       0       0       1       0                               0D    428
     126     722       0       0       0                        01010500D    429
     126       0       0      36       0                               0D    430
     126     758       0       0       0                        01010000D    431
     126       0       0      16       0                               0D    432
     126     774       0       0       0                        01010500D    433
     126       0       0       2       0                               0D    434
     110     776       0       0       0                        01010000D    435
     110       0       0       1       0                               0D    436
     102     777       0       0       0                        01010500D    437
     102       0       0       1       0                               0D    438
     102     778       0       0       0                        01010000D    439
     102       0       0       1       0                               0D    440
     142     779       0       0       0                        00010500D    441
     142       0       0       1       0                               0D    442
     144     780       0       0       0                        00000000D    443
     144       0      -1       1       0                               0D    444
     110     781       0       0       0                        01010000D    445
     110       0       0       1       0                               0D    446
     110     782       0       0       0                        01010000D    447
     110       0       0       1       0                               0D    448
     120     783       0       0       0                        01010000D    449
     120       0       0       1       0                               0D    450
     126     784       0       0       0                        01010500D    451
     126       0       0       2       0                               0D    452
     110     786       0       0       0                        01010000D    453
     110       0       0       1       0                               0D    454
     126     787       0       0       0                        01010500D    455
     126       0       0       2       0                               0D    456
     100     789       0       0       0                        01010000D    457
     100       0       0       1       0                               0D    458
     126     790       0       0       0                        01010500D    459
     126       0       0       2       0                               0D    460
     110     792       0       0       0                        01010000D    461
     110       0       0       1       0                               0D    462
     126     793       0       0       0                        01010500D    463
     126       0       0       2       0                               0D    464
     124     795       0       0       0                        00000000D    465
     124       0       0       4       0                               0D    466
     100     799       0       0       0             465        01010000D    467
     100       0       0       1       0                               0D    468
     102     800       0       0       0                        01010500D    469
     102       0       0       1       0                               0D    470
     102     801       0       0       0                        01010000D    471
     102       0       0       1       0                               0D    472
     142     802       0       0       0                        00010500D    473
     142       0       0       1       0                               0D    474
     144     803       0       0       0                        00000000D    475
     144       0      -1       1       0                               0D    476
     128     804       0       0       0                        01010000D    477
     128       0       0       2       0                               0D    478
     126     806       0       0       0                        01010500D    479
     126       0       0       2       0                               0D    480
     110     808       0       0       0                        01010000D    481
     110       0       0       1       0                               0D    482
     126     809       0       0       0                        01010500D    483
     126       0       0       2       0                               0D    484
     110     811       0       0       0                        01010000D    485
     110       0       0       1       0                               0D    486
     126     812       0       0       0                        01010500D    487
     126       0       0       2       0                               0D    488
     110     814       0       0       0                        01010000D    489
     110       0       0       1       0                               0D    490
     126     815       0       0       0                        01010500D    491
     126       0       0       2       0                               0D    492
     110     817       0       0       0                        01010000D    493
     110       0       0       1       0                               0D    494
     102     818       0       0       0                        01010500D    495
     102       0       0       1       0                               0D    496
     102     819       0       0       0                        01010000D    497
     102       0       0       1       0                               0D    498
     142     820       0       0       0                        00010500D    499
     142       0       0       1       0                               0D    500
     144     821       0       0       0                        00000000D    501
     144       0      -1       1       0                               0D    502
     110     822       0       0       0                        01010000D    503
     110       0       0       1       0                               0D    504
     110     823       0       0       0                        01010000D    505
     110       0       0       1       0                               0D    506
     120     824       0       0       0                        01010000D    507
     120       0       0       1       0                               0D    508
     126     825       0       0       0                        01010500D    509
     126       0       0       2       0                               0D    510
     110     827       0       0       0                        01010000D    511
     110       0       0       1       0                               0D    512
     126     828       0       0       0                        01010500D    513
     126       0       0       2       0                               0D    514
     100     830       0       0       0                        01010000D    515
     100       0       0       1       0                               0D    516
     126     831       0       0       0                        01010500D    517
     126       0       0       2       0                               0D    518
     110     833       0       0       0                        01010000D    519
     110       0       0       1       0                               0D    520
     126     834       0       0       0                        01010500D    521
     126       0       0       2       0                               0D    522
     124     836       0       0       0                        00000000D    523
     124       0       0       4       0                               0D    524
     100     840       0       0       0             523        01010000D    525
     100       0       0       1       0                               0D    526
     102     841       0       0       0                        01010500D    527
     102       0       0       1       0                               0D    528
     102     842       0       0       0                        01010000D    529
     102       0       0       1       0                               0D    530
     142     843       0       0       0                        00010500D    531
     142       0       0       1       0                               0D    532
     144     844       0       0       0                        00000000D    533
     144       0      -1       1       0                               0D    534
     128     845       0       0       0                        01010000D    535
     128       0       0       2       0                               0D    536
     126     847       0       0       0                        01010500D    537
     126       0       0       2       0                               0D    538
     110     849       0       0       0                        01010000D    539
     110       0       0       1       0                               0D    540
     126     850       0       0       0                        01010500D    541
     126       0       0       2       0                               0D    542
     110     852       0       0       0                        01010000D    543
     110       0       0       1       0                               0D    544
     126     853       0       0       0                        01010500D    545
     126       0       0       2       0                               0D    546
     110     855       0       0       0                        01010000D    547
     110       0       0       1       0                               0D    548
     126     856       0       0       0                        01010500D    549
     126       0       0       2       0                               0D    550
     110     858       0       0       0                        01010000D    551
     110       0       0       1       0                               0D    552
     102     859       0       0       0                        01010500D    553
     102       0       0       1       0                               0D    554
     102     860       0       0       0                        01010000D    555
     102       0       0       1       0                               0D    556
     142     861       0       0       0                        00010500D    557
     142       0       0       1       0                               0D    558
     144     862       0       0       0                        00000000D    559
     144       0      -1       1       0                               0D    560
     128     863       0       0       0                        01010000D    561
     128       0       0       3       0                               0D    562
     126     866       0       0       0                        01010500D    563
     126       0       0      22       0                               0D    564
     100     888       0       0       0                        01010000D    565
     100       0       0       1       0                               0D    566
     126     889       0       0       0                        01010500D    567
     126       0       0       2       0                               0D    568
     110     891       0       0       0                        01010000D    569
     110       0       0       1       0                               0D    570
     126     892       0       0       0                        01010500D    571
     126       0       0      22       0                               0D    572
     100     914       0       0       0                        01010000D    573
     100       0       0       1       0                               0D    574
     126     915       0       0       0                        01010500D    575
     126       0       0       2       0                               0D    576
     110     917       0       0       0                        01010000D    577
     110       0       0       1       0                               0D    578
     102     918       0       0       0                        01010500D    579
     102       0       0       1       0                               0D    580
     102     919       0       0       0                        01010000D    581
     102       0       0       1       0                               0D    582
     142     920       0       0       0                        00010500D    583
     142       0       0       1       0                               0D    584
     126     921       0       0       0                        01010500D    585
     126       0       0      22       0                               0D    586
     124     943       0       0       0                        00000000D    587
     124       0       0       3       0                               0D    588
     100     946       0       0       0             587        01010000D    589
     100       0       0       1       0                               0D    590
     126     947       0       0       0                        01010500D    591
     126       0       0      22       0                               0D    592
     124     969       0       0       0                        00000000D    593
     124       0       0       4       0                               0D    594
     100     973       0       0       0             593        01010000D    595
     100       0       0       1       0                               0D    596
     102     974       0       0       0                        01010500D    597
     102       0       0       1       0                               0D    598
     102     975       0       0       0                        01010000D    599
     102       0       0       1       0                               0D    600
     142     976       0       0       0                        00010500D    601
     142       0       0       1       0                               0D    602
     144     977       0       0       0                        00000000D    603
     144       0      -1       1       0                               0D    604
     110     978       0       0       0                        01010000D    605
     110       0       0       1       0                               0D    606
     110     979       0       0       0                        01010000D    607
     110       0       0       1       0                               0D    608
     120     980       0       0       0                        01010000D    609
     120       0       0       1       0                               0D    610
     126     981       0       0       0                        01010500D    611
     126       0       0       2       0                               0D    612
     124     983       0       0       0                        00000000D    613
     124       0       0       3       0                               0D    614
     100     986       0       0       0             613        01010000D    615
     100       0       0       1       0                               0D    616
     126     987       0       0       0                        01010500D    617
     126       0       0       2       0                               0D    618
     110     989       0       0       0                        01010000D    619
     110       0       0       1       0                               0D    620
     126     990       0       0       0                        01010500D    621
     126       0       0       2       0                               0D    622
     100     992       0       0       0                        01010000D    623
     100       0       0       1       0                               0D    624
     126     993       0       0       0                        01010500D    625
     126       0       0       2       0                               0D    626
     110     995       0       0       0                        01010000D    627
     110       0       0       1       0                               0D    628
     102     996       0       0       0                        01010500D    629
     102       0       0       1       0                               0D    630
     102     997       0       0       0                        01010000D    631
     102       0       0       1       0                               0D    632
     142     998       0       0       0                        00010500D    633
     142       0       0       1       0                               0D    634
     144     999       0       0       0                        00000000D    635
     144       0      -1       1       0                               0D    636
314,0.784313725490196,23.921568627451,82.3529411764706,;               1P      1
110,0.,0.,24.,0.,0.,1024.;                                             3P      2
110,1.5,0.,26.,1.5,0.,27.;                                             5P      3
120,3,5,0.,6.28318530717959;                                           7P      4
126,1,1,1,0,1,0,0.,0.,1.,1.,1.,1.,0.,6.283185307,0.,1.,                9P      5
6.283185307,0.,0.,1.,0.,0.,1.;                                         9P      6
110,1.5,0.,26.,1.5,0.,27.;                                            11P      7
126,1,1,1,0,1,0,0.,0.,1.,1.,1.,1.,1.,6.283185307,0.,1.,               13P      8
3.141592654,0.,0.,1.,0.,0.,1.;                                        13P      9
124,1.,-7.35035671743047E-015,8.55166289179392E-031,                  15P     10
-2.30894898078436E-029,-7.35035671743047E-015,-1.,                    15P     11
6.98296267768627E-015,-1.88539992297529E-013,                         15P     12
-5.04721003363181E-029,-6.98296267768627E-015,-1.,54.;                15P     13
100,27.,0.,0.,1.5,0.,-1.5,0.;                                         17P     14
126,1,1,1,0,1,0,0.,0.,1.,1.,1.,1.,1.,3.141592654,0.,0.,               19P     15
3.141592654,0.,0.,1.,0.,0.,1.;                                        19P     16
110,-1.5,0.,27.,-1.5,0.,26.;                                          21P     17
126,1,1,1,0,1,0,0.,0.,1.,1.,1.,1.,0.,3.141592654,0.,0.,               23P     18
6.283185307,0.,0.,1.,0.,0.,1.;                                        23P     19
100,26.,0.,0.,-1.5,0.,1.5,0.;                                         25P     20
102,4,9,13,19,23;                                                     27P     21
102,4,11,17,21,25;                                                    29P     22
142,1,7,27,29,1;                                                      31P     23
144,7,1,0,31;                                                         33P     24
110,-14.5,5.05,13.,985.5,5.05,13.;                                    35P     25
110,-14.562148108,5.05,7.,-4.141981958,5.05,7.;                       37P     26
120,35,37,0.,6.28318530717959;                                        39P     27
126,16,2,1,0,1,0,0.,0.,0.,0.125,0.125,0.25,0.25,0.375,0.375,          41P     28
0.5,0.5,0.625,0.625,0.75,0.75,0.875,0.875,1.,1.,1.,1.,1.,1.,1.,       41P     29
1.,1.,1.,1.,1.,1.,1.,1.,1.,1.,1.,1.,1.,0.005964215,4.141954927,       41P     30
0.,0.005964215,4.202419171,0.,0.006519195,4.284667392,0.,             41P     31
0.006665873,4.306405123,0.,0.007619515,4.426839755,0.,                41P     32
0.008290113,4.51152903,0.,0.008583697,4.570003869,0.,                 41P     33
0.008953103,4.643580671,0.,0.008954007,4.712039451,0.,                41P     34
0.008954918,4.780999855,0.,0.00858184,4.855143575,0.,                 41P     35
0.008288941,4.913352729,0.,0.0076236,4.997422203,0.,                  41P     36
0.006663557,5.118728814,0.,0.006520236,5.139956348,0.,                41P     37
0.005964215,5.222309481,0.,0.005964215,5.282823034,0.,0.,1.,0.,       41P     38
0.,-1.;                                                               41P     39
126,5,3,1,0,1,0,0.,0.,0.,0.,0.5,0.5,1.,1.,1.,1.,1.,1.,1.,1.,1.,       43P     40
1.,-14.5,0.,16.239984568,-14.5,-0.621944834,15.270590625,             43P     41
-14.468871975,-0.949601984,14.139769142,-14.468819757,                43P     42
-0.950397283,11.864425206,-14.5,-0.61345871,10.716182481,-14.5,       43P     43
0.,9.760015432,0.,1.,-0.995707242,0.077903456,-0.049981385;           43P     44
126,10,2,1,0,1,0,0.,0.,0.,0.125,0.125,0.25,0.25,0.5,0.5,0.75,         45P     45
0.75,1.,1.,1.,1.,1.,1.,1.,1.,1.,1.,1.,1.,1.,1.,0.005964215,           45P     46
5.282823034,0.,0.005964215,5.351142402,0.,0.00663416,                 45P     47
5.409522833,0.,0.007406902,5.476861244,0.,0.009133041,                45P     48
5.53723926,0.,0.012984757,5.671967131,0.,0.022208963,                 45P     49
5.789949991,0.,0.032284401,5.918820598,0.,0.049637407,                45P     50
6.039824002,0.,0.067156544,6.161985852,0.,0.093085162,                45P     51
6.283185307,0.,0.,1.,0.,0.,-1.;                                       45P     52
126,5,3,1,0,1,0,0.,0.,0.,0.,0.5,0.5,1.,1.,1.,1.,1.,1.,1.,1.,1.,       47P     53
1.,-14.5,0.,9.760015432,-14.5,0.547269684,8.907013868,                47P     54
-14.468260312,1.316947709,8.194760796,-14.193193735,                  47P     55
3.101315742,7.235571765,-13.945624321,4.098711037,7.,                 47P     56
-13.592185255,5.05,7.,0.,1.,-0.992807064,0.100768748,                 47P     57
0.064651324;                                                          47P     58
126,1,1,1,0,1,0,0.,0.,1.,1.,1.,1.,0.093085162,6.283185307,0.,         49P     59
1.,6.283185307,0.,0.,1.,0.,0.,1.;                                     49P     60
110,-13.592185255,5.05,7.,-4.141981958,5.05,7.;                       51P     61
126,1,1,1,0,1,0,0.,0.,1.,1.,1.,1.,1.,6.283185307,0.,1.,               53P     62
3.141592654,0.,0.,1.,0.,0.,1.;                                        53P     63
124,-6.12323399573677E-017,4.27583144589696E-031,-1.,                 55P     64
8.85801804241869,-6.98296267768627E-015,-1.,0.,10.1,-1.,              55P     65
6.98296267768627E-015,6.12323399573677E-017,8.85801804241866;         55P     66
100,13.,-4.141981958,5.05,1.858018042,5.05,-10.141981958,5.05;        57P     67
126,1,1,1,0,1,0,0.,0.,1.,1.,1.,1.,1.,3.141592654,0.,                  59P     68
0.093085162,3.141592654,0.,0.,1.,0.,0.,1.;                            59P     69
110,-4.141981958,5.05,19.,-13.592185255,5.05,19.;                     61P     70
126,10,2,1,0,1,0,0.,0.,0.,0.25,0.25,0.5,0.5,0.75,0.75,0.875,          63P     71
0.875,1.,1.,1.,1.,1.,1.,1.,1.,1.,1.,1.,1.,1.,1.,0.093085162,          63P     72
3.141592654,0.,0.06720675,3.262557429,0.,0.049706195,                 63P     73
3.384474522,0.,0.032385061,3.50514168,0.,0.02230476,3.63360491,       63P     74
0.,0.013044035,3.751623461,0.,0.009167456,3.886338822,0.,             63P     75
0.007428386,3.946773406,0.,0.006646815,4.014158215,0.,                63P     76
0.005964215,4.073010007,0.,0.005964215,4.141954927,0.,0.,1.,0.,       63P     77
0.,-1.;                                                               63P     78
126,5,3,1,0,1,0,0.,0.,0.,0.,0.5,0.5,1.,1.,1.,1.,1.,1.,1.,1.,1.,       65P     79
1.,-13.592185255,5.05,19.,-13.94476422,4.101026018,19.,               65P     80
-14.191590059,3.109031798,18.767163362,-14.467867552,                 65P     81
1.322163234,17.809445274,-14.5,0.553577185,17.102817314,-14.5,        65P     82
0.,16.239984568,0.,1.,-0.841733144,0.312735024,-0.440093306;          65P     83
102,6,41,45,49,53,59,63;                                              67P     84
102,6,43,47,51,57,61,65;                                              69P     85
142,1,39,67,69,1;                                                     71P     86
144,39,1,0,71;                                                        73P     87
110,0.,0.,29.,0.,0.,-971.;                                            75P     88
110,-14.5,0.,29.,-14.5,0.,0.;                                         77P     89
120,75,77,0.,6.28318530717959;                                        79P     90
126,1,1,1,0,1,0,0.,0.,1.,1.,1.,1.,0.,0.,0.,0.,3.141592654,0.,         81P     91
0.,1.,0.,0.,1.;                                                       81P     92
124,-1.,-7.22789203751574E-015,8.55166289179392E-031,                 83P     93
-2.47998223862025E-029,-7.22789203751574E-015,1.,                     83P     94
-6.98296267768627E-015,2.02505917652902E-013,                         83P     95
4.96169340471387E-029,-6.98296267768627E-015,-1.,58.;                 83P     96
100,29.,0.,0.,14.5,0.,-14.5,0.;                                       85P     97
126,1,1,1,0,1,0,0.,0.,1.,1.,1.,1.,0.,3.141592654,0.,1.,               87P     98
3.141592654,0.,0.,1.,0.,0.,1.;                                        87P     99
110,14.5,0.,29.,14.5,0.,0.;                                           89P    100
126,1,1,1,0,1,0,0.,0.,1.,1.,1.,1.,1.,3.141592654,0.,1.,0.,0.,         91P    101
0.,1.,0.,0.,1.;                                                       91P    102
100,0.,0.,0.,14.5,0.,-14.5,0.;                                        93P    103
126,1,1,1,0,1,0,0.,0.,1.,1.,1.,1.,1.,0.,0.,0.663447744,0.,0.,         95P    104
0.,1.,0.,0.,1.;                                                       95P    105
110,-14.5,0.,0.,-14.5,0.,9.760015432;                                 97P    106
126,12,2,1,0,1,0,0.,0.,0.,0.125,0.125,0.25,0.25,0.375,0.375,          99P    107
0.5,0.5,0.75,0.75,1.,1.,1.,1.,1.,1.,1.,1.,1.,1.,1.,1.,1.,1.,1.,       99P    108
1.,0.663447744,0.,0.,0.674502139,0.014184583,0.,0.684556461,          99P    109
0.031031684,0.,0.694712441,0.048049126,0.,0.70367852,                 99P    110
0.06749941,0.,0.712589284,0.086829698,0.,0.720184613,                 99P    111
0.108260222,0.,0.727785618,0.129706764,0.,0.733959783,                99P    112
0.152949554,0.,0.746292933,0.199377984,0.,0.752524172,                99P    113
0.251199192,0.,0.75862069,0.301900008,0.,0.75862069,                  99P    114
0.355731182,0.,0.,1.,0.,0.,1.;                                        99P    115
126,5,3,1,0,1,0,0.,0.,0.,0.,0.5,0.5,1.,1.,1.,1.,1.,1.,1.,1.,1.,      101P    116
1.,-14.5,0.,9.760015432,-14.5,0.547269684,8.907013868,               101P    117
-14.468260312,1.316947709,8.194760796,-14.193193735,                 101P    118
3.101315742,7.235571765,-13.945624321,4.098711037,7.,                101P    119
-13.592185255,5.05,7.,0.,1.,-0.992807064,0.100768748,                101P    120
0.064651324;                                                         101P    121
126,32,2,1,0,1,0,0.,0.,0.,0.0625,0.0625,0.125,0.125,0.1875,          103P    122
0.1875,0.25,0.25,0.3125,0.3125,0.375,0.375,0.4375,0.4375,0.5,        103P    123
0.5,0.5625,0.5625,0.625,0.625,0.6875,0.6875,0.75,0.75,0.8125,        103P    124
0.8125,0.875,0.875,0.9375,0.9375,1.,1.,1.,1.,1.,1.,1.,1.,1.,1.,      103P    125
1.,1.,1.,1.,1.,1.,1.,1.,1.,1.,1.,1.,1.,1.,1.,1.,1.,1.,1.,1.,1.,      103P    126
1.,1.,1.,1.,1.,0.75862069,0.355731182,0.,0.75862069,                 103P    127
0.399996171,0.,0.754487529,0.445127155,0.,0.750508741,               103P    128
0.488572511,0.,0.742818138,0.53156806,0.,0.735301187,                103P    129
0.573592777,0.,0.724523617,0.613632984,0.,0.713849564,               103P    130
0.653288612,0.,0.700502078,0.689078565,0.,0.686737858,               103P    131
0.72598595,0.,0.670950235,0.75660303,0.,0.654136995,                 103P    132
0.789209096,0.,0.636047336,0.812694515,0.,0.616199234,               103P    133
0.838462882,0.,0.59575202,0.851988397,0.,0.57377644,                 103P    134
0.866524903,0.,0.5516561,0.866502434,0.,0.529460019,                 103P    135
0.866479888,0.,0.507411385,0.851799341,0.,0.486938487,               103P    136
0.83816796,0.,0.467071774,0.812266262,0.,0.448975736,                103P    137
0.788673124,0.,0.432167122,0.755960135,0.,0.416458623,               103P    138
0.725388194,0.,0.402765285,0.688592952,0.,0.389413244,               103P    139
0.652714804,0.,0.378747744,0.612974757,0.,0.368051829,               103P    140
0.573121383,0.,0.360584767,0.53131422,0.,0.352913128,                103P    141
0.488361652,0.,0.348945789,0.44496368,0.,0.344827586,                103P    142
0.399915446,0.,0.344827586,0.355731182,0.,0.,1.,0.,0.,1.;            103P    143
126,17,3,1,0,1,0,0.,0.,0.,0.,0.125,0.125,0.25,0.25,0.375,0.375,      105P    144
0.5,0.5,0.625,0.625,0.75,0.75,0.875,0.875,1.,1.,1.,1.,1.,1.,1.,      105P    145
1.,1.,1.,1.,1.,1.,1.,1.,1.,1.,1.,1.,1.,1.,1.,-13.592185255,          105P    146
5.05,7.,-13.290985869,5.860684723,7.,-12.913343134,6.645535162,      105P    147
7.165983424,-12.085042659,8.05414877,7.750564599,-11.634715195,      105P    148
8.681541412,8.165588908,-10.748419041,9.757420103,9.205290577,       105P    149
-10.315628437,10.201233385,9.82009297,-9.623157129,                  105P    150
10.856896402,11.289161528,-9.38835603,11.050283763,                  105P    151
12.138092202,-9.389024743,11.049715588,13.865854002,                 105P    152
-9.630918418,10.849824513,14.730058459,-10.316883522,                105P    153
10.199764504,16.179778642,-10.756490354,9.748147913,                 105P    154
16.804962172,-11.635595449,8.679941879,17.834651269,                 105P    155
-12.090367514,8.045498286,18.253493205,-12.91174885,                 105P    156
6.647839569,18.832590295,-13.291033314,5.860557023,19.,              105P    157
-13.592185255,5.05,19.,0.,1.,-0.843123291,0.313251515,               105P    158
0.437054464;                                                         105P    159
126,12,2,1,0,1,0,0.,0.,0.,0.25,0.25,0.5,0.5,0.625,0.625,0.75,        107P    160
0.75,0.875,0.875,1.,1.,1.,1.,1.,1.,1.,1.,1.,1.,1.,1.,1.,1.,1.,       107P    161
1.,0.344827586,0.355731182,0.,0.344827586,0.302006533,0.,            107P    162
0.350900225,0.25139799,0.,0.357100859,0.199722743,0.,                107P    163
0.369368817,0.153400754,0.,0.375531473,0.130131476,0.,               107P    164
0.383123153,0.108657179,0.,0.390704229,0.087212875,0.,               107P    165
0.399601386,0.067865103,0.,0.408562995,0.048377171,0.,               107P    166
0.418717898,0.031323427,0.,0.428850079,0.01430784,0.,                107P    167
0.440000532,0.,0.,0.,1.,0.,0.,1.;                                    107P    168
126,5,3,1,0,1,0,0.,0.,0.,0.,0.5,0.5,1.,1.,1.,1.,1.,1.,1.,1.,1.,      109P    169
1.,-13.592185255,5.05,19.,-13.94476422,4.101026018,19.,              109P    170
-14.191590059,3.109031798,18.767163362,-14.467867552,                109P    171
1.322163234,17.809445274,-14.5,0.553577185,17.102817314,-14.5,       109P    172
0.,16.239984568,0.,1.,-0.841733144,0.312735024,-0.440093306;         109P    173
126,1,1,1,0,1,0,0.,0.,1.,1.,1.,1.,0.440000532,0.,0.,0.,0.,0.,        111P    174
0.,1.,0.,0.,1.;                                                      111P    175
110,-14.5,0.,16.239984568,-14.5,0.,29.;                              113P    176
102,8,81,87,91,95,99,103,107,111;                                    115P    177
102,8,85,89,93,97,101,105,109,113;                                   117P    178
142,1,79,115,117,1;                                                  119P    179
126,1,1,1,0,1,0,0.,0.,1.,1.,1.,1.,0.103448276,1.877296883,0.,        121P    180
0.103448276,1.281107608,0.,0.,1.,0.,0.,1.;                           121P    181
100,26.,0.,0.,4.375,13.824231443,-4.141981958,13.895826189;          123P    182
126,1,1,1,0,1,0,0.,0.,1.,1.,1.,1.,0.103448276,1.281107608,0.,        125P    183
0.982758621,1.281107608,0.,0.,1.,0.,0.,1.;                           125P    184
110,-4.141981958,13.895826189,26.,-4.141981958,13.895826189,         127P    185
0.5;                                                                 127P    186
126,1,1,1,0,1,0,0.,0.,1.,1.,1.,1.,0.982758621,1.281107608,0.,        129P    187
0.982758621,1.877296883,0.,0.,1.,0.,0.,1.;                           129P    188
124,-0.285653928109056,0.95833284059134,6.64849932623797E-015,       131P    189
-3.32424966311899E-015,0.95833284059134,0.285653928109056,           131P    190
-2.13544351758032E-015,1.06772175879016E-015,                        131P    191
-3.9456356006954E-015,5.76147741593141E-015,-1.,1.;                  131P    192
100,0.5,0.,0.,14.5,0.,11.998479053,8.141652192;                      133P    193
126,1,1,1,0,1,0,0.,0.,1.,1.,1.,1.,0.982758621,1.877296883,0.,        135P    194
0.103448276,1.877296883,0.,0.,1.,0.,0.,1.;                           135P    195
110,4.375,13.824231443,0.5,4.375,13.824231443,26.;                   137P    196
102,4,121,125,129,135;                                               139P    197
102,4,123,127,133,137;                                               141P    198
142,1,79,139,141,1;                                                  143P    199
144,79,1,1,119,143;                                                  145P    200
110,0.,0.,29.,0.,0.,-971.;                                           147P    201
110,-14.5,0.,29.,-14.5,0.,0.;                                        149P    202
120,147,149,0.,6.28318530717959;                                     151P    203
126,1,1,1,0,1,0,0.,0.,1.,1.,1.,1.,1.,3.141592654,0.,0.,              153P    204
3.141592654,0.,0.,1.,0.,0.,1.;                                       153P    205
110,14.5,0.,0.,14.5,0.,29.;                                          155P    206
126,1,1,1,0,1,0,0.,0.,1.,1.,1.,1.,0.,3.141592654,0.,0.,              157P    207
6.283185307,0.,0.,1.,0.,0.,1.;                                       157P    208
124,1.,-7.105427357601E-015,0.,0.,-7.105427357601E-015,-1.,          159P    209
6.98296267768627E-015,-2.02505917652902E-013,                        159P    210
-4.96169340471387E-029,-6.98296267768627E-015,-1.,58.;               159P    211
100,29.,0.,0.,14.5,0.,-14.5,0.;                                      161P    212
126,1,1,1,0,1,0,0.,0.,1.,1.,1.,1.,0.,6.283185307,0.,                 163P    213
0.440000532,6.283185307,0.,0.,1.,0.,0.,1.;                           163P    214
110,-14.5,0.,29.,-14.5,0.,16.239984568;                              165P    215
126,16,2,1,0,1,0,0.,0.,0.,0.125,0.125,0.25,0.25,0.375,0.375,         167P    216
0.5,0.5,0.625,0.625,0.75,0.75,0.875,0.875,1.,1.,1.,1.,1.,1.,1.,      167P    217
1.,1.,1.,1.,1.,1.,1.,1.,1.,1.,1.,1.,1.,0.440000532,6.283185307,      167P    218
0.,0.452444419,6.267217782,0.,0.465903712,6.25494161,0.,             167P    219
0.479311389,6.242712518,0.,0.49344459,6.234404409,0.,                167P    220
0.507683526,6.226034145,0.,0.522364588,6.221816993,0.,               167P    221
0.536935655,6.217631438,0.,0.551651822,6.217621128,0.,               167P    222
0.566479066,6.217610741,0.,0.581159357,6.221838758,0.,               167P    223
0.595748558,6.22604054,0.,0.609901241,6.234344245,0.,                167P    224
0.624072659,6.242658943,0.,0.637515529,6.254915134,0.,               167P    225
0.650990363,6.267200467,0.,0.663447744,6.283185307,0.,0.,1.,0.,      167P    226
0.,1.;                                                               167P    227
126,5,3,1,0,1,0,0.,0.,0.,0.,0.5,0.5,1.,1.,1.,1.,1.,1.,1.,1.,1.,      169P    228
1.,-14.5,0.,16.239984568,-14.5,-0.621944834,15.270590625,            169P    229
-14.468871975,-0.949601984,14.139769142,-14.468819757,               169P    230
-0.950397283,11.864425206,-14.5,-0.61345871,10.716182481,-14.5,      169P    231
0.,9.760015432,0.,1.,-0.995707242,0.077903456,-0.049981385;          169P    232
126,1,1,1,0,1,0,0.,0.,1.,1.,1.,1.,0.663447744,6.283185307,0.,        171P    233
1.,6.283185307,0.,0.,1.,0.,0.,1.;                                    171P    234
110,-14.5,0.,9.760015432,-14.5,0.,0.;                                173P    235
126,1,1,1,0,1,0,0.,0.,1.,1.,1.,1.,1.,6.283185307,0.,1.,              175P    236
3.141592654,0.,0.,1.,0.,0.,1.;                                       175P    237
100,0.,0.,0.,-14.5,0.,14.5,0.;                                       177P    238
102,6,153,157,163,167,171,175;                                       179P    239
102,6,155,161,165,169,173,177;                                       181P    240
142,1,151,179,181,1;                                                 183P    241
144,151,1,0,183;                                                     185P    242
128,1,1,1,1,0,0,1,0,0,0.,0.,1.,1.,0.,0.,1.,1.,1.,1.,1.,1.,           187P    243
-14.674,-14.674,29.,14.674,-14.674,29.,-14.674,14.674,29.,           187P    244
14.674,14.674,29.,0.,1.,0.,1.;                                       187P    245
126,64,2,1,0,1,0,0.,0.,0.,0.03125,0.03125,0.0625,0.0625,             189P    246
0.09375,0.09375,0.125,0.125,0.15625,0.15625,0.1875,0.1875,           189P    247
0.21875,0.21875,0.25,0.25,0.28125,0.28125,0.3125,0.3125,             189P    248
0.34375,0.34375,0.375,0.375,0.40625,0.40625,0.4375,0.4375,           189P    249
0.46875,0.46875,0.5,0.5,0.53125,0.53125,0.5625,0.5625,0.59375,       189P    250
0.59375,0.625,0.625,0.65625,0.65625,0.6875,0.6875,0.71875,           189P    251
0.71875,0.75,0.75,0.78125,0.78125,0.8125,0.8125,0.84375,             189P    252
0.84375,0.875,0.875,0.90625,0.90625,0.9375,0.9375,0.96875,           189P    253
0.96875,1.,1.,1.,1.,1.,1.,1.,1.,1.,1.,1.,1.,1.,1.,1.,1.,1.,1.,       189P    254
1.,1.,1.,1.,1.,1.,1.,1.,1.,1.,1.,1.,1.,1.,1.,1.,1.,1.,1.,1.,1.,      189P    255
1.,1.,1.,1.,1.,1.,1.,1.,1.,1.,1.,1.,1.,1.,1.,1.,1.,1.,1.,1.,1.,      189P    256
1.,1.,1.,1.,1.,1.,1.,1.,0.005928854,0.5,0.,0.005928854,              189P    257
0.475727841,0.,0.008307941,0.451572559,0.,0.010687029,               189P    258
0.427417277,0.,0.015422292,0.403611501,0.,0.020157556,               189P    259
0.379805725,0.,0.027203391,0.356578717,0.,0.034249227,               189P    260
0.333351709,0.,0.04353778,0.310927158,0.,0.052826333,                189P    261
0.288502607,0.,0.06426815,0.267096474,0.,0.075709967,                189P    262
0.245690341,0.,0.089194856,0.225508778,0.,0.102679745,               189P    263
0.205327216,0.,0.118077839,0.186564583,0.,0.133475934,               189P    264
0.16780195,0.,0.150638942,0.150638942,0.,0.16780195,                 189P    265
0.133475934,0.,0.186564583,0.118077839,0.,0.205327216,               189P    266
0.102679745,0.,0.225508778,0.089194856,0.,0.245690341,               189P    267
0.075709967,0.,0.267096474,0.06426815,0.,0.288502607,                189P    268
0.052826333,0.,0.310927158,0.04353778,0.,0.333351709,                189P    269
0.034249227,0.,0.356578717,0.027203391,0.,0.379805725,               189P    270
0.020157556,0.,0.403611501,0.015422292,0.,0.427417277,               189P    271
0.010687029,0.,0.451572559,0.008307941,0.,0.475727841,               189P    272
0.005928854,0.,0.5,0.005928854,0.,0.524272159,0.005928854,0.,        189P    273
0.548427441,0.008307941,0.,0.572582723,0.010687029,0.,               189P    274
0.596388499,0.015422292,0.,0.620194275,0.020157556,0.,               189P    275
0.643421283,0.027203391,0.,0.666648291,0.034249227,0.,               189P    276
0.689072842,0.04353778,0.,0.711497393,0.052826333,0.,                189P    277
0.732903526,0.06426815,0.,0.754309659,0.075709967,0.,                189P    278
0.774491222,0.089194856,0.,0.794672784,0.102679745,0.,               189P    279
0.813435417,0.118077839,0.,0.83219805,0.133475934,0.,                189P    280
0.849361058,0.150638942,0.,0.866524066,0.16780195,0.,                189P    281
0.881922161,0.186564583,0.,0.897320255,0.205327216,0.,               189P    282
0.910805144,0.225508778,0.,0.924290033,0.245690341,0.,               189P    283
0.93573185,0.267096474,0.,0.947173667,0.288502607,0.,                189P    284
0.95646222,0.310927158,0.,0.965750773,0.333351709,0.,                189P    285
0.972796609,0.356578717,0.,0.979842444,0.379805725,0.,               189P    286
0.984577708,0.403611501,0.,0.989312971,0.427417277,0.,               189P    287
0.991692059,0.451572559,0.,0.994071146,0.475727841,0.,               189P    288
0.994071146,0.5,0.,0.,1.,0.,0.,-1.;                                  189P    289
100,29.,0.,0.,-14.5,0.,14.5,0.;                                      191P    290
126,64,2,1,0,1,0,0.,0.,0.,0.03125,0.03125,0.0625,0.0625,             193P    291
0.09375,0.09375,0.125,0.125,0.15625,0.15625,0.1875,0.1875,           193P    292
0.21875,0.21875,0.25,0.25,0.28125,0.28125,0.3125,0.3125,             193P    293
0.34375,0.34375,0.375,0.375,0.40625,0.40625,0.4375,0.4375,           193P    294
0.46875,0.46875,0.5,0.5,0.53125,0.53125,0.5625,0.5625,0.59375,       193P    295
0.59375,0.625,0.625,0.65625,0.65625,0.6875,0.6875,0.71875,           193P    296
0.71875,0.75,0.75,0.78125,0.78125,0.8125,0.8125,0.84375,             193P    297
0.84375,0.875,0.875,0.90625,0.90625,0.9375,0.9375,0.96875,           193P    298
0.96875,1.,1.,1.,1.,1.,1.,1.,1.,1.,1.,1.,1.,1.,1.,1.,1.,1.,1.,       193P    299
1.,1.,1.,1.,1.,1.,1.,1.,1.,1.,1.,1.,1.,1.,1.,1.,1.,1.,1.,1.,1.,      193P    300
1.,1.,1.,1.,1.,1.,1.,1.,1.,1.,1.,1.,1.,1.,1.,1.,1.,1.,1.,1.,1.,      193P    301
1.,1.,1.,1.,1.,1.,1.,1.,0.994071146,0.5,0.,0.994071146,              193P    302
0.524272159,0.,0.991692059,0.548427441,0.,0.989312971,               193P    303
0.572582723,0.,0.984577708,0.596388499,0.,0.979842444,               193P    304
0.620194275,0.,0.972796609,0.643421283,0.,0.965750773,               193P    305
0.666648291,0.,0.95646222,0.689072842,0.,0.947173667,                193P    306
0.711497393,0.,0.93573185,0.732903526,0.,0.924290033,                193P    307
0.754309659,0.,0.910805144,0.774491222,0.,0.897320255,               193P    308
0.794672784,0.,0.881922161,0.813435417,0.,0.866524066,               193P    309
0.83219805,0.,0.849361058,0.849361058,0.,0.83219805,                 193P    310
0.866524066,0.,0.813435417,0.881922161,0.,0.794672784,               193P    311
0.897320255,0.,0.774491222,0.910805144,0.,0.754309659,               193P    312
0.924290033,0.,0.732903526,0.93573185,0.,0.711497393,                193P    313
0.947173667,0.,0.689072842,0.95646222,0.,0.666648291,                193P    314
0.965750773,0.,0.643421283,0.972796609,0.,0.620194275,               193P    315
0.979842444,0.,0.596388499,0.984577708,0.,0.572582723,               193P    316
0.989312971,0.,0.548427441,0.991692059,0.,0.524272159,               193P    317
0.994071146,0.,0.5,0.994071146,0.,0.475727841,0.994071146,0.,        193P    318
0.451572559,0.991692059,0.,0.427417277,0.989312971,0.,               193P    319
0.403611501,0.984577708,0.,0.379805725,0.979842444,0.,               193P    320
0.356578717,0.972796609,0.,0.333351709,0.965750773,0.,               193P    321
0.310927158,0.95646222,0.,0.288502607,0.947173667,0.,                193P    322
0.267096474,0.93573185,0.,0.245690341,0.924290033,0.,                193P    323
0.225508778,0.910805144,0.,0.205327216,0.897320255,0.,               193P    324
0.186564583,0.881922161,0.,0.16780195,0.866524066,0.,                193P    325
0.150638942,0.849361058,0.,0.133475934,0.83219805,0.,                193P    326
0.118077839,0.813435417,0.,0.102679745,0.794672784,0.,               193P    327
0.089194856,0.774491222,0.,0.075709967,0.754309659,0.,               193P    328
0.06426815,0.732903526,0.,0.052826333,0.711497393,0.,                193P    329
0.04353778,0.689072842,0.,0.034249227,0.666648291,0.,                193P    330
0.027203391,0.643421283,0.,0.020157556,0.620194275,0.,               193P    331
0.015422292,0.596388499,0.,0.010687029,0.572582723,0.,               193P    332
0.008307941,0.548427441,0.,0.005928854,0.524272159,0.,               193P    333
0.005928854,0.5,0.,0.,1.,0.,0.,-1.;                                  193P    334
100,29.,0.,0.,14.5,0.,-14.5,0.;                                      195P    335
102,2,189,193;                                                       197P    336
102,2,191,195;                                                       199P    337
142,1,187,197,199,1;                                                 201P    338
126,32,2,1,0,1,0,0.,0.,0.,0.0625,0.0625,0.125,0.125,0.1875,          203P    339
0.1875,0.25,0.25,0.3125,0.3125,0.375,0.375,0.4375,0.4375,0.5,        203P    340
0.5,0.5625,0.5625,0.625,0.625,0.6875,0.6875,0.75,0.75,0.8125,        203P    341
0.8125,0.875,0.875,0.9375,0.9375,1.,1.,1.,1.,1.,1.,1.,1.,1.,1.,      203P    342
1.,1.,1.,1.,1.,1.,1.,1.,1.,1.,1.,1.,1.,1.,1.,1.,1.,1.,1.,1.,1.,      203P    343
1.,1.,1.,1.,1.,0.431852256,0.908886466,0.,0.431852256,               203P    344
0.915598433,0.,0.433161695,0.922181431,0.,0.434471135,               203P    345
0.92876443,0.,0.437039694,0.934965479,0.,0.439608252,                203P    346
0.941166527,0.,0.443337221,0.946747324,0.,0.447066191,               203P    347
0.952328121,0.,0.451812268,0.957074198,0.,0.456558345,               203P    348
0.961820275,0.,0.462139142,0.965549244,0.,0.467719938,               203P    349
0.969278213,0.,0.473920987,0.971846772,0.,0.480122036,               203P    350
0.974415331,0.,0.486705035,0.97572477,0.,0.493288033,                203P    351
0.97703421,0.,0.5,0.97703421,0.,0.506711967,0.97703421,0.,           203P    352
0.513294965,0.97572477,0.,0.519877964,0.974415331,0.,                203P    353
0.526079013,0.971846772,0.,0.532280062,0.969278213,0.,               203P    354
0.537860858,0.965549244,0.,0.543441655,0.961820275,0.,               203P    355
0.548187732,0.957074198,0.,0.552933809,0.952328121,0.,               203P    356
0.556662779,0.946747324,0.,0.560391748,0.941166527,0.,               203P    357
0.562960306,0.934965479,0.,0.565528865,0.92876443,0.,                203P    358
0.566838305,0.922181431,0.,0.568147744,0.915598433,0.,               203P    359
0.568147744,0.908886466,0.,0.,1.,0.,0.,1.;                           203P    360
124,-1.,-6.98296267768627E-015,0.,8.37955521322352E-014,             205P    361
-6.98296267768627E-015,1.,-6.98296267768627E-015,                    205P    362
2.02049188616518E-013,4.87617677579594E-029,                         205P    363
-6.98296267768627E-015,-1.,58.0000000000001;                         205P    364
100,29.,0.,12.,2.,12.,-2.,12.;                                       207P    365
126,1,1,1,0,1,0,0.,0.,1.,1.,1.,1.,0.568147744,0.908886466,0.,        209P    366
0.636295489,0.5,0.,0.,1.,0.,0.,1.;                                   209P    367
110,2.,12.,29.,4.,0.,29.;                                            211P    368
126,32,2,1,0,1,0,0.,0.,0.,0.0625,0.0625,0.125,0.125,0.1875,          213P    369
0.1875,0.25,0.25,0.3125,0.3125,0.375,0.375,0.4375,0.4375,0.5,        213P    370
0.5,0.5625,0.5625,0.625,0.625,0.6875,0.6875,0.75,0.75,0.8125,        213P    371
0.8125,0.875,0.875,0.9375,0.9375,1.,1.,1.,1.,1.,1.,1.,1.,1.,1.,      213P    372
1.,1.,1.,1.,1.,1.,1.,1.,1.,1.,1.,1.,1.,1.,1.,1.,1.,1.,1.,1.,1.,      213P    373
1.,1.,1.,1.,1.,0.636295489,0.5,0.,0.636295489,0.486576066,0.,        213P    374
0.633676609,0.473410069,0.,0.631057729,0.460244072,0.,               213P    375
0.625920612,0.447841975,0.,0.620783495,0.435439877,0.,               213P    376
0.613325557,0.424278284,0.,0.605867619,0.41311669,0.,                213P    377
0.596375464,0.403624536,0.,0.58688331,0.394132381,0.,                213P    378
0.575721716,0.386674443,0.,0.564560123,0.379216505,0.,               213P    379
0.552158025,0.374079388,0.,0.539755928,0.368942271,0.,               213P    380
0.526589931,0.366323391,0.,0.513423934,0.363704511,0.,0.5,           213P    381
0.363704511,0.,0.486576066,0.363704511,0.,0.473410069,               213P    382
0.366323391,0.,0.460244072,0.368942271,0.,0.447841975,               213P    383
0.374079388,0.,0.435439877,0.379216505,0.,0.424278284,               213P    384
0.386674443,0.,0.41311669,0.394132381,0.,0.403624536,                213P    385
0.403624536,0.,0.394132381,0.41311669,0.,0.386674443,                213P    386
0.424278284,0.,0.379216505,0.435439877,0.,0.374079388,               213P    387
0.447841975,0.,0.368942271,0.460244072,0.,0.366323391,               213P    388
0.473410069,0.,0.363704511,0.486576066,0.,0.363704511,0.5,0.,        213P    389
0.,1.,0.,0.,1.;                                                      213P    390
124,1.,-7.35035671743047E-015,8.55166289179392E-031,                 215P    391
-2.47998223862027E-029,-7.35035671743047E-015,-1.,                   215P    392
6.98296267768627E-015,-2.02505917652902E-013,                        215P    393
-5.04721003363181E-029,-6.98296267768627E-015,-1.,58.;               215P    394
100,29.,0.,0.,4.,0.,-4.,0.;                                          217P    395
126,1,1,1,0,1,0,0.,0.,1.,1.,1.,1.,0.363704511,0.5,0.,                219P    396
0.431852256,0.908886466,0.,0.,1.,0.,0.,1.;                           219P    397
110,-4.,0.,29.,-2.,12.,29.;                                          221P    398
102,4,203,209,213,219;                                               223P    399
102,4,207,211,217,221;                                               225P    400
142,1,187,223,225,1;                                                 227P    401
144,187,1,1,201,227;                                                 229P    402
128,1,1,1,1,0,0,1,0,0,0.,0.,1.,1.,0.,0.,1.,1.,1.,1.,1.,1.,           231P    403
-14.674,-14.674,0.,14.674,-14.674,0.,-14.674,14.674,0.,14.674,       231P    404
14.674,0.,0.,1.,0.,1.;                                               231P    405
126,64,2,1,0,1,0,0.,0.,0.,0.03125,0.03125,0.0625,0.0625,             233P    406
0.09375,0.09375,0.125,0.125,0.15625,0.15625,0.1875,0.1875,           233P    407
0.21875,0.21875,0.25,0.25,0.28125,0.28125,0.3125,0.3125,             233P    408
0.34375,0.34375,0.375,0.375,0.40625,0.40625,0.4375,0.4375,           233P    409
0.46875,0.46875,0.5,0.5,0.53125,0.53125,0.5625,0.5625,0.59375,       233P    410
0.59375,0.625,0.625,0.65625,0.65625,0.6875,0.6875,0.71875,           233P    411
0.71875,0.75,0.75,0.78125,0.78125,0.8125,0.8125,0.84375,             233P    412
0.84375,0.875,0.875,0.90625,0.90625,0.9375,0.9375,0.96875,           233P    413
0.96875,1.,1.,1.,1.,1.,1.,1.,1.,1.,1.,1.,1.,1.,1.,1.,1.,1.,1.,       233P    414
1.,1.,1.,1.,1.,1.,1.,1.,1.,1.,1.,1.,1.,1.,1.,1.,1.,1.,1.,1.,1.,      233P    415
1.,1.,1.,1.,1.,1.,1.,1.,1.,1.,1.,1.,1.,1.,1.,1.,1.,1.,1.,1.,1.,      233P    416
1.,1.,1.,1.,1.,1.,1.,1.,0.994071146,0.5,0.,0.994071146,              233P    417
0.524272159,0.,0.991692059,0.548427441,0.,0.989312971,               233P    418
0.572582723,0.,0.984577708,0.596388499,0.,0.979842444,               233P    419
0.620194275,0.,0.972796609,0.643421283,0.,0.965750773,               233P    420
0.666648291,0.,0.95646222,0.689072842,0.,0.947173667,                233P    421
0.711497393,0.,0.93573185,0.732903526,0.,0.924290033,                233P    422
0.754309659,0.,0.910805144,0.774491222,0.,0.897320255,               233P    423
0.794672784,0.,0.881922161,0.813435417,0.,0.866524066,               233P    424
0.83219805,0.,0.849361058,0.849361058,0.,0.83219805,                 233P    425
0.866524066,0.,0.813435417,0.881922161,0.,0.794672784,               233P    426
0.897320255,0.,0.774491222,0.910805144,0.,0.754309659,               233P    427
0.924290033,0.,0.732903526,0.93573185,0.,0.711497393,                233P    428
0.947173667,0.,0.689072842,0.95646222,0.,0.666648291,                233P    429
0.965750773,0.,0.643421283,0.972796609,0.,0.620194275,               233P    430
0.979842444,0.,0.596388499,0.984577708,0.,0.572582723,               233P    431
0.989312971,0.,0.548427441,0.991692059,0.,0.524272159,               233P    432
0.994071146,0.,0.5,0.994071146,0.,0.475727841,0.994071146,0.,        233P    433
0.451572559,0.991692059,0.,0.427417277,0.989312971,0.,               233P    434
0.403611501,0.984577708,0.,0.379805725,0.979842444,0.,               233P    435
0.356578717,0.972796609,0.,0.333351709,0.965750773,0.,               233P    436
0.310927158,0.95646222,0.,0.288502607,0.947173667,0.,                233P    437
0.267096474,0.93573185,0.,0.245690341,0.924290033,0.,                233P    438
0.225508778,0.910805144,0.,0.205327216,0.897320255,0.,               233P    439
0.186564583,0.881922161,0.,0.16780195,0.866524066,0.,                233P    440
0.150638942,0.849361058,0.,0.133475934,0.83219805,0.,                233P    441
0.118077839,0.813435417,0.,0.102679745,0.794672784,0.,               233P    442
0.089194856,0.774491222,0.,0.075709967,0.754309659,0.,               233P    443
0.06426815,0.732903526,0.,0.052826333,0.711497393,0.,                233P    444
0.04353778,0.689072842,0.,0.034249227,0.666648291,0.,                233P    445
0.027203391,0.643421283,0.,0.020157556,0.620194275,0.,               233P    446
0.015422292,0.596388499,0.,0.010687029,0.572582723,0.,               233P    447
0.008307941,0.548427441,0.,0.005928854,0.524272159,0.,               233P    448
0.005928854,0.5,0.,0.,1.,0.,0.,-1.;                                  233P    449
100,0.,0.,0.,14.5,0.,-14.5,0.;                                       235P    450
126,64,2,1,0,1,0,0.,0.,0.,0.03125,0.03125,0.0625,0.0625,             237P    451
0.09375,0.09375,0.125,0.125,0.15625,0.15625,0.1875,0.1875,           237P    452
0.21875,0.21875,0.25,0.25,0.28125,0.28125,0.3125,0.3125,             237P    453
0.34375,0.34375,0.375,0.375,0.40625,0.40625,0.4375,0.4375,           237P    454
0.46875,0.46875,0.5,0.5,0.53125,0.53125,0.5625,0.5625,0.59375,       237P    455
0.59375,0.625,0.625,0.65625,0.65625,0.6875,0.6875,0.71875,           237P    456
0.71875,0.75,0.75,0.78125,0.78125,0.8125,0.8125,0.84375,             237P    457
0.84375,0.875,0.875,0.90625,0.90625,0.9375,0.9375,0.96875,           237P    458
0.96875,1.,1.,1.,1.,1.,1.,1.,1.,1.,1.,1.,1.,1.,1.,1.,1.,1.,1.,       237P    459
1.,1.,1.,1.,1.,1.,1.,1.,1.,1.,1.,1.,1.,1.,1.,1.,1.,1.,1.,1.,1.,      237P    460
1.,1.,1.,1.,1.,1.,1.,1.,1.,1.,1.,1.,1.,1.,1.,1.,1.,1.,1.,1.,1.,      237P    461
1.,1.,1.,1.,1.,1.,1.,1.,0.005928854,0.5,0.,0.005928854,              237P    462
0.475727841,0.,0.008307941,0.451572559,0.,0.010687029,               237P    463
0.427417277,0.,0.015422292,0.403611501,0.,0.020157556,               237P    464
0.379805725,0.,0.027203391,0.356578717,0.,0.034249227,               237P    465
0.333351709,0.,0.04353778,0.310927158,0.,0.052826333,                237P    466
0.288502607,0.,0.06426815,0.267096474,0.,0.075709967,                237P    467
0.245690341,0.,0.089194856,0.225508778,0.,0.102679745,               237P    468
0.205327216,0.,0.118077839,0.186564583,0.,0.133475934,               237P    469
0.16780195,0.,0.150638942,0.150638942,0.,0.16780195,                 237P    470
0.133475934,0.,0.186564583,0.118077839,0.,0.205327216,               237P    471
0.102679745,0.,0.225508778,0.089194856,0.,0.245690341,               237P    472
0.075709967,0.,0.267096474,0.06426815,0.,0.288502607,                237P    473
0.052826333,0.,0.310927158,0.04353778,0.,0.333351709,                237P    474
0.034249227,0.,0.356578717,0.027203391,0.,0.379805725,               237P    475
0.020157556,0.,0.403611501,0.015422292,0.,0.427417277,               237P    476
0.010687029,0.,0.451572559,0.008307941,0.,0.475727841,               237P    477
0.005928854,0.,0.5,0.005928854,0.,0.524272159,0.005928854,0.,        237P    478
0.548427441,0.008307941,0.,0.572582723,0.010687029,0.,               237P    479
0.596388499,0.015422292,0.,0.620194275,0.020157556,0.,               237P    480
0.643421283,0.027203391,0.,0.666648291,0.034249227,0.,               237P    481
0.689072842,0.04353778,0.,0.711497393,0.052826333,0.,                237P    482
0.732903526,0.06426815,0.,0.754309659,0.075709967,0.,                237P    483
0.774491222,0.089194856,0.,0.794672784,0.102679745,0.,               237P    484
0.813435417,0.118077839,0.,0.83219805,0.133475934,0.,                237P    485
0.849361058,0.150638942,0.,0.866524066,0.16780195,0.,                237P    486
0.881922161,0.186564583,0.,0.897320255,0.205327216,0.,               237P    487
0.910805144,0.225508778,0.,0.924290033,0.245690341,0.,               237P    488
0.93573185,0.267096474,0.,0.947173667,0.288502607,0.,                237P    489
0.95646222,0.310927158,0.,0.965750773,0.333351709,0.,                237P    490
0.972796609,0.356578717,0.,0.979842444,0.379805725,0.,               237P    491
0.984577708,0.403611501,0.,0.989312971,0.427417277,0.,               237P    492
0.991692059,0.451572559,0.,0.994071146,0.475727841,0.,               237P    493
0.994071146,0.5,0.,0.,1.,0.,0.,-1.;                                  237P    494
100,0.,0.,0.,-14.5,0.,14.5,0.;                                       239P    495
102,2,233,237;                                                       241P    496
102,2,235,239;                                                       243P    497
142,1,231,241,243,1;                                                 245P    498
144,231,1,0,245;                                                     247P    499
128,1,1,1,1,0,0,1,0,0,0.,0.,1.,1.,0.,0.,1.,1.,1.,1.,1.,1.,           249P    500
4.375,-12.,0.5,4.375,-12.,26.,4.375,13.824231443,0.5,4.375,          249P    501
13.824231443,26.,0.,1.,0.,1.;                                        249P    502
126,1,1,1,0,1,0,0.,0.,1.,1.,1.,1.,1.,1.,0.,0.,1.,0.,0.,1.,0.,        251P    503
0.,1.;                                                               251P    504
110,4.375,13.824231443,26.,4.375,13.824231443,0.5;                   253P    505
126,1,1,1,0,1,0,0.,0.,1.,1.,1.,1.,0.,1.,0.,0.,0.,0.,0.,1.,0.,        255P    506
0.,1.;                                                               255P    507
110,4.375,13.824231443,0.5,4.375,-12.,0.5;                           257P    508
126,1,1,1,0,1,0,0.,0.,1.,1.,1.,1.,0.,0.,0.,1.,0.,0.,0.,1.,0.,        259P    509
0.,1.;                                                               259P    510
110,4.375,-12.,0.5,4.375,-12.,26.;                                   261P    511
126,1,1,1,0,1,0,0.,0.,1.,1.,1.,1.,1.,0.,0.,1.,1.,0.,0.,1.,0.,        263P    512
0.,1.;                                                               263P    513
110,4.375,-12.,26.,4.375,13.824231443,26.;                           265P    514
102,4,251,255,259,263;                                               267P    515
102,4,253,257,261,265;                                               269P    516
142,1,249,267,269,1;                                                 271P    517
144,249,1,0,271;                                                     273P    518
128,1,1,1,1,0,0,1,0,0,0.,0.,1.,1.,0.,0.,1.,1.,1.,1.,1.,1.,           275P    519
-4.141981958,-12.,0.5,4.375,-12.,0.5,-4.141981958,14.659,0.5,        275P    520
4.375,14.659,0.5,0.,1.,0.,1.;                                        275P    521
126,1,1,1,0,1,0,0.,0.,1.,1.,1.,1.,1.,0.,0.,1.,0.968687177,0.,        277P    522
0.,1.,0.,0.,1.;                                                      277P    523
110,4.375,-12.,0.5,4.375,13.824231443,0.5;                           279P    524
126,8,2,1,0,1,0,0.,0.,0.,0.25,0.25,0.5,0.5,0.75,0.75,1.,1.,1.,       281P    525
1.,1.,1.,1.,1.,1.,1.,1.,1.,1.,0.968687177,0.,0.878813435,            281P    526
0.980939922,0.,0.753275298,0.987307569,0.,0.627737161,               281P    527
0.993675217,0.,0.500631135,0.994016569,0.,0.37352511,                281P    528
0.994357922,0.,0.247669646,0.988665411,0.,0.121814182,               281P    529
0.9829729,0.,0.,0.971372752,0.,0.,1.,0.,0.,-1.;                      281P    530
100,0.5,0.,0.,4.375,13.824231443,-4.141981958,13.895826189;          283P    531
126,1,1,1,0,1,0,0.,0.,1.,1.,1.,1.,0.,0.971372752,0.,0.,0.,0.,        285P    532
0.,1.,0.,0.,1.;                                                      285P    533
110,-4.141981958,13.895826189,0.5,-4.141981958,-12.,0.5;             287P    534
126,1,1,1,0,1,0,0.,0.,1.,1.,1.,1.,0.,0.,0.,1.,0.,0.,0.,1.,0.,        289P    535
0.,1.;                                                               289P    536
110,-4.141981958,-12.,0.5,4.375,-12.,0.5;                            291P    537
102,4,277,281,285,289;                                               293P    538
102,4,279,283,287,291;                                               295P    539
142,1,275,293,295,1;                                                 297P    540
144,275,1,0,297;                                                     299P    541
128,1,1,1,1,0,0,1,0,0,0.,0.,1.,1.,0.,0.,1.,1.,1.,1.,1.,1.,           301P    542
-4.141981958,-12.,26.,-4.141981958,-12.,0.5,-4.141981958,            301P    543
13.895826189,26.,-4.141981958,13.895826189,0.5,0.,1.,0.,1.;          301P    544
126,1,1,1,0,1,0,0.,0.,1.,1.,1.,1.,1.,1.,0.,0.,1.,0.,0.,1.,0.,        303P    545
0.,1.;                                                               303P    546
110,-4.141981958,13.895826189,0.5,-4.141981958,13.895826189,         305P    547
26.;                                                                 305P    548
126,1,1,1,0,1,0,0.,0.,1.,1.,1.,1.,0.,1.,0.,0.,0.,0.,0.,1.,0.,        307P    549
0.,1.;                                                               307P    550
110,-4.141981958,13.895826189,26.,-4.141981958,-12.,26.;             309P    551
126,1,1,1,0,1,0,0.,0.,1.,1.,1.,1.,0.,0.,0.,1.,0.,0.,0.,1.,0.,        311P    552
0.,1.;                                                               311P    553
110,-4.141981958,-12.,26.,-4.141981958,-12.,0.5;                     313P    554
126,1,1,1,0,1,0,0.,0.,1.,1.,1.,1.,1.,0.,0.,1.,1.,0.,0.,1.,0.,        315P    555
0.,1.;                                                               315P    556
110,-4.141981958,-12.,0.5,-4.141981958,13.895826189,0.5;             317P    557
102,4,303,307,311,315;                                               319P    558
102,4,305,309,313,317;                                               321P    559
142,1,301,319,321,1;                                                 323P    560
126,32,2,1,0,1,0,0.,0.,0.,0.0625,0.0625,0.125,0.125,0.1875,          325P    561
0.1875,0.25,0.25,0.3125,0.3125,0.375,0.375,0.4375,0.4375,0.5,        325P    562
0.5,0.5625,0.5625,0.625,0.625,0.6875,0.6875,0.75,0.75,0.8125,        325P    563
0.8125,0.875,0.875,0.9375,0.9375,1.,1.,1.,1.,1.,1.,1.,1.,1.,1.,      325P    564
1.,1.,1.,1.,1.,1.,1.,1.,1.,1.,1.,1.,1.,1.,1.,1.,1.,1.,1.,1.,1.,      325P    565
1.,1.,1.,1.,1.,0.274509804,0.658407261,0.,0.274509804,               325P    566
0.68122748,0.,0.279030914,0.703609215,0.,0.283552025,                325P    567
0.72599095,0.,0.292420502,0.747074083,0.,0.301288979,                325P    568
0.768157216,0.,0.314164013,0.787131534,0.,0.327039046,               325P    569
0.806105853,0.,0.343425855,0.822242184,0.,0.359812665,               325P    570
0.838378516,0.,0.379081514,0.85105675,0.,0.398350363,                325P    571
0.863734984,0.,0.419760761,0.872467904,0.,0.441171159,               325P    572
0.881200824,0.,0.463900316,0.885652827,0.,0.486629474,               325P    573
0.890104831,0.,0.509803922,0.890104831,0.,0.532978369,               325P    574
0.890104831,0.,0.555707527,0.885652827,0.,0.578436684,               325P    575
0.881200824,0.,0.599847082,0.872467904,0.,0.62125748,                325P    576
0.863734984,0.,0.640526329,0.85105675,0.,0.659795179,                325P    577
0.838378516,0.,0.676181988,0.822242184,0.,0.692568797,               325P    578
0.806105853,0.,0.70544383,0.787131534,0.,0.718318864,                325P    579
0.768157216,0.,0.727187341,0.747074083,0.,0.736055818,               325P    580
0.72599095,0.,0.740576929,0.703609215,0.,0.745098039,                325P    581
0.68122748,0.,0.745098039,0.658407261,0.,0.,1.,0.,0.,1.;             325P    582
124,6.12323399573677E-017,0.,-1.,8.85801804241869,0.,1.,0.,0.,       327P    583
1.,0.,6.12323399573677E-017,17.1419819575813;                        327P    584
100,13.,-4.141981958,5.05,1.858018042,5.05,-10.141981958,5.05;       329P    585
126,32,2,1,0,1,0,0.,0.,0.,0.0625,0.0625,0.125,0.125,0.1875,          331P    586
0.1875,0.25,0.25,0.3125,0.3125,0.375,0.375,0.4375,0.4375,0.5,        331P    587
0.5,0.5625,0.5625,0.625,0.625,0.6875,0.6875,0.75,0.75,0.8125,        331P    588
0.8125,0.875,0.875,0.9375,0.9375,1.,1.,1.,1.,1.,1.,1.,1.,1.,1.,      331P    589
1.,1.,1.,1.,1.,1.,1.,1.,1.,1.,1.,1.,1.,1.,1.,1.,1.,1.,1.,1.,1.,      331P    590
1.,1.,1.,1.,1.,0.745098039,0.658407261,0.,0.745098039,               331P    591
0.635587042,0.,0.740576929,0.613205308,0.,0.736055818,               331P    592
0.590823573,0.,0.727187341,0.56974044,0.,0.718318864,                331P    593
0.548657307,0.,0.70544383,0.529682988,0.,0.692568797,                331P    594
0.51070867,0.,0.676181988,0.494572338,0.,0.659795179,                331P    595
0.478436007,0.,0.640526329,0.465757773,0.,0.62125748,                331P    596
0.453079538,0.,0.599847082,0.444346619,0.,0.578436684,               331P    597
0.435613699,0.,0.555707527,0.431161695,0.,0.532978369,               331P    598
0.426709691,0.,0.509803922,0.426709691,0.,0.486629474,               331P    599
0.426709691,0.,0.463900316,0.431161695,0.,0.441171159,               331P    600
0.435613699,0.,0.419760761,0.444346619,0.,0.398350363,               331P    601
0.453079538,0.,0.379081514,0.465757773,0.,0.359812665,               331P    602
0.478436007,0.,0.343425855,0.494572338,0.,0.327039046,               331P    603
0.51070867,0.,0.314164013,0.529682988,0.,0.301288979,                331P    604
0.548657307,0.,0.292420502,0.56974044,0.,0.283552025,                331P    605
0.590823573,0.,0.279030914,0.613205308,0.,0.274509804,               331P    606
0.635587042,0.,0.274509804,0.658407261,0.,0.,1.,0.,0.,1.;            331P    607
124,-6.12323399573677E-017,4.27583144589696E-031,-1.,                333P    608
8.85801804241869,-6.98296267768627E-015,-1.,0.,10.1,-1.,             333P    609
6.98296267768627E-015,6.12323399573677E-017,8.85801804241866;        333P    610
100,13.,-4.141981958,5.05,1.858018042,5.05,-10.141981958,5.05;       335P    611
102,2,325,331;                                                       337P    612
102,2,329,335;                                                       339P    613
142,1,301,337,339,1;                                                 341P    614
144,301,1,1,323,341;                                                 343P    615
128,1,1,1,1,0,0,1,0,0,0.,0.,1.,1.,0.,0.,1.,1.,1.,1.,1.,1.,           345P    616
4.375,-12.,26.,-4.141981958,-12.,26.,4.375,14.659,26.,               345P    617
-4.141981958,14.659,26.,0.,1.,0.,1.;                                 345P    618
126,1,1,1,0,1,0,0.,0.,1.,1.,1.,1.,1.,0.,0.,1.,0.971372752,0.,        347P    619
0.,1.,0.,0.,1.;                                                      347P    620
110,-4.141981958,-12.,26.,-4.141981958,13.895826189,26.;             349P    621
126,8,2,1,0,1,0,0.,0.,0.,0.25,0.25,0.5,0.5,0.75,0.75,1.,1.,1.,       351P    622
1.,1.,1.,1.,1.,1.,1.,1.,1.,1.,0.971372752,0.,0.878185818,            351P    623
0.9829729,0.,0.752330354,0.988665411,0.,0.62647489,0.994357922,      351P    624
0.,0.499368865,0.994016569,0.,0.372262839,0.993675217,0.,            351P    625
0.246724702,0.987307569,0.,0.121186565,0.980939922,0.,0.,            351P    626
0.968687177,0.,0.,1.,0.,0.,-1.;                                      351P    627
124,-0.285653928109055,0.95833284059134,6.51313520244371E-015,       353P    628
-1.69341515263536E-013,0.95833284059134,0.285653928109055,           353P    629
-2.56317036934297E-015,6.66424296029173E-014,                        353P    630
-4.31687299585542E-015,5.50957167529777E-015,-1.,52.;                353P    631
100,26.,0.,0.,14.5,0.,11.998479053,8.141652192;                      355P    632
126,1,1,1,0,1,0,0.,0.,1.,1.,1.,1.,0.,0.968687177,0.,0.,0.,0.,        357P    633
0.,1.,0.,0.,1.;                                                      357P    634
110,4.375,13.824231443,26.,4.375,-12.,26.;                           359P    635
126,1,1,1,0,1,0,0.,0.,1.,1.,1.,1.,0.,0.,0.,1.,0.,0.,0.,1.,0.,        361P    636
0.,1.;                                                               361P    637
110,4.375,-12.,26.,-4.141981958,-12.,26.;                            363P    638
102,4,347,351,357,361;                                               365P    639
102,4,349,355,359,363;                                               367P    640
142,1,345,365,367,1;                                                 369P    641
126,32,2,1,0,1,0,0.,0.,0.,0.0625,0.0625,0.125,0.125,0.1875,          371P    642
0.1875,0.25,0.25,0.3125,0.3125,0.375,0.375,0.4375,0.4375,0.5,        371P    643
0.5,0.5625,0.5625,0.625,0.625,0.6875,0.6875,0.75,0.75,0.8125,        371P    644
0.8125,0.875,0.875,0.9375,0.9375,1.,1.,1.,1.,1.,1.,1.,1.,1.,1.,      371P    645
1.,1.,1.,1.,1.,1.,1.,1.,1.,1.,1.,1.,1.,1.,1.,1.,1.,1.,1.,1.,1.,      371P    646
1.,1.,1.,1.,1.,0.689798338,0.450129412,0.,0.689798338,               371P    647
0.444587678,0.,0.686414266,0.439152426,0.,0.683030194,               371P    648
0.433717174,0.,0.676392098,0.428597279,0.,0.669754003,               371P    649
0.423477383,0.,0.660116981,0.418869599,0.,0.65047996,                371P    650
0.414261815,0.,0.638214358,0.410343217,0.,0.625948756,               371P    651
0.406424619,0.,0.611525934,0.403345796,0.,0.597103113,               371P    652
0.400266973,0.,0.581077332,0.398146243,0.,0.565051551,               371P    653
0.396025513,0.,0.548038672,0.394944374,0.,0.531025794,               371P    654
0.393863236,0.,0.513679613,0.393863236,0.,0.496333433,               371P    655
0.393863236,0.,0.479320555,0.394944374,0.,0.462307676,               371P    656
0.396025513,0.,0.446281895,0.398146243,0.,0.430256114,               371P    657
0.400266973,0.,0.415833293,0.403345796,0.,0.401410471,               371P    658
0.406424619,0.,0.389144869,0.410343217,0.,0.376879267,               371P    659
0.414261815,0.,0.367242246,0.418869599,0.,0.357605224,               371P    660
0.423477383,0.,0.350967129,0.428597279,0.,0.344329033,               371P    661
0.433717174,0.,0.340944961,0.439152426,0.,0.337560889,               371P    662
0.444587678,0.,0.337560889,0.450129412,0.,0.,1.,0.,0.,1.;            371P    663
100,26.,0.,0.,-1.5,0.,1.5,0.;                                        373P    664
126,32,2,1,0,1,0,0.,0.,0.,0.0625,0.0625,0.125,0.125,0.1875,          375P    665
0.1875,0.25,0.25,0.3125,0.3125,0.375,0.375,0.4375,0.4375,0.5,        375P    666
0.5,0.5625,0.5625,0.625,0.625,0.6875,0.6875,0.75,0.75,0.8125,        375P    667
0.8125,0.875,0.875,0.9375,0.9375,1.,1.,1.,1.,1.,1.,1.,1.,1.,1.,      375P    668
1.,1.,1.,1.,1.,1.,1.,1.,1.,1.,1.,1.,1.,1.,1.,1.,1.,1.,1.,1.,1.,      375P    669
1.,1.,1.,1.,1.,0.337560889,0.450129412,0.,0.337560889,               375P    670
0.455671147,0.,0.340944961,0.461106399,0.,0.344329033,               375P    671
0.466541651,0.,0.350967129,0.471661546,0.,0.357605224,               375P    672
0.476781441,0.,0.367242246,0.481389225,0.,0.376879267,               375P    673
0.485997009,0.,0.389144869,0.489915607,0.,0.401410471,               375P    674
0.493834205,0.,0.415833293,0.496913028,0.,0.430256114,               375P    675
0.499991851,0.,0.446281895,0.502112581,0.,0.462307676,               375P    676
0.504233311,0.,0.479320555,0.50531445,0.,0.496333433,                375P    677
0.506395589,0.,0.513679613,0.506395589,0.,0.531025794,               375P    678
0.506395589,0.,0.548038672,0.50531445,0.,0.565051551,                375P    679
0.504233311,0.,0.581077332,0.502112581,0.,0.597103113,               375P    680
0.499991851,0.,0.611525934,0.496913028,0.,0.625948756,               375P    681
0.493834205,0.,0.638214358,0.489915607,0.,0.65047996,                375P    682
0.485997009,0.,0.660116981,0.481389225,0.,0.669754003,               375P    683
0.476781441,0.,0.676392098,0.471661546,0.,0.683030194,               375P    684
0.466541651,0.,0.686414266,0.461106399,0.,0.689798338,               375P    685
0.455671147,0.,0.689798338,0.450129412,0.,0.,1.,0.,0.,1.;            375P    686
100,26.,0.,0.,1.5,0.,-1.5,0.;                                        377P    687
102,2,371,375;                                                       379P    688
102,2,373,377;                                                       381P    689
142,1,345,379,381,1;                                                 383P    690
144,345,1,1,369,383;                                                 385P    691
128,1,1,1,1,0,0,1,0,0,0.,0.,1.,1.,0.,0.,1.,1.,1.,1.,1.,1.,           387P    692
-4.141981958,-12.,0.5,-4.141981958,-12.,26.,4.375,-12.,0.5,          387P    693
4.375,-12.,26.,0.,1.,0.,1.;                                          387P    694
126,1,1,1,0,1,0,0.,0.,1.,1.,1.,1.,1.,1.,0.,0.,1.,0.,0.,1.,0.,        389P    695
0.,1.;                                                               389P    696
110,4.375,-12.,26.,4.375,-12.,0.5;                                   391P    697
126,1,1,1,0,1,0,0.,0.,1.,1.,1.,1.,0.,1.,0.,0.,0.,0.,0.,1.,0.,        393P    698
0.,1.;                                                               393P    699
110,4.375,-12.,0.5,-4.141981958,-12.,0.5;                            395P    700
126,1,1,1,0,1,0,0.,0.,1.,1.,1.,1.,0.,0.,0.,1.,0.,0.,0.,1.,0.,        397P    701
0.,1.;                                                               397P    702
110,-4.141981958,-12.,0.5,-4.141981958,-12.,26.;                     399P    703
126,1,1,1,0,1,0,0.,0.,1.,1.,1.,1.,1.,0.,0.,1.,1.,0.,0.,1.,0.,        401P    704
0.,1.;                                                               401P    705
110,-4.141981958,-12.,26.,4.375,-12.,26.;                            403P    706
102,4,389,393,397,401;                                               405P    707
102,4,391,395,399,403;                                               407P    708
142,1,387,405,407,1;                                                 409P    709
144,387,1,0,409;                                                     411P    710
110,-14.5,5.05,13.,985.5,5.05,13.;                                   413P    711
110,-13.648886475,5.05,7.,-4.141981958,5.05,7.;                      415P    712
120,413,415,0.,6.28318530717959;                                     417P    713
126,1,1,1,0,1,0,0.,0.,1.,1.,1.,1.,1.,3.141592654,0.,1.,0.,0.,        419P    714
0.,1.,0.,0.,1.;                                                      419P    715
124,6.12323399573677E-017,0.,-1.,8.85801804241869,0.,1.,0.,0.,       421P    716
1.,0.,6.12323399573677E-017,17.1419819575813;                        421P    717
100,13.,-4.141981958,5.05,1.858018042,5.05,-10.141981958,5.05;       423P    718
126,1,1,1,0,1,0,0.,0.,1.,1.,1.,1.,1.,0.,0.,0.005964215,0.,0.,        425P    719
0.,1.,0.,0.,1.;                                                      425P    720
110,-4.141981958,5.05,7.,-13.592185255,5.05,7.;                      427P    721
126,52,2,1,0,1,0,0.,0.,0.,0.0625,0.0625,0.125,0.125,0.1875,          429P    722
0.1875,0.21875,0.21875,0.25,0.25,0.28125,0.28125,0.3125,0.3125,      429P    723
0.34375,0.34375,0.375,0.375,0.40625,0.40625,0.4375,0.4375,           429P    724
0.46875,0.46875,0.5,0.5,0.53125,0.53125,0.5625,0.5625,0.59375,       429P    725
0.59375,0.625,0.625,0.65625,0.65625,0.6875,0.6875,0.71875,           429P    726
0.71875,0.75,0.75,0.78125,0.78125,0.8125,0.8125,0.875,0.875,         429P    727
0.9375,0.9375,1.,1.,1.,1.,1.,1.,1.,1.,1.,1.,1.,1.,1.,1.,1.,1.,       429P    728
1.,1.,1.,1.,1.,1.,1.,1.,1.,1.,1.,1.,1.,1.,1.,1.,1.,1.,1.,1.,1.,      429P    729
1.,1.,1.,1.,1.,1.,1.,1.,1.,1.,1.,1.,1.,1.,1.,1.,1.,1.,1.,            429P    730
0.005964215,0.,0.,0.028976817,0.098141236,0.,0.059096585,            429P    731
0.200218939,0.,0.086138599,0.291865951,0.,0.120932484,               429P    732
0.393374115,0.,0.149138474,0.475662663,0.,0.188730858,               429P    733
0.58230455,0.,0.20202118,0.618101964,0.,0.223511964,                 429P    734
0.675227305,0.,0.25068558,0.747458362,0.,0.258477336,                429P    735
0.768299547,0.,0.278452448,0.821728451,0.,0.293185265,               429P    736
0.862292802,0.,0.311685899,0.913231209,0.,0.326593315,               429P    737
0.956651942,0.,0.343953621,1.007217192,0.,0.358105986,               429P    738
1.052397625,0.,0.374210703,1.103810805,0.,0.387033833,               429P    739
1.151013522,0.,0.401244531,1.203323965,0.,0.411944866,               429P    740
1.252359636,0.,0.423553634,1.305558325,0.,0.431350761,               429P    741
1.356355158,0.,0.439694413,1.410712501,0.,0.443864672,               429P    742
1.463555796,0.,0.448129083,1.517592127,0.,0.448116007,               429P    743
1.571125177,0.,0.448102797,1.625202403,0.,0.443724005,               429P    744
1.679805015,0.,0.439500886,1.732466413,0.,0.43113377,                429P    745
1.786646864,0.,0.42324912,1.837703144,0.,0.411513727,                429P    746
1.891203633,0.,0.40078318,1.940123131,0.,0.386559631,                429P    747
1.992322042,0.,0.373769492,2.039260493,0.,0.357734415,               429P    748
2.09038042,0.,0.343459392,2.135889286,0.,0.325920443,                429P    749
2.186899127,0.,0.310971122,2.230377356,0.,0.29239353,                429P    750
2.281478717,0.,0.277799545,2.321622373,0.,0.258006543,               429P    751
2.374552228,0.,0.250584367,2.39440039,0.,0.223155575,                429P    752
2.467312698,0.,0.201579376,2.524667408,0.,0.188153022,               429P    753
2.560844793,0.,0.148834312,2.66678928,0.,0.120736281,                429P    754
2.748791043,0.,0.085997329,2.850173778,0.,0.058989247,               429P    755
2.941737552,0.,0.028936381,3.043623864,0.,0.005964215,               429P    756
3.141592654,0.,0.,1.,0.,0.,-1.;                                      429P    757
126,17,3,1,0,1,0,0.,0.,0.,0.,0.125,0.125,0.25,0.25,0.375,0.375,      431P    758
0.5,0.5,0.625,0.625,0.75,0.75,0.875,0.875,1.,1.,1.,1.,1.,1.,1.,      431P    759
1.,1.,1.,1.,1.,1.,1.,1.,1.,1.,1.,1.,1.,1.,1.,-13.592185255,          431P    760
5.05,7.,-13.290985869,5.860684723,7.,-12.913343134,6.645535162,      431P    761
7.165983424,-12.085042659,8.05414877,7.750564599,-11.634715195,      431P    762
8.681541412,8.165588908,-10.748419041,9.757420103,9.205290577,       431P    763
-10.315628437,10.201233385,9.82009297,-9.623157129,                  431P    764
10.856896402,11.289161528,-9.38835603,11.050283763,                  431P    765
12.138092202,-9.389024743,11.049715588,13.865854002,                 431P    766
-9.630918418,10.849824513,14.730058459,-10.316883522,                431P    767
10.199764504,16.179778642,-10.756490354,9.748147913,                 431P    768
16.804962172,-11.635595449,8.679941879,17.834651269,                 431P    769
-12.090367514,8.045498286,18.253493205,-12.91174885,                 431P    770
6.647839569,18.832590295,-13.291033314,5.860557023,19.,              431P    771
-13.592185255,5.05,19.,0.,1.,-0.843123291,0.313251515,               431P    772
0.437054464;                                                         431P    773
126,1,1,1,0,1,0,0.,0.,1.,1.,1.,1.,0.005964215,3.141592654,0.,        433P    774
1.,3.141592654,0.,0.,1.,0.,0.,1.;                                    433P    775
110,-13.592185255,5.05,19.,-4.141981958,5.05,19.;                    435P    776
102,4,419,425,429,433;                                               437P    777
102,4,423,427,431,435;                                               439P    778
142,1,417,437,439,1;                                                 441P    779
144,417,1,0,441;                                                     443P    780
110,0.,12.,27.,0.,12.,1027.;                                         445P    781
110,2.,12.,27.,2.,12.,29.;                                           447P    782
120,445,447,0.,6.28318530717959;                                     449P    783
126,1,1,1,0,1,0,0.,0.,1.,1.,1.,1.,1.,0.,0.,0.,0.,0.,0.,1.,0.,        451P    784
0.,1.;                                                               451P    785
110,2.,12.,29.,2.,12.,27.;                                           453P    786
126,1,1,1,0,1,0,0.,0.,1.,1.,1.,1.,0.,0.,0.,0.,3.141592654,0.,        455P    787
0.,1.,0.,0.,1.;                                                      455P    788
100,27.,0.,12.,2.,12.,-2.,12.;                                       457P    789
126,1,1,1,0,1,0,0.,0.,1.,1.,1.,1.,0.,3.141592654,0.,1.,              459P    790
3.141592654,0.,0.,1.,0.,0.,1.;                                       459P    791
110,-2.,12.,27.,-2.,12.,29.;                                         461P    792
126,1,1,1,0,1,0,0.,0.,1.,1.,1.,1.,1.,3.141592654,0.,1.,0.,0.,        463P    793
0.,1.,0.,0.,1.;                                                      463P    794
124,-1.,-6.98296267768627E-015,0.,8.37955521322352E-014,             465P    795
-6.98296267768627E-015,1.,-6.98296267768627E-015,                    465P    796
2.02049188616518E-013,4.87617677579594E-029,                         465P    797
-6.98296267768627E-015,-1.,58.0000000000001;                         465P    798
100,29.,0.,12.,2.,12.,-2.,12.;                                       467P    799
102,4,451,455,459,463;                                               469P    800
102,4,453,457,461,467;                                               471P    801
142,1,449,469,471,1;                                                 473P    802
144,449,1,0,473;                                                     475P    803
128,1,1,1,1,0,0,1,0,0,0.,0.,1.,1.,0.,0.,1.,1.,1.,1.,1.,1.,4.,        477P    804
0.,27.,2.,12.,27.,4.,0.,29.,2.,12.,29.,0.,1.,0.,1.;                  477P    805
126,1,1,1,0,1,0,0.,0.,1.,1.,1.,1.,0.,1.,0.,0.,0.,0.,0.,1.,0.,        479P    806
0.,1.;                                                               479P    807
110,4.,0.,29.,4.,0.,27.;                                             481P    808
126,1,1,1,0,1,0,0.,0.,1.,1.,1.,1.,0.,0.,0.,1.,0.,0.,0.,1.,0.,        483P    809
0.,1.;                                                               483P    810
110,4.,0.,27.,2.,12.,27.;                                            485P    811
126,1,1,1,0,1,0,0.,0.,1.,1.,1.,1.,1.,0.,0.,1.,1.,0.,0.,1.,0.,        487P    812
0.,1.;                                                               487P    813
110,2.,12.,27.,2.,12.,29.;                                           489P    814
126,1,1,1,0,1,0,0.,0.,1.,1.,1.,1.,1.,1.,0.,0.,1.,0.,0.,1.,0.,        491P    815
0.,1.;                                                               491P    816
110,2.,12.,29.,4.,0.,29.;                                            493P    817
102,4,479,483,487,491;                                               495P    818
102,4,481,485,489,493;                                               497P    819
142,1,477,495,497,1;                                                 499P    820
144,477,1,0,499;                                                     501P    821
110,0.,0.,27.,0.,0.,1027.;                                           503P    822
110,4.,0.,27.,4.,0.,29.;                                             505P    823
120,503,505,0.,6.28318530717959;                                     507P    824
126,1,1,1,0,1,0,0.,0.,1.,1.,1.,1.,1.,3.141592654,0.,0.,              509P    825
3.141592654,0.,0.,1.,0.,0.,1.;                                       509P    826
110,-4.,0.,29.,-4.,0.,27.;                                           511P    827
126,1,1,1,0,1,0,0.,0.,1.,1.,1.,1.,0.,3.141592654,0.,0.,              513P    828
6.283185307,0.,0.,1.,0.,0.,1.;                                       513P    829
100,27.,0.,0.,-4.,0.,4.,0.;                                          515P    830
126,1,1,1,0,1,0,0.,0.,1.,1.,1.,1.,0.,6.283185307,0.,1.,              517P    831
6.283185307,0.,0.,1.,0.,0.,1.;                                       517P    832
110,4.,0.,27.,4.,0.,29.;                                             519P    833
126,1,1,1,0,1,0,0.,0.,1.,1.,1.,1.,1.,6.283185307,0.,1.,              521P    834
3.141592654,0.,0.,1.,0.,0.,1.;                                       521P    835
124,1.,-7.35035671743047E-015,8.55166289179392E-031,                 523P    836
-2.47998223862027E-029,-7.35035671743047E-015,-1.,                   523P    837
6.98296267768627E-015,-2.02505917652902E-013,                        523P    838
-5.04721003363181E-029,-6.98296267768627E-015,-1.,58.;               523P    839
100,29.,0.,0.,4.,0.,-4.,0.;                                          525P    840
102,4,509,513,517,521;                                               527P    841
102,4,511,515,519,525;                                               529P    842
142,1,507,527,529,1;                                                 531P    843
144,507,1,0,531;                                                     533P    844
128,1,1,1,1,0,0,1,0,0,0.,0.,1.,1.,0.,0.,1.,1.,1.,1.,1.,1.,-2.,       535P    845
12.,27.,-4.,0.,27.,-2.,12.,29.,-4.,0.,29.,0.,1.,0.,1.;               535P    846
126,1,1,1,0,1,0,0.,0.,1.,1.,1.,1.,0.,1.,0.,0.,0.,0.,0.,1.,0.,        537P    847
0.,1.;                                                               537P    848
110,-2.,12.,29.,-2.,12.,27.;                                         539P    849
126,1,1,1,0,1,0,0.,0.,1.,1.,1.,1.,0.,0.,0.,1.,0.,0.,0.,1.,0.,        541P    850
0.,1.;                                                               541P    851
110,-2.,12.,27.,-4.,0.,27.;                                          543P    852
126,1,1,1,0,1,0,0.,0.,1.,1.,1.,1.,1.,0.,0.,1.,1.,0.,0.,1.,0.,        545P    853
0.,1.;                                                               545P    854
110,-4.,0.,27.,-4.,0.,29.;                                           547P    855
126,1,1,1,0,1,0,0.,0.,1.,1.,1.,1.,1.,1.,0.,0.,1.,0.,0.,1.,0.,        549P    856
0.,1.;                                                               549P    857
110,-4.,0.,29.,-2.,12.,29.;                                          551P    858
102,4,537,541,545,549;                                               553P    859
102,4,539,543,547,551;                                               555P    860
142,1,535,553,555,1;                                                 557P    861
144,535,1,0,557;                                                     559P    862
128,1,1,1,1,0,0,1,0,0,0.,0.,1.,1.,0.,0.,1.,1.,1.,1.,1.,1.,           561P    863
-4.048,-4.108,27.,4.048,-4.108,27.,-4.048,14.108,27.,4.048,          561P    864
14.108,27.,0.,1.,0.,1.;                                              561P    865
126,32,2,1,0,1,0,0.,0.,0.,0.0625,0.0625,0.125,0.125,0.1875,          563P    866
0.1875,0.25,0.25,0.3125,0.3125,0.375,0.375,0.4375,0.4375,0.5,        563P    867
0.5,0.5625,0.5625,0.625,0.625,0.6875,0.6875,0.75,0.75,0.8125,        563P    868
0.8125,0.875,0.875,0.9375,0.9375,1.,1.,1.,1.,1.,1.,1.,1.,1.,1.,      563P    869
1.,1.,1.,1.,1.,1.,1.,1.,1.,1.,1.,1.,1.,1.,1.,1.,1.,1.,1.,1.,1.,      563P    870
1.,1.,1.,1.,1.,0.747035573,0.884277558,0.,0.747035573,               563P    871
0.895091283,0.,0.742288854,0.905697225,0.,0.737542135,               563P    872
0.916303167,0.,0.72823111,0.926293745,0.,0.718920085,                563P    873
0.936284324,0.,0.705402572,0.945275607,0.,0.691885059,               563P    874
0.954266891,0.,0.674680529,0.961913349,0.,0.657475999,               563P    875
0.969559807,0.,0.637245611,0.97556759,0.,0.617015223,                563P    876
0.981575374,0.,0.594536421,0.985713607,0.,0.572057619,               563P    877
0.98985184,0.,0.54819425,0.991961493,0.,0.52433088,0.994071146,      563P    878
0.,0.5,0.994071146,0.,0.47566912,0.994071146,0.,0.45180575,          563P    879
0.991961493,0.,0.427942381,0.98985184,0.,0.405463579,                563P    880
0.985713607,0.,0.382984777,0.981575374,0.,0.362754389,               563P    881
0.97556759,0.,0.342524001,0.969559807,0.,0.325319471,                563P    882
0.961913349,0.,0.308114941,0.954266891,0.,0.294597428,               563P    883
0.945275607,0.,0.281079915,0.936284324,0.,0.27176889,                563P    884
0.926293745,0.,0.262457865,0.916303167,0.,0.257711146,               563P    885
0.905697225,0.,0.252964427,0.895091283,0.,0.252964427,               563P    886
0.884277558,0.,0.,1.,0.,0.,-1.;                                      563P    887
100,27.,0.,12.,2.,12.,-2.,12.;                                       565P    888
126,1,1,1,0,1,0,0.,0.,1.,1.,1.,1.,0.252964427,0.884277558,0.,        567P    889
0.005928854,0.22551603,0.,0.,1.,0.,0.,1.;                            567P    890
110,-2.,12.,27.,-4.,0.,27.;                                          569P    891
126,32,2,1,0,1,0,0.,0.,0.,0.0625,0.0625,0.125,0.125,0.1875,          571P    892
0.1875,0.25,0.25,0.3125,0.3125,0.375,0.375,0.4375,0.4375,0.5,        571P    893
0.5,0.5625,0.5625,0.625,0.625,0.6875,0.6875,0.75,0.75,0.8125,        571P    894
0.8125,0.875,0.875,0.9375,0.9375,1.,1.,1.,1.,1.,1.,1.,1.,1.,1.,      571P    895
1.,1.,1.,1.,1.,1.,1.,1.,1.,1.,1.,1.,1.,1.,1.,1.,1.,1.,1.,1.,1.,      571P    896
1.,1.,1.,1.,1.,0.005928854,0.22551603,0.,0.005928854,                571P    897
0.203888581,0.,0.015422292,0.182676697,0.,0.024915731,               571P    898
0.161464813,0.,0.04353778,0.141483656,0.,0.06215983,                 571P    899
0.121502498,0.,0.089194856,0.103519931,0.,0.116229881,               571P    900
0.085537365,0.,0.150638942,0.070244449,0.,0.185048003,               571P    901
0.054951533,0.,0.225508778,0.042935966,0.,0.265969553,               571P    902
0.030920399,0.,0.310927158,0.022643932,0.,0.355884763,               571P    903
0.014367466,0.,0.403611501,0.01014816,0.,0.451338239,                571P    904
0.005928854,0.,0.5,0.005928854,0.,0.548661761,0.005928854,0.,        571P    905
0.596388499,0.01014816,0.,0.644115237,0.014367466,0.,                571P    906
0.689072842,0.022643932,0.,0.734030447,0.030920399,0.,               571P    907
0.774491222,0.042935966,0.,0.814951997,0.054951533,0.,               571P    908
0.849361058,0.070244449,0.,0.883770119,0.085537365,0.,               571P    909
0.910805144,0.103519931,0.,0.93784017,0.121502498,0.,                571P    910
0.95646222,0.141483656,0.,0.975084269,0.161464813,0.,                571P    911
0.984577708,0.182676697,0.,0.994071146,0.203888581,0.,               571P    912
0.994071146,0.22551603,0.,0.,1.,0.,0.,-1.;                           571P    913
100,27.,0.,0.,-4.,0.,4.,0.;                                          573P    914
126,1,1,1,0,1,0,0.,0.,1.,1.,1.,1.,0.994071146,0.22551603,0.,         575P    915
0.747035573,0.884277558,0.,0.,1.,0.,0.,1.;                           575P    916
110,4.,0.,27.,2.,12.,27.;                                            577P    917
102,4,563,567,571,575;                                               579P    918
102,4,565,569,573,577;                                               581P    919
142,1,561,579,581,1;                                                 583P    920
126,32,2,1,0,1,0,0.,0.,0.,0.0625,0.0625,0.125,0.125,0.1875,          585P    921
0.1875,0.25,0.25,0.3125,0.3125,0.375,0.375,0.4375,0.4375,0.5,        585P    922
0.5,0.5625,0.5625,0.625,0.625,0.6875,0.6875,0.75,0.75,0.8125,        585P    923
0.8125,0.875,0.875,0.9375,0.9375,1.,1.,1.,1.,1.,1.,1.,1.,1.,1.,      585P    924
1.,1.,1.,1.,1.,1.,1.,1.,1.,1.,1.,1.,1.,1.,1.,1.,1.,1.,1.,1.,1.,      585P    925
1.,1.,1.,1.,1.,0.31472332,0.22551603,0.,0.31472332,0.233626323,      585P    926
0.,0.31828336,0.24158078,0.,0.321843399,0.249535236,0.,              585P    927
0.328826668,0.25702817,0.,0.335809936,0.264521104,0.,                585P    928
0.345948071,0.271264567,0.,0.356086205,0.278008029,0.,               585P    929
0.368989603,0.283742873,0.,0.381893001,0.289477716,0.,               585P    930
0.397065792,0.293983554,0.,0.412238582,0.298489392,0.,               585P    931
0.429097684,0.301593066,0.,0.445956786,0.304696741,0.,               585P    932
0.463854313,0.306278981,0.,0.48175184,0.307861221,0.,0.5,            585P    933
0.307861221,0.,0.51824816,0.307861221,0.,0.536145687,                585P    934
0.306278981,0.,0.554043214,0.304696741,0.,0.570902316,               585P    935
0.301593066,0.,0.587761418,0.298489392,0.,0.602934208,               585P    936
0.293983554,0.,0.618106999,0.289477716,0.,0.631010397,               585P    937
0.283742873,0.,0.643913795,0.278008029,0.,0.654051929,               585P    938
0.271264567,0.,0.664190064,0.264521104,0.,0.671173332,               585P    939
0.25702817,0.,0.678156601,0.249535236,0.,0.68171664,0.24158078,      585P    940
0.,0.68527668,0.233626323,0.,0.68527668,0.22551603,0.,0.,1.,0.,      585P    941
0.,1.;                                                               585P    942
124,-1.,-6.98296267768627E-015,0.,0.,-6.98296267768627E-015,1.,      587P    943
-6.98296267768627E-015,1.88539992297529E-013,                        587P    944
4.87617677579594E-029,-6.98296267768627E-015,-1.,54.;                587P    945
100,27.,0.,0.,1.5,0.,-1.5,0.;                                        589P    946
126,32,2,1,0,1,0,0.,0.,0.,0.0625,0.0625,0.125,0.125,0.1875,          591P    947
0.1875,0.25,0.25,0.3125,0.3125,0.375,0.375,0.4375,0.4375,0.5,        591P    948
0.5,0.5625,0.5625,0.625,0.625,0.6875,0.6875,0.75,0.75,0.8125,        591P    949
0.8125,0.875,0.875,0.9375,0.9375,1.,1.,1.,1.,1.,1.,1.,1.,1.,1.,      591P    950
1.,1.,1.,1.,1.,1.,1.,1.,1.,1.,1.,1.,1.,1.,1.,1.,1.,1.,1.,1.,1.,      591P    951
1.,1.,1.,1.,1.,0.68527668,0.22551603,0.,0.68527668,0.217405736,      591P    952
0.,0.68171664,0.20945128,0.,0.678156601,0.201496824,0.,              591P    953
0.671173332,0.19400389,0.,0.664190064,0.186510955,0.,                591P    954
0.654051929,0.179767493,0.,0.643913795,0.17302403,0.,                591P    955
0.631010397,0.167289187,0.,0.618106999,0.161554343,0.,               591P    956
0.602934208,0.157048506,0.,0.587761418,0.152542668,0.,               591P    957
0.570902316,0.149438993,0.,0.554043214,0.146335318,0.,               591P    958
0.536145687,0.144753079,0.,0.51824816,0.143170839,0.,0.5,            591P    959
0.143170839,0.,0.48175184,0.143170839,0.,0.463854313,                591P    960
0.144753079,0.,0.445956786,0.146335318,0.,0.429097684,               591P    961
0.149438993,0.,0.412238582,0.152542668,0.,0.397065792,               591P    962
0.157048506,0.,0.381893001,0.161554343,0.,0.368989603,               591P    963
0.167289187,0.,0.356086205,0.17302403,0.,0.345948071,                591P    964
0.179767493,0.,0.335809936,0.186510955,0.,0.328826668,               591P    965
0.19400389,0.,0.321843399,0.201496824,0.,0.31828336,0.20945128,      591P    966
0.,0.31472332,0.217405736,0.,0.31472332,0.22551603,0.,0.,1.,0.,      591P    967
0.,1.;                                                               591P    968
124,1.,-7.35035671743047E-015,8.55166289179392E-031,                 593P    969
-2.30894898078436E-029,-7.35035671743047E-015,-1.,                   593P    970
6.98296267768627E-015,-1.88539992297529E-013,                        593P    971
-5.04721003363181E-029,-6.98296267768627E-015,-1.,54.;               593P    972
100,27.,0.,0.,1.5,0.,-1.5,0.;                                        595P    973
102,2,585,591;                                                       597P    974
102,2,589,595;                                                       599P    975
142,1,561,597,599,1;                                                 601P    976
144,561,1,1,583,601;                                                 603P    977
110,0.,0.,24.,0.,0.,1024.;                                           605P    978
110,1.5,0.,26.,1.5,0.,27.;                                           607P    979
120,605,607,0.,6.28318530717959;                                     609P    980
126,1,1,1,0,1,0,0.,0.,1.,1.,1.,1.,1.,3.141592654,0.,1.,0.,0.,        611P    981
0.,1.,0.,0.,1.;                                                      611P    982
124,-1.,-6.98296267768627E-015,0.,0.,-6.98296267768627E-015,1.,      613P    983
-6.98296267768627E-015,1.88539992297529E-013,                        613P    984
4.87617677579594E-029,-6.98296267768627E-015,-1.,54.;                613P    985
100,27.,0.,0.,1.5,0.,-1.5,0.;                                        615P    986
126,1,1,1,0,1,0,0.,0.,1.,1.,1.,1.,1.,0.,0.,0.,0.,0.,0.,1.,0.,        617P    987
0.,1.;                                                               617P    988
110,1.5,0.,27.,1.5,0.,26.;                                           619P    989
126,1,1,1,0,1,0,0.,0.,1.,1.,1.,1.,0.,0.,0.,0.,3.141592654,0.,        621P    990
0.,1.,0.,0.,1.;                                                      621P    991
100,26.,0.,0.,1.5,0.,-1.5,0.;                                        623P    992
126,1,1,1,0,1,0,0.,0.,1.,1.,1.,1.,0.,3.141592654,0.,1.,              625P    993
3.141592654,0.,0.,1.,0.,0.,1.;                                       625P    994
110,-1.5,0.,26.,-1.5,0.,27.;                                         627P    995
102,4,611,617,621,625;                                               629P    996
102,4,615,619,623,627;                                               631P    997
142,1,609,629,631,1;                                                 633P    998
144,609,1,0,633;                                                     635P    999
S      1G      4D    636P    999                                        T      1
