SolidWorks IGES file using analytic representation for surfaces         S      1
1H,,1H;,10Hcase_servo,56HZ:\Dropbox\Floatsat\Mechanical_Models\Igs\case_G      1
servo.IGS,15HSolidWorks 2016,15HSolidWorks 2016,32,308,15,308,15,10HcaseG      2
_servo,1.,2,2HMM,50,0.125,13H171214.022758,1E-008,499990.,13HMarcoSanromG      3
an,,11,0,13H171214.022758;                                              G      4
     314       1       0       0       0                        00000200D      1
     314       0       4       1       0                               0D      2
     110       2       0       0       0                        01010000D      3
     110       0       0       1       0                               0D      4
     110       3       0       0       0                        01010000D      5
     110       0       0       1       0                               0D      6
     120       4       0       0       0                        01010000D      7
     120       0       0       1       0                               0D      8
     126       5       0       0       0                        01010500D      9
     126       0       0       2       0                               0D     10
     110       7       0       0       0                        01010000D     11
     110       0       0       1       0                               0D     12
     126       8       0       0       0                        01010500D     13
     126       0       0       2       0                               0D     14
     100      10       0       0       0                        01010000D     15
     100       0       0       1       0                               0D     16
     126      11       0       0       0                        01010500D     17
     126       0       0       2       0                               0D     18
     110      13       0       0       0                        01010000D     19
     110       0       0       1       0                               0D     20
     126      14       0       0       0                        01010500D     21
     126       0       0       2       0                               0D     22
     124      16       0       0       0                        00000000D     23
     124       0       0       4       0                               0D     24
     100      20       0       0       0              23        01010000D     25
     100       0       0       1       0                               0D     26
     102      21       0       0       0                        01010500D     27
     102       0       0       1       0                               0D     28
     102      22       0       0       0                        01010000D     29
     102       0       0       1       0                               0D     30
     142      23       0       0       0                        00010500D     31
     142       0       0       1       0                               0D     32
     144      24       0       0       0                        00000000D     33
     144       0      -1       1       0                               0D     34
     110      25       0       0       0                        01010000D     35
     110       0       0       1       0                               0D     36
     110      26       0       0       0                        01010000D     37
     110       0       0       1       0                               0D     38
     120      27       0       0       0                        01010000D     39
     120       0       0       1       0                               0D     40
     126      28       0       0       0                        01010500D     41
     126       0       0       2       0                               0D     42
     110      30       0       0       0                        01010000D     43
     110       0       0       1       0                               0D     44
     126      31       0       0       0                        01010500D     45
     126       0       0       2       0                               0D     46
     100      33       0       0       0                        01010000D     47
     100       0       0       1       0                               0D     48
     126      34       0       0       0                        01010500D     49
     126       0       0       2       0                               0D     50
     110      36       0       0       0                        01010000D     51
     110       0       0       1       0                               0D     52
     126      37       0       0       0                        01010500D     53
     126       0       0       2       0                               0D     54
     124      39       0       0       0                        00000000D     55
     124       0       0       4       0                               0D     56
     100      43       0       0       0              55        01010000D     57
     100       0       0       1       0                               0D     58
     102      44       0       0       0                        01010500D     59
     102       0       0       1       0                               0D     60
     102      45       0       0       0                        01010000D     61
     102       0       0       1       0                               0D     62
     142      46       0       0       0                        00010500D     63
     142       0       0       1       0                               0D     64
     144      47       0       0       0                        00000000D     65
     144       0      -1       1       0                               0D     66
     128      48       0       0       0                        01010000D     67
     128       0       0       3       0                               0D     68
     126      51       0       0       0                        01010500D     69
     126       0       0       2       0                               0D     70
     110      53       0       0       0                        01010000D     71
     110       0       0       1       0                               0D     72
     126      54       0       0       0                        01010500D     73
     126       0       0       2       0                               0D     74
     110      56       0       0       0                        01010000D     75
     110       0       0       1       0                               0D     76
     126      57       0       0       0                        01010500D     77
     126       0       0       2       0                               0D     78
     110      59       0       0       0                        01010000D     79
     110       0       0       1       0                               0D     80
     126      60       0       0       0                        01010500D     81
     126       0       0       2       0                               0D     82
     110      62       0       0       0                        01010000D     83
     110       0       0       1       0                               0D     84
     126      63       0       0       0                        01010500D     85
     126       0       0       2       0                               0D     86
     110      65       0       0       0                        01010000D     87
     110       0       0       1       0                               0D     88
     126      66       0       0       0                        01010500D     89
     126       0       0       2       0                               0D     90
     110      68       0       0       0                        01010000D     91
     110       0       0       1       0                               0D     92
     126      69       0       0       0                        01010500D     93
     126       0       0       2       0                               0D     94
     110      71       0       0       0                        01010000D     95
     110       0       0       1       0                               0D     96
     126      72       0       0       0                        01010500D     97
     126       0       0       2       0                               0D     98
     110      74       0       0       0                        01010000D     99
     110       0       0       1       0                               0D    100
     102      75       0       0       0                        01010500D    101
     102       0       0       1       0                               0D    102
     102      76       0       0       0                        01010000D    103
     102       0       0       1       0                               0D    104
     142      77       0       0       0                        00010500D    105
     142       0       0       1       0                               0D    106
     144      78       0       0       0                        00000000D    107
     144       0      -1       1       0                               0D    108
     128      79       0       0       0                        01010000D    109
     128       0       0       3       0                               0D    110
     126      82       0       0       0                        01010500D    111
     126       0       0       2       0                               0D    112
     110      84       0       0       0                        01010000D    113
     110       0       0       1       0                               0D    114
     126      85       0       0       0                        01010500D    115
     126       0       0       2       0                               0D    116
     110      87       0       0       0                        01010000D    117
     110       0       0       1       0                               0D    118
     126      88       0       0       0                        01010500D    119
     126       0       0       2       0                               0D    120
     110      90       0       0       0                        01010000D    121
     110       0       0       1       0                               0D    122
     126      91       0       0       0                        01010500D    123
     126       0       0       2       0                               0D    124
     110      93       0       0       0                        01010000D    125
     110       0       0       1       0                               0D    126
     126      94       0       0       0                        01010500D    127
     126       0       0       2       0                               0D    128
     110      96       0       0       0                        01010000D    129
     110       0       0       1       0                               0D    130
     126      97       0       0       0                        01010500D    131
     126       0       0       2       0                               0D    132
     110      99       0       0       0                        01010000D    133
     110       0       0       1       0                               0D    134
     126     100       0       0       0                        01010500D    135
     126       0       0       2       0                               0D    136
     110     102       0       0       0                        01010000D    137
     110       0       0       1       0                               0D    138
     126     103       0       0       0                        01010500D    139
     126       0       0       2       0                               0D    140
     110     105       0       0       0                        01010000D    141
     110       0       0       1       0                               0D    142
     102     106       0       0       0                        01010500D    143
     102       0       0       1       0                               0D    144
     102     107       0       0       0                        01010000D    145
     102       0       0       1       0                               0D    146
     142     108       0       0       0                        00010500D    147
     142       0       0       1       0                               0D    148
     126     109       0       0       0                        01010500D    149
     126       0       0       2       0                               0D    150
     110     111       0       0       0                        01010000D    151
     110       0       0       1       0                               0D    152
     126     112       0       0       0                        01010500D    153
     126       0       0       2       0                               0D    154
     110     114       0       0       0                        01010000D    155
     110       0       0       1       0                               0D    156
     126     115       0       0       0                        01010500D    157
     126       0       0       2       0                               0D    158
     110     117       0       0       0                        01010000D    159
     110       0       0       1       0                               0D    160
     126     118       0       0       0                        01010500D    161
     126       0       0       2       0                               0D    162
     110     120       0       0       0                        01010000D    163
     110       0       0       1       0                               0D    164
     102     121       0       0       0                        01010500D    165
     102       0       0       1       0                               0D    166
     102     122       0       0       0                        01010000D    167
     102       0       0       1       0                               0D    168
     142     123       0       0       0                        00010500D    169
     142       0       0       1       0                               0D    170
     144     124       0       0       0                        00000000D    171
     144       0      -1       1       0                               0D    172
     128     125       0       0       0                        01010000D    173
     128       0       0       3       0                               0D    174
     126     128       0       0       0                        01010500D    175
     126       0       0       2       0                               0D    176
     110     130       0       0       0                        01010000D    177
     110       0       0       1       0                               0D    178
     126     131       0       0       0                        01010500D    179
     126       0       0       2       0                               0D    180
     110     133       0       0       0                        01010000D    181
     110       0       0       1       0                               0D    182
     126     134       0       0       0                        01010500D    183
     126       0       0       2       0                               0D    184
     110     136       0       0       0                        01010000D    185
     110       0       0       1       0                               0D    186
     126     137       0       0       0                        01010500D    187
     126       0       0       2       0                               0D    188
     110     139       0       0       0                        01010000D    189
     110       0       0       1       0                               0D    190
     102     140       0       0       0                        01010500D    191
     102       0       0       1       0                               0D    192
     102     141       0       0       0                        01010000D    193
     102       0       0       1       0                               0D    194
     142     142       0       0       0                        00010500D    195
     142       0       0       1       0                               0D    196
     126     143       0       0       0                        01010500D    197
     126       0       0       2       0                               0D    198
     110     145       0       0       0                        01010000D    199
     110       0       0       1       0                               0D    200
     126     146       0       0       0                        01010500D    201
     126       0       0       2       0                               0D    202
     110     148       0       0       0                        01010000D    203
     110       0       0       1       0                               0D    204
     126     149       0       0       0                        01010500D    205
     126       0       0       2       0                               0D    206
     110     151       0       0       0                        01010000D    207
     110       0       0       1       0                               0D    208
     126     152       0       0       0                        01010500D    209
     126       0       0       2       0                               0D    210
     110     154       0       0       0                        01010000D    211
     110       0       0       1       0                               0D    212
     102     155       0       0       0                        01010500D    213
     102       0       0       1       0                               0D    214
     102     156       0       0       0                        01010000D    215
     102       0       0       1       0                               0D    216
     142     157       0       0       0                        00010500D    217
     142       0       0       1       0                               0D    218
     144     158       0       0       0                        00000000D    219
     144       0      -1       1       0                               0D    220
     128     159       0       0       0                        01010000D    221
     128       0       0       3       0                               0D    222
     126     162       0       0       0                        01010500D    223
     126       0       0       2       0                               0D    224
     110     164       0       0       0                        01010000D    225
     110       0       0       1       0                               0D    226
     126     165       0       0       0                        01010500D    227
     126       0       0       2       0                               0D    228
     110     167       0       0       0                        01010000D    229
     110       0       0       1       0                               0D    230
     126     168       0       0       0                        01010500D    231
     126       0       0       2       0                               0D    232
     110     170       0       0       0                        01010000D    233
     110       0       0       1       0                               0D    234
     126     171       0       0       0                        01010500D    235
     126       0       0       2       0                               0D    236
     110     173       0       0       0                        01010000D    237
     110       0       0       1       0                               0D    238
     102     174       0       0       0                        01010500D    239
     102       0       0       1       0                               0D    240
     102     175       0       0       0                        01010000D    241
     102       0       0       1       0                               0D    242
     142     176       0       0       0                        00010500D    243
     142       0       0       1       0                               0D    244
     144     177       0       0       0                        00000000D    245
     144       0      -1       1       0                               0D    246
     128     178       0       0       0                        01010000D    247
     128       0       0       3       0                               0D    248
     126     181       0       0       0                        01010500D    249
     126       0       0       2       0                               0D    250
     110     183       0       0       0                        01010000D    251
     110       0       0       1       0                               0D    252
     126     184       0       0       0                        01010500D    253
     126       0       0       2       0                               0D    254
     110     186       0       0       0                        01010000D    255
     110       0       0       1       0                               0D    256
     126     187       0       0       0                        01010500D    257
     126       0       0       2       0                               0D    258
     110     189       0       0       0                        01010000D    259
     110       0       0       1       0                               0D    260
     126     190       0       0       0                        01010500D    261
     126       0       0       2       0                               0D    262
     110     192       0       0       0                        01010000D    263
     110       0       0       1       0                               0D    264
     126     193       0       0       0                        01010500D    265
     126       0       0       2       0                               0D    266
     110     195       0       0       0                        01010000D    267
     110       0       0       1       0                               0D    268
     126     196       0       0       0                        01010500D    269
     126       0       0       2       0                               0D    270
     110     198       0       0       0                        01010000D    271
     110       0       0       1       0                               0D    272
     126     199       0       0       0                        01010500D    273
     126       0       0       2       0                               0D    274
     110     201       0       0       0                        01010000D    275
     110       0       0       1       0                               0D    276
     126     202       0       0       0                        01010500D    277
     126       0       0       2       0                               0D    278
     110     204       0       0       0                        01010000D    279
     110       0       0       1       0                               0D    280
     102     205       0       0       0                        01010500D    281
     102       0       0       1       0                               0D    282
     102     206       0       0       0                        01010000D    283
     102       0       0       1       0                               0D    284
     142     207       0       0       0                        00010500D    285
     142       0       0       1       0                               0D    286
     144     208       0       0       0                        00000000D    287
     144       0      -1       1       0                               0D    288
     128     209       0       0       0                        01010000D    289
     128       0       0       3       0                               0D    290
     126     212       0       0       0                        01010500D    291
     126       0       0       2       0                               0D    292
     110     214       0       0       0                        01010000D    293
     110       0       0       1       0                               0D    294
     126     215       0       0       0                        01010500D    295
     126       0       0       2       0                               0D    296
     110     217       0       0       0                        01010000D    297
     110       0       0       1       0                               0D    298
     126     218       0       0       0                        01010500D    299
     126       0       0       2       0                               0D    300
     110     220       0       0       0                        01010000D    301
     110       0       0       1       0                               0D    302
     126     221       0       0       0                        01010500D    303
     126       0       0       2       0                               0D    304
     110     223       0       0       0                        01010000D    305
     110       0       0       1       0                               0D    306
     102     224       0       0       0                        01010500D    307
     102       0       0       1       0                               0D    308
     102     225       0       0       0                        01010000D    309
     102       0       0       1       0                               0D    310
     142     226       0       0       0                        00010500D    311
     142       0       0       1       0                               0D    312
     144     227       0       0       0                        00000000D    313
     144       0      -1       1       0                               0D    314
     128     228       0       0       0                        01010000D    315
     128       0       0       3       0                               0D    316
     126     231       0       0       0                        01010500D    317
     126       0       0       2       0                               0D    318
     110     233       0       0       0                        01010000D    319
     110       0       0       1       0                               0D    320
     126     234       0       0       0                        01010500D    321
     126       0       0       2       0                               0D    322
     110     236       0       0       0                        01010000D    323
     110       0       0       1       0                               0D    324
     126     237       0       0       0                        01010500D    325
     126       0       0       2       0                               0D    326
     110     239       0       0       0                        01010000D    327
     110       0       0       1       0                               0D    328
     126     240       0       0       0                        01010500D    329
     126       0       0       2       0                               0D    330
     110     242       0       0       0                        01010000D    331
     110       0       0       1       0                               0D    332
     102     243       0       0       0                        01010500D    333
     102       0       0       1       0                               0D    334
     102     244       0       0       0                        01010000D    335
     102       0       0       1       0                               0D    336
     142     245       0       0       0                        00010500D    337
     142       0       0       1       0                               0D    338
     144     246       0       0       0                        00000000D    339
     144       0      -1       1       0                               0D    340
     128     247       0       0       0                        01010000D    341
     128       0       0       3       0                               0D    342
     126     250       0       0       0                        01010500D    343
     126       0       0       2       0                               0D    344
     110     252       0       0       0                        01010000D    345
     110       0       0       1       0                               0D    346
     126     253       0       0       0                        01010500D    347
     126       0       0       2       0                               0D    348
     110     255       0       0       0                        01010000D    349
     110       0       0       1       0                               0D    350
     126     256       0       0       0                        01010500D    351
     126       0       0       2       0                               0D    352
     110     258       0       0       0                        01010000D    353
     110       0       0       1       0                               0D    354
     126     259       0       0       0                        01010500D    355
     126       0       0       2       0                               0D    356
     110     261       0       0       0                        01010000D    357
     110       0       0       1       0                               0D    358
     102     262       0       0       0                        01010500D    359
     102       0       0       1       0                               0D    360
     102     263       0       0       0                        01010000D    361
     102       0       0       1       0                               0D    362
     142     264       0       0       0                        00010500D    363
     142       0       0       1       0                               0D    364
     144     265       0       0       0                        00000000D    365
     144       0      -1       1       0                               0D    366
     128     266       0       0       0                        01010000D    367
     128       0       0       2       0                               0D    368
     126     268       0       0       0                        01010500D    369
     126       0       0       2       0                               0D    370
     110     270       0       0       0                        01010000D    371
     110       0       0       1       0                               0D    372
     126     271       0       0       0                        01010500D    373
     126       0       0       2       0                               0D    374
     110     273       0       0       0                        01010000D    375
     110       0       0       1       0                               0D    376
     126     274       0       0       0                        01010500D    377
     126       0       0       2       0                               0D    378
     110     276       0       0       0                        01010000D    379
     110       0       0       1       0                               0D    380
     126     277       0       0       0                        01010500D    381
     126       0       0       2       0                               0D    382
     110     279       0       0       0                        01010000D    383
     110       0       0       1       0                               0D    384
     102     280       0       0       0                        01010500D    385
     102       0       0       1       0                               0D    386
     102     281       0       0       0                        01010000D    387
     102       0       0       1       0                               0D    388
     142     282       0       0       0                        00010500D    389
     142       0       0       1       0                               0D    390
     144     283       0       0       0                        00000000D    391
     144       0      -1       1       0                               0D    392
     128     284       0       0       0                        01010000D    393
     128       0       0       2       0                               0D    394
     126     286       0       0       0                        01010500D    395
     126       0       0       2       0                               0D    396
     110     288       0       0       0                        01010000D    397
     110       0       0       1       0                               0D    398
     126     289       0       0       0                        01010500D    399
     126       0       0       2       0                               0D    400
     110     291       0       0       0                        01010000D    401
     110       0       0       1       0                               0D    402
     126     292       0       0       0                        01010500D    403
     126       0       0       2       0                               0D    404
     110     294       0       0       0                        01010000D    405
     110       0       0       1       0                               0D    406
     126     295       0       0       0                        01010500D    407
     126       0       0       2       0                               0D    408
     110     297       0       0       0                        01010000D    409
     110       0       0       1       0                               0D    410
     102     298       0       0       0                        01010500D    411
     102       0       0       1       0                               0D    412
     102     299       0       0       0                        01010000D    413
     102       0       0       1       0                               0D    414
     142     300       0       0       0                        00010500D    415
     142       0       0       1       0                               0D    416
     144     301       0       0       0                        00000000D    417
     144       0      -1       1       0                               0D    418
     128     302       0       0       0                        01010000D    419
     128       0       0       2       0                               0D    420
     126     304       0       0       0                        01010500D    421
     126       0       0       2       0                               0D    422
     110     306       0       0       0                        01010000D    423
     110       0       0       1       0                               0D    424
     126     307       0       0       0                        01010500D    425
     126       0       0       2       0                               0D    426
     110     309       0       0       0                        01010000D    427
     110       0       0       1       0                               0D    428
     126     310       0       0       0                        01010500D    429
     126       0       0       2       0                               0D    430
     110     312       0       0       0                        01010000D    431
     110       0       0       1       0                               0D    432
     126     313       0       0       0                        01010500D    433
     126       0       0       2       0                               0D    434
     110     315       0       0       0                        01010000D    435
     110       0       0       1       0                               0D    436
     102     316       0       0       0                        01010500D    437
     102       0       0       1       0                               0D    438
     102     317       0       0       0                        01010000D    439
     102       0       0       1       0                               0D    440
     142     318       0       0       0                        00010500D    441
     142       0       0       1       0                               0D    442
     144     319       0       0       0                        00000000D    443
     144       0      -1       1       0                               0D    444
     128     320       0       0       0                        01010000D    445
     128       0       0       3       0                               0D    446
     126     323       0       0       0                        01010500D    447
     126       0       0       2       0                               0D    448
     110     325       0       0       0                        01010000D    449
     110       0       0       1       0                               0D    450
     126     326       0       0       0                        01010500D    451
     126       0       0       2       0                               0D    452
     110     328       0       0       0                        01010000D    453
     110       0       0       1       0                               0D    454
     126     329       0       0       0                        01010500D    455
     126       0       0       2       0                               0D    456
     110     331       0       0       0                        01010000D    457
     110       0       0       1       0                               0D    458
     126     332       0       0       0                        01010500D    459
     126       0       0       2       0                               0D    460
     110     334       0       0       0                        01010000D    461
     110       0       0       1       0                               0D    462
     126     335       0       0       0                        01010500D    463
     126       0       0       2       0                               0D    464
     110     337       0       0       0                        01010000D    465
     110       0       0       1       0                               0D    466
     126     338       0       0       0                        01010500D    467
     126       0       0       2       0                               0D    468
     110     340       0       0       0                        01010000D    469
     110       0       0       1       0                               0D    470
     126     341       0       0       0                        01010500D    471
     126       0       0       2       0                               0D    472
     110     343       0       0       0                        01010000D    473
     110       0       0       1       0                               0D    474
     126     344       0       0       0                        01010500D    475
     126       0       0       2       0                               0D    476
     110     346       0       0       0                        01010000D    477
     110       0       0       1       0                               0D    478
     102     347       0       0       0                        01010500D    479
     102       0       0       1       0                               0D    480
     102     348       0       0       0                        01010000D    481
     102       0       0       1       0                               0D    482
     142     349       0       0       0                        00010500D    483
     142       0       0       1       0                               0D    484
     144     350       0       0       0                        00000000D    485
     144       0      -1       1       0                               0D    486
     128     351       0       0       0                        01010000D    487
     128       0       0       3       0                               0D    488
     126     354       0       0       0                        01010500D    489
     126       0       0       2       0                               0D    490
     110     356       0       0       0                        01010000D    491
     110       0       0       1       0                               0D    492
     126     357       0       0       0                        01010500D    493
     126       0       0       2       0                               0D    494
     110     359       0       0       0                        01010000D    495
     110       0       0       1       0                               0D    496
     126     360       0       0       0                        01010500D    497
     126       0       0       2       0                               0D    498
     110     362       0       0       0                        01010000D    499
     110       0       0       1       0                               0D    500
     126     363       0       0       0                        01010500D    501
     126       0       0       2       0                               0D    502
     110     365       0       0       0                        01010000D    503
     110       0       0       1       0                               0D    504
     126     366       0       0       0                        01010500D    505
     126       0       0       2       0                               0D    506
     110     368       0       0       0                        01010000D    507
     110       0       0       1       0                               0D    508
     126     369       0       0       0                        01010500D    509
     126       0       0       2       0                               0D    510
     110     371       0       0       0                        01010000D    511
     110       0       0       1       0                               0D    512
     126     372       0       0       0                        01010500D    513
     126       0       0       2       0                               0D    514
     110     374       0       0       0                        01010000D    515
     110       0       0       1       0                               0D    516
     126     375       0       0       0                        01010500D    517
     126       0       0       2       0                               0D    518
     110     377       0       0       0                        01010000D    519
     110       0       0       1       0                               0D    520
     126     378       0       0       0                        01010500D    521
     126       0       0       2       0                               0D    522
     110     380       0       0       0                        01010000D    523
     110       0       0       1       0                               0D    524
     126     381       0       0       0                        01010500D    525
     126       0       0       2       0                               0D    526
     110     383       0       0       0                        01010000D    527
     110       0       0       1       0                               0D    528
     126     384       0       0       0                        01010500D    529
     126       0       0       2       0                               0D    530
     110     386       0       0       0                        01010000D    531
     110       0       0       1       0                               0D    532
     126     387       0       0       0                        01010500D    533
     126       0       0       2       0                               0D    534
     110     389       0       0       0                        01010000D    535
     110       0       0       1       0                               0D    536
     102     390       0       0       0                        01010500D    537
     102       0       0       1       0                               0D    538
     102     391       0       0       0                        01010000D    539
     102       0       0       1       0                               0D    540
     142     392       0       0       0                        00010500D    541
     142       0       0       1       0                               0D    542
     126     393       0       0       0                        01010500D    543
     126       0       0      22       0                               0D    544
     100     415       0       0       0                        01010000D    545
     100       0       0       1       0                               0D    546
     126     416       0       0       0                        01010500D    547
     126       0       0      22       0                               0D    548
     100     438       0       0       0                        01010000D    549
     100       0       0       1       0                               0D    550
     102     439       0       0       0                        01010500D    551
     102       0       0       1       0                               0D    552
     102     440       0       0       0                        01010000D    553
     102       0       0       1       0                               0D    554
     142     441       0       0       0                        00010500D    555
     142       0       0       1       0                               0D    556
     126     442       0       0       0                        01010500D    557
     126       0       0      22       0                               0D    558
     100     464       0       0       0                        01010000D    559
     100       0       0       1       0                               0D    560
     126     465       0       0       0                        01010500D    561
     126       0       0      22       0                               0D    562
     100     487       0       0       0                        01010000D    563
     100       0       0       1       0                               0D    564
     102     488       0       0       0                        01010500D    565
     102       0       0       1       0                               0D    566
     102     489       0       0       0                        01010000D    567
     102       0       0       1       0                               0D    568
     142     490       0       0       0                        00010500D    569
     142       0       0       1       0                               0D    570
     144     491       0       0       0                        00000000D    571
     144       0      -1       1       0                               0D    572
     128     492       0       0       0                        01010000D    573
     128       0       0       3       0                               0D    574
     126     495       0       0       0                        01010500D    575
     126       0       0       2       0                               0D    576
     110     497       0       0       0                        01010000D    577
     110       0       0       1       0                               0D    578
     126     498       0       0       0                        01010500D    579
     126       0       0       2       0                               0D    580
     110     500       0       0       0                        01010000D    581
     110       0       0       1       0                               0D    582
     126     501       0       0       0                        01010500D    583
     126       0       0       2       0                               0D    584
     110     503       0       0       0                        01010000D    585
     110       0       0       1       0                               0D    586
     126     504       0       0       0                        01010500D    587
     126       0       0       2       0                               0D    588
     110     506       0       0       0                        01010000D    589
     110       0       0       1       0                               0D    590
     102     507       0       0       0                        01010500D    591
     102       0       0       1       0                               0D    592
     102     508       0       0       0                        01010000D    593
     102       0       0       1       0                               0D    594
     142     509       0       0       0                        00010500D    595
     142       0       0       1       0                               0D    596
     144     510       0       0       0                        00000000D    597
     144       0      -1       1       0                               0D    598
     128     511       0       0       0                        01010000D    599
     128       0       0       3       0                               0D    600
     126     514       0       0       0                        01010500D    601
     126       0       0       2       0                               0D    602
     110     516       0       0       0                        01010000D    603
     110       0       0       1       0                               0D    604
     126     517       0       0       0                        01010500D    605
     126       0       0       2       0                               0D    606
     110     519       0       0       0                        01010000D    607
     110       0       0       1       0                               0D    608
     126     520       0       0       0                        01010500D    609
     126       0       0       2       0                               0D    610
     110     522       0       0       0                        01010000D    611
     110       0       0       1       0                               0D    612
     126     523       0       0       0                        01010500D    613
     126       0       0       2       0                               0D    614
     110     525       0       0       0                        01010000D    615
     110       0       0       1       0                               0D    616
     102     526       0       0       0                        01010500D    617
     102       0       0       1       0                               0D    618
     102     527       0       0       0                        01010000D    619
     102       0       0       1       0                               0D    620
     142     528       0       0       0                        00010500D    621
     142       0       0       1       0                               0D    622
     126     529       0       0       0                        01010500D    623
     126       0       0      22       0                               0D    624
     100     551       0       0       0                        01010000D    625
     100       0       0       1       0                               0D    626
     126     552       0       0       0                        01010500D    627
     126       0       0      21       0                               0D    628
     100     573       0       0       0                        01010000D    629
     100       0       0       1       0                               0D    630
     102     574       0       0       0                        01010500D    631
     102       0       0       1       0                               0D    632
     102     575       0       0       0                        01010000D    633
     102       0       0       1       0                               0D    634
     142     576       0       0       0                        00010500D    635
     142       0       0       1       0                               0D    636
     144     577       0       0       0                        00000000D    637
     144       0      -1       1       0                               0D    638
     128     578       0       0       0                        01010000D    639
     128       0       0       3       0                               0D    640
     126     581       0       0       0                        01010500D    641
     126       0       0       2       0                               0D    642
     110     583       0       0       0                        01010000D    643
     110       0       0       1       0                               0D    644
     126     584       0       0       0                        01010500D    645
     126       0       0       2       0                               0D    646
     110     586       0       0       0                        01010000D    647
     110       0       0       1       0                               0D    648
     126     587       0       0       0                        01010500D    649
     126       0       0       2       0                               0D    650
     110     589       0       0       0                        01010000D    651
     110       0       0       1       0                               0D    652
     126     590       0       0       0                        01010500D    653
     126       0       0       2       0                               0D    654
     110     592       0       0       0                        01010000D    655
     110       0       0       1       0                               0D    656
     102     593       0       0       0                        01010500D    657
     102       0       0       1       0                               0D    658
     102     594       0       0       0                        01010000D    659
     102       0       0       1       0                               0D    660
     142     595       0       0       0                        00010500D    661
     142       0       0       1       0                               0D    662
     144     596       0       0       0                        00000000D    663
     144       0      -1       1       0                               0D    664
     128     597       0       0       0                        01010000D    665
     128       0       0       3       0                               0D    666
     126     600       0       0       0                        01010500D    667
     126       0       0       2       0                               0D    668
     110     602       0       0       0                        01010000D    669
     110       0       0       1       0                               0D    670
     126     603       0       0       0                        01010500D    671
     126       0       0       2       0                               0D    672
     110     605       0       0       0                        01010000D    673
     110       0       0       1       0                               0D    674
     126     606       0       0       0                        01010500D    675
     126       0       0       2       0                               0D    676
     110     608       0       0       0                        01010000D    677
     110       0       0       1       0                               0D    678
     126     609       0       0       0                        01010500D    679
     126       0       0       2       0                               0D    680
     110     611       0       0       0                        01010000D    681
     110       0       0       1       0                               0D    682
     102     612       0       0       0                        01010500D    683
     102       0       0       1       0                               0D    684
     102     613       0       0       0                        01010000D    685
     102       0       0       1       0                               0D    686
     142     614       0       0       0                        00010500D    687
     142       0       0       1       0                               0D    688
     144     615       0       0       0                        00000000D    689
     144       0      -1       1       0                               0D    690
     128     616       0       0       0                        01010000D    691
     128       0       0       3       0                               0D    692
     126     619       0       0       0                        01010500D    693
     126       0       0       2       0                               0D    694
     110     621       0       0       0                        01010000D    695
     110       0       0       1       0                               0D    696
     126     622       0       0       0                        01010500D    697
     126       0       0       2       0                               0D    698
     110     624       0       0       0                        01010000D    699
     110       0       0       1       0                               0D    700
     126     625       0       0       0                        01010500D    701
     126       0       0       2       0                               0D    702
     110     627       0       0       0                        01010000D    703
     110       0       0       1       0                               0D    704
     126     628       0       0       0                        01010500D    705
     126       0       0       2       0                               0D    706
     110     630       0       0       0                        01010000D    707
     110       0       0       1       0                               0D    708
     102     631       0       0       0                        01010500D    709
     102       0       0       1       0                               0D    710
     102     632       0       0       0                        01010000D    711
     102       0       0       1       0                               0D    712
     142     633       0       0       0                        00010500D    713
     142       0       0       1       0                               0D    714
     144     634       0       0       0                        00000000D    715
     144       0      -1       1       0                               0D    716
     110     635       0       0       0                        01010000D    717
     110       0       0       1       0                               0D    718
     110     636       0       0       0                        01010000D    719
     110       0       0       1       0                               0D    720
     120     637       0       0       0                        01010000D    721
     120       0       0       1       0                               0D    722
     126     638       0       0       0                        01010500D    723
     126       0       0       2       0                               0D    724
     100     640       0       0       0                        01010000D    725
     100       0       0       1       0                               0D    726
     126     641       0       0       0                        01010500D    727
     126       0       0       2       0                               0D    728
     110     643       0       0       0                        01010000D    729
     110       0       0       1       0                               0D    730
     126     644       0       0       0                        01010500D    731
     126       0       0       2       0                               0D    732
     124     646       0       0       0                        00000000D    733
     124       0       0       4       0                               0D    734
     100     650       0       0       0             733        01010000D    735
     100       0       0       1       0                               0D    736
     126     651       0       0       0                        01010500D    737
     126       0       0       2       0                               0D    738
     110     653       0       0       0                        01010000D    739
     110       0       0       1       0                               0D    740
     102     654       0       0       0                        01010500D    741
     102       0       0       1       0                               0D    742
     102     655       0       0       0                        01010000D    743
     102       0       0       1       0                               0D    744
     142     656       0       0       0                        00010500D    745
     142       0       0       1       0                               0D    746
     144     657       0       0       0                        00000000D    747
     144       0      -1       1       0                               0D    748
     128     658       0       0       0                        01010000D    749
     128       0       0       3       0                               0D    750
     126     661       0       0       0                        01010500D    751
     126       0       0       2       0                               0D    752
     110     663       0       0       0                        01010000D    753
     110       0       0       1       0                               0D    754
     126     664       0       0       0                        01010500D    755
     126       0       0       2       0                               0D    756
     110     666       0       0       0                        01010000D    757
     110       0       0       1       0                               0D    758
     126     667       0       0       0                        01010500D    759
     126       0       0       2       0                               0D    760
     110     669       0       0       0                        01010000D    761
     110       0       0       1       0                               0D    762
     126     670       0       0       0                        01010500D    763
     126       0       0       2       0                               0D    764
     110     672       0       0       0                        01010000D    765
     110       0       0       1       0                               0D    766
     102     673       0       0       0                        01010500D    767
     102       0       0       1       0                               0D    768
     102     674       0       0       0                        01010000D    769
     102       0       0       1       0                               0D    770
     142     675       0       0       0                        00010500D    771
     142       0       0       1       0                               0D    772
     126     676       0       0       0                        01010500D    773
     126       0       0      22       0                               0D    774
     124     698       0       0       0                        00000000D    775
     124       0       0       4       0                               0D    776
     100     702       0       0       0             775        01010000D    777
     100       0       0       1       0                               0D    778
     126     703       0       0       0                        01010500D    779
     126       0       0      21       0                               0D    780
     124     724       0       0       0                        00000000D    781
     124       0       0       4       0                               0D    782
     100     728       0       0       0             781        01010000D    783
     100       0       0       1       0                               0D    784
     102     729       0       0       0                        01010500D    785
     102       0       0       1       0                               0D    786
     102     730       0       0       0                        01010000D    787
     102       0       0       1       0                               0D    788
     142     731       0       0       0                        00010500D    789
     142       0       0       1       0                               0D    790
     144     732       0       0       0                        00000000D    791
     144       0      -1       1       0                               0D    792
     128     733       0       0       0                        01010000D    793
     128       0       0       3       0                               0D    794
     126     736       0       0       0                        01010500D    795
     126       0       0       2       0                               0D    796
     110     738       0       0       0                        01010000D    797
     110       0       0       1       0                               0D    798
     126     739       0       0       0                        01010500D    799
     126       0       0       2       0                               0D    800
     110     741       0       0       0                        01010000D    801
     110       0       0       1       0                               0D    802
     126     742       0       0       0                        01010500D    803
     126       0       0       2       0                               0D    804
     110     744       0       0       0                        01010000D    805
     110       0       0       1       0                               0D    806
     126     745       0       0       0                        01010500D    807
     126       0       0       2       0                               0D    808
     110     747       0       0       0                        01010000D    809
     110       0       0       1       0                               0D    810
     102     748       0       0       0                        01010500D    811
     102       0       0       1       0                               0D    812
     102     749       0       0       0                        01010000D    813
     102       0       0       1       0                               0D    814
     142     750       0       0       0                        00010500D    815
     142       0       0       1       0                               0D    816
     144     751       0       0       0                        00000000D    817
     144       0      -1       1       0                               0D    818
     128     752       0       0       0                        01010000D    819
     128       0       0       3       0                               0D    820
     126     755       0       0       0                        01010500D    821
     126       0       0       2       0                               0D    822
     110     757       0       0       0                        01010000D    823
     110       0       0       1       0                               0D    824
     126     758       0       0       0                        01010500D    825
     126       0       0       2       0                               0D    826
     110     760       0       0       0                        01010000D    827
     110       0       0       1       0                               0D    828
     126     761       0       0       0                        01010500D    829
     126       0       0       2       0                               0D    830
     110     763       0       0       0                        01010000D    831
     110       0       0       1       0                               0D    832
     126     764       0       0       0                        01010500D    833
     126       0       0       2       0                               0D    834
     110     766       0       0       0                        01010000D    835
     110       0       0       1       0                               0D    836
     102     767       0       0       0                        01010500D    837
     102       0       0       1       0                               0D    838
     102     768       0       0       0                        01010000D    839
     102       0       0       1       0                               0D    840
     142     769       0       0       0                        00010500D    841
     142       0       0       1       0                               0D    842
     144     770       0       0       0                        00000000D    843
     144       0      -1       1       0                               0D    844
     128     771       0       0       0                        01010000D    845
     128       0       0       3       0                               0D    846
     126     774       0       0       0                        01010500D    847
     126       0       0       2       0                               0D    848
     110     776       0       0       0                        01010000D    849
     110       0       0       1       0                               0D    850
     126     777       0       0       0                        01010500D    851
     126       0       0       2       0                               0D    852
     110     779       0       0       0                        01010000D    853
     110       0       0       1       0                               0D    854
     126     780       0       0       0                        01010500D    855
     126       0       0       2       0                               0D    856
     110     782       0       0       0                        01010000D    857
     110       0       0       1       0                               0D    858
     126     783       0       0       0                        01010500D    859
     126       0       0       2       0                               0D    860
     110     785       0       0       0                        01010000D    861
     110       0       0       1       0                               0D    862
     102     786       0       0       0                        01010500D    863
     102       0       0       1       0                               0D    864
     102     787       0       0       0                        01010000D    865
     102       0       0       1       0                               0D    866
     142     788       0       0       0                        00010500D    867
     142       0       0       1       0                               0D    868
     144     789       0       0       0                        00000000D    869
     144       0      -1       1       0                               0D    870
     110     790       0       0       0                        01010000D    871
     110       0       0       1       0                               0D    872
     110     791       0       0       0                        01010000D    873
     110       0       0       1       0                               0D    874
     120     792       0       0       0                        01010000D    875
     120       0       0       1       0                               0D    876
     126     793       0       0       0                        01010500D    877
     126       0       0       2       0                               0D    878
     100     795       0       0       0                        01010000D    879
     100       0       0       1       0                               0D    880
     126     796       0       0       0                        01010500D    881
     126       0       0       2       0                               0D    882
     110     798       0       0       0                        01010000D    883
     110       0       0       1       0                               0D    884
     126     799       0       0       0                        01010500D    885
     126       0       0       2       0                               0D    886
     124     801       0       0       0                        00000000D    887
     124       0       0       4       0                               0D    888
     100     805       0       0       0             887        01010000D    889
     100       0       0       1       0                               0D    890
     126     806       0       0       0                        01010500D    891
     126       0       0       2       0                               0D    892
     110     808       0       0       0                        01010000D    893
     110       0       0       1       0                               0D    894
     102     809       0       0       0                        01010500D    895
     102       0       0       1       0                               0D    896
     102     810       0       0       0                        01010000D    897
     102       0       0       1       0                               0D    898
     142     811       0       0       0                        00010500D    899
     142       0       0       1       0                               0D    900
     144     812       0       0       0                        00000000D    901
     144       0      -1       1       0                               0D    902
314,0.784313725490196,23.921568627451,82.3529411764706,;               1P      1
110,20.75,-23.5,17.,20.75,-23.5,-983.;                                 3P      2
110,19.,-23.5,17.,19.,-23.5,14.;                                       5P      3
120,3,5,0.,6.28318530717959;                                           7P      4
126,1,1,1,0,1,0,0.,0.,1.,1.,1.,1.,0.,6.283185307,0.,1.,                9P      5
6.283185307,0.,0.,1.,0.,0.,1.;                                         9P      6
110,19.,-23.5,17.,19.,-23.5,14.;                                      11P      7
126,1,1,1,0,1,0,0.,0.,1.,1.,1.,1.,1.,6.283185307,0.,1.,               13P      8
3.141592654,0.,0.,1.,0.,0.,1.;                                        13P      9
100,14.,20.75,-23.5,19.,-23.5,22.5,-23.5;                             15P     10
126,1,1,1,0,1,0,0.,0.,1.,1.,1.,1.,1.,3.141592654,0.,0.,               17P     11
3.141592654,0.,0.,1.,0.,0.,1.;                                        17P     12
110,22.5,-23.5,14.,22.5,-23.5,17.;                                    19P     13
126,1,1,1,0,1,0,0.,0.,1.,1.,1.,1.,0.,3.141592654,0.,0.,               21P     14
6.283185307,0.,0.,1.,0.,0.,1.;                                        21P     15
124,1.,-7.105427357601E-015,0.,-1.67421632113472E-013,                23P     16
-7.105427357601E-015,-1.,6.98296267768627E-015,-47.,                  23P     17
-4.96169340471387E-029,-6.98296267768627E-015,-1.,                    23P     18
33.9999999999998;                                                     23P     19
100,17.,20.75,-23.5,22.5,-23.5,19.,-23.5;                             25P     20
102,4,9,13,17,21;                                                     27P     21
102,4,11,15,19,25;                                                    29P     22
142,1,7,27,29,1;                                                      31P     23
144,7,1,0,31;                                                         33P     24
110,20.75,23.5,17.,20.75,23.5,-983.;                                  35P     25
110,19.,23.5,17.,19.,23.5,14.;                                        37P     26
120,35,37,0.,6.28318530717959;                                        39P     27
126,1,1,1,0,1,0,0.,0.,1.,1.,1.,1.,0.,6.283185307,0.,1.,               41P     28
6.283185307,0.,0.,1.,0.,0.,1.;                                        41P     29
110,19.,23.5,17.,19.,23.5,14.;                                        43P     30
126,1,1,1,0,1,0,0.,0.,1.,1.,1.,1.,1.,6.283185307,0.,1.,               45P     31
3.141592654,0.,0.,1.,0.,0.,1.;                                        45P     32
100,14.,20.75,23.5,19.,23.5,22.5,23.5;                                47P     33
126,1,1,1,0,1,0,0.,0.,1.,1.,1.,1.,1.,3.141592654,0.,0.,               49P     34
3.141592654,0.,0.,1.,0.,0.,1.;                                        49P     35
110,22.5,23.5,14.,22.5,23.5,17.;                                      51P     36
126,1,1,1,0,1,0,0.,0.,1.,1.,1.,1.,0.,3.141592654,0.,0.,               53P     37
6.283185307,0.,0.,1.,0.,0.,1.;                                        53P     38
124,1.,-7.105427357601E-015,0.,1.67421632113476E-013,                 55P     39
-7.105427357601E-015,-1.,6.98296267768627E-015,47.,                   55P     40
-4.96169340471387E-029,-6.98296267768627E-015,-1.,                    55P     41
34.0000000000002;                                                     55P     42
100,17.,20.75,23.5,22.5,23.5,19.,23.5;                                57P     43
102,4,41,45,49,53;                                                    59P     44
102,4,43,47,51,57;                                                    61P     45
142,1,39,59,61,1;                                                     63P     46
144,39,1,0,63;                                                        65P     47
128,1,1,1,1,0,0,1,0,0,0.,0.,1.,1.,0.,0.,1.,1.,1.,1.,1.,1.,            67P     48
26.75,-19.5,0.,-14.75,-19.5,0.,26.75,-19.5,17.,-14.75,-19.5,          67P     49
17.,0.,1.,0.,1.;                                                      67P     50
126,1,1,1,0,1,0,0.,0.,1.,1.,1.,1.,0.228915663,0.823529412,0.,         69P     51
0.060240964,0.823529412,0.,0.,1.,0.,0.,1.;                            69P     52
110,17.25,-19.5,14.,24.25,-19.5,14.;                                  71P     53
126,1,1,1,0,1,0,0.,0.,1.,1.,1.,1.,0.060240964,0.823529412,0.,         73P     54
0.060240964,1.,0.,0.,1.,0.,0.,1.;                                     73P     55
110,24.25,-19.5,14.,24.25,-19.5,17.;                                  75P     56
126,1,1,1,0,1,0,0.,0.,1.,1.,1.,1.,0.060240964,1.,0.,0.,1.,0.,         77P     57
0.,1.,0.,0.,1.;                                                       77P     58
110,24.25,-19.5,17.,26.75,-19.5,17.;                                  79P     59
126,1,1,1,0,1,0,0.,0.,1.,1.,1.,1.,0.,1.,0.,0.,0.,0.,0.,1.,0.,         81P     60
0.,1.;                                                                81P     61
110,26.75,-19.5,17.,26.75,-19.5,0.;                                   83P     62
126,1,1,1,0,1,0,0.,0.,1.,1.,1.,1.,0.,0.,0.,1.,0.,0.,0.,1.,0.,         85P     63
0.,1.;                                                                85P     64
110,26.75,-19.5,0.,-14.75,-19.5,0.;                                   87P     65
126,1,1,1,0,1,0,0.,0.,1.,1.,1.,1.,1.,0.,0.,1.,1.,0.,0.,1.,0.,         89P     66
0.,1.;                                                                89P     67
110,-14.75,-19.5,0.,-14.75,-19.5,17.;                                 91P     68
126,1,1,1,0,1,0,0.,0.,1.,1.,1.,1.,1.,1.,0.,0.228915663,1.,0.,         93P     69
0.,1.,0.,0.,1.;                                                       93P     70
110,-14.75,-19.5,17.,17.25,-19.5,17.;                                 95P     71
126,1,1,1,0,1,0,0.,0.,1.,1.,1.,1.,0.228915663,1.,0.,                  97P     72
0.228915663,0.823529412,0.,0.,1.,0.,0.,1.;                            97P     73
110,17.25,-19.5,17.,17.25,-19.5,14.;                                  99P     74
102,8,69,73,77,81,85,89,93,97;                                       101P     75
102,8,71,75,79,83,87,91,95,99;                                       103P     76
142,1,67,101,103,1;                                                  105P     77
144,67,1,0,105;                                                      107P     78
128,1,1,1,1,0,0,1,0,0,0.,0.,1.,1.,0.,0.,1.,1.,1.,1.,1.,1.,           109P     79
-14.75,19.5,17.,-14.75,19.5,0.,26.75,19.5,17.,26.75,19.5,0.,0.,      109P     80
1.,0.,1.;                                                            109P     81
126,1,1,1,0,1,0,0.,0.,1.,1.,1.,1.,0.,0.771084337,0.,0.,0.,0.,        111P     82
0.,1.,0.,0.,1.;                                                      111P     83
110,17.25,19.5,17.,-14.75,19.5,17.;                                  113P     84
126,1,1,1,0,1,0,0.,0.,1.,1.,1.,1.,0.,0.,0.,1.,0.,0.,0.,1.,0.,        115P     85
0.,1.;                                                               115P     86
110,-14.75,19.5,17.,-14.75,19.5,0.;                                  117P     87
126,1,1,1,0,1,0,0.,0.,1.,1.,1.,1.,1.,0.,0.,1.,1.,0.,0.,1.,0.,        119P     88
0.,1.;                                                               119P     89
110,-14.75,19.5,0.,26.75,19.5,0.;                                    121P     90
126,1,1,1,0,1,0,0.,0.,1.,1.,1.,1.,1.,1.,0.,0.,1.,0.,0.,1.,0.,        123P     91
0.,1.;                                                               123P     92
110,26.75,19.5,0.,26.75,19.5,17.;                                    125P     93
126,1,1,1,0,1,0,0.,0.,1.,1.,1.,1.,0.,1.,0.,0.,0.939759036,0.,        127P     94
0.,1.,0.,0.,1.;                                                      127P     95
110,26.75,19.5,17.,24.25,19.5,17.;                                   129P     96
126,1,1,1,0,1,0,0.,0.,1.,1.,1.,1.,0.,0.939759036,0.,                 131P     97
0.176470588,0.939759036,0.,0.,1.,0.,0.,1.;                           131P     98
110,24.25,19.5,17.,24.25,19.5,14.;                                   133P     99
126,1,1,1,0,1,0,0.,0.,1.,1.,1.,1.,0.176470588,0.939759036,0.,        135P    100
0.176470588,0.771084337,0.,0.,1.,0.,0.,1.;                           135P    101
110,24.25,19.5,14.,17.25,19.5,14.;                                   137P    102
126,1,1,1,0,1,0,0.,0.,1.,1.,1.,1.,0.176470588,0.771084337,0.,        139P    103
0.,0.771084337,0.,0.,1.,0.,0.,1.;                                    139P    104
110,17.25,19.5,14.,17.25,19.5,17.;                                   141P    105
102,8,111,115,119,123,127,131,135,139;                               143P    106
102,8,113,117,121,125,129,133,137,141;                               145P    107
142,1,109,143,145,1;                                                 147P    108
126,1,1,1,0,1,0,0.,0.,1.,1.,1.,1.,0.705882353,0.578313253,0.,        149P    109
0.705882353,0.493975904,0.,0.,1.,0.,0.,1.;                           149P    110
110,9.25,19.5,5.,5.75,19.5,5.;                                       151P    111
126,1,1,1,0,1,0,0.,0.,1.,1.,1.,1.,0.705882353,0.493975904,0.,        153P    112
0.117647059,0.493975904,0.,0.,1.,0.,0.,1.;                           153P    113
110,5.75,19.5,5.,5.75,19.5,15.;                                      155P    114
126,1,1,1,0,1,0,0.,0.,1.,1.,1.,1.,0.117647059,0.493975904,0.,        157P    115
0.117647059,0.578313253,0.,0.,1.,0.,0.,1.;                           157P    116
110,5.75,19.5,15.,9.25,19.5,15.;                                     159P    117
126,1,1,1,0,1,0,0.,0.,1.,1.,1.,1.,0.117647059,0.578313253,0.,        161P    118
0.705882353,0.578313253,0.,0.,1.,0.,0.,1.;                           161P    119
110,9.25,19.5,15.,9.25,19.5,5.;                                      163P    120
102,4,149,153,157,161;                                               165P    121
102,4,151,155,159,163;                                               167P    122
142,1,109,165,167,1;                                                 169P    123
144,109,1,1,147,169;                                                 171P    124
128,1,1,1,1,0,0,1,0,0,0.,0.,1.,1.,0.,0.,1.,1.,1.,1.,1.,1.,           173P    125
-14.75,-19.5,17.,-14.75,-19.5,0.,-14.75,19.5,17.,-14.75,19.5,        173P    126
0.,0.,1.,0.,1.;                                                      173P    127
126,1,1,1,0,1,0,0.,0.,1.,1.,1.,1.,1.,0.,0.,1.,1.,0.,0.,1.,0.,        175P    128
0.,1.;                                                               175P    129
110,-14.75,-19.5,0.,-14.75,19.5,0.;                                  177P    130
126,1,1,1,0,1,0,0.,0.,1.,1.,1.,1.,1.,1.,0.,0.,1.,0.,0.,1.,0.,        179P    131
0.,1.;                                                               179P    132
110,-14.75,19.5,0.,-14.75,19.5,17.;                                  181P    133
126,1,1,1,0,1,0,0.,0.,1.,1.,1.,1.,0.,1.,0.,0.,0.,0.,0.,1.,0.,        183P    134
0.,1.;                                                               183P    135
110,-14.75,19.5,17.,-14.75,-19.5,17.;                                185P    136
126,1,1,1,0,1,0,0.,0.,1.,1.,1.,1.,0.,0.,0.,1.,0.,0.,0.,1.,0.,        187P    137
0.,1.;                                                               187P    138
110,-14.75,-19.5,17.,-14.75,-19.5,0.;                                189P    139
102,4,175,179,183,187;                                               191P    140
102,4,177,181,185,189;                                               193P    141
142,1,173,191,193,1;                                                 195P    142
126,1,1,1,0,1,0,0.,0.,1.,1.,1.,1.,0.117647059,0.923076923,0.,        197P    143
0.882352941,0.923076923,0.,0.,1.,0.,0.,1.;                           197P    144
110,-14.75,16.5,15.,-14.75,16.5,2.;                                  199P    145
126,1,1,1,0,1,0,0.,0.,1.,1.,1.,1.,0.882352941,0.923076923,0.,        201P    146
0.882352941,0.076923077,0.,0.,1.,0.,0.,1.;                           201P    147
110,-14.75,16.5,2.,-14.75,-16.5,2.;                                  203P    148
126,1,1,1,0,1,0,0.,0.,1.,1.,1.,1.,0.882352941,0.076923077,0.,        205P    149
0.117647059,0.076923077,0.,0.,1.,0.,0.,1.;                           205P    150
110,-14.75,-16.5,2.,-14.75,-16.5,15.;                                207P    151
126,1,1,1,0,1,0,0.,0.,1.,1.,1.,1.,0.117647059,0.076923077,0.,        209P    152
0.117647059,0.923076923,0.,0.,1.,0.,0.,1.;                           209P    153
110,-14.75,-16.5,15.,-14.75,16.5,15.;                                211P    154
102,4,197,201,205,209;                                               213P    155
102,4,199,203,207,211;                                               215P    156
142,1,173,213,215,1;                                                 217P    157
144,173,1,1,195,217;                                                 219P    158
128,1,1,1,1,0,0,1,0,0,0.,0.,1.,1.,0.,0.,1.,1.,1.,1.,1.,1.,           221P    159
-14.75,-19.5,0.,26.75,-19.5,0.,-14.75,19.5,0.,26.75,19.5,0.,0.,      221P    160
1.,0.,1.;                                                            221P    161
126,1,1,1,0,1,0,0.,0.,1.,1.,1.,1.,0.,0.,0.,1.,0.,0.,0.,1.,0.,        223P    162
0.,1.;                                                               223P    163
110,-14.75,-19.5,0.,26.75,-19.5,0.;                                  225P    164
126,1,1,1,0,1,0,0.,0.,1.,1.,1.,1.,1.,0.,0.,1.,1.,0.,0.,1.,0.,        227P    165
0.,1.;                                                               227P    166
110,26.75,-19.5,0.,26.75,19.5,0.;                                    229P    167
126,1,1,1,0,1,0,0.,0.,1.,1.,1.,1.,1.,1.,0.,0.,1.,0.,0.,1.,0.,        231P    168
0.,1.;                                                               231P    169
110,26.75,19.5,0.,-14.75,19.5,0.;                                    233P    170
126,1,1,1,0,1,0,0.,0.,1.,1.,1.,1.,0.,1.,0.,0.,0.,0.,0.,1.,0.,        235P    171
0.,1.;                                                               235P    172
110,-14.75,19.5,0.,-14.75,-19.5,0.;                                  237P    173
102,4,223,227,231,235;                                               239P    174
102,4,225,229,233,237;                                               241P    175
142,1,221,239,241,1;                                                 243P    176
144,221,1,0,243;                                                     245P    177
128,1,1,1,1,0,0,1,0,0,0.,0.,1.,1.,0.,0.,1.,1.,1.,1.,1.,1.,           247P    178
-14.75,16.5,2.,-14.75,16.5,15.,11.75,16.5,2.,11.75,16.5,15.,0.,      247P    179
1.,0.,1.;                                                            247P    180
126,1,1,1,0,1,0,0.,0.,1.,1.,1.,1.,1.,1.,0.,0.,1.,0.,0.,1.,0.,        249P    181
0.,1.;                                                               249P    182
110,11.75,16.5,15.,11.75,16.5,2.;                                    251P    183
126,1,1,1,0,1,0,0.,0.,1.,1.,1.,1.,0.,1.,0.,0.,0.,0.,0.,1.,0.,        253P    184
0.,1.;                                                               253P    185
110,11.75,16.5,2.,-14.75,16.5,2.;                                    255P    186
126,1,1,1,0,1,0,0.,0.,1.,1.,1.,1.,0.,0.,0.,1.,0.,0.,0.,1.,0.,        257P    187
0.,1.;                                                               257P    188
110,-14.75,16.5,2.,-14.75,16.5,15.;                                  259P    189
126,1,1,1,0,1,0,0.,0.,1.,1.,1.,1.,1.,0.,0.,1.,0.773584906,0.,        261P    190
0.,1.,0.,0.,1.;                                                      261P    191
110,-14.75,16.5,15.,5.75,16.5,15.;                                   263P    192
126,1,1,1,0,1,0,0.,0.,1.,1.,1.,1.,1.,0.773584906,0.,                 265P    193
0.230769231,0.773584906,0.,0.,1.,0.,0.,1.;                           265P    194
110,5.75,16.5,15.,5.75,16.5,5.;                                      267P    195
126,1,1,1,0,1,0,0.,0.,1.,1.,1.,1.,0.230769231,0.773584906,0.,        269P    196
0.230769231,0.905660377,0.,0.,1.,0.,0.,1.;                           269P    197
110,5.75,16.5,5.,9.25,16.5,5.;                                       271P    198
126,1,1,1,0,1,0,0.,0.,1.,1.,1.,1.,0.230769231,0.905660377,0.,        273P    199
1.,0.905660377,0.,0.,1.,0.,0.,1.;                                    273P    200
110,9.25,16.5,5.,9.25,16.5,15.;                                      275P    201
126,1,1,1,0,1,0,0.,0.,1.,1.,1.,1.,1.,0.905660377,0.,1.,1.,0.,        277P    202
0.,1.,0.,0.,1.;                                                      277P    203
110,9.25,16.5,15.,11.75,16.5,15.;                                    279P    204
102,8,249,253,257,261,265,269,273,277;                               281P    205
102,8,251,255,259,263,267,271,275,279;                               283P    206
142,1,247,281,283,1;                                                 285P    207
144,247,1,0,285;                                                     287P    208
128,1,1,1,1,0,0,1,0,0,0.,0.,1.,1.,0.,0.,1.,1.,1.,1.,1.,1.,           289P    209
11.75,-16.5,2.,11.75,16.5,2.,11.75,-16.5,15.,11.75,16.5,15.,0.,      289P    210
1.,0.,1.;                                                            289P    211
126,1,1,1,0,1,0,0.,0.,1.,1.,1.,1.,0.,1.,0.,0.,0.,0.,0.,1.,0.,        291P    212
0.,1.;                                                               291P    213
110,11.75,-16.5,15.,11.75,-16.5,2.;                                  293P    214
126,1,1,1,0,1,0,0.,0.,1.,1.,1.,1.,0.,0.,0.,1.,0.,0.,0.,1.,0.,        295P    215
0.,1.;                                                               295P    216
110,11.75,-16.5,2.,11.75,16.5,2.;                                    297P    217
126,1,1,1,0,1,0,0.,0.,1.,1.,1.,1.,1.,0.,0.,1.,1.,0.,0.,1.,0.,        299P    218
0.,1.;                                                               299P    219
110,11.75,16.5,2.,11.75,16.5,15.;                                    301P    220
126,1,1,1,0,1,0,0.,0.,1.,1.,1.,1.,1.,1.,0.,0.,1.,0.,0.,1.,0.,        303P    221
0.,1.;                                                               303P    222
110,11.75,16.5,15.,11.75,-16.5,15.;                                  305P    223
102,4,291,295,299,303;                                               307P    224
102,4,293,297,301,305;                                               309P    225
142,1,289,307,309,1;                                                 311P    226
144,289,1,0,311;                                                     313P    227
128,1,1,1,1,0,0,1,0,0,0.,0.,1.,1.,0.,0.,1.,1.,1.,1.,1.,1.,           315P    228
-14.75,-16.5,2.,11.75,-16.5,2.,-14.75,-16.5,15.,11.75,-16.5,         315P    229
15.,0.,1.,0.,1.;                                                     315P    230
126,1,1,1,0,1,0,0.,0.,1.,1.,1.,1.,1.,1.,0.,0.,1.,0.,0.,1.,0.,        317P    231
0.,1.;                                                               317P    232
110,11.75,-16.5,15.,-14.75,-16.5,15.;                                319P    233
126,1,1,1,0,1,0,0.,0.,1.,1.,1.,1.,0.,1.,0.,0.,0.,0.,0.,1.,0.,        321P    234
0.,1.;                                                               321P    235
110,-14.75,-16.5,15.,-14.75,-16.5,2.;                                323P    236
126,1,1,1,0,1,0,0.,0.,1.,1.,1.,1.,0.,0.,0.,1.,0.,0.,0.,1.,0.,        325P    237
0.,1.;                                                               325P    238
110,-14.75,-16.5,2.,11.75,-16.5,2.;                                  327P    239
126,1,1,1,0,1,0,0.,0.,1.,1.,1.,1.,1.,0.,0.,1.,1.,0.,0.,1.,0.,        329P    240
0.,1.;                                                               329P    241
110,11.75,-16.5,2.,11.75,-16.5,15.;                                  331P    242
102,4,317,321,325,329;                                               333P    243
102,4,319,323,327,331;                                               335P    244
142,1,315,333,335,1;                                                 337P    245
144,315,1,0,337;                                                     339P    246
128,1,1,1,1,0,0,1,0,0,0.,0.,1.,1.,0.,0.,1.,1.,1.,1.,1.,1.,           341P    247
-14.75,-16.5,2.,11.75,-16.5,2.,-14.75,16.5,2.,11.75,16.5,2.,0.,      341P    248
1.,0.,1.;                                                            341P    249
126,1,1,1,0,1,0,0.,0.,1.,1.,1.,1.,1.,1.,0.,0.,1.,0.,0.,1.,0.,        343P    250
0.,1.;                                                               343P    251
110,11.75,16.5,2.,-14.75,16.5,2.;                                    345P    252
126,1,1,1,0,1,0,0.,0.,1.,1.,1.,1.,0.,1.,0.,0.,0.,0.,0.,1.,0.,        347P    253
0.,1.;                                                               347P    254
110,-14.75,16.5,2.,-14.75,-16.5,2.;                                  349P    255
126,1,1,1,0,1,0,0.,0.,1.,1.,1.,1.,0.,0.,0.,1.,0.,0.,0.,1.,0.,        351P    256
0.,1.;                                                               351P    257
110,-14.75,-16.5,2.,11.75,-16.5,2.;                                  353P    258
126,1,1,1,0,1,0,0.,0.,1.,1.,1.,1.,1.,0.,0.,1.,1.,0.,0.,1.,0.,        355P    259
0.,1.;                                                               355P    260
110,11.75,-16.5,2.,11.75,16.5,2.;                                    357P    261
102,4,343,347,351,355;                                               359P    262
102,4,345,349,353,357;                                               361P    263
142,1,341,359,361,1;                                                 363P    264
144,341,1,0,363;                                                     365P    265
128,1,1,1,1,0,0,1,0,0,0.,0.,1.,1.,0.,0.,1.,1.,1.,1.,1.,1.,9.25,      367P    266
16.5,15.,9.25,16.5,5.,9.25,19.5,15.,9.25,19.5,5.,0.,1.,0.,1.;        367P    267
126,1,1,1,0,1,0,0.,0.,1.,1.,1.,1.,0.,0.,0.,1.,0.,0.,0.,1.,0.,        369P    268
0.,1.;                                                               369P    269
110,9.25,16.5,15.,9.25,16.5,5.;                                      371P    270
126,1,1,1,0,1,0,0.,0.,1.,1.,1.,1.,1.,0.,0.,1.,1.,0.,0.,1.,0.,        373P    271
0.,1.;                                                               373P    272
110,9.25,16.5,5.,9.25,19.5,5.;                                       375P    273
126,1,1,1,0,1,0,0.,0.,1.,1.,1.,1.,1.,1.,0.,0.,1.,0.,0.,1.,0.,        377P    274
0.,1.;                                                               377P    275
110,9.25,19.5,5.,9.25,19.5,15.;                                      379P    276
126,1,1,1,0,1,0,0.,0.,1.,1.,1.,1.,0.,1.,0.,0.,0.,0.,0.,1.,0.,        381P    277
0.,1.;                                                               381P    278
110,9.25,19.5,15.,9.25,16.5,15.;                                     383P    279
102,4,369,373,377,381;                                               385P    280
102,4,371,375,379,383;                                               387P    281
142,1,367,385,387,1;                                                 389P    282
144,367,1,0,389;                                                     391P    283
128,1,1,1,1,0,0,1,0,0,0.,0.,1.,1.,0.,0.,1.,1.,1.,1.,1.,1.,5.75,      393P    284
16.5,5.,5.75,16.5,15.,5.75,19.5,5.,5.75,19.5,15.,0.,1.,0.,1.;        393P    285
126,1,1,1,0,1,0,0.,0.,1.,1.,1.,1.,0.,0.,0.,1.,0.,0.,0.,1.,0.,        395P    286
0.,1.;                                                               395P    287
110,5.75,16.5,5.,5.75,16.5,15.;                                      397P    288
126,1,1,1,0,1,0,0.,0.,1.,1.,1.,1.,1.,0.,0.,1.,1.,0.,0.,1.,0.,        399P    289
0.,1.;                                                               399P    290
110,5.75,16.5,15.,5.75,19.5,15.;                                     401P    291
126,1,1,1,0,1,0,0.,0.,1.,1.,1.,1.,1.,1.,0.,0.,1.,0.,0.,1.,0.,        403P    292
0.,1.;                                                               403P    293
110,5.75,19.5,15.,5.75,19.5,5.;                                      405P    294
126,1,1,1,0,1,0,0.,0.,1.,1.,1.,1.,0.,1.,0.,0.,0.,0.,0.,1.,0.,        407P    295
0.,1.;                                                               407P    296
110,5.75,19.5,5.,5.75,16.5,5.;                                       409P    297
102,4,395,399,403,407;                                               411P    298
102,4,397,401,405,409;                                               413P    299
142,1,393,411,413,1;                                                 415P    300
144,393,1,0,415;                                                     417P    301
128,1,1,1,1,0,0,1,0,0,0.,0.,1.,1.,0.,0.,1.,1.,1.,1.,1.,1.,9.25,      419P    302
16.5,5.,5.75,16.5,5.,9.25,19.5,5.,5.75,19.5,5.,0.,1.,0.,1.;          419P    303
126,1,1,1,0,1,0,0.,0.,1.,1.,1.,1.,0.,0.,0.,1.,0.,0.,0.,1.,0.,        421P    304
0.,1.;                                                               421P    305
110,9.25,16.5,5.,5.75,16.5,5.;                                       423P    306
126,1,1,1,0,1,0,0.,0.,1.,1.,1.,1.,1.,0.,0.,1.,1.,0.,0.,1.,0.,        425P    307
0.,1.;                                                               425P    308
110,5.75,16.5,5.,5.75,19.5,5.;                                       427P    309
126,1,1,1,0,1,0,0.,0.,1.,1.,1.,1.,1.,1.,0.,0.,1.,0.,0.,1.,0.,        429P    310
0.,1.;                                                               429P    311
110,5.75,19.5,5.,9.25,19.5,5.;                                       431P    312
126,1,1,1,0,1,0,0.,0.,1.,1.,1.,1.,0.,1.,0.,0.,0.,0.,0.,1.,0.,        433P    313
0.,1.;                                                               433P    314
110,9.25,19.5,5.,9.25,16.5,5.;                                       435P    315
102,4,421,425,429,433;                                               437P    316
102,4,423,427,431,435;                                               439P    317
142,1,419,437,439,1;                                                 441P    318
144,419,1,0,441;                                                     443P    319
128,1,1,1,1,0,0,1,0,0,0.,0.,1.,1.,0.,0.,1.,1.,1.,1.,1.,1.,           445P    320
11.75,-16.5,15.,-14.75,-16.5,15.,11.75,19.5,15.,-14.75,19.5,         445P    321
15.,0.,1.,0.,1.;                                                     445P    322
126,1,1,1,0,1,0,0.,0.,1.,1.,1.,1.,0.,0.,0.,1.,0.,0.,0.,1.,0.,        447P    323
0.,1.;                                                               447P    324
110,11.75,-16.5,15.,-14.75,-16.5,15.;                                449P    325
126,1,1,1,0,1,0,0.,0.,1.,1.,1.,1.,1.,0.,0.,1.,0.916666667,0.,        451P    326
0.,1.,0.,0.,1.;                                                      451P    327
110,-14.75,-16.5,15.,-14.75,16.5,15.;                                453P    328
126,1,1,1,0,1,0,0.,0.,1.,1.,1.,1.,1.,0.916666667,0.,                 455P    329
0.226415094,0.916666667,0.,0.,1.,0.,0.,1.;                           455P    330
110,-14.75,16.5,15.,5.75,16.5,15.;                                   457P    331
126,1,1,1,0,1,0,0.,0.,1.,1.,1.,1.,0.226415094,0.916666667,0.,        459P    332
0.226415094,1.,0.,0.,1.,0.,0.,1.;                                    459P    333
110,5.75,16.5,15.,5.75,19.5,15.;                                     461P    334
126,1,1,1,0,1,0,0.,0.,1.,1.,1.,1.,0.226415094,1.,0.,                 463P    335
0.094339623,1.,0.,0.,1.,0.,0.,1.;                                    463P    336
110,5.75,19.5,15.,9.25,19.5,15.;                                     465P    337
126,1,1,1,0,1,0,0.,0.,1.,1.,1.,1.,0.094339623,1.,0.,                 467P    338
0.094339623,0.916666667,0.,0.,1.,0.,0.,1.;                           467P    339
110,9.25,19.5,15.,9.25,16.5,15.;                                     469P    340
126,1,1,1,0,1,0,0.,0.,1.,1.,1.,1.,0.094339623,0.916666667,0.,        471P    341
0.,0.916666667,0.,0.,1.,0.,0.,1.;                                    471P    342
110,9.25,16.5,15.,11.75,16.5,15.;                                    473P    343
126,1,1,1,0,1,0,0.,0.,1.,1.,1.,1.,0.,0.916666667,0.,0.,0.,0.,        475P    344
0.,1.,0.,0.,1.;                                                      475P    345
110,11.75,16.5,15.,11.75,-16.5,15.;                                  477P    346
102,8,447,451,455,459,463,467,471,475;                               479P    347
102,8,449,453,457,461,465,469,473,477;                               481P    348
142,1,445,479,481,1;                                                 483P    349
144,445,1,0,483;                                                     485P    350
128,1,1,1,1,0,0,1,0,0,0.,0.,1.,1.,0.,0.,1.,1.,1.,1.,1.,1.,           487P    351
26.75,-26.5,17.,-14.75,-26.5,17.,26.75,26.5,17.,-14.75,26.5,         487P    352
17.,0.,1.,0.,1.;                                                     487P    353
126,1,1,1,0,1,0,0.,0.,1.,1.,1.,1.,1.,0.132075472,0.,1.,              489P    354
0.867924528,0.,0.,1.,0.,0.,1.;                                       489P    355
110,-14.75,-19.5,17.,-14.75,19.5,17.;                                491P    356
126,1,1,1,0,1,0,0.,0.,1.,1.,1.,1.,1.,0.867924528,0.,                 493P    357
0.228915663,0.867924528,0.,0.,1.,0.,0.,1.;                           493P    358
110,-14.75,19.5,17.,17.25,19.5,17.;                                  495P    359
126,1,1,1,0,1,0,0.,0.,1.,1.,1.,1.,0.228915663,0.867924528,0.,        497P    360
0.228915663,1.,0.,0.,1.,0.,0.,1.;                                    497P    361
110,17.25,19.5,17.,17.25,26.5,17.;                                   499P    362
126,1,1,1,0,1,0,0.,0.,1.,1.,1.,1.,0.228915663,1.,0.,                 501P    363
0.060240964,1.,0.,0.,1.,0.,0.,1.;                                    501P    364
110,17.25,26.5,17.,24.25,26.5,17.;                                   503P    365
126,1,1,1,0,1,0,0.,0.,1.,1.,1.,1.,0.060240964,1.,0.,                 505P    366
0.060240964,0.867924528,0.,0.,1.,0.,0.,1.;                           505P    367
110,24.25,26.5,17.,24.25,19.5,17.;                                   507P    368
126,1,1,1,0,1,0,0.,0.,1.,1.,1.,1.,0.060240964,0.867924528,0.,        509P    369
0.,0.867924528,0.,0.,1.,0.,0.,1.;                                    509P    370
110,24.25,19.5,17.,26.75,19.5,17.;                                   511P    371
126,1,1,1,0,1,0,0.,0.,1.,1.,1.,1.,0.,0.867924528,0.,0.,              513P    372
0.132075472,0.,0.,1.,0.,0.,1.;                                       513P    373
110,26.75,19.5,17.,26.75,-19.5,17.;                                  515P    374
126,1,1,1,0,1,0,0.,0.,1.,1.,1.,1.,0.,0.132075472,0.,                 517P    375
0.060240964,0.132075472,0.,0.,1.,0.,0.,1.;                           517P    376
110,26.75,-19.5,17.,24.25,-19.5,17.;                                 519P    377
126,1,1,1,0,1,0,0.,0.,1.,1.,1.,1.,0.060240964,0.132075472,0.,        521P    378
0.060240964,0.,0.,0.,1.,0.,0.,1.;                                    521P    379
110,24.25,-19.5,17.,24.25,-26.5,17.;                                 523P    380
126,1,1,1,0,1,0,0.,0.,1.,1.,1.,1.,0.060240964,0.,0.,                 525P    381
0.228915663,0.,0.,0.,1.,0.,0.,1.;                                    525P    382
110,24.25,-26.5,17.,17.25,-26.5,17.;                                 527P    383
126,1,1,1,0,1,0,0.,0.,1.,1.,1.,1.,0.228915663,0.,0.,                 529P    384
0.228915663,0.132075472,0.,0.,1.,0.,0.,1.;                           529P    385
110,17.25,-26.5,17.,17.25,-19.5,17.;                                 531P    386
126,1,1,1,0,1,0,0.,0.,1.,1.,1.,1.,0.228915663,0.132075472,0.,        533P    387
1.,0.132075472,0.,0.,1.,0.,0.,1.;                                    533P    388
110,17.25,-19.5,17.,-14.75,-19.5,17.;                                535P    389
102,12,489,493,497,501,505,509,513,517,521,525,529,533;              537P    390
102,12,491,495,499,503,507,511,515,519,523,527,531,535;              539P    391
142,1,487,537,539,1;                                                 541P    392
126,32,2,1,0,1,0,0.,0.,0.,0.0625,0.0625,0.125,0.125,0.1875,          543P    393
0.1875,0.25,0.25,0.3125,0.3125,0.375,0.375,0.4375,0.4375,0.5,        543P    394
0.5,0.5625,0.5625,0.625,0.625,0.6875,0.6875,0.75,0.75,0.8125,        543P    395
0.8125,0.875,0.875,0.9375,0.9375,1.,1.,1.,1.,1.,1.,1.,1.,1.,1.,      543P    396
1.,1.,1.,1.,1.,1.,1.,1.,1.,1.,1.,1.,1.,1.,1.,1.,1.,1.,1.,1.,1.,      543P    397
1.,1.,1.,1.,1.,0.102409639,0.943396226,0.,0.102409639,               543P    398
0.946648301,0.,0.103219898,0.949837888,0.,0.104030157,               543P    399
0.953027475,0.,0.105619538,0.956032,0.,0.107208918,0.959036525,      543P    400
0.,0.109516342,0.961740527,0.,0.111823765,0.964444528,0.,            543P    401
0.114760557,0.966744092,0.,0.11769735,0.969043656,0.,                543P    402
0.121150653,0.970850412,0.,0.124603956,0.972657168,0.,               543P    403
0.12844106,0.973901683,0.,0.132278165,0.975146198,0.,                543P    404
0.136351613,0.975780646,0.,0.140425061,0.976415094,0.,               543P    405
0.144578313,0.976415094,0.,0.148731565,0.976415094,0.,               543P    406
0.152805014,0.975780646,0.,0.156878462,0.975146198,0.,               543P    407
0.160715566,0.973901683,0.,0.164552671,0.972657168,0.,               543P    408
0.168005974,0.970850412,0.,0.171459276,0.969043656,0.,               543P    409
0.174396069,0.966744092,0.,0.177332862,0.964444528,0.,               543P    410
0.179640285,0.961740527,0.,0.181947708,0.959036525,0.,               543P    411
0.183537089,0.956032,0.,0.185126469,0.953027475,0.,0.185936729,      543P    412
0.949837888,0.,0.186746988,0.946648301,0.,0.186746988,               543P    413
0.943396226,0.,0.,1.,0.,0.,1.;                                       543P    414
100,17.,20.75,23.5,22.5,23.5,19.,23.5;                               545P    415
126,32,2,1,0,1,0,0.,0.,0.,0.0625,0.0625,0.125,0.125,0.1875,          547P    416
0.1875,0.25,0.25,0.3125,0.3125,0.375,0.375,0.4375,0.4375,0.5,        547P    417
0.5,0.5625,0.5625,0.625,0.625,0.6875,0.6875,0.75,0.75,0.8125,        547P    418
0.8125,0.875,0.875,0.9375,0.9375,1.,1.,1.,1.,1.,1.,1.,1.,1.,1.,      547P    419
1.,1.,1.,1.,1.,1.,1.,1.,1.,1.,1.,1.,1.,1.,1.,1.,1.,1.,1.,1.,1.,      547P    420
1.,1.,1.,1.,1.,0.186746988,0.943396226,0.,0.186746988,               547P    421
0.940144152,0.,0.185936729,0.936954565,0.,0.185126469,               547P    422
0.933764978,0.,0.183537089,0.930760453,0.,0.181947708,               547P    423
0.927755928,0.,0.179640285,0.925051926,0.,0.177332862,               547P    424
0.922347925,0.,0.174396069,0.920048361,0.,0.171459276,               547P    425
0.917748797,0.,0.168005974,0.915942041,0.,0.164552671,               547P    426
0.914135285,0.,0.160715566,0.91289077,0.,0.156878462,                547P    427
0.911646255,0.,0.152805014,0.911011807,0.,0.148731565,               547P    428
0.910377358,0.,0.144578313,0.910377358,0.,0.140425061,               547P    429
0.910377358,0.,0.136351613,0.911011807,0.,0.132278165,               547P    430
0.911646255,0.,0.12844106,0.91289077,0.,0.124603956,                 547P    431
0.914135285,0.,0.121150653,0.915942041,0.,0.11769735,                547P    432
0.917748797,0.,0.114760557,0.920048361,0.,0.111823765,               547P    433
0.922347925,0.,0.109516342,0.925051926,0.,0.107208918,               547P    434
0.927755928,0.,0.105619538,0.930760453,0.,0.104030157,               547P    435
0.933764978,0.,0.103219898,0.936954565,0.,0.102409639,               547P    436
0.940144152,0.,0.102409639,0.943396226,0.,0.,1.,0.,0.,1.;            547P    437
100,17.,20.75,23.5,19.,23.5,22.5,23.5;                               549P    438
102,2,543,547;                                                       551P    439
102,2,545,549;                                                       553P    440
142,1,487,551,553,1;                                                 555P    441
126,32,2,1,0,1,0,0.,0.,0.,0.0625,0.0625,0.125,0.125,0.1875,          557P    442
0.1875,0.25,0.25,0.3125,0.3125,0.375,0.375,0.4375,0.4375,0.5,        557P    443
0.5,0.5625,0.5625,0.625,0.625,0.6875,0.6875,0.75,0.75,0.8125,        557P    444
0.8125,0.875,0.875,0.9375,0.9375,1.,1.,1.,1.,1.,1.,1.,1.,1.,1.,      557P    445
1.,1.,1.,1.,1.,1.,1.,1.,1.,1.,1.,1.,1.,1.,1.,1.,1.,1.,1.,1.,1.,      557P    446
1.,1.,1.,1.,1.,0.102409639,0.056603774,0.,0.102409639,               557P    447
0.059855848,0.,0.103219898,0.063045435,0.,0.104030157,               557P    448
0.066235022,0.,0.105619538,0.069239547,0.,0.107208918,               557P    449
0.072244072,0.,0.109516342,0.074948074,0.,0.111823765,               557P    450
0.077652075,0.,0.114760557,0.079951639,0.,0.11769735,                557P    451
0.082251203,0.,0.121150653,0.084057959,0.,0.124603956,               557P    452
0.085864715,0.,0.12844106,0.08710923,0.,0.132278165,                 557P    453
0.088353745,0.,0.136351613,0.088988193,0.,0.140425061,               557P    454
0.089622642,0.,0.144578313,0.089622642,0.,0.148731565,               557P    455
0.089622642,0.,0.152805014,0.088988193,0.,0.156878462,               557P    456
0.088353745,0.,0.160715566,0.08710923,0.,0.164552671,                557P    457
0.085864715,0.,0.168005974,0.084057959,0.,0.171459276,               557P    458
0.082251203,0.,0.174396069,0.079951639,0.,0.177332862,               557P    459
0.077652075,0.,0.179640285,0.074948074,0.,0.181947708,               557P    460
0.072244072,0.,0.183537089,0.069239547,0.,0.185126469,               557P    461
0.066235022,0.,0.185936729,0.063045435,0.,0.186746988,               557P    462
0.059855848,0.,0.186746988,0.056603774,0.,0.,1.,0.,0.,1.;            557P    463
100,17.,20.75,-23.5,22.5,-23.5,19.,-23.5;                            559P    464
126,32,2,1,0,1,0,0.,0.,0.,0.0625,0.0625,0.125,0.125,0.1875,          561P    465
0.1875,0.25,0.25,0.3125,0.3125,0.375,0.375,0.4375,0.4375,0.5,        561P    466
0.5,0.5625,0.5625,0.625,0.625,0.6875,0.6875,0.75,0.75,0.8125,        561P    467
0.8125,0.875,0.875,0.9375,0.9375,1.,1.,1.,1.,1.,1.,1.,1.,1.,1.,      561P    468
1.,1.,1.,1.,1.,1.,1.,1.,1.,1.,1.,1.,1.,1.,1.,1.,1.,1.,1.,1.,1.,      561P    469
1.,1.,1.,1.,1.,0.186746988,0.056603774,0.,0.186746988,               561P    470
0.053351699,0.,0.185936729,0.050162112,0.,0.185126469,               561P    471
0.046972525,0.,0.183537089,0.043968,0.,0.181947708,0.040963475,      561P    472
0.,0.179640285,0.038259473,0.,0.177332862,0.035555472,0.,            561P    473
0.174396069,0.033255908,0.,0.171459276,0.030956344,0.,               561P    474
0.168005974,0.029149588,0.,0.164552671,0.027342832,0.,               561P    475
0.160715566,0.026098317,0.,0.156878462,0.024853802,0.,               561P    476
0.152805014,0.024219354,0.,0.148731565,0.023584906,0.,               561P    477
0.144578313,0.023584906,0.,0.140425061,0.023584906,0.,               561P    478
0.136351613,0.024219354,0.,0.132278165,0.024853802,0.,               561P    479
0.12844106,0.026098317,0.,0.124603956,0.027342832,0.,                561P    480
0.121150653,0.029149588,0.,0.11769735,0.030956344,0.,                561P    481
0.114760557,0.033255908,0.,0.111823765,0.035555472,0.,               561P    482
0.109516342,0.038259473,0.,0.107208918,0.040963475,0.,               561P    483
0.105619538,0.043968,0.,0.104030157,0.046972525,0.,0.103219898,      561P    484
0.050162112,0.,0.102409639,0.053351699,0.,0.102409639,               561P    485
0.056603774,0.,0.,1.,0.,0.,1.;                                       561P    486
100,17.,20.75,-23.5,19.,-23.5,22.5,-23.5;                            563P    487
102,2,557,561;                                                       565P    488
102,2,559,563;                                                       567P    489
142,1,487,565,567,1;                                                 569P    490
144,487,1,2,541,555,569;                                             571P    491
128,1,1,1,1,0,0,1,0,0,0.,0.,1.,1.,0.,0.,1.,1.,1.,1.,1.,1.,           573P    492
26.75,19.5,0.,26.75,-19.5,0.,26.75,19.5,17.,26.75,-19.5,17.,0.,      573P    493
1.,0.,1.;                                                            573P    494
126,1,1,1,0,1,0,0.,0.,1.,1.,1.,1.,0.,1.,0.,0.,0.,0.,0.,1.,0.,        575P    495
0.,1.;                                                               575P    496
110,26.75,19.5,17.,26.75,19.5,0.;                                    577P    497
126,1,1,1,0,1,0,0.,0.,1.,1.,1.,1.,0.,0.,0.,1.,0.,0.,0.,1.,0.,        579P    498
0.,1.;                                                               579P    499
110,26.75,19.5,0.,26.75,-19.5,0.;                                    581P    500
126,1,1,1,0,1,0,0.,0.,1.,1.,1.,1.,1.,0.,0.,1.,1.,0.,0.,1.,0.,        583P    501
0.,1.;                                                               583P    502
110,26.75,-19.5,0.,26.75,-19.5,17.;                                  585P    503
126,1,1,1,0,1,0,0.,0.,1.,1.,1.,1.,1.,1.,0.,0.,1.,0.,0.,1.,0.,        587P    504
0.,1.;                                                               587P    505
110,26.75,-19.5,17.,26.75,19.5,17.;                                  589P    506
102,4,575,579,583,587;                                               591P    507
102,4,577,581,585,589;                                               593P    508
142,1,573,591,593,1;                                                 595P    509
144,573,1,0,595;                                                     597P    510
128,1,1,1,1,0,0,1,0,0,0.,0.,1.,1.,0.,0.,1.,1.,1.,1.,1.,1.,           599P    511
24.25,19.5,14.,17.25,19.5,14.,24.25,26.5,14.,17.25,26.5,14.,0.,      599P    512
1.,0.,1.;                                                            599P    513
126,1,1,1,0,1,0,0.,0.,1.,1.,1.,1.,0.,0.,0.,1.,0.,0.,0.,1.,0.,        601P    514
0.,1.;                                                               601P    515
110,24.25,19.5,14.,17.25,19.5,14.;                                   603P    516
126,1,1,1,0,1,0,0.,0.,1.,1.,1.,1.,1.,0.,0.,1.,1.,0.,0.,1.,0.,        605P    517
0.,1.;                                                               605P    518
110,17.25,19.5,14.,17.25,26.5,14.;                                   607P    519
126,1,1,1,0,1,0,0.,0.,1.,1.,1.,1.,1.,1.,0.,0.,1.,0.,0.,1.,0.,        609P    520
0.,1.;                                                               609P    521
110,17.25,26.5,14.,24.25,26.5,14.;                                   611P    522
126,1,1,1,0,1,0,0.,0.,1.,1.,1.,1.,0.,1.,0.,0.,0.,0.,0.,1.,0.,        613P    523
0.,1.;                                                               613P    524
110,24.25,26.5,14.,24.25,19.5,14.;                                   615P    525
102,4,601,605,609,613;                                               617P    526
102,4,603,607,611,615;                                               619P    527
142,1,599,617,619,1;                                                 621P    528
126,32,2,1,0,1,0,0.,0.,0.,0.0625,0.0625,0.125,0.125,0.1875,          623P    529
0.1875,0.25,0.25,0.3125,0.3125,0.375,0.375,0.4375,0.4375,0.5,        623P    530
0.5,0.5625,0.5625,0.625,0.625,0.6875,0.6875,0.75,0.75,0.8125,        623P    531
0.8125,0.875,0.875,0.9375,0.9375,1.,1.,1.,1.,1.,1.,1.,1.,1.,1.,      623P    532
1.,1.,1.,1.,1.,1.,1.,1.,1.,1.,1.,1.,1.,1.,1.,1.,1.,1.,1.,1.,1.,      623P    533
1.,1.,1.,1.,1.,0.75,0.571428571,0.,0.75,0.546805721,0.,              623P    534
0.74519632,0.522655991,0.,0.74039264,0.498506261,0.,                 623P    535
0.730969883,0.475757713,0.,0.721547126,0.453009165,0.,               623P    536
0.707867403,0.432536013,0.,0.69418768,0.412062861,0.,                623P    537
0.676776695,0.394651876,0.,0.65936571,0.377240891,0.,                623P    538
0.638892558,0.363561168,0.,0.618419406,0.349881445,0.,               623P    539
0.595670858,0.340458688,0.,0.57292231,0.331035931,0.,                623P    540
0.548772581,0.326232251,0.,0.524622851,0.321428571,0.,0.5,           623P    541
0.321428571,0.,0.475377149,0.321428571,0.,0.451227419,               623P    542
0.326232251,0.,0.42707769,0.331035931,0.,0.404329142,                623P    543
0.340458688,0.,0.381580594,0.349881445,0.,0.361107442,               623P    544
0.363561168,0.,0.34063429,0.377240891,0.,0.323223305,                623P    545
0.394651876,0.,0.30581232,0.412062861,0.,0.292132597,                623P    546
0.432536013,0.,0.278452874,0.453009165,0.,0.269030117,               623P    547
0.475757713,0.,0.25960736,0.498506261,0.,0.25480368,                 623P    548
0.522655991,0.,0.25,0.546805721,0.,0.25,0.571428571,0.,0.,1.,        623P    549
0.,0.,1.;                                                            623P    550
100,14.,20.75,23.5,19.,23.5,22.5,23.5;                               625P    551
126,32,2,1,0,1,0,0.,0.,0.,0.0625,0.0625,0.125,0.125,0.1875,          627P    552
0.1875,0.25,0.25,0.3125,0.3125,0.375,0.375,0.4375,0.4375,0.5,        627P    553
0.5,0.5625,0.5625,0.625,0.625,0.6875,0.6875,0.75,0.75,0.8125,        627P    554
0.8125,0.875,0.875,0.9375,0.9375,1.,1.,1.,1.,1.,1.,1.,1.,1.,1.,      627P    555
1.,1.,1.,1.,1.,1.,1.,1.,1.,1.,1.,1.,1.,1.,1.,1.,1.,1.,1.,1.,1.,      627P    556
1.,1.,1.,1.,1.,0.25,0.571428571,0.,0.25,0.596051422,0.,              627P    557
0.25480368,0.620201152,0.,0.25960736,0.644350882,0.,                 627P    558
0.269030117,0.66709943,0.,0.278452874,0.689847977,0.,                627P    559
0.292132597,0.71032113,0.,0.30581232,0.730794282,0.,                 627P    560
0.323223305,0.748205267,0.,0.34063429,0.765616252,0.,                627P    561
0.361107442,0.779295975,0.,0.381580594,0.792975697,0.,               627P    562
0.404329142,0.802398455,0.,0.42707769,0.811821212,0.,                627P    563
0.451227419,0.816624892,0.,0.475377149,0.821428571,0.,0.5,           627P    564
0.821428571,0.,0.524622851,0.821428571,0.,0.548772581,               627P    565
0.816624892,0.,0.57292231,0.811821212,0.,0.595670858,                627P    566
0.802398455,0.,0.618419406,0.792975697,0.,0.638892558,               627P    567
0.779295975,0.,0.65936571,0.765616252,0.,0.676776695,                627P    568
0.748205267,0.,0.69418768,0.730794282,0.,0.707867403,                627P    569
0.71032113,0.,0.721547126,0.689847977,0.,0.730969883,                627P    570
0.66709943,0.,0.74039264,0.644350882,0.,0.74519632,0.620201152,      627P    571
0.,0.75,0.596051422,0.,0.75,0.571428571,0.,0.,1.,0.,0.,1.;           627P    572
100,14.,20.75,23.5,22.5,23.5,19.,23.5;                               629P    573
102,2,623,627;                                                       631P    574
102,2,625,629;                                                       633P    575
142,1,599,631,633,1;                                                 635P    576
144,599,1,1,621,635;                                                 637P    577
128,1,1,1,1,0,0,1,0,0,0.,0.,1.,1.,0.,0.,1.,1.,1.,1.,1.,1.,           639P    578
17.25,19.5,17.,17.25,19.5,14.,17.25,26.5,17.,17.25,26.5,14.,0.,      639P    579
1.,0.,1.;                                                            639P    580
126,1,1,1,0,1,0,0.,0.,1.,1.,1.,1.,1.,1.,0.,0.,1.,0.,0.,1.,0.,        641P    581
0.,1.;                                                               641P    582
110,17.25,26.5,14.,17.25,26.5,17.;                                   643P    583
126,1,1,1,0,1,0,0.,0.,1.,1.,1.,1.,0.,1.,0.,0.,0.,0.,0.,1.,0.,        645P    584
0.,1.;                                                               645P    585
110,17.25,26.5,17.,17.25,19.5,17.;                                   647P    586
126,1,1,1,0,1,0,0.,0.,1.,1.,1.,1.,0.,0.,0.,1.,0.,0.,0.,1.,0.,        649P    587
0.,1.;                                                               649P    588
110,17.25,19.5,17.,17.25,19.5,14.;                                   651P    589
126,1,1,1,0,1,0,0.,0.,1.,1.,1.,1.,1.,0.,0.,1.,1.,0.,0.,1.,0.,        653P    590
0.,1.;                                                               653P    591
110,17.25,19.5,14.,17.25,26.5,14.;                                   655P    592
102,4,641,645,649,653;                                               657P    593
102,4,643,647,651,655;                                               659P    594
142,1,639,657,659,1;                                                 661P    595
144,639,1,0,661;                                                     663P    596
128,1,1,1,1,0,0,1,0,0,0.,0.,1.,1.,0.,0.,1.,1.,1.,1.,1.,1.,           665P    597
24.25,19.5,14.,24.25,19.5,17.,24.25,26.5,14.,24.25,26.5,17.,0.,      665P    598
1.,0.,1.;                                                            665P    599
126,1,1,1,0,1,0,0.,0.,1.,1.,1.,1.,1.,1.,0.,0.,1.,0.,0.,1.,0.,        667P    600
0.,1.;                                                               667P    601
110,24.25,26.5,17.,24.25,26.5,14.;                                   669P    602
126,1,1,1,0,1,0,0.,0.,1.,1.,1.,1.,0.,1.,0.,0.,0.,0.,0.,1.,0.,        671P    603
0.,1.;                                                               671P    604
110,24.25,26.5,14.,24.25,19.5,14.;                                   673P    605
126,1,1,1,0,1,0,0.,0.,1.,1.,1.,1.,0.,0.,0.,1.,0.,0.,0.,1.,0.,        675P    606
0.,1.;                                                               675P    607
110,24.25,19.5,14.,24.25,19.5,17.;                                   677P    608
126,1,1,1,0,1,0,0.,0.,1.,1.,1.,1.,1.,0.,0.,1.,1.,0.,0.,1.,0.,        679P    609
0.,1.;                                                               679P    610
110,24.25,19.5,17.,24.25,26.5,17.;                                   681P    611
102,4,667,671,675,679;                                               683P    612
102,4,669,673,677,681;                                               685P    613
142,1,665,683,685,1;                                                 687P    614
144,665,1,0,687;                                                     689P    615
128,1,1,1,1,0,0,1,0,0,0.,0.,1.,1.,0.,0.,1.,1.,1.,1.,1.,1.,           691P    616
17.25,26.5,17.,17.25,26.5,14.,24.25,26.5,17.,24.25,26.5,14.,0.,      691P    617
1.,0.,1.;                                                            691P    618
126,1,1,1,0,1,0,0.,0.,1.,1.,1.,1.,0.,1.,0.,0.,0.,0.,0.,1.,0.,        693P    619
0.,1.;                                                               693P    620
110,24.25,26.5,17.,17.25,26.5,17.;                                   695P    621
126,1,1,1,0,1,0,0.,0.,1.,1.,1.,1.,0.,0.,0.,1.,0.,0.,0.,1.,0.,        697P    622
0.,1.;                                                               697P    623
110,17.25,26.5,17.,17.25,26.5,14.;                                   699P    624
126,1,1,1,0,1,0,0.,0.,1.,1.,1.,1.,1.,0.,0.,1.,1.,0.,0.,1.,0.,        701P    625
0.,1.;                                                               701P    626
110,17.25,26.5,14.,24.25,26.5,14.;                                   703P    627
126,1,1,1,0,1,0,0.,0.,1.,1.,1.,1.,1.,1.,0.,0.,1.,0.,0.,1.,0.,        705P    628
0.,1.;                                                               705P    629
110,24.25,26.5,14.,24.25,26.5,17.;                                   707P    630
102,4,693,697,701,705;                                               709P    631
102,4,695,699,703,707;                                               711P    632
142,1,691,709,711,1;                                                 713P    633
144,691,1,0,713;                                                     715P    634
110,20.75,23.5,17.,20.75,23.5,-983.;                                 717P    635
110,19.,23.5,17.,19.,23.5,14.;                                       719P    636
120,717,719,0.,6.28318530717959;                                     721P    637
126,1,1,1,0,1,0,0.,0.,1.,1.,1.,1.,1.,3.141592654,0.,1.,0.,0.,        723P    638
0.,1.,0.,0.,1.;                                                      723P    639
100,14.,20.75,23.5,22.5,23.5,19.,23.5;                               725P    640
126,1,1,1,0,1,0,0.,0.,1.,1.,1.,1.,1.,0.,0.,0.,0.,0.,0.,1.,0.,        727P    641
0.,1.;                                                               727P    642
110,19.,23.5,14.,19.,23.5,17.;                                       729P    643
126,1,1,1,0,1,0,0.,0.,1.,1.,1.,1.,0.,0.,0.,0.,3.141592654,0.,        731P    644
0.,1.,0.,0.,1.;                                                      731P    645
124,-1.,-6.98296267768627E-015,0.,41.5000000000001,                  733P    646
-6.98296267768627E-015,1.,-6.98296267768627E-015,                    733P    647
2.63535713816841E-013,4.87617677579594E-029,                         733P    648
-6.98296267768627E-015,-1.,34.0000000000002;                         733P    649
100,17.,20.75,23.5,22.5,23.5,19.,23.5;                               735P    650
126,1,1,1,0,1,0,0.,0.,1.,1.,1.,1.,0.,3.141592654,0.,1.,              737P    651
3.141592654,0.,0.,1.,0.,0.,1.;                                       737P    652
110,22.5,23.5,17.,22.5,23.5,14.;                                     739P    653
102,4,723,727,731,737;                                               741P    654
102,4,725,729,735,739;                                               743P    655
142,1,721,741,743,1;                                                 745P    656
144,721,1,0,745;                                                     747P    657
128,1,1,1,1,0,0,1,0,0,0.,0.,1.,1.,0.,0.,1.,1.,1.,1.,1.,1.,           749P    658
17.25,-26.5,14.,24.25,-26.5,14.,17.25,-19.5,14.,24.25,-19.5,         749P    659
14.,0.,1.,0.,1.;                                                     749P    660
126,1,1,1,0,1,0,0.,0.,1.,1.,1.,1.,0.,0.,0.,1.,0.,0.,0.,1.,0.,        751P    661
0.,1.;                                                               751P    662
110,17.25,-26.5,14.,24.25,-26.5,14.;                                 753P    663
126,1,1,1,0,1,0,0.,0.,1.,1.,1.,1.,1.,0.,0.,1.,1.,0.,0.,1.,0.,        755P    664
0.,1.;                                                               755P    665
110,24.25,-26.5,14.,24.25,-19.5,14.;                                 757P    666
126,1,1,1,0,1,0,0.,0.,1.,1.,1.,1.,1.,1.,0.,0.,1.,0.,0.,1.,0.,        759P    667
0.,1.;                                                               759P    668
110,24.25,-19.5,14.,17.25,-19.5,14.;                                 761P    669
126,1,1,1,0,1,0,0.,0.,1.,1.,1.,1.,0.,1.,0.,0.,0.,0.,0.,1.,0.,        763P    670
0.,1.;                                                               763P    671
110,17.25,-19.5,14.,17.25,-26.5,14.;                                 765P    672
102,4,751,755,759,763;                                               767P    673
102,4,753,757,761,765;                                               769P    674
142,1,749,767,769,1;                                                 771P    675
126,32,2,1,0,1,0,0.,0.,0.,0.0625,0.0625,0.125,0.125,0.1875,          773P    676
0.1875,0.25,0.25,0.3125,0.3125,0.375,0.375,0.4375,0.4375,0.5,        773P    677
0.5,0.5625,0.5625,0.625,0.625,0.6875,0.6875,0.75,0.75,0.8125,        773P    678
0.8125,0.875,0.875,0.9375,0.9375,1.,1.,1.,1.,1.,1.,1.,1.,1.,1.,      773P    679
1.,1.,1.,1.,1.,1.,1.,1.,1.,1.,1.,1.,1.,1.,1.,1.,1.,1.,1.,1.,1.,      773P    680
1.,1.,1.,1.,1.,0.25,0.428571429,0.,0.25,0.453194279,0.,              773P    681
0.25480368,0.477344009,0.,0.25960736,0.501493739,0.,                 773P    682
0.269030117,0.524242287,0.,0.278452874,0.546990835,0.,               773P    683
0.292132597,0.567463987,0.,0.30581232,0.587937139,0.,                773P    684
0.323223305,0.605348124,0.,0.34063429,0.622759109,0.,                773P    685
0.361107442,0.636438832,0.,0.381580594,0.650118555,0.,               773P    686
0.404329142,0.659541312,0.,0.42707769,0.668964069,0.,                773P    687
0.451227419,0.673767749,0.,0.475377149,0.678571429,0.,0.5,           773P    688
0.678571429,0.,0.524622851,0.678571429,0.,0.548772581,               773P    689
0.673767749,0.,0.57292231,0.668964069,0.,0.595670858,                773P    690
0.659541312,0.,0.618419406,0.650118555,0.,0.638892558,               773P    691
0.636438832,0.,0.65936571,0.622759109,0.,0.676776695,                773P    692
0.605348124,0.,0.69418768,0.587937139,0.,0.707867403,                773P    693
0.567463987,0.,0.721547126,0.546990835,0.,0.730969883,               773P    694
0.524242287,0.,0.74039264,0.501493739,0.,0.74519632,                 773P    695
0.477344009,0.,0.75,0.453194279,0.,0.75,0.428571429,0.,0.,1.,        773P    696
0.,0.,1.;                                                            773P    697
124,-1.,-6.98296267768627E-015,0.,41.4999999999998,                  775P    698
-6.98296267768627E-015,1.,-6.98296267768627E-015,                    775P    699
2.4245461946244E-013,4.87617677579594E-029,                          775P    700
-6.98296267768627E-015,-1.,27.9999999999998;                         775P    701
100,14.,20.75,-23.5,22.5,-23.5,19.,-23.5;                            777P    702
126,32,2,1,0,1,0,0.,0.,0.,0.0625,0.0625,0.125,0.125,0.1875,          779P    703
0.1875,0.25,0.25,0.3125,0.3125,0.375,0.375,0.4375,0.4375,0.5,        779P    704
0.5,0.5625,0.5625,0.625,0.625,0.6875,0.6875,0.75,0.75,0.8125,        779P    705
0.8125,0.875,0.875,0.9375,0.9375,1.,1.,1.,1.,1.,1.,1.,1.,1.,1.,      779P    706
1.,1.,1.,1.,1.,1.,1.,1.,1.,1.,1.,1.,1.,1.,1.,1.,1.,1.,1.,1.,1.,      779P    707
1.,1.,1.,1.,1.,0.75,0.428571429,0.,0.75,0.403948578,0.,              779P    708
0.74519632,0.379798848,0.,0.74039264,0.355649118,0.,                 779P    709
0.730969883,0.33290057,0.,0.721547126,0.310152023,0.,                779P    710
0.707867403,0.28967887,0.,0.69418768,0.269205718,0.,                 779P    711
0.676776695,0.251794733,0.,0.65936571,0.234383748,0.,                779P    712
0.638892558,0.220704025,0.,0.618419406,0.207024303,0.,               779P    713
0.595670858,0.197601545,0.,0.57292231,0.188178788,0.,                779P    714
0.548772581,0.183375108,0.,0.524622851,0.178571429,0.,0.5,           779P    715
0.178571429,0.,0.475377149,0.178571429,0.,0.451227419,               779P    716
0.183375108,0.,0.42707769,0.188178788,0.,0.404329142,                779P    717
0.197601545,0.,0.381580594,0.207024303,0.,0.361107442,               779P    718
0.220704025,0.,0.34063429,0.234383748,0.,0.323223305,                779P    719
0.251794733,0.,0.30581232,0.269205718,0.,0.292132597,                779P    720
0.28967887,0.,0.278452874,0.310152023,0.,0.269030117,                779P    721
0.33290057,0.,0.25960736,0.355649118,0.,0.25480368,0.379798848,      779P    722
0.,0.25,0.403948578,0.,0.25,0.428571429,0.,0.,1.,0.,0.,1.;           779P    723
124,1.,-7.105427357601E-015,0.,-1.67421632113472E-013,               781P    724
-7.105427357601E-015,-1.,6.98296267768627E-015,-47.,                 781P    725
-4.96169340471387E-029,-6.98296267768627E-015,-1.,                   781P    726
27.9999999999998;                                                    781P    727
100,14.,20.75,-23.5,22.5,-23.5,19.,-23.5;                            783P    728
102,2,773,779;                                                       785P    729
102,2,777,783;                                                       787P    730
142,1,749,785,787,1;                                                 789P    731
144,749,1,1,771,789;                                                 791P    732
128,1,1,1,1,0,0,1,0,0,0.,0.,1.,1.,0.,0.,1.,1.,1.,1.,1.,1.,           793P    733
17.25,-26.5,14.,17.25,-19.5,14.,17.25,-26.5,17.,17.25,-19.5,         793P    734
17.,0.,1.,0.,1.;                                                     793P    735
126,1,1,1,0,1,0,0.,0.,1.,1.,1.,1.,0.,1.,0.,0.,0.,0.,0.,1.,0.,        795P    736
0.,1.;                                                               795P    737
110,17.25,-26.5,17.,17.25,-26.5,14.;                                 797P    738
126,1,1,1,0,1,0,0.,0.,1.,1.,1.,1.,0.,0.,0.,1.,0.,0.,0.,1.,0.,        799P    739
0.,1.;                                                               799P    740
110,17.25,-26.5,14.,17.25,-19.5,14.;                                 801P    741
126,1,1,1,0,1,0,0.,0.,1.,1.,1.,1.,1.,0.,0.,1.,1.,0.,0.,1.,0.,        803P    742
0.,1.;                                                               803P    743
110,17.25,-19.5,14.,17.25,-19.5,17.;                                 805P    744
126,1,1,1,0,1,0,0.,0.,1.,1.,1.,1.,1.,1.,0.,0.,1.,0.,0.,1.,0.,        807P    745
0.,1.;                                                               807P    746
110,17.25,-19.5,17.,17.25,-26.5,17.;                                 809P    747
102,4,795,799,803,807;                                               811P    748
102,4,797,801,805,809;                                               813P    749
142,1,793,811,813,1;                                                 815P    750
144,793,1,0,815;                                                     817P    751
128,1,1,1,1,0,0,1,0,0,0.,0.,1.,1.,0.,0.,1.,1.,1.,1.,1.,1.,           819P    752
24.25,-26.5,14.,24.25,-26.5,17.,24.25,-19.5,14.,24.25,-19.5,         819P    753
17.,0.,1.,0.,1.;                                                     819P    754
126,1,1,1,0,1,0,0.,0.,1.,1.,1.,1.,0.,0.,0.,1.,0.,0.,0.,1.,0.,        821P    755
0.,1.;                                                               821P    756
110,24.25,-26.5,14.,24.25,-26.5,17.;                                 823P    757
126,1,1,1,0,1,0,0.,0.,1.,1.,1.,1.,1.,0.,0.,1.,1.,0.,0.,1.,0.,        825P    758
0.,1.;                                                               825P    759
110,24.25,-26.5,17.,24.25,-19.5,17.;                                 827P    760
126,1,1,1,0,1,0,0.,0.,1.,1.,1.,1.,1.,1.,0.,0.,1.,0.,0.,1.,0.,        829P    761
0.,1.;                                                               829P    762
110,24.25,-19.5,17.,24.25,-19.5,14.;                                 831P    763
126,1,1,1,0,1,0,0.,0.,1.,1.,1.,1.,0.,1.,0.,0.,0.,0.,0.,1.,0.,        833P    764
0.,1.;                                                               833P    765
110,24.25,-19.5,14.,24.25,-26.5,14.;                                 835P    766
102,4,821,825,829,833;                                               837P    767
102,4,823,827,831,835;                                               839P    768
142,1,819,837,839,1;                                                 841P    769
144,819,1,0,841;                                                     843P    770
128,1,1,1,1,0,0,1,0,0,0.,0.,1.,1.,0.,0.,1.,1.,1.,1.,1.,1.,           845P    771
17.25,-26.5,14.,17.25,-26.5,17.,24.25,-26.5,14.,24.25,-26.5,         845P    772
17.,0.,1.,0.,1.;                                                     845P    773
126,1,1,1,0,1,0,0.,0.,1.,1.,1.,1.,1.,0.,0.,1.,1.,0.,0.,1.,0.,        847P    774
0.,1.;                                                               847P    775
110,17.25,-26.5,17.,24.25,-26.5,17.;                                 849P    776
126,1,1,1,0,1,0,0.,0.,1.,1.,1.,1.,1.,1.,0.,0.,1.,0.,0.,1.,0.,        851P    777
0.,1.;                                                               851P    778
110,24.25,-26.5,17.,24.25,-26.5,14.;                                 853P    779
126,1,1,1,0,1,0,0.,0.,1.,1.,1.,1.,0.,1.,0.,0.,0.,0.,0.,1.,0.,        855P    780
0.,1.;                                                               855P    781
110,24.25,-26.5,14.,17.25,-26.5,14.;                                 857P    782
126,1,1,1,0,1,0,0.,0.,1.,1.,1.,1.,0.,0.,0.,1.,0.,0.,0.,1.,0.,        859P    783
0.,1.;                                                               859P    784
110,17.25,-26.5,14.,17.25,-26.5,17.;                                 861P    785
102,4,847,851,855,859;                                               863P    786
102,4,849,853,857,861;                                               865P    787
142,1,845,863,865,1;                                                 867P    788
144,845,1,0,867;                                                     869P    789
110,20.75,-23.5,17.,20.75,-23.5,-983.;                               871P    790
110,19.,-23.5,17.,19.,-23.5,14.;                                     873P    791
120,871,873,0.,6.28318530717959;                                     875P    792
126,1,1,1,0,1,0,0.,0.,1.,1.,1.,1.,1.,3.141592654,0.,1.,0.,0.,        877P    793
0.,1.,0.,0.,1.;                                                      877P    794
100,14.,20.75,-23.5,22.5,-23.5,19.,-23.5;                            879P    795
126,1,1,1,0,1,0,0.,0.,1.,1.,1.,1.,1.,0.,0.,0.,0.,0.,0.,1.,0.,        881P    796
0.,1.;                                                               881P    797
110,19.,-23.5,14.,19.,-23.5,17.;                                     883P    798
126,1,1,1,0,1,0,0.,0.,1.,1.,1.,1.,0.,0.,0.,0.,3.141592654,0.,        885P    799
0.,1.,0.,0.,1.;                                                      885P    800
124,-1.,-6.98296267768627E-015,0.,41.4999999999998,                  887P    801
-6.98296267768627E-015,1.,-6.98296267768627E-015,                    887P    802
2.63535713816836E-013,4.87617677579594E-029,                         887P    803
-6.98296267768627E-015,-1.,33.9999999999998;                         887P    804
100,17.,20.75,-23.5,22.5,-23.5,19.,-23.5;                            889P    805
126,1,1,1,0,1,0,0.,0.,1.,1.,1.,1.,0.,3.141592654,0.,1.,              891P    806
3.141592654,0.,0.,1.,0.,0.,1.;                                       891P    807
110,22.5,-23.5,17.,22.5,-23.5,14.;                                   893P    808
102,4,877,881,885,891;                                               895P    809
102,4,879,883,889,893;                                               897P    810
142,1,875,895,897,1;                                                 899P    811
144,875,1,0,899;                                                     901P    812
S      1G      4D    902P    812                                        T      1
