SolidWorks IGES file using analytic representation for surfaces         S      1
1H,,1H;,11Hcase_magnet,57HZ:\Dropbox\Floatsat\Mechanical_Models\Igs\caseG      1
_magnet.IGS,15HSolidWorks 2016,15HSolidWorks 2016,32,308,15,308,15,11HcaG      2
se_magnet,1.,2,2HMM,50,0.125,13H171214.022721,1E-008,499990.,13HMarcoSanG      3
roman,,11,0,13H171214.022721;                                           G      4
     314       1       0       0       0                        00000200D      1
     314       0       8       1       0                               0D      2
     110       2       0       0       0                        01010000D      3
     110       0       0       1       0                               0D      4
     110       3       0       0       0                        01010000D      5
     110       0       0       1       0                               0D      6
     120       4       0       0       0                        01010000D      7
     120       0       0       1       0                               0D      8
     126       5       0       0       0                        01010500D      9
     126       0       0       2       0                               0D     10
     110       7       0       0       0                        01010000D     11
     110       0       0       1       0                               0D     12
     126       8       0       0       0                        01010500D     13
     126       0       0       2       0                               0D     14
     124      10       0       0       0                        00000000D     15
     124       0       0       3       0                               0D     16
     100      13       0       0       0              15        01010000D     17
     100       0       0       1       0                               0D     18
     126      14       0       0       0                        01010500D     19
     126       0       0       2       0                               0D     20
     110      16       0       0       0                        01010000D     21
     110       0       0       1       0                               0D     22
     126      17       0       0       0                        01010500D     23
     126       0       0       2       0                               0D     24
     124      19       0       0       0                        00000000D     25
     124       0       0       3       0                               0D     26
     100      22       0       0       0              25        01010000D     27
     100       0       0       1       0                               0D     28
     102      23       0       0       0                        01010500D     29
     102       0       0       1       0                               0D     30
     102      24       0       0       0                        01010000D     31
     102       0       0       1       0                               0D     32
     142      25       0       0       0                        00010500D     33
     142       0       0       1       0                               0D     34
     144      26       0       0       0                        00000000D     35
     144       0      -1       1       0                               0D     36
     128      27       0       0       0                        01010000D     37
     128       0       0       3       0                               0D     38
     126      30       0       0       0                        01010500D     39
     126       0       0       2       0                               0D     40
     110      32       0       0       0                        01010000D     41
     110       0       0       1       0                               0D     42
     126      33       0       0       0                        01010500D     43
     126       0       0       2       0                               0D     44
     110      35       0       0       0                        01010000D     45
     110       0       0       1       0                               0D     46
     126      36       0       0       0                        01010500D     47
     126       0       0       2       0                               0D     48
     110      38       0       0       0                        01010000D     49
     110       0       0       1       0                               0D     50
     126      39       0       0       0                        01010500D     51
     126       0       0       2       0                               0D     52
     110      41       0       0       0                        01010000D     53
     110       0       0       1       0                               0D     54
     126      42       0       0       0                        01010500D     55
     126       0       0       2       0                               0D     56
     110      44       0       0       0                        01010000D     57
     110       0       0       1       0                               0D     58
     126      45       0       0       0                        01010500D     59
     126       0       0       2       0                               0D     60
     110      47       0       0       0                        01010000D     61
     110       0       0       1       0                               0D     62
     126      48       0       0       0                        01010500D     63
     126       0       0       2       0                               0D     64
     110      50       0       0       0                        01010000D     65
     110       0       0       1       0                               0D     66
     126      51       0       0       0                        01010500D     67
     126       0       0       2       0                               0D     68
     110      53       0       0       0                        01010000D     69
     110       0       0       1       0                               0D     70
     126      54       0       0       0                        01010500D     71
     126       0       0       2       0                               0D     72
     110      56       0       0       0                        01010000D     73
     110       0       0       1       0                               0D     74
     126      57       0       0       0                        01010500D     75
     126       0       0      22       0                               0D     76
     124      79       0       0       0                        00000000D     77
     124       0       0       4       0                               0D     78
     100      83       0       0       0              77        01010000D     79
     100       0       0       1       0                               0D     80
     126      84       0       0       0                        01010500D     81
     126       0       0       2       0                               0D     82
     110      86       0       0       0                        01010000D     83
     110       0       0       1       0                               0D     84
     126      87       0       0       0                        01010500D     85
     126       0       0       2       0                               0D     86
     110      89       0       0       0                        01010000D     87
     110       0       0       1       0                               0D     88
     102      90       0       0       0                        01010500D     89
     102       0       0       1       0                               0D     90
     102      91       0       0       0                        01010000D     91
     102       0       0       1       0                               0D     92
     142      92       0       0       0                        00010500D     93
     142       0       0       1       0                               0D     94
     126      93       0       0       0                        01010500D     95
     126       0       0      22       0                               0D     96
     124     115       0       0       0                        00000000D     97
     124       0       0       3       0                               0D     98
     100     118       0       0       0              97        01010000D     99
     100       0       0       1       0                               0D    100
     126     119       0       0       0                        01010500D    101
     126       0       0      22       0                               0D    102
     124     141       0       0       0                        00000000D    103
     124       0       0       3       0                               0D    104
     100     144       0       0       0             103        01010000D    105
     100       0       0       1       0                               0D    106
     102     145       0       0       0                        01010500D    107
     102       0       0       1       0                               0D    108
     102     146       0       0       0                        01010000D    109
     102       0       0       1       0                               0D    110
     142     147       0       0       0                        00010500D    111
     142       0       0       1       0                               0D    112
     144     148       0       0       0                        00000000D    113
     144       0      -1       1       0                               0D    114
     110     149       0       0       0                        01010000D    115
     110       0       0       1       0                               0D    116
     110     150       0       0       0                        01010000D    117
     110       0       0       1       0                               0D    118
     120     151       0       0       0                        01010000D    119
     120       0       0       1       0                               0D    120
     126     152       0       0       0                        01010500D    121
     126       0       0       2       0                               0D    122
     110     154       0       0       0                        01010000D    123
     110       0       0       1       0                               0D    124
     126     155       0       0       0                        01010500D    125
     126       0       0       2       0                               0D    126
     124     157       0       0       0                        00000000D    127
     124       0       0       4       0                               0D    128
     100     161       0       0       0             127        01010000D    129
     100       0       0       1       0                               0D    130
     126     162       0       0       0                        01010500D    131
     126       0       0       2       0                               0D    132
     110     164       0       0       0                        01010000D    133
     110       0       0       1       0                               0D    134
     126     165       0       0       0                        01010500D    135
     126       0       0       2       0                               0D    136
     100     167       0       0       0                        01010000D    137
     100       0       0       1       0                               0D    138
     102     168       0       0       0                        01010500D    139
     102       0       0       1       0                               0D    140
     102     169       0       0       0                        01010000D    141
     102       0       0       1       0                               0D    142
     142     170       0       0       0                        00010500D    143
     142       0       0       1       0                               0D    144
     144     171       0       0       0                        00000000D    145
     144       0      -1       1       0                               0D    146
     128     172       0       0       0                        01010000D    147
     128       0       0       2       0                               0D    148
     126     174       0       0       0                        01010500D    149
     126       0       0       2       0                               0D    150
     110     176       0       0       0                        01010000D    151
     110       0       0       1       0                               0D    152
     126     177       0       0       0                        01010500D    153
     126       0       0       2       0                               0D    154
     110     179       0       0       0                        01010000D    155
     110       0       0       1       0                               0D    156
     126     180       0       0       0                        01010500D    157
     126       0       0      22       0                               0D    158
     100     202       0       0       0                        01010000D    159
     100       0       0       1       0                               0D    160
     126     203       0       0       0                        01010500D    161
     126       0       0       2       0                               0D    162
     110     205       0       0       0                        01010000D    163
     110       0       0       1       0                               0D    164
     126     206       0       0       0                        01010500D    165
     126       0       0       2       0                               0D    166
     110     208       0       0       0                        01010000D    167
     110       0       0       1       0                               0D    168
     126     209       0       0       0                        01010500D    169
     126       0       0       2       0                               0D    170
     110     211       0       0       0                        01010000D    171
     110       0       0       1       0                               0D    172
     126     212       0       0       0                        01010500D    173
     126       0       0       2       0                               0D    174
     110     214       0       0       0                        01010000D    175
     110       0       0       1       0                               0D    176
     126     215       0       0       0                        01010500D    177
     126       0       0       2       0                               0D    178
     110     217       0       0       0                        01010000D    179
     110       0       0       1       0                               0D    180
     126     218       0       0       0                        01010500D    181
     126       0       0       2       0                               0D    182
     110     220       0       0       0                        01010000D    183
     110       0       0       1       0                               0D    184
     126     221       0       0       0                        01010500D    185
     126       0       0       2       0                               0D    186
     110     223       0       0       0                        01010000D    187
     110       0       0       1       0                               0D    188
     126     224       0       0       0                        01010500D    189
     126       0       0      22       0                               0D    190
     124     246       0       0       0                        00000000D    191
     124       0       0       4       0                               0D    192
     100     250       0       0       0             191        01010000D    193
     100       0       0       1       0                               0D    194
     126     251       0       0       0                        01010500D    195
     126       0       0       2       0                               0D    196
     110     253       0       0       0                        01010000D    197
     110       0       0       1       0                               0D    198
     102     254       0       0       0                        01010500D    199
     102       0       0       1       0                               0D    200
     102     255       0       0       0                        01010000D    201
     102       0       0       1       0                               0D    202
     142     256       0       0       0                        00010500D    203
     142       0       0       1       0                               0D    204
     144     257       0       0       0                        00000000D    205
     144       0      -1       1       0                               0D    206
     128     258       0       0       0                        01010000D    207
     128       0       0       3       0                               0D    208
     126     261       0       0       0                        01010500D    209
     126       0       0       2       0                               0D    210
     110     263       0       0       0                        01010000D    211
     110       0       0       1       0                               0D    212
     126     264       0       0       0                        01010500D    213
     126       0       0       2       0                               0D    214
     110     266       0       0       0                        01010000D    215
     110       0       0       1       0                               0D    216
     126     267       0       0       0                        01010500D    217
     126       0       0       2       0                               0D    218
     110     269       0       0       0                        01010000D    219
     110       0       0       1       0                               0D    220
     126     270       0       0       0                        01010500D    221
     126       0       0       2       0                               0D    222
     110     272       0       0       0                        01010000D    223
     110       0       0       1       0                               0D    224
     126     273       0       0       0                        01010500D    225
     126       0       0      22       0                               0D    226
     124     295       0       0       0                        00000000D    227
     124       0       0       4       0                               0D    228
     100     299       0       0       0             227        01010000D    229
     100       0       0       1       0                               0D    230
     126     300       0       0       0                        01010500D    231
     126       0       0       2       0                               0D    232
     110     302       0       0       0                        01010000D    233
     110       0       0       1       0                               0D    234
     126     303       0       0       0                        01010500D    235
     126       0       0       2       0                               0D    236
     110     305       0       0       0                        01010000D    237
     110       0       0       1       0                               0D    238
     126     306       0       0       0                        01010500D    239
     126       0       0       2       0                               0D    240
     110     308       0       0       0                        01010000D    241
     110       0       0       1       0                               0D    242
     126     309       0       0       0                        01010500D    243
     126       0       0       2       0                               0D    244
     110     311       0       0       0                        01010000D    245
     110       0       0       1       0                               0D    246
     126     312       0       0       0                        01010500D    247
     126       0       0      22       0                               0D    248
     100     334       0       0       0                        01010000D    249
     100       0       0       1       0                               0D    250
     102     335       0       0       0                        01010500D    251
     102       0       0       1       0                               0D    252
     102     336       0       0       0                        01010000D    253
     102       0       0       1       0                               0D    254
     142     337       0       0       0                        00010500D    255
     142       0       0       1       0                               0D    256
     144     338       0       0       0                        00000000D    257
     144       0      -1       1       0                               0D    258
     110     339       0       0       0                        01010000D    259
     110       0       0       1       0                               0D    260
     110     340       0       0       0                        01010000D    261
     110       0       0       1       0                               0D    262
     120     341       0       0       0                        01010000D    263
     120       0       0       1       0                               0D    264
     126     342       0       0       0                        01010500D    265
     126       0       0       2       0                               0D    266
     110     344       0       0       0                        01010000D    267
     110       0       0       1       0                               0D    268
     126     345       0       0       0                        01010500D    269
     126       0       0       2       0                               0D    270
     124     347       0       0       0                        00000000D    271
     124       0       0       4       0                               0D    272
     100     351       0       0       0             271        01010000D    273
     100       0       0       1       0                               0D    274
     126     352       0       0       0                        01010500D    275
     126       0       0       2       0                               0D    276
     110     354       0       0       0                        01010000D    277
     110       0       0       1       0                               0D    278
     126     355       0       0       0                        01010500D    279
     126       0       0       2       0                               0D    280
     100     357       0       0       0                        01010000D    281
     100       0       0       1       0                               0D    282
     102     358       0       0       0                        01010500D    283
     102       0       0       1       0                               0D    284
     102     359       0       0       0                        01010000D    285
     102       0       0       1       0                               0D    286
     142     360       0       0       0                        00010500D    287
     142       0       0       1       0                               0D    288
     144     361       0       0       0                        00000000D    289
     144       0      -1       1       0                               0D    290
     128     362       0       0       0                        01010000D    291
     128       0       0       3       0                               0D    292
     126     365       0       0       0                        01010500D    293
     126       0       0       2       0                               0D    294
     110     367       0       0       0                        01010000D    295
     110       0       0       1       0                               0D    296
     126     368       0       0       0                        01010500D    297
     126       0       0       2       0                               0D    298
     110     370       0       0       0                        01010000D    299
     110       0       0       1       0                               0D    300
     126     371       0       0       0                        01010500D    301
     126       0       0       2       0                               0D    302
     110     373       0       0       0                        01010000D    303
     110       0       0       1       0                               0D    304
     126     374       0       0       0                        01010500D    305
     126       0       0      21       0                               0D    306
     100     395       0       0       0                        01010000D    307
     100       0       0       1       0                               0D    308
     126     396       0       0       0                        01010500D    309
     126       0       0       2       0                               0D    310
     110     398       0       0       0                        01010000D    311
     110       0       0       1       0                               0D    312
     126     399       0       0       0                        01010500D    313
     126       0       0       2       0                               0D    314
     110     401       0       0       0                        01010000D    315
     110       0       0       1       0                               0D    316
     126     402       0       0       0                        01010500D    317
     126       0       0       2       0                               0D    318
     110     404       0       0       0                        01010000D    319
     110       0       0       1       0                               0D    320
     126     405       0       0       0                        01010500D    321
     126       0       0      22       0                               0D    322
     124     427       0       0       0                        00000000D    323
     124       0       0       4       0                               0D    324
     100     431       0       0       0             323        01010000D    325
     100       0       0       1       0                               0D    326
     102     432       0       0       0                        01010500D    327
     102       0       0       1       0                               0D    328
     102     433       0       0       0                        01010000D    329
     102       0       0       1       0                               0D    330
     142     434       0       0       0                        00010500D    331
     142       0       0       1       0                               0D    332
     144     435       0       0       0                        00000000D    333
     144       0      -1       1       0                               0D    334
     128     436       0       0       0                        01010000D    335
     128       0       0       2       0                               0D    336
     126     438       0       0       0                        01010500D    337
     126       0       0      22       0                               0D    338
     124     460       0       0       0                        00000000D    339
     124       0       0       5       0                               0D    340
     100     465       0       0       0             339        01010000D    341
     100       0       0       1       0                               0D    342
     126     466       0       0       0                        01010500D    343
     126       0       0       2       0                               0D    344
     110     468       0       0       0                        01010000D    345
     110       0       0       1       0                               0D    346
     126     469       0       0       0                        01010500D    347
     126       0       0      21       0                               0D    348
     100     490       0       0       0                        01010000D    349
     100       0       0       1       0                               0D    350
     126     491       0       0       0                        01010500D    351
     126       0       0       2       0                               0D    352
     110     493       0       0       0                        01010000D    353
     110       0       0       1       0                               0D    354
     126     494       0       0       0                        01010500D    355
     126       0       0       2       0                               0D    356
     110     496       0       0       0                        01010000D    357
     110       0       0       1       0                               0D    358
     102     497       0       0       0                        01010500D    359
     102       0       0       1       0                               0D    360
     102     498       0       0       0                        01010000D    361
     102       0       0       1       0                               0D    362
     142     499       0       0       0                        00010500D    363
     142       0       0       1       0                               0D    364
     144     500       0       0       0                        00000000D    365
     144       0      -1       1       0                               0D    366
     110     501       0       0       0                        01010000D    367
     110       0       0       1       0                               0D    368
     110     502       0       0       0                        01010000D    369
     110       0       0       1       0                               0D    370
     120     503       0       0       0                        01010000D    371
     120       0       0       1       0                               0D    372
     126     504       0       0       0                        01010500D    373
     126       0       0       2       0                               0D    374
     110     506       0       0       0                        01010000D    375
     110       0       0       1       0                               0D    376
     126     507       0       0       0                        01010500D    377
     126       0       0       2       0                               0D    378
     124     509       0       0       0                        00000000D    379
     124       0       0       4       0                               0D    380
     100     513       0       0       0             379        01010000D    381
     100       0       0       1       0                               0D    382
     126     514       0       0       0                        01010500D    383
     126       0       0       2       0                               0D    384
     110     516       0       0       0                        01010000D    385
     110       0       0       1       0                               0D    386
     126     517       0       0       0                        01010500D    387
     126       0       0       2       0                               0D    388
     100     519       0       0       0                        01010000D    389
     100       0       0       1       0                               0D    390
     102     520       0       0       0                        01010500D    391
     102       0       0       1       0                               0D    392
     102     521       0       0       0                        01010000D    393
     102       0       0       1       0                               0D    394
     142     522       0       0       0                        00010500D    395
     142       0       0       1       0                               0D    396
     144     523       0       0       0                        00000000D    397
     144       0      -1       1       0                               0D    398
     128     524       0       0       0                        01010000D    399
     128       0       0       2       0                               0D    400
     126     526       0       0       0                        01010500D    401
     126       0       0       2       0                               0D    402
     110     528       0       0       0                        01010000D    403
     110       0       0       1       0                               0D    404
     126     529       0       0       0                        01010500D    405
     126       0       0       2       0                               0D    406
     110     531       0       0       0                        01010000D    407
     110       0       0       1       0                               0D    408
     126     532       0       0       0                        01010500D    409
     126       0       0       2       0                               0D    410
     110     534       0       0       0                        01010000D    411
     110       0       0       1       0                               0D    412
     126     535       0       0       0                        01010500D    413
     126       0       0       2       0                               0D    414
     110     537       0       0       0                        01010000D    415
     110       0       0       1       0                               0D    416
     102     538       0       0       0                        01010500D    417
     102       0       0       1       0                               0D    418
     102     539       0       0       0                        01010000D    419
     102       0       0       1       0                               0D    420
     142     540       0       0       0                        00010500D    421
     142       0       0       1       0                               0D    422
     144     541       0       0       0                        00000000D    423
     144       0      -1       1       0                               0D    424
     128     542       0       0       0                        01010000D    425
     128       0       0       2       0                               0D    426
     126     544       0       0       0                        01010500D    427
     126       0       0       2       0                               0D    428
     110     546       0       0       0                        01010000D    429
     110       0       0       1       0                               0D    430
     126     547       0       0       0                        01010500D    431
     126       0       0       2       0                               0D    432
     110     549       0       0       0                        01010000D    433
     110       0       0       1       0                               0D    434
     126     550       0       0       0                        01010500D    435
     126       0       0       2       0                               0D    436
     110     552       0       0       0                        01010000D    437
     110       0       0       1       0                               0D    438
     126     553       0       0       0                        01010500D    439
     126       0       0       2       0                               0D    440
     110     555       0       0       0                        01010000D    441
     110       0       0       1       0                               0D    442
     102     556       0       0       0                        01010500D    443
     102       0       0       1       0                               0D    444
     102     557       0       0       0                        01010000D    445
     102       0       0       1       0                               0D    446
     142     558       0       0       0                        00010500D    447
     142       0       0       1       0                               0D    448
     144     559       0       0       0                        00000000D    449
     144       0      -1       1       0                               0D    450
     128     560       0       0       0                        01010000D    451
     128       0       0       2       0                               0D    452
     126     562       0       0       0                        01010500D    453
     126       0       0       2       0                               0D    454
     110     564       0       0       0                        01010000D    455
     110       0       0       1       0                               0D    456
     126     565       0       0       0                        01010500D    457
     126       0       0       2       0                               0D    458
     110     567       0       0       0                        01010000D    459
     110       0       0       1       0                               0D    460
     126     568       0       0       0                        01010500D    461
     126       0       0       2       0                               0D    462
     110     570       0       0       0                        01010000D    463
     110       0       0       1       0                               0D    464
     126     571       0       0       0                        01010500D    465
     126       0       0       2       0                               0D    466
     110     573       0       0       0                        01010000D    467
     110       0       0       1       0                               0D    468
     126     574       0       0       0                        01010500D    469
     126       0       0       2       0                               0D    470
     110     576       0       0       0                        01010000D    471
     110       0       0       1       0                               0D    472
     126     577       0       0       0                        01010500D    473
     126       0       0       2       0                               0D    474
     110     579       0       0       0                        01010000D    475
     110       0       0       1       0                               0D    476
     102     580       0       0       0                        01010500D    477
     102       0       0       1       0                               0D    478
     102     581       0       0       0                        01010000D    479
     102       0       0       1       0                               0D    480
     142     582       0       0       0                        00010500D    481
     142       0       0       1       0                               0D    482
     144     583       0       0       0                        00000000D    483
     144       0      -1       1       0                               0D    484
     128     584       0       0       0                        01010000D    485
     128       0       0       3       0                               0D    486
     126     587       0       0       0                        01010500D    487
     126       0       0       2       0                               0D    488
     110     589       0       0       0                        01010000D    489
     110       0       0       1       0                               0D    490
     126     590       0       0       0                        01010500D    491
     126       0       0       2       0                               0D    492
     110     592       0       0       0                        01010000D    493
     110       0       0       1       0                               0D    494
     126     593       0       0       0                        01010500D    495
     126       0       0       2       0                               0D    496
     110     595       0       0       0                        01010000D    497
     110       0       0       1       0                               0D    498
     126     596       0       0       0                        01010500D    499
     126       0       0       2       0                               0D    500
     110     598       0       0       0                        01010000D    501
     110       0       0       1       0                               0D    502
     102     599       0       0       0                        01010500D    503
     102       0       0       1       0                               0D    504
     102     600       0       0       0                        01010000D    505
     102       0       0       1       0                               0D    506
     142     601       0       0       0                        00010500D    507
     142       0       0       1       0                               0D    508
     144     602       0       0       0                        00000000D    509
     144       0      -1       1       0                               0D    510
     128     603       0       0       0                        01010000D    511
     128       0       0       3       0                               0D    512
     126     606       0       0       0                        01010500D    513
     126       0       0       2       0                               0D    514
     110     608       0       0       0                        01010000D    515
     110       0       0       1       0                               0D    516
     126     609       0       0       0                        01010500D    517
     126       0       0       2       0                               0D    518
     110     611       0       0       0                        01010000D    519
     110       0       0       1       0                               0D    520
     126     612       0       0       0                        01010500D    521
     126       0       0       2       0                               0D    522
     110     614       0       0       0                        01010000D    523
     110       0       0       1       0                               0D    524
     126     615       0       0       0                        01010500D    525
     126       0       0       2       0                               0D    526
     110     617       0       0       0                        01010000D    527
     110       0       0       1       0                               0D    528
     102     618       0       0       0                        01010500D    529
     102       0       0       1       0                               0D    530
     102     619       0       0       0                        01010000D    531
     102       0       0       1       0                               0D    532
     142     620       0       0       0                        00010500D    533
     142       0       0       1       0                               0D    534
     144     621       0       0       0                        00000000D    535
     144       0      -1       1       0                               0D    536
     128     622       0       0       0                        01010000D    537
     128       0       0       2       0                               0D    538
     126     624       0       0       0                        01010500D    539
     126       0       0       2       0                               0D    540
     110     626       0       0       0                        01010000D    541
     110       0       0       1       0                               0D    542
     126     627       0       0       0                        01010500D    543
     126       0       0       2       0                               0D    544
     110     629       0       0       0                        01010000D    545
     110       0       0       1       0                               0D    546
     126     630       0       0       0                        01010500D    547
     126       0       0       2       0                               0D    548
     110     632       0       0       0                        01010000D    549
     110       0       0       1       0                               0D    550
     126     633       0       0       0                        01010500D    551
     126       0       0       2       0                               0D    552
     110     635       0       0       0                        01010000D    553
     110       0       0       1       0                               0D    554
     102     636       0       0       0                        01010500D    555
     102       0       0       1       0                               0D    556
     102     637       0       0       0                        01010000D    557
     102       0       0       1       0                               0D    558
     142     638       0       0       0                        00010500D    559
     142       0       0       1       0                               0D    560
     144     639       0       0       0                        00000000D    561
     144       0      -1       1       0                               0D    562
     128     640       0       0       0                        01010000D    563
     128       0       0       2       0                               0D    564
     126     642       0       0       0                        01010500D    565
     126       0       0       2       0                               0D    566
     110     644       0       0       0                        01010000D    567
     110       0       0       1       0                               0D    568
     126     645       0       0       0                        01010500D    569
     126       0       0       2       0                               0D    570
     110     647       0       0       0                        01010000D    571
     110       0       0       1       0                               0D    572
     126     648       0       0       0                        01010500D    573
     126       0       0       2       0                               0D    574
     110     650       0       0       0                        01010000D    575
     110       0       0       1       0                               0D    576
     126     651       0       0       0                        01010500D    577
     126       0       0       2       0                               0D    578
     110     653       0       0       0                        01010000D    579
     110       0       0       1       0                               0D    580
     126     654       0       0       0                        01010500D    581
     126       0       0       2       0                               0D    582
     110     656       0       0       0                        01010000D    583
     110       0       0       1       0                               0D    584
     126     657       0       0       0                        01010500D    585
     126       0       0       2       0                               0D    586
     110     659       0       0       0                        01010000D    587
     110       0       0       1       0                               0D    588
     126     660       0       0       0                        01010500D    589
     126       0       0       2       0                               0D    590
     110     662       0       0       0                        01010000D    591
     110       0       0       1       0                               0D    592
     126     663       0       0       0                        01010500D    593
     126       0       0       2       0                               0D    594
     110     665       0       0       0                        01010000D    595
     110       0       0       1       0                               0D    596
     102     666       0       0       0                        01010500D    597
     102       0       0       1       0                               0D    598
     102     667       0       0       0                        01010000D    599
     102       0       0       1       0                               0D    600
     142     668       0       0       0                        00010500D    601
     142       0       0       1       0                               0D    602
     144     669       0       0       0                        00000000D    603
     144       0      -1       1       0                               0D    604
     128     670       0       0       0                        01010000D    605
     128       0       0       3       0                               0D    606
     126     673       0       0       0                        01010500D    607
     126       0       0       2       0                               0D    608
     110     675       0       0       0                        01010000D    609
     110       0       0       1       0                               0D    610
     126     676       0       0       0                        01010500D    611
     126       0       0       2       0                               0D    612
     110     678       0       0       0                        01010000D    613
     110       0       0       1       0                               0D    614
     126     679       0       0       0                        01010500D    615
     126       0       0       2       0                               0D    616
     110     681       0       0       0                        01010000D    617
     110       0       0       1       0                               0D    618
     126     682       0       0       0                        01010500D    619
     126       0       0      11       0                               0D    620
     124     693       0       0       0                        00000000D    621
     124       0       0       4       0                               0D    622
     100     697       0       0       0             621        01010000D    623
     100       0       0       1       0                               0D    624
     126     698       0       0       0                        01010500D    625
     126       0       0       2       0                               0D    626
     110     700       0       0       0                        01010000D    627
     110       0       0       1       0                               0D    628
     102     701       0       0       0                        01010500D    629
     102       0       0       1       0                               0D    630
     102     702       0       0       0                        01010000D    631
     102       0       0       1       0                               0D    632
     142     703       0       0       0                        00010500D    633
     142       0       0       1       0                               0D    634
     144     704       0       0       0                        00000000D    635
     144       0      -1       1       0                               0D    636
     110     705       0       0       0                        01010000D    637
     110       0       0       1       0                               0D    638
     110     706       0       0       0                        01010000D    639
     110       0       0       1       0                               0D    640
     120     707       0       0       0                        01010000D    641
     120       0       0       1       0                               0D    642
     126     708       0       0       0                        01010500D    643
     126       0       0       2       0                               0D    644
     110     710       0       0       0                        01010000D    645
     110       0       0       1       0                               0D    646
     126     711       0       0       0                        01010500D    647
     126       0       0       2       0                               0D    648
     124     713       0       0       0                        00000000D    649
     124       0       0       4       0                               0D    650
     100     717       0       0       0             649        01010000D    651
     100       0       0       1       0                               0D    652
     126     718       0       0       0                        01010500D    653
     126       0       0       2       0                               0D    654
     110     720       0       0       0                        01010000D    655
     110       0       0       1       0                               0D    656
     126     721       0       0       0                        01010500D    657
     126       0       0       2       0                               0D    658
     124     723       0       0       0                        00000000D    659
     124       0       0       2       0                               0D    660
     100     725       0       0       0             659        01010000D    661
     100       0       0       1       0                               0D    662
     102     726       0       0       0                        01010500D    663
     102       0       0       1       0                               0D    664
     102     727       0       0       0                        01010000D    665
     102       0       0       1       0                               0D    666
     142     728       0       0       0                        00010500D    667
     142       0       0       1       0                               0D    668
     144     729       0       0       0                        00000000D    669
     144       0      -1       1       0                               0D    670
     128     730       0       0       0                        01010000D    671
     128       0       0       3       0                               0D    672
     126     733       0       0       0                        01010500D    673
     126       0       0       2       0                               0D    674
     110     735       0       0       0                        01010000D    675
     110       0       0       1       0                               0D    676
     126     736       0       0       0                        01010500D    677
     126       0       0       2       0                               0D    678
     110     738       0       0       0                        01010000D    679
     110       0       0       1       0                               0D    680
     126     739       0       0       0                        01010500D    681
     126       0       0      11       0                               0D    682
     124     750       0       0       0                        00000000D    683
     124       0       0       3       0                               0D    684
     100     753       0       0       0             683        01010000D    685
     100       0       0       1       0                               0D    686
     126     754       0       0       0                        01010500D    687
     126       0       0       2       0                               0D    688
     110     756       0       0       0                        01010000D    689
     110       0       0       1       0                               0D    690
     126     757       0       0       0                        01010500D    691
     126       0       0       2       0                               0D    692
     110     759       0       0       0                        01010000D    693
     110       0       0       1       0                               0D    694
     102     760       0       0       0                        01010500D    695
     102       0       0       1       0                               0D    696
     102     761       0       0       0                        01010000D    697
     102       0       0       1       0                               0D    698
     142     762       0       0       0                        00010500D    699
     142       0       0       1       0                               0D    700
     144     763       0       0       0                        00000000D    701
     144       0      -1       1       0                               0D    702
     128     764       0       0       0                        01010000D    703
     128       0       0       2       0                               0D    704
     126     766       0       0       0                        01010500D    705
     126       0       0       2       0                               0D    706
     110     768       0       0       0                        01010000D    707
     110       0       0       1       0                               0D    708
     126     769       0       0       0                        01010500D    709
     126       0       0       2       0                               0D    710
     110     771       0       0       0                        01010000D    711
     110       0       0       1       0                               0D    712
     126     772       0       0       0                        01010500D    713
     126       0       0       2       0                               0D    714
     110     774       0       0       0                        01010000D    715
     110       0       0       1       0                               0D    716
     126     775       0       0       0                        01010500D    717
     126       0       0       2       0                               0D    718
     110     777       0       0       0                        01010000D    719
     110       0       0       1       0                               0D    720
     102     778       0       0       0                        01010500D    721
     102       0       0       1       0                               0D    722
     102     779       0       0       0                        01010000D    723
     102       0       0       1       0                               0D    724
     142     780       0       0       0                        00010500D    725
     142       0       0       1       0                               0D    726
     144     781       0       0       0                        00000000D    727
     144       0      -1       1       0                               0D    728
     128     782       0       0       0                        01010000D    729
     128       0       0       2       0                               0D    730
     126     784       0       0       0                        01010500D    731
     126       0       0       2       0                               0D    732
     110     786       0       0       0                        01010000D    733
     110       0       0       1       0                               0D    734
     126     787       0       0       0                        01010500D    735
     126       0       0       2       0                               0D    736
     110     789       0       0       0                        01010000D    737
     110       0       0       1       0                               0D    738
     126     790       0       0       0                        01010500D    739
     126       0       0       2       0                               0D    740
     110     792       0       0       0                        01010000D    741
     110       0       0       1       0                               0D    742
     126     793       0       0       0                        01010500D    743
     126       0       0       2       0                               0D    744
     110     795       0       0       0                        01010000D    745
     110       0       0       1       0                               0D    746
     102     796       0       0       0                        01010500D    747
     102       0       0       1       0                               0D    748
     102     797       0       0       0                        01010000D    749
     102       0       0       1       0                               0D    750
     142     798       0       0       0                        00010500D    751
     142       0       0       1       0                               0D    752
     144     799       0       0       0                        00000000D    753
     144       0      -1       1       0                               0D    754
     110     800       0       0       0                        01010000D    755
     110       0       0       1       0                               0D    756
     110     801       0       0       0                        01010000D    757
     110       0       0       1       0                               0D    758
     120     802       0       0       0                        01010000D    759
     120       0       0       1       0                               0D    760
     126     803       0       0       0                        01010500D    761
     126       0       0       2       0                               0D    762
     124     805       0       0       0                        00000000D    763
     124       0       0       3       0                               0D    764
     100     808       0       0       0             763        01010000D    765
     100       0       0       1       0                               0D    766
     126     809       0       0       0                        01010500D    767
     126       0       0       2       0                               0D    768
     110     811       0       0       0                        01010000D    769
     110       0       0       1       0                               0D    770
     126     812       0       0       0                        01010500D    771
     126       0       0       2       0                               0D    772
     124     814       0       0       0                        00000000D    773
     124       0       0       3       0                               0D    774
     100     817       0       0       0             773        01010000D    775
     100       0       0       1       0                               0D    776
     126     818       0       0       0                        01010500D    777
     126       0       0       2       0                               0D    778
     110     820       0       0       0                        01010000D    779
     110       0       0       1       0                               0D    780
     102     821       0       0       0                        01010500D    781
     102       0       0       1       0                               0D    782
     102     822       0       0       0                        01010000D    783
     102       0       0       1       0                               0D    784
     142     823       0       0       0                        00010500D    785
     142       0       0       1       0                               0D    786
     144     824       0       0       0                        00000000D    787
     144       0      -1       1       0                               0D    788
     128     825       0       0       0                        01010000D    789
     128       0       0       3       0                               0D    790
     126     828       0       0       0                        01010500D    791
     126       0       0      21       0                               0D    792
     124     849       0       0       0                        00000000D    793
     124       0       0       4       0                               0D    794
     100     853       0       0       0             793        01010000D    795
     100       0       0       1       0                               0D    796
     126     854       0       0       0                        01010500D    797
     126       0       0       2       0                               0D    798
     110     856       0       0       0                        01010000D    799
     110       0       0       1       0                               0D    800
     126     857       0       0       0                        01010500D    801
     126       0       0       2       0                               0D    802
     110     859       0       0       0                        01010000D    803
     110       0       0       1       0                               0D    804
     126     860       0       0       0                        01010500D    805
     126       0       0       2       0                               0D    806
     110     862       0       0       0                        01010000D    807
     110       0       0       1       0                               0D    808
     102     863       0       0       0                        01010500D    809
     102       0       0       1       0                               0D    810
     102     864       0       0       0                        01010000D    811
     102       0       0       1       0                               0D    812
     142     865       0       0       0                        00010500D    813
     142       0       0       1       0                               0D    814
     126     866       0       0       0                        01010500D    815
     126       0       0      21       0                               0D    816
     124     887       0       0       0                        00000000D    817
     124       0       0       3       0                               0D    818
     100     890       0       0       0             817        01010000D    819
     100       0       0       1       0                               0D    820
     126     891       0       0       0                        01010500D    821
     126       0       0      21       0                               0D    822
     124     912       0       0       0                        00000000D    823
     124       0       0       3       0                               0D    824
     100     915       0       0       0             823        01010000D    825
     100       0       0       1       0                               0D    826
     102     916       0       0       0                        01010500D    827
     102       0       0       1       0                               0D    828
     102     917       0       0       0                        01010000D    829
     102       0       0       1       0                               0D    830
     142     918       0       0       0                        00010500D    831
     142       0       0       1       0                               0D    832
     144     919       0       0       0                        00000000D    833
     144       0      -1       1       0                               0D    834
     110     920       0       0       0                        01010000D    835
     110       0       0       1       0                               0D    836
     110     921       0       0       0                        01010000D    837
     110       0       0       1       0                               0D    838
     120     922       0       0       0                        01010000D    839
     120       0       0       1       0                               0D    840
     126     923       0       0       0                        01010500D    841
     126       0       0       2       0                               0D    842
     110     925       0       0       0                        01010000D    843
     110       0       0       1       0                               0D    844
     126     926       0       0       0                        01010500D    845
     126       0       0       2       0                               0D    846
     124     928       0       0       0                        00000000D    847
     124       0       0       3       0                               0D    848
     100     931       0       0       0             847        01010000D    849
     100       0       0       1       0                               0D    850
     126     932       0       0       0                        01010500D    851
     126       0       0       2       0                               0D    852
     110     934       0       0       0                        01010000D    853
     110       0       0       1       0                               0D    854
     126     935       0       0       0                        01010500D    855
     126       0       0       2       0                               0D    856
     124     937       0       0       0                        00000000D    857
     124       0       0       4       0                               0D    858
     100     941       0       0       0             857        01010000D    859
     100       0       0       1       0                               0D    860
     102     942       0       0       0                        01010500D    861
     102       0       0       1       0                               0D    862
     102     943       0       0       0                        01010000D    863
     102       0       0       1       0                               0D    864
     142     944       0       0       0                        00010500D    865
     142       0       0       1       0                               0D    866
     144     945       0       0       0                        00000000D    867
     144       0      -1       1       0                               0D    868
     110     946       0       0       0                        01010000D    869
     110       0       0       1       0                               0D    870
     110     947       0       0       0                        01010000D    871
     110       0       0       1       0                               0D    872
     120     948       0       0       0                        01010000D    873
     120       0       0       1       0                               0D    874
     126     949       0       0       0                        01010500D    875
     126       0       0       2       0                               0D    876
     110     951       0       0       0                        01010000D    877
     110       0       0       1       0                               0D    878
     126     952       0       0       0                        01010500D    879
     126       0       0       2       0                               0D    880
     124     954       0       0       0                        00000000D    881
     124       0       0       5       0                               0D    882
     100     959       0       0       0             881        01010000D    883
     100       0       0       1       0                               0D    884
     126     960       0       0       0                        01010500D    885
     126       0       0       2       0                               0D    886
     110     962       0       0       0                        01010000D    887
     110       0       0       1       0                               0D    888
     126     963       0       0       0                        01010500D    889
     126       0       0       2       0                               0D    890
     100     965       0       0       0                        01010000D    891
     100       0       0       1       0                               0D    892
     126     966       0       0       0                        01010500D    893
     126       0       0       2       0                               0D    894
     110     968       0       0       0                        01010000D    895
     110       0       0       1       0                               0D    896
     126     969       0       0       0                        01010500D    897
     126       0       0       2       0                               0D    898
     124     971       0       0       0                        00000000D    899
     124       0       0       5       0                               0D    900
     100     976       0       0       0             899        01010000D    901
     100       0       0       1       0                               0D    902
     102     977       0       0       0                        01010500D    903
     102       0       0       1       0                               0D    904
     102     978       0       0       0                        01010000D    905
     102       0       0       1       0                               0D    906
     142     979       0       0       0                        00010500D    907
     142       0       0       1       0                               0D    908
     144     980       0       0       0                        00000000D    909
     144       0      -1       1       0                               0D    910
     128     981       0       0       0                        01010000D    911
     128       0       0       3       0                               0D    912
     126     984       0       0       0                        01010500D    913
     126       0       0       2       0                               0D    914
     110     986       0       0       0                        01010000D    915
     110       0       0       1       0                               0D    916
     126     987       0       0       0                        01010500D    917
     126       0       0       4       0                               0D    918
     124     991       0       0       0                        00000000D    919
     124       0       0       5       0                               0D    920
     100     996       0       0       0             919        01010000D    921
     100       0       0       1       0                               0D    922
     126     997       0       0       0                        01010500D    923
     126       0       0       2       0                               0D    924
     110     999       0       0       0                        01010000D    925
     110       0       0       1       0                               0D    926
     102    1000       0       0       0                        01010500D    927
     102       0       0       1       0                               0D    928
     102    1001       0       0       0                        01010000D    929
     102       0       0       1       0                               0D    930
     142    1002       0       0       0                        00010500D    931
     142       0       0       1       0                               0D    932
     144    1003       0       0       0                        00000000D    933
     144       0      -1       1       0                               0D    934
314,79.2156862745098,81.9607843137255,93.3333333333333,;               1P      1
110,0.,-10.,-5.596055902,0.,990.,-5.596055902;                         3P      2
110,0.,-10.,-3.896055902,0.,-4.,-3.896055902;                          5P      3
120,3,5,0.,6.28318530717959;                                           7P      4
126,1,1,1,0,1,0,0.,0.,1.,1.,1.,1.,0.,6.283185307,0.,1.,                9P      5
6.283185307,0.,0.,1.,0.,0.,1.;                                         9P      6
110,0.,-10.,-3.896055902,0.,-4.,-3.896055902;                         11P      7
126,1,1,1,0,1,0,0.,0.,1.,1.,1.,1.,1.,6.283185307,0.,1.,               13P      8
3.141592654,0.,0.,1.,0.,0.,1.;                                        13P      9
124,6.12323399573677E-017,-1.,0.,-4.,6.12323399573677E-017,           15P     10
3.74939945665464E-033,-1.,-9.59605590180468,1.,                       15P     11
6.12323399573677E-017,6.12323399573677E-017,-5.59605590180467;        15P     12
100,-5.596055902,0.,-4.,1.7,-4.,-1.7,-4.;                             17P     13
126,1,1,1,0,1,0,0.,0.,1.,1.,1.,1.,1.,3.141592654,0.,0.,               19P     14
3.141592654,0.,0.,1.,0.,0.,1.;                                        19P     15
110,0.,-4.,-7.296055902,0.,-10.,-7.296055902;                         21P     16
126,1,1,1,0,1,0,0.,0.,1.,1.,1.,1.,0.,3.141592654,0.,0.,               23P     17
6.283185307,0.,0.,1.,0.,0.,1.;                                        23P     18
124,6.12323399573677E-017,-1.,0.,-10.,6.12323399573677E-017,          25P     19
3.74939945665464E-033,1.,-4.40394409819532,-1.,                       25P     20
-6.12323399573677E-017,6.12323399573677E-017,-5.59605590180468;       25P     21
100,-5.596055902,0.,-10.,1.7,-10.,-1.7,-10.;                          27P     22
102,4,9,13,19,23;                                                     29P     23
102,4,11,17,21,27;                                                    31P     24
142,1,7,29,31,1;                                                      33P     25
144,7,1,0,33;                                                         35P     26
128,1,1,1,1,0,0,1,0,0,0.,0.,1.,1.,0.,0.,1.,1.,1.,1.,1.,1.,-14.,       37P     27
-10.,18.,-14.,-10.,-11.683418299,5.25,-10.,18.,5.25,-10.,             37P     28
-11.683418299,0.,1.,0.,1.;                                            37P     29
126,1,1,1,0,1,0,0.,0.,1.,1.,1.,1.,0.606399163,1.,0.,0.57271032,       39P     30
1.,0.,0.,1.,0.,0.,1.;                                                 39P     31
110,5.25,-10.,0.,5.25,-10.,1.;                                        41P     32
126,1,1,1,0,1,0,0.,0.,1.,1.,1.,1.,0.57271032,1.,0.,0.57271032,        43P     33
0.155844156,0.,0.,1.,0.,0.,1.;                                        43P     34
110,5.25,-10.,1.,-11.,-10.,1.;                                        45P     35
126,1,1,1,0,1,0,0.,0.,1.,1.,1.,1.,0.57271032,0.155844156,0.,          47P     36
0.033688842,0.155844156,0.,0.,1.,0.,0.,1.;                            47P     37
110,-11.,-10.,1.,-11.,-10.,17.;                                       49P     38
126,1,1,1,0,1,0,0.,0.,1.,1.,1.,1.,0.033688842,0.155844156,0.,         51P     39
0.033688842,0.311688312,0.,0.,1.,0.,0.,1.;                            51P     40
110,-11.,-10.,17.,-8.,-10.,17.;                                       53P     41
126,1,1,1,0,1,0,0.,0.,1.,1.,1.,1.,0.033688842,0.311688312,0.,         55P     42
0.,0.311688312,0.,0.,1.,0.,0.,1.;                                     55P     43
110,-8.,-10.,17.,-8.,-10.,18.;                                        57P     44
126,1,1,1,0,1,0,0.,0.,1.,1.,1.,1.,0.,0.311688312,0.,0.,0.,0.,         59P     45
0.,1.,0.,0.,1.;                                                       59P     46
110,-8.,-10.,18.,-14.,-10.,18.;                                       61P     47
126,1,1,1,0,1,0,0.,0.,1.,1.,1.,1.,0.,0.,0.,0.606399163,0.,0.,         63P     48
0.,1.,0.,0.,1.;                                                       63P     49
110,-14.,-10.,18.,-14.,-10.,0.;                                       65P     50
126,1,1,1,0,1,0,0.,0.,1.,1.,1.,1.,0.606399163,0.,0.,                  67P     51
0.606399163,0.597402597,0.,0.,1.,0.,0.,1.;                            67P     52
110,-14.,-10.,0.,-2.5,-10.,0.;                                        69P     53
126,1,1,1,0,1,0,0.,0.,1.,1.,1.,1.,0.606399163,0.597402597,0.,         71P     54
0.909813679,0.597402597,0.,0.,1.,0.,0.,1.;                            71P     55
110,-2.5,-10.,0.,-2.5,-10.,-9.006380019;                              73P     56
126,32,2,1,0,1,0,0.,0.,0.,0.0625,0.0625,0.125,0.125,0.1875,           75P     57
0.1875,0.25,0.25,0.3125,0.3125,0.375,0.375,0.4375,0.4375,0.5,         75P     58
0.5,0.5625,0.5625,0.625,0.625,0.6875,0.6875,0.75,0.75,0.8125,         75P     59
0.8125,0.875,0.875,0.9375,0.9375,1.,1.,1.,1.,1.,1.,1.,1.,1.,1.,       75P     60
1.,1.,1.,1.,1.,1.,1.,1.,1.,1.,1.,1.,1.,1.,1.,1.,1.,1.,1.,1.,1.,       75P     61
1.,1.,1.,1.,1.,0.909813679,0.597402597,0.,0.918108833,                75P     62
0.597402597,0.,0.926244597,0.599898016,0.,0.934380361,                75P     63
0.602393434,0.,0.942044084,0.607288372,0.,0.949707806,                75P     64
0.612183311,0.,0.956604974,0.619289661,0.,0.963502142,                75P     65
0.62639601,0.,0.969367702,0.635440678,0.,0.975233261,                 75P     66
0.644485345,0.,0.979841801,0.655120749,0.,0.984450341,                75P     67
0.665756153,0.,0.987624759,0.67757358,0.,0.990799177,                 75P     68
0.689391008,0.,0.992417481,0.701936322,0.,0.994035785,                75P     69
0.714481636,0.,0.994035785,0.727272727,0.,0.994035785,                75P     70
0.740063819,0.,0.992417481,0.752609133,0.,0.990799177,                75P     71
0.765154447,0.,0.987624759,0.776971874,0.,0.984450341,                75P     72
0.788789302,0.,0.979841801,0.799424706,0.,0.975233261,                75P     73
0.810060109,0.,0.969367702,0.819104777,0.,0.963502142,                75P     74
0.828149444,0.,0.956604974,0.835255794,0.,0.949707806,                75P     75
0.842362143,0.,0.942044084,0.847257082,0.,0.934380361,                75P     76
0.852152021,0.,0.926244597,0.854647439,0.,0.918108833,                75P     77
0.857142857,0.,0.909813679,0.857142857,0.,0.,1.,0.,0.,-1.;            75P     78
124,-1.,6.98296267768627E-015,0.,6.98296267768627E-014,               77P     79
-4.27583144589696E-031,-6.12323399573677E-017,-1.,                    77P     80
-19.0063800188005,-6.98296267768627E-015,-1.,                         77P     81
6.12323399573677E-017,-19.0063800188005;                              77P     82
100,-9.006380019,0.,-10.,2.5,-10.,-2.5,-10.;                          79P     83
126,1,1,1,0,1,0,0.,0.,1.,1.,1.,1.,0.909813679,0.857142857,0.,         81P     84
0.606399163,0.857142857,0.,0.,1.,0.,0.,1.;                            81P     85
110,2.5,-10.,-9.006380019,2.5,-10.,0.;                                83P     86
126,1,1,1,0,1,0,0.,0.,1.,1.,1.,1.,0.606399163,0.857142857,0.,         85P     87
0.606399163,1.,0.,0.,1.,0.,0.,1.;                                     85P     88
110,2.5,-10.,0.,5.25,-10.,0.;                                         87P     89
102,12,39,43,47,51,55,59,63,67,71,75,81,85;                           89P     90
102,12,41,45,49,53,57,61,65,69,73,79,83,87;                           91P     91
142,1,37,89,91,1;                                                     93P     92
126,32,2,1,0,1,0,0.,0.,0.,0.0625,0.0625,0.125,0.125,0.1875,           95P     93
0.1875,0.25,0.25,0.3125,0.3125,0.375,0.375,0.4375,0.4375,0.5,         95P     94
0.5,0.5625,0.5625,0.625,0.625,0.6875,0.6875,0.75,0.75,0.8125,         95P     95
0.8125,0.875,0.875,0.9375,0.9375,1.,1.,1.,1.,1.,1.,1.,1.,1.,1.,       95P     96
1.,1.,1.,1.,1.,1.,1.,1.,1.,1.,1.,1.,1.,1.,1.,1.,1.,1.,1.,1.,1.,       95P     97
1.,1.,1.,1.,1.,0.85219484,0.727272727,0.,0.85219484,                  95P     98
0.718574785,0.,0.851094393,0.710043972,0.,0.849993946,                95P     99
0.701513158,0.,0.847835342,0.693477307,0.,0.845676738,                95P    100
0.685441457,0.,0.842542931,0.678209382,0.,0.839409123,                95P    101
0.670977307,0.,0.835420543,0.664826934,0.,0.831431963,                95P    102
0.65867656,0.,0.826741888,0.653844242,0.,0.822051814,                 95P    103
0.649011924,0.,0.816840483,0.645683366,0.,0.811629152,                95P    104
0.642354808,0.,0.806096832,0.640657923,0.,0.800564512,                95P    105
0.638961039,0.,0.794923808,0.638961039,0.,0.789283103,                95P    106
0.638961039,0.,0.783750784,0.640657923,0.,0.778218464,                95P    107
0.642354808,0.,0.773007133,0.645683366,0.,0.767795801,                95P    108
0.649011924,0.,0.763105727,0.653844242,0.,0.758415653,                95P    109
0.65867656,0.,0.754427073,0.664826934,0.,0.750438492,                 95P    110
0.670977307,0.,0.747304685,0.678209382,0.,0.744170878,                95P    111
0.685441457,0.,0.742012273,0.693477307,0.,0.739853669,                95P    112
0.701513158,0.,0.738753223,0.710043972,0.,0.737652776,                95P    113
0.718574785,0.,0.737652776,0.727272727,0.,0.,1.,0.,0.,1.;             95P    114
124,6.12323399573677E-017,-1.,0.,-10.,6.12323399573677E-017,          97P    115
3.74939945665464E-033,1.,-4.40394409819532,-1.,                       97P    116
-6.12323399573677E-017,6.12323399573677E-017,-5.59605590180468;       97P    117
100,-5.596055902,0.,-10.,1.7,-10.,-1.7,-10.;                          99P    118
126,32,2,1,0,1,0,0.,0.,0.,0.0625,0.0625,0.125,0.125,0.1875,          101P    119
0.1875,0.25,0.25,0.3125,0.3125,0.375,0.375,0.4375,0.4375,0.5,        101P    120
0.5,0.5625,0.5625,0.625,0.625,0.6875,0.6875,0.75,0.75,0.8125,        101P    121
0.8125,0.875,0.875,0.9375,0.9375,1.,1.,1.,1.,1.,1.,1.,1.,1.,1.,      101P    122
1.,1.,1.,1.,1.,1.,1.,1.,1.,1.,1.,1.,1.,1.,1.,1.,1.,1.,1.,1.,1.,      101P    123
1.,1.,1.,1.,1.,0.737652776,0.727272727,0.,0.737652776,               101P    124
0.735970669,0.,0.738753223,0.744501483,0.,0.739853669,               101P    125
0.753032297,0.,0.742012273,0.761068147,0.,0.744170878,               101P    126
0.769103998,0.,0.747304685,0.776336073,0.,0.750438492,               101P    127
0.783568147,0.,0.754427073,0.789718521,0.,0.758415653,               101P    128
0.795868895,0.,0.763105727,0.800701213,0.,0.767795801,               101P    129
0.80553353,0.,0.773007133,0.808862089,0.,0.778218464,                101P    130
0.812190647,0.,0.783750784,0.813887531,0.,0.789283103,               101P    131
0.815584416,0.,0.794923808,0.815584416,0.,0.800564512,               101P    132
0.815584416,0.,0.806096832,0.813887531,0.,0.811629152,               101P    133
0.812190647,0.,0.816840483,0.808862089,0.,0.822051814,               101P    134
0.80553353,0.,0.826741888,0.800701213,0.,0.831431963,                101P    135
0.795868895,0.,0.835420543,0.789718521,0.,0.839409123,               101P    136
0.783568147,0.,0.842542931,0.776336073,0.,0.845676738,               101P    137
0.769103998,0.,0.847835342,0.761068147,0.,0.849993946,               101P    138
0.753032297,0.,0.851094393,0.744501483,0.,0.85219484,                101P    139
0.735970669,0.,0.85219484,0.727272727,0.,0.,1.,0.,0.,1.;             101P    140
124,1.40271576953299E-014,1.,0.,10.,-6.12323399573677E-017,          103P    141
8.58915688636046E-031,1.,-4.40394409819532,1.,                       103P    142
-1.40271576953299E-014,6.12323399573677E-017,-5.59605590180481;      103P    143
100,-5.596055902,0.,-10.,1.7,-10.,-1.7,-10.;                         105P    144
102,2,95,101;                                                        107P    145
102,2,99,105;                                                        109P    146
142,1,37,107,109,1;                                                  111P    147
144,37,1,1,93,111;                                                   113P    148
110,0.,0.,18.,0.,0.,-982.;                                           115P    149
110,-14.,0.,18.,-14.,0.,0.;                                          117P    150
120,115,117,0.,6.28318530717959;                                     119P    151
126,1,1,1,0,1,0,0.,0.,1.,1.,1.,1.,1.,0.143347569,0.,0.,              121P    152
0.143347569,0.,0.,1.,0.,0.,1.;                                       121P    153
110,-13.856406461,2.,0.,-13.856406461,2.,18.;                        123P    154
126,1,1,1,0,1,0,0.,0.,1.,1.,1.,1.,0.,0.143347569,0.,0.,              125P    155
2.998245085,0.,0.,1.,0.,0.,1.;                                       125P    156
124,-0.989743318610785,0.142857142857156,9.97566096812324E-016,      127P    157
-1.79561897426218E-014,0.142857142857156,0.989743318610785,          127P    158
-6.91134065434847E-015,1.24404131778273E-013,                        127P    159
-1.97466875838537E-015,-6.69794379288272E-015,-1.,36.;               127P    160
100,18.,0.,0.,14.,0.,-13.428571429,3.958973274;                      129P    161
126,1,1,1,0,1,0,0.,0.,1.,1.,1.,1.,0.,2.998245085,0.,1.,              131P    162
2.998245085,0.,0.,1.,0.,0.,1.;                                       131P    163
110,13.856406461,2.,18.,13.856406461,2.,0.;                          133P    164
126,1,1,1,0,1,0,0.,0.,1.,1.,1.,1.,1.,2.998245085,0.,1.,              135P    165
0.143347569,0.,0.,1.,0.,0.,1.;                                       135P    166
100,0.,0.,0.,13.856406461,2.,-13.856406461,2.;                       137P    167
102,4,121,125,131,135;                                               139P    168
102,4,123,129,133,137;                                               141P    169
142,1,119,139,141,1;                                                 143P    170
144,119,1,0,143;                                                     145P    171
128,1,1,1,1,0,0,1,0,0,0.,0.,1.,1.,0.,0.,1.,1.,1.,1.,1.,1.,-14.,      147P    172
-10.,0.,14.,-10.,0.,-14.,14.144,0.,14.,14.144,0.,0.,1.,0.,1.;        147P    173
126,1,1,1,0,1,0,0.,0.,1.,1.,1.,1.,1.,0.,0.,1.,0.497017893,0.,        149P    174
0.,1.,0.,0.,1.;                                                      149P    175
110,14.,-10.,0.,14.,2.,0.;                                           151P    176
126,1,1,1,0,1,0,0.,0.,1.,1.,1.,1.,1.,0.497017893,0.,                 153P    177
0.994871659,0.497017893,0.,0.,1.,0.,0.,1.;                           153P    178
110,14.,2.,0.,13.856406461,2.,0.;                                    155P    179
126,32,2,1,0,1,0,0.,0.,0.,0.0625,0.0625,0.125,0.125,0.1875,          157P    180
0.1875,0.25,0.25,0.3125,0.3125,0.375,0.375,0.4375,0.4375,0.5,        157P    181
0.5,0.5625,0.5625,0.625,0.625,0.6875,0.6875,0.75,0.75,0.8125,        157P    182
0.8125,0.875,0.875,0.9375,0.9375,1.,1.,1.,1.,1.,1.,1.,1.,1.,1.,      157P    183
1.,1.,1.,1.,1.,1.,1.,1.,1.,1.,1.,1.,1.,1.,1.,1.,1.,1.,1.,1.,1.,      157P    184
1.,1.,1.,1.,1.,0.994871659,0.497017893,0.,0.988482159,               157P    185
0.548355583,0.,0.974337204,0.597563041,0.,0.96019225,                157P    186
0.646770499,0.,0.93874099,0.692285227,0.,0.917289729,                157P    187
0.737799955,0.,0.889213311,0.778176711,0.,0.861136893,               157P    188
0.818553467,0.,0.827326835,0.852510158,0.,0.793516778,               157P    189
0.886466848,0.,0.75504666,0.912925236,0.,0.716576543,                157P    190
0.939383624,0.,0.674667918,0.957503569,0.,0.632759294,               157P    191
0.975623515,0.,0.588742898,0.98482965,0.,0.544726502,                157P    192
0.994035785,0.,0.5,0.994035785,0.,0.455273498,0.994035785,0.,        157P    193
0.411257102,0.98482965,0.,0.367240706,0.975623515,0.,                157P    194
0.325332082,0.957503569,0.,0.283423457,0.939383624,0.,               157P    195
0.24495334,0.912925236,0.,0.206483222,0.886466848,0.,                157P    196
0.172673165,0.852510158,0.,0.138863107,0.818553467,0.,               157P    197
0.110786689,0.778176711,0.,0.082710271,0.737799955,0.,               157P    198
0.06125901,0.692285227,0.,0.03980775,0.646770499,0.,                 157P    199
0.025662796,0.597563041,0.,0.011517841,0.548355583,0.,               157P    200
0.005128341,0.497017893,0.,0.,1.,0.,0.,-1.;                          157P    201
100,0.,0.,0.,13.856406461,2.,-13.856406461,2.;                       159P    202
126,1,1,1,0,1,0,0.,0.,1.,1.,1.,1.,0.005128341,0.497017893,0.,        161P    203
0.,0.497017893,0.,0.,1.,0.,0.,1.;                                    161P    204
110,-13.856406461,2.,0.,-14.,2.,0.;                                  163P    205
126,1,1,1,0,1,0,0.,0.,1.,1.,1.,1.,0.,0.497017893,0.,0.,0.,0.,        165P    206
0.,1.,0.,0.,1.;                                                      165P    207
110,-14.,2.,0.,-14.,-10.,0.;                                         167P    208
126,1,1,1,0,1,0,0.,0.,1.,1.,1.,1.,0.,0.,0.,0.410714286,0.,0.,        169P    209
0.,1.,0.,0.,1.;                                                      169P    210
110,-14.,-10.,0.,-2.5,-10.,0.;                                       171P    211
126,1,1,1,0,1,0,0.,0.,1.,1.,1.,1.,0.410714286,0.,0.,                 173P    212
0.410714286,0.289927104,0.,0.,1.,0.,0.,1.;                           173P    213
110,-2.5,-10.,0.,-2.5,-3.,0.;                                        175P    214
126,1,1,1,0,1,0,0.,0.,1.,1.,1.,1.,0.410714286,0.289927104,0.,        177P    215
0.589285714,0.289927104,0.,0.,1.,0.,0.,1.;                           177P    216
110,-2.5,-3.,0.,2.5,-3.,0.;                                          179P    217
126,1,1,1,0,1,0,0.,0.,1.,1.,1.,1.,0.589285714,0.289927104,0.,        181P    218
0.589285714,0.,0.,0.,1.,0.,0.,1.;                                    181P    219
110,2.5,-3.,0.,2.5,-10.,0.;                                          183P    220
126,1,1,1,0,1,0,0.,0.,1.,1.,1.,1.,0.589285714,0.,0.,0.6875,0.,       185P    221
0.,0.,1.,0.,0.,1.;                                                   185P    222
110,2.5,-10.,0.,5.25,-10.,0.;                                        187P    223
126,32,2,1,0,1,0,0.,0.,0.,0.0625,0.0625,0.125,0.125,0.1875,          189P    224
0.1875,0.25,0.25,0.3125,0.3125,0.375,0.375,0.4375,0.4375,0.5,        189P    225
0.5,0.5625,0.5625,0.625,0.625,0.6875,0.6875,0.75,0.75,0.8125,        189P    226
0.8125,0.875,0.875,0.9375,0.9375,1.,1.,1.,1.,1.,1.,1.,1.,1.,1.,      189P    227
1.,1.,1.,1.,1.,1.,1.,1.,1.,1.,1.,1.,1.,1.,1.,1.,1.,1.,1.,1.,1.,      189P    228
1.,1.,1.,1.,1.,0.6875,0.,0.,0.6875,0.012237997,0.,0.68955872,        189P    229
0.024240845,0.,0.69161744,0.036243693,0.,0.695655764,                189P    230
0.047550128,0.,0.699694089,0.058856564,0.,0.705556827,               189P    231
0.069032087,0.,0.711419566,0.07920761,0.,0.718881416,                189P    232
0.087861181,0.,0.726343267,0.096514752,0.,0.735117475,               189P    233
0.103313819,0.,0.743891683,0.110112886,0.,0.753641061,               189P    234
0.114796165,0.,0.763390438,0.119479443,0.,0.773740323,               189P    235
0.121866958,0.,0.784090207,0.124254473,0.,0.794642857,               189P    236
0.124254473,0.,0.805195508,0.124254473,0.,0.815545392,               189P    237
0.121866958,0.,0.825895276,0.119479443,0.,0.835644653,               189P    238
0.114796165,0.,0.845394031,0.110112886,0.,0.854168239,               189P    239
0.103313819,0.,0.862942447,0.096514752,0.,0.870404298,               189P    240
0.087861181,0.,0.877866149,0.07920761,0.,0.883728887,                189P    241
0.069032087,0.,0.889591625,0.058856564,0.,0.89362995,                189P    242
0.047550128,0.,0.897668274,0.036243693,0.,0.899726994,               189P    243
0.024240845,0.,0.901785714,0.012237997,0.,0.901785714,0.,0.,0.,      189P    244
1.,0.,0.,1.;                                                         189P    245
124,-1.,-6.98296267768627E-015,0.,16.4999999999999,                  191P    246
-6.98296267768627E-015,1.,-6.98296267768627E-015,                    191P    247
5.79730094745878E-014,4.87617677579594E-029,                         191P    248
-6.98296267768627E-015,-1.,-6.98296267768631E-014;                   191P    249
100,0.,8.25,-10.,11.25,-10.,5.25,-10.;                               193P    250
126,1,1,1,0,1,0,0.,0.,1.,1.,1.,1.,0.901785714,0.,0.,1.,0.,0.,        195P    251
0.,1.,0.,0.,1.;                                                      195P    252
110,11.25,-10.,0.,14.,-10.,0.;                                       197P    253
102,12,149,153,157,161,165,169,173,177,181,185,189,195;              199P    254
102,12,151,155,159,163,167,171,175,179,183,187,193,197;              201P    255
142,1,147,199,201,1;                                                 203P    256
144,147,1,0,203;                                                     205P    257
128,1,1,1,1,0,0,1,0,0,0.,0.,1.,1.,0.,0.,1.,1.,1.,1.,1.,1.,-14.,      207P    258
-10.,18.,14.,-10.,18.,-14.,14.144,18.,14.,14.144,18.,0.,1.,0.,       207P    259
1.;                                                                  207P    260
126,1,1,1,0,1,0,0.,0.,1.,1.,1.,1.,0.005128341,0.497017893,0.,        209P    261
0.,0.497017893,0.,0.,1.,0.,0.,1.;                                    209P    262
110,-13.856406461,2.,18.,-14.,2.,18.;                                211P    263
126,1,1,1,0,1,0,0.,0.,1.,1.,1.,1.,0.,0.497017893,0.,0.,0.,0.,        213P    264
0.,1.,0.,0.,1.;                                                      213P    265
110,-14.,2.,18.,-14.,-10.,18.;                                       215P    266
126,1,1,1,0,1,0,0.,0.,1.,1.,1.,1.,0.,0.,0.,0.214285714,0.,0.,        217P    267
0.,1.,0.,0.,1.;                                                      217P    268
110,-14.,-10.,18.,-8.,-10.,18.;                                      219P    269
126,1,1,1,0,1,0,0.,0.,1.,1.,1.,1.,0.214285714,0.,0.,                 221P    270
0.214285714,0.414181577,0.,0.,1.,0.,0.,1.;                           221P    271
110,-8.,-10.,18.,-8.,0.,18.;                                         223P    272
126,32,2,1,0,1,0,0.,0.,0.,0.0625,0.0625,0.125,0.125,0.1875,          225P    273
0.1875,0.25,0.25,0.3125,0.3125,0.375,0.375,0.4375,0.4375,0.5,        225P    274
0.5,0.5625,0.5625,0.625,0.625,0.6875,0.6875,0.75,0.75,0.8125,        225P    275
0.8125,0.875,0.875,0.9375,0.9375,1.,1.,1.,1.,1.,1.,1.,1.,1.,1.,      225P    276
1.,1.,1.,1.,1.,1.,1.,1.,1.,1.,1.,1.,1.,1.,1.,1.,1.,1.,1.,1.,1.,      225P    277
1.,1.,1.,1.,1.,0.214285714,0.414181577,0.,0.214285714,               225P    278
0.446816237,0.,0.219775634,0.478823831,0.,0.225265554,               225P    279
0.510831425,0.,0.236034419,0.540981919,0.,0.246803285,               225P    280
0.571132414,0.,0.262437254,0.598267141,0.,0.278071223,               225P    281
0.625401869,0.,0.297969491,0.648478059,0.,0.317867759,               225P    282
0.671554248,0.,0.341265648,0.689685094,0.,0.364663536,               225P    283
0.707815939,0.,0.390661876,0.720304683,0.,0.416660217,               225P    284
0.732793426,0.,0.444259908,0.739160133,0.,0.471859599,               225P    285
0.745526839,0.,0.5,0.745526839,0.,0.528140401,0.745526839,0.,        225P    286
0.555740092,0.739160133,0.,0.583339783,0.732793426,0.,               225P    287
0.609338124,0.720304683,0.,0.635336464,0.707815939,0.,               225P    288
0.658734352,0.689685094,0.,0.682132241,0.671554248,0.,               225P    289
0.702030509,0.648478059,0.,0.721928777,0.625401869,0.,               225P    290
0.737562746,0.598267141,0.,0.753196715,0.571132414,0.,               225P    291
0.763965581,0.540981919,0.,0.774734446,0.510831425,0.,               225P    292
0.780224366,0.478823831,0.,0.785714286,0.446816237,0.,               225P    293
0.785714286,0.414181577,0.,0.,1.,0.,0.,1.;                           225P    294
124,-1.,-6.98296267768627E-015,0.,-1.75162308040602E-043,            227P    295
-6.98296267768627E-015,1.,-6.98296267768627E-015,                    227P    296
1.25693328198353E-013,4.87617677579594E-029,                         227P    297
-6.98296267768627E-015,-1.,36.;                                      227P    298
100,18.,0.,0.,8.,0.,-8.,0.;                                          229P    299
126,1,1,1,0,1,0,0.,0.,1.,1.,1.,1.,0.785714286,0.414181577,0.,        231P    300
0.785714286,0.,0.,0.,1.,0.,0.,1.;                                    231P    301
110,8.,0.,18.,8.,-10.,18.;                                           233P    302
126,1,1,1,0,1,0,0.,0.,1.,1.,1.,1.,0.785714286,0.,0.,1.,0.,0.,        235P    303
0.,1.,0.,0.,1.;                                                      235P    304
110,8.,-10.,18.,14.,-10.,18.;                                        237P    305
126,1,1,1,0,1,0,0.,0.,1.,1.,1.,1.,1.,0.,0.,1.,0.497017893,0.,        239P    306
0.,1.,0.,0.,1.;                                                      239P    307
110,14.,-10.,18.,14.,2.,18.;                                         241P    308
126,1,1,1,0,1,0,0.,0.,1.,1.,1.,1.,1.,0.497017893,0.,                 243P    309
0.994871659,0.497017893,0.,0.,1.,0.,0.,1.;                           243P    310
110,14.,2.,18.,13.856406461,2.,18.;                                  245P    311
126,32,2,1,0,1,0,0.,0.,0.,0.0625,0.0625,0.125,0.125,0.1875,          247P    312
0.1875,0.25,0.25,0.3125,0.3125,0.375,0.375,0.4375,0.4375,0.5,        247P    313
0.5,0.5625,0.5625,0.625,0.625,0.6875,0.6875,0.75,0.75,0.8125,        247P    314
0.8125,0.875,0.875,0.9375,0.9375,1.,1.,1.,1.,1.,1.,1.,1.,1.,1.,      247P    315
1.,1.,1.,1.,1.,1.,1.,1.,1.,1.,1.,1.,1.,1.,1.,1.,1.,1.,1.,1.,1.,      247P    316
1.,1.,1.,1.,1.,0.994871659,0.497017893,0.,0.988482159,               247P    317
0.548355583,0.,0.974337204,0.597563041,0.,0.96019225,                247P    318
0.646770499,0.,0.93874099,0.692285227,0.,0.917289729,                247P    319
0.737799955,0.,0.889213311,0.778176711,0.,0.861136893,               247P    320
0.818553467,0.,0.827326835,0.852510158,0.,0.793516778,               247P    321
0.886466848,0.,0.75504666,0.912925236,0.,0.716576543,                247P    322
0.939383624,0.,0.674667918,0.957503569,0.,0.632759294,               247P    323
0.975623515,0.,0.588742898,0.98482965,0.,0.544726502,                247P    324
0.994035785,0.,0.5,0.994035785,0.,0.455273498,0.994035785,0.,        247P    325
0.411257102,0.98482965,0.,0.367240706,0.975623515,0.,                247P    326
0.325332082,0.957503569,0.,0.283423457,0.939383624,0.,               247P    327
0.24495334,0.912925236,0.,0.206483222,0.886466848,0.,                247P    328
0.172673165,0.852510158,0.,0.138863107,0.818553467,0.,               247P    329
0.110786689,0.778176711,0.,0.082710271,0.737799955,0.,               247P    330
0.06125901,0.692285227,0.,0.03980775,0.646770499,0.,                 247P    331
0.025662796,0.597563041,0.,0.011517841,0.548355583,0.,               247P    332
0.005128341,0.497017893,0.,0.,1.,0.,0.,-1.;                          247P    333
100,18.,0.,0.,13.856406461,2.,-13.856406461,2.;                      249P    334
102,10,209,213,217,221,225,231,235,239,243,247;                      251P    335
102,10,211,215,219,223,229,233,237,241,245,249;                      253P    336
142,1,207,251,253,1;                                                 255P    337
144,207,1,0,255;                                                     257P    338
110,0.,0.,18.,0.,0.,-982.;                                           259P    339
110,-11.,0.,17.,-11.,0.,1.;                                          261P    340
120,259,261,0.,6.28318530717959;                                     263P    341
126,1,1,1,0,1,0,0.,0.,1.,1.,1.,1.,1.,0.,0.,0.,0.,0.,0.,1.,0.,        265P    342
0.,1.;                                                               265P    343
110,-11.,0.,1.,-11.,0.,17.;                                          267P    344
126,1,1,1,0,1,0,0.,0.,1.,1.,1.,1.,0.,0.,0.,0.,3.141592654,0.,        269P    345
0.,1.,0.,0.,1.;                                                      269P    346
124,-1.,-6.98296267768627E-015,0.,-1.75162308040602E-043,            271P    347
-6.98296267768627E-015,1.,-6.98296267768627E-015,                    271P    348
1.18710365520667E-013,4.87617677579594E-029,                         271P    349
-6.98296267768627E-015,-1.,34.;                                      271P    350
100,17.,0.,0.,11.,0.,-11.,0.;                                        273P    351
126,1,1,1,0,1,0,0.,0.,1.,1.,1.,1.,0.,3.141592654,0.,1.,              275P    352
3.141592654,0.,0.,1.,0.,0.,1.;                                       275P    353
110,11.,0.,17.,11.,0.,1.;                                            277P    354
126,1,1,1,0,1,0,0.,0.,1.,1.,1.,1.,1.,3.141592654,0.,1.,0.,0.,        279P    355
0.,1.,0.,0.,1.;                                                      279P    356
100,1.,0.,0.,11.,0.,-11.,0.;                                         281P    357
102,4,265,269,275,279;                                               283P    358
102,4,267,273,277,281;                                               285P    359
142,1,263,283,285,1;                                                 287P    360
144,263,1,0,287;                                                     289P    361
128,1,1,1,1,0,0,1,0,0,0.,0.,1.,1.,0.,0.,1.,1.,1.,1.,1.,1.,-11.,      291P    362
-10.,17.,11.,-10.,17.,-11.,11.126,17.,11.,11.126,17.,0.,1.,0.,       291P    363
1.;                                                                  291P    364
126,1,1,1,0,1,0,0.,0.,1.,1.,1.,1.,0.863636364,0.473350374,0.,        293P    365
0.863636364,0.,0.,0.,1.,0.,0.,1.;                                    293P    366
110,8.,0.,17.,8.,-10.,17.;                                           295P    367
126,1,1,1,0,1,0,0.,0.,1.,1.,1.,1.,0.863636364,0.,0.,1.,0.,0.,        297P    368
0.,1.,0.,0.,1.;                                                      297P    369
110,8.,-10.,17.,11.,-10.,17.;                                        299P    370
126,1,1,1,0,1,0,0.,0.,1.,1.,1.,1.,1.,0.,0.,1.,0.473350374,0.,        301P    371
0.,1.,0.,0.,1.;                                                      301P    372
110,11.,-10.,17.,11.,0.,17.;                                         303P    373
126,32,2,1,0,1,0,0.,0.,0.,0.0625,0.0625,0.125,0.125,0.1875,          305P    374
0.1875,0.25,0.25,0.3125,0.3125,0.375,0.375,0.4375,0.4375,0.5,        305P    375
0.5,0.5625,0.5625,0.625,0.625,0.6875,0.6875,0.75,0.75,0.8125,        305P    376
0.8125,0.875,0.875,0.9375,0.9375,1.,1.,1.,1.,1.,1.,1.,1.,1.,1.,      305P    377
1.,1.,1.,1.,1.,1.,1.,1.,1.,1.,1.,1.,1.,1.,1.,1.,1.,1.,1.,1.,1.,      305P    378
1.,1.,1.,1.,1.,1.,0.473350374,0.,1.,0.524633411,0.,0.99039264,       305P    379
0.574931059,0.,0.98078528,0.625228706,0.,0.961939766,                305P    380
0.672608054,0.,0.943094252,0.719987402,0.,0.915734806,               305P    381
0.762627689,0.,0.88837536,0.805267976,0.,0.853553391,                305P    382
0.841530559,0.,0.818731421,0.877793142,0.,0.777785117,               305P    383
0.906284471,0.,0.736838812,0.9347758,0.,0.691341716,                 305P    384
0.954400968,0.,0.64584462,0.974026137,0.,0.597545161,                305P    385
0.984030961,0.,0.549245702,0.994035785,0.,0.5,0.994035785,0.,        305P    386
0.450754298,0.994035785,0.,0.402454839,0.984030961,0.,               305P    387
0.35415538,0.974026137,0.,0.308658284,0.954400968,0.,                305P    388
0.263161188,0.9347758,0.,0.222214883,0.906284471,0.,                 305P    389
0.181268579,0.877793142,0.,0.146446609,0.841530559,0.,               305P    390
0.11162464,0.805267976,0.,0.084265194,0.762627689,0.,                305P    391
0.056905748,0.719987402,0.,0.038060234,0.672608054,0.,               305P    392
0.01921472,0.625228706,0.,0.00960736,0.574931059,0.,0.,              305P    393
0.524633411,0.,0.,0.473350374,0.,0.,1.,0.,0.,-1.;                    305P    394
100,17.,0.,0.,11.,0.,-11.,0.;                                        307P    395
126,1,1,1,0,1,0,0.,0.,1.,1.,1.,1.,0.,0.473350374,0.,0.,0.,0.,        309P    396
0.,1.,0.,0.,1.;                                                      309P    397
110,-11.,0.,17.,-11.,-10.,17.;                                       311P    398
126,1,1,1,0,1,0,0.,0.,1.,1.,1.,1.,0.,0.,0.,0.136363636,0.,0.,        313P    399
0.,1.,0.,0.,1.;                                                      313P    400
110,-11.,-10.,17.,-8.,-10.,17.;                                      315P    401
126,1,1,1,0,1,0,0.,0.,1.,1.,1.,1.,0.136363636,0.,0.,                 317P    402
0.136363636,0.473350374,0.,0.,1.,0.,0.,1.;                           317P    403
110,-8.,-10.,17.,-8.,0.,17.;                                         319P    404
126,32,2,1,0,1,0,0.,0.,0.,0.0625,0.0625,0.125,0.125,0.1875,          321P    405
0.1875,0.25,0.25,0.3125,0.3125,0.375,0.375,0.4375,0.4375,0.5,        321P    406
0.5,0.5625,0.5625,0.625,0.625,0.6875,0.6875,0.75,0.75,0.8125,        321P    407
0.8125,0.875,0.875,0.9375,0.9375,1.,1.,1.,1.,1.,1.,1.,1.,1.,1.,      321P    408
1.,1.,1.,1.,1.,1.,1.,1.,1.,1.,1.,1.,1.,1.,1.,1.,1.,1.,1.,1.,1.,      321P    409
1.,1.,1.,1.,1.,0.136363636,0.473350374,0.,0.136363636,               321P    410
0.510647128,0.,0.143350807,0.547227235,0.,0.150337978,               321P    411
0.583807343,0.,0.164043806,0.618265051,0.,0.177749635,               321P    412
0.652722758,0.,0.197647414,0.683733876,0.,0.217545193,               321P    413
0.714744994,0.,0.242870261,0.741117781,0.,0.26819533,                321P    414
0.767490569,0.,0.297974461,0.788211535,0.,0.327753591,               321P    415
0.808932502,0.,0.360842388,0.823205352,0.,0.393931185,               321P    416
0.837478202,0.,0.429058065,0.844754437,0.,0.464184944,               321P    417
0.852030673,0.,0.5,0.852030673,0.,0.535815056,0.852030673,0.,        321P    418
0.570941935,0.844754437,0.,0.606068815,0.837478202,0.,               321P    419
0.639157612,0.823205352,0.,0.672246409,0.808932502,0.,               321P    420
0.702025539,0.788211535,0.,0.73180467,0.767490569,0.,                321P    421
0.757129739,0.741117781,0.,0.782454807,0.714744994,0.,               321P    422
0.802352586,0.683733876,0.,0.822250365,0.652722758,0.,               321P    423
0.835956194,0.618265051,0.,0.849662022,0.583807343,0.,               321P    424
0.856649193,0.547227235,0.,0.863636364,0.510647128,0.,               321P    425
0.863636364,0.473350374,0.,0.,1.,0.,0.,1.;                           321P    426
124,-1.,-6.98296267768627E-015,0.,-1.75162308040602E-043,            323P    427
-6.98296267768627E-015,1.,-6.98296267768627E-015,                    323P    428
1.18710365520667E-013,4.87617677579594E-029,                         323P    429
-6.98296267768627E-015,-1.,34.;                                      323P    430
100,17.,0.,0.,8.,0.,-8.,0.;                                          325P    431
102,8,293,297,301,305,309,313,317,321;                               327P    432
102,8,295,299,303,307,311,315,319,325;                               329P    433
142,1,291,327,329,1;                                                 331P    434
144,291,1,0,331;                                                     333P    435
128,1,1,1,1,0,0,1,0,0,0.,0.,1.,1.,0.,0.,1.,1.,1.,1.,1.,1.,-11.,      335P    436
-10.,1.,11.,-10.,1.,-11.,11.126,1.,11.,11.126,1.,0.,1.,0.,1.;        335P    437
126,32,2,1,0,1,0,0.,0.,0.,0.0625,0.0625,0.125,0.125,0.1875,          337P    438
0.1875,0.25,0.25,0.3125,0.3125,0.375,0.375,0.4375,0.4375,0.5,        337P    439
0.5,0.5625,0.5625,0.625,0.625,0.6875,0.6875,0.75,0.75,0.8125,        337P    440
0.8125,0.875,0.875,0.9375,0.9375,1.,1.,1.,1.,1.,1.,1.,1.,1.,1.,      337P    441
1.,1.,1.,1.,1.,1.,1.,1.,1.,1.,1.,1.,1.,1.,1.,1.,1.,1.,1.,1.,1.,      337P    442
1.,1.,1.,1.,1.,0.738636364,0.,0.,0.738636364,0.012146321,0.,         337P    443
0.740617181,0.024116205,0.,0.742597998,0.036086089,0.,               337P    444
0.746502085,0.047531787,0.,0.750406172,0.058977485,0.,               337P    445
0.756120109,0.069566476,0.,0.761834045,0.080155468,0.,               337P    446
0.769191829,0.089580121,0.,0.776549613,0.099004775,0.,               337P    447
0.785337486,0.106991286,0.,0.794125359,0.114977797,0.,               337P    448
0.804088017,0.121294142,0.,0.814050675,0.127610487,0.,               337P    449
0.824898682,0.132073163,0.,0.835746689,0.136535839,0.,               337P    450
0.847164889,0.139015196,0.,0.85858309,0.141494553,0.,                337P    451
0.870239762,0.141918562,0.,0.881896434,0.142342571,0.,               337P    452
0.893452929,0.140698913,0.,0.905009424,0.139055255,0.,               337P    453
0.916130002,0.135391681,0.,0.92725058,0.131728108,0.,                337P    454
0.937612166,0.126151053,0.,0.947973753,0.120573998,0.,               337P    455
0.957275323,0.113245486,0.,0.966576894,0.105916974,0.,               337P    456
0.974548219,0.097049913,0.,0.982519545,0.088182852,0.,               337P    457
0.988929042,0.078034848,0.,0.995338539,0.067886844,0.,1.,            337P    458
0.056752716,0.,0.,1.,0.,0.,1.;                                       337P    459
124,-1.,1.41553435639707E-014,2.79075937798034E-015,                 339P    460
16.5000000000001,1.41553435639707E-014,1.,                           339P    461
-6.4010491212124E-015,-1.11473491576556E-013,                        339P    462
-2.79075937798043E-015,-6.40104912121237E-015,-1.,                   339P    463
1.99999999999996;                                                    339P    464
100,1.,8.25,-10.,11.25,-10.,5.5,-8.801042119;                        341P    465
126,1,1,1,0,1,0,0.,0.,1.,1.,1.,1.,1.,0.056752716,0.,1.,              343P    466
0.473350374,0.,0.,1.,0.,0.,1.;                                       343P    467
110,11.,-8.801042119,1.,11.,0.,1.;                                   345P    468
126,32,2,1,0,1,0,0.,0.,0.,0.0625,0.0625,0.125,0.125,0.1875,          347P    469
0.1875,0.25,0.25,0.3125,0.3125,0.375,0.375,0.4375,0.4375,0.5,        347P    470
0.5,0.5625,0.5625,0.625,0.625,0.6875,0.6875,0.75,0.75,0.8125,        347P    471
0.8125,0.875,0.875,0.9375,0.9375,1.,1.,1.,1.,1.,1.,1.,1.,1.,1.,      347P    472
1.,1.,1.,1.,1.,1.,1.,1.,1.,1.,1.,1.,1.,1.,1.,1.,1.,1.,1.,1.,1.,      347P    473
1.,1.,1.,1.,1.,1.,0.473350374,0.,1.,0.524633411,0.,0.99039264,       347P    474
0.574931059,0.,0.98078528,0.625228706,0.,0.961939766,                347P    475
0.672608054,0.,0.943094252,0.719987402,0.,0.915734806,               347P    476
0.762627689,0.,0.88837536,0.805267976,0.,0.853553391,                347P    477
0.841530559,0.,0.818731421,0.877793142,0.,0.777785117,               347P    478
0.906284471,0.,0.736838812,0.9347758,0.,0.691341716,                 347P    479
0.954400968,0.,0.64584462,0.974026137,0.,0.597545161,                347P    480
0.984030961,0.,0.549245702,0.994035785,0.,0.5,0.994035785,0.,        347P    481
0.450754298,0.994035785,0.,0.402454839,0.984030961,0.,               347P    482
0.35415538,0.974026137,0.,0.308658284,0.954400968,0.,                347P    483
0.263161188,0.9347758,0.,0.222214883,0.906284471,0.,                 347P    484
0.181268579,0.877793142,0.,0.146446609,0.841530559,0.,               347P    485
0.11162464,0.805267976,0.,0.084265194,0.762627689,0.,                347P    486
0.056905748,0.719987402,0.,0.038060234,0.672608054,0.,               347P    487
0.01921472,0.625228706,0.,0.00960736,0.574931059,0.,0.,              347P    488
0.524633411,0.,0.,0.473350374,0.,0.,1.,0.,0.,-1.;                    347P    489
100,1.,0.,0.,11.,0.,-11.,0.;                                         349P    490
126,1,1,1,0,1,0,0.,0.,1.,1.,1.,1.,0.,0.473350374,0.,0.,0.,0.,        351P    491
0.,1.,0.,0.,1.;                                                      351P    492
110,-11.,0.,1.,-11.,-10.,1.;                                         353P    493
126,1,1,1,0,1,0,0.,0.,1.,1.,1.,1.,0.,0.,0.,0.738636364,0.,0.,        355P    494
0.,1.,0.,0.,1.;                                                      355P    495
110,-11.,-10.,1.,5.25,-10.,1.;                                       357P    496
102,5,337,343,347,351,355;                                           359P    497
102,5,341,345,349,353,357;                                           361P    498
142,1,335,359,361,1;                                                 363P    499
144,335,1,0,363;                                                     365P    500
110,0.,0.,10.,0.,0.,1010.;                                           367P    501
110,8.,0.,17.,8.,0.,18.;                                             369P    502
120,367,369,0.,6.28318530717959;                                     371P    503
126,1,1,1,0,1,0,0.,0.,1.,1.,1.,1.,0.,3.141592654,0.,1.,              373P    504
3.141592654,0.,0.,1.,0.,0.,1.;                                       373P    505
110,-8.,0.,17.,-8.,0.,18.;                                           375P    506
126,1,1,1,0,1,0,0.,0.,1.,1.,1.,1.,1.,3.141592654,0.,1.,0.,0.,        377P    507
0.,1.,0.,0.,1.;                                                      377P    508
124,-1.,-6.98296267768627E-015,0.,-1.75162308040602E-043,            379P    509
-6.98296267768627E-015,1.,-6.98296267768627E-015,                    379P    510
1.25693328198353E-013,4.87617677579594E-029,                         379P    511
-6.98296267768627E-015,-1.,36.;                                      379P    512
100,18.,0.,0.,8.,0.,-8.,0.;                                          381P    513
126,1,1,1,0,1,0,0.,0.,1.,1.,1.,1.,1.,0.,0.,0.,0.,0.,0.,1.,0.,        383P    514
0.,1.;                                                               383P    515
110,8.,0.,18.,8.,0.,17.;                                             385P    516
126,1,1,1,0,1,0,0.,0.,1.,1.,1.,1.,0.,0.,0.,0.,3.141592654,0.,        387P    517
0.,1.,0.,0.,1.;                                                      387P    518
100,17.,0.,0.,8.,0.,-8.,0.;                                          389P    519
102,4,373,377,383,387;                                               391P    520
102,4,375,381,385,389;                                               393P    521
142,1,371,391,393,1;                                                 395P    522
144,371,1,0,395;                                                     397P    523
128,1,1,1,1,0,0,1,0,0,0.,0.,1.,1.,0.,0.,1.,1.,1.,1.,1.,1.,-14.,      399P    524
-10.,18.,-14.,-10.,0.,-14.,2.,18.,-14.,2.,0.,0.,1.,0.,1.;            399P    525
126,1,1,1,0,1,0,0.,0.,1.,1.,1.,1.,0.,0.,0.,1.,0.,0.,0.,1.,0.,        401P    526
0.,1.;                                                               401P    527
110,-14.,-10.,18.,-14.,-10.,0.;                                      403P    528
126,1,1,1,0,1,0,0.,0.,1.,1.,1.,1.,1.,0.,0.,1.,1.,0.,0.,1.,0.,        405P    529
0.,1.;                                                               405P    530
110,-14.,-10.,0.,-14.,2.,0.;                                         407P    531
126,1,1,1,0,1,0,0.,0.,1.,1.,1.,1.,1.,1.,0.,0.,1.,0.,0.,1.,0.,        409P    532
0.,1.;                                                               409P    533
110,-14.,2.,0.,-14.,2.,18.;                                          411P    534
126,1,1,1,0,1,0,0.,0.,1.,1.,1.,1.,0.,1.,0.,0.,0.,0.,0.,1.,0.,        413P    535
0.,1.;                                                               413P    536
110,-14.,2.,18.,-14.,-10.,18.;                                       415P    537
102,4,401,405,409,413;                                               417P    538
102,4,403,407,411,415;                                               419P    539
142,1,399,417,419,1;                                                 421P    540
144,399,1,0,421;                                                     423P    541
128,1,1,1,1,0,0,1,0,0,0.,0.,1.,1.,0.,0.,1.,1.,1.,1.,1.,1.,14.,       425P    542
-10.,0.,14.,-10.,18.,14.,2.,0.,14.,2.,18.,0.,1.,0.,1.;               425P    543
126,1,1,1,0,1,0,0.,0.,1.,1.,1.,1.,0.,1.,0.,0.,0.,0.,0.,1.,0.,        427P    544
0.,1.;                                                               427P    545
110,14.,2.,0.,14.,-10.,0.;                                           429P    546
126,1,1,1,0,1,0,0.,0.,1.,1.,1.,1.,0.,0.,0.,1.,0.,0.,0.,1.,0.,        431P    547
0.,1.;                                                               431P    548
110,14.,-10.,0.,14.,-10.,18.;                                        433P    549
126,1,1,1,0,1,0,0.,0.,1.,1.,1.,1.,1.,0.,0.,1.,1.,0.,0.,1.,0.,        435P    550
0.,1.;                                                               435P    551
110,14.,-10.,18.,14.,2.,18.;                                         437P    552
126,1,1,1,0,1,0,0.,0.,1.,1.,1.,1.,1.,1.,0.,0.,1.,0.,0.,1.,0.,        439P    553
0.,1.;                                                               439P    554
110,14.,2.,18.,14.,2.,0.;                                            441P    555
102,4,427,431,435,439;                                               443P    556
102,4,429,433,437,441;                                               445P    557
142,1,425,443,445,1;                                                 447P    558
144,425,1,0,447;                                                     449P    559
128,1,1,1,1,0,0,1,0,0,0.,0.,1.,1.,0.,0.,1.,1.,1.,1.,1.,1.,11.,       451P    560
-10.,17.,11.,-10.,1.,11.,0.,17.,11.,0.,1.,0.,1.,0.,1.;               451P    561
126,1,1,1,0,1,0,0.,0.,1.,1.,1.,1.,1.,1.,0.,0.,1.,0.,0.,1.,0.,        453P    562
0.,1.;                                                               453P    563
110,11.,0.,1.,11.,0.,17.;                                            455P    564
126,1,1,1,0,1,0,0.,0.,1.,1.,1.,1.,0.,1.,0.,0.,0.,0.,0.,1.,0.,        457P    565
0.,1.;                                                               457P    566
110,11.,0.,17.,11.,-10.,17.;                                         459P    567
126,1,1,1,0,1,0,0.,0.,1.,1.,1.,1.,0.,0.,0.,0.75,0.,0.,0.,1.,0.,      461P    568
0.,1.;                                                               461P    569
110,11.,-10.,17.,11.,-10.,5.;                                        463P    570
126,1,1,1,0,1,0,0.,0.,1.,1.,1.,1.,0.75,0.,0.,0.75,0.119895788,       465P    571
0.,0.,1.,0.,0.,1.;                                                   465P    572
110,11.,-10.,5.,11.,-8.801042119,5.;                                 467P    573
126,1,1,1,0,1,0,0.,0.,1.,1.,1.,1.,0.75,0.119895788,0.,1.,            469P    574
0.119895788,0.,0.,1.,0.,0.,1.;                                       469P    575
110,11.,-8.801042119,5.,11.,-8.801042119,1.;                         471P    576
126,1,1,1,0,1,0,0.,0.,1.,1.,1.,1.,1.,0.119895788,0.,1.,1.,0.,        473P    577
0.,1.,0.,0.,1.;                                                      473P    578
110,11.,-8.801042119,1.,11.,0.,1.;                                   475P    579
102,6,453,457,461,465,469,473;                                       477P    580
102,6,455,459,463,467,471,475;                                       479P    581
142,1,451,477,479,1;                                                 481P    582
144,451,1,0,481;                                                     483P    583
128,1,1,1,1,0,0,1,0,0,0.,0.,1.,1.,0.,0.,1.,1.,1.,1.,1.,1.,-14.,      485P    584
2.,18.,-14.,2.,0.,-13.856406461,2.,18.,-13.856406461,2.,0.,0.,       485P    585
1.,0.,1.;                                                            485P    586
126,1,1,1,0,1,0,0.,0.,1.,1.,1.,1.,0.,0.,0.,1.,0.,0.,0.,1.,0.,        487P    587
0.,1.;                                                               487P    588
110,-14.,2.,18.,-14.,2.,0.;                                          489P    589
126,1,1,1,0,1,0,0.,0.,1.,1.,1.,1.,1.,0.,0.,1.,1.,0.,0.,1.,0.,        491P    590
0.,1.;                                                               491P    591
110,-14.,2.,0.,-13.856406461,2.,0.;                                  493P    592
126,1,1,1,0,1,0,0.,0.,1.,1.,1.,1.,1.,1.,0.,0.,1.,0.,0.,1.,0.,        495P    593
0.,1.;                                                               495P    594
110,-13.856406461,2.,0.,-13.856406461,2.,18.;                        497P    595
126,1,1,1,0,1,0,0.,0.,1.,1.,1.,1.,0.,1.,0.,0.,0.,0.,0.,1.,0.,        499P    596
0.,1.;                                                               499P    597
110,-13.856406461,2.,18.,-14.,2.,18.;                                501P    598
102,4,487,491,495,499;                                               503P    599
102,4,489,493,497,501;                                               505P    600
142,1,485,503,505,1;                                                 507P    601
144,485,1,0,507;                                                     509P    602
128,1,1,1,1,0,0,1,0,0,0.,0.,1.,1.,0.,0.,1.,1.,1.,1.,1.,1.,           511P    603
13.856406461,2.,18.,13.856406461,2.,0.,14.,2.,18.,14.,2.,0.,0.,      511P    604
1.,0.,1.;                                                            511P    605
126,1,1,1,0,1,0,0.,0.,1.,1.,1.,1.,1.,1.,0.,0.,1.,0.,0.,1.,0.,        513P    606
0.,1.;                                                               513P    607
110,14.,2.,0.,14.,2.,18.;                                            515P    608
126,1,1,1,0,1,0,0.,0.,1.,1.,1.,1.,0.,1.,0.,0.,0.,0.,0.,1.,0.,        517P    609
0.,1.;                                                               517P    610
110,14.,2.,18.,13.856406461,2.,18.;                                  519P    611
126,1,1,1,0,1,0,0.,0.,1.,1.,1.,1.,0.,0.,0.,1.,0.,0.,0.,1.,0.,        521P    612
0.,1.;                                                               521P    613
110,13.856406461,2.,18.,13.856406461,2.,0.;                          523P    614
126,1,1,1,0,1,0,0.,0.,1.,1.,1.,1.,1.,0.,0.,1.,1.,0.,0.,1.,0.,        525P    615
0.,1.;                                                               525P    616
110,13.856406461,2.,0.,14.,2.,0.;                                    527P    617
102,4,513,517,521,525;                                               529P    618
102,4,515,519,523,527;                                               531P    619
142,1,511,529,531,1;                                                 533P    620
144,511,1,0,533;                                                     535P    621
128,1,1,1,1,0,0,1,0,0,0.,0.,1.,1.,0.,0.,1.,1.,1.,1.,1.,1.,8.,        537P    622
-10.,18.,8.,-10.,17.,8.,0.,18.,8.,0.,17.,0.,1.,0.,1.;                537P    623
126,1,1,1,0,1,0,0.,0.,1.,1.,1.,1.,0.,0.,0.,1.,0.,0.,0.,1.,0.,        539P    624
0.,1.;                                                               539P    625
110,8.,-10.,18.,8.,-10.,17.;                                         541P    626
126,1,1,1,0,1,0,0.,0.,1.,1.,1.,1.,1.,0.,0.,1.,1.,0.,0.,1.,0.,        543P    627
0.,1.;                                                               543P    628
110,8.,-10.,17.,8.,0.,17.;                                           545P    629
126,1,1,1,0,1,0,0.,0.,1.,1.,1.,1.,1.,1.,0.,0.,1.,0.,0.,1.,0.,        547P    630
0.,1.;                                                               547P    631
110,8.,0.,17.,8.,0.,18.;                                             549P    632
126,1,1,1,0,1,0,0.,0.,1.,1.,1.,1.,0.,1.,0.,0.,0.,0.,0.,1.,0.,        551P    633
0.,1.;                                                               551P    634
110,8.,0.,18.,8.,-10.,18.;                                           553P    635
102,4,539,543,547,551;                                               555P    636
102,4,541,545,549,553;                                               557P    637
142,1,537,555,557,1;                                                 559P    638
144,537,1,0,559;                                                     561P    639
128,1,1,1,1,0,0,1,0,0,0.,0.,1.,1.,0.,0.,1.,1.,1.,1.,1.,1.,8.,        563P    640
-10.,18.,8.,-10.,0.,14.,-10.,18.,14.,-10.,0.,0.,1.,0.,1.;            563P    641
126,1,1,1,0,1,0,0.,0.,1.,1.,1.,1.,0.722222222,0.541666667,0.,        565P    642
1.,0.541666667,0.,0.,1.,0.,0.,1.;                                    565P    643
110,11.25,-10.,5.,11.25,-10.,0.;                                     567P    644
126,1,1,1,0,1,0,0.,0.,1.,1.,1.,1.,1.,0.541666667,0.,1.,1.,0.,        569P    645
0.,1.,0.,0.,1.;                                                      569P    646
110,11.25,-10.,0.,14.,-10.,0.;                                       571P    647
126,1,1,1,0,1,0,0.,0.,1.,1.,1.,1.,1.,1.,0.,0.,1.,0.,0.,1.,0.,        573P    648
0.,1.;                                                               573P    649
110,14.,-10.,0.,14.,-10.,18.;                                        575P    650
126,1,1,1,0,1,0,0.,0.,1.,1.,1.,1.,0.,1.,0.,0.,0.,0.,0.,1.,0.,        577P    651
0.,1.;                                                               577P    652
110,14.,-10.,18.,8.,-10.,18.;                                        579P    653
126,1,1,1,0,1,0,0.,0.,1.,1.,1.,1.,0.,0.,0.,0.055555556,0.,0.,        581P    654
0.,1.,0.,0.,1.;                                                      581P    655
110,8.,-10.,18.,8.,-10.,17.;                                         583P    656
126,1,1,1,0,1,0,0.,0.,1.,1.,1.,1.,0.055555556,0.,0.,                 585P    657
0.055555556,0.5,0.,0.,1.,0.,0.,1.;                                   585P    658
110,8.,-10.,17.,11.,-10.,17.;                                        587P    659
126,1,1,1,0,1,0,0.,0.,1.,1.,1.,1.,0.055555556,0.5,0.,                589P    660
0.722222222,0.5,0.,0.,1.,0.,0.,1.;                                   589P    661
110,11.,-10.,17.,11.,-10.,5.;                                        591P    662
126,1,1,1,0,1,0,0.,0.,1.,1.,1.,1.,0.722222222,0.5,0.,                593P    663
0.722222222,0.541666667,0.,0.,1.,0.,0.,1.;                           593P    664
110,11.,-10.,5.,11.25,-10.,5.;                                       595P    665
102,8,565,569,573,577,581,585,589,593;                               597P    666
102,8,567,571,575,579,583,587,591,595;                               599P    667
142,1,563,597,599,1;                                                 601P    668
144,563,1,0,601;                                                     603P    669
128,1,1,1,1,0,0,1,0,0,0.,0.,1.,1.,0.,0.,1.,1.,1.,1.,1.,1.,-2.5,      605P    670
-10.,0.,-2.5,-10.,-9.006380019,-2.5,-2.958,0.,-2.5,-2.958,           605P    671
-9.006380019,0.,1.,0.,1.;                                            605P    672
126,1,1,1,0,1,0,0.,0.,1.,1.,1.,1.,0.,0.,0.,1.,0.,0.,0.,1.,0.,        607P    673
0.,1.;                                                               607P    674
110,-2.5,-10.,0.,-2.5,-10.,-9.006380019;                             609P    675
126,1,1,1,0,1,0,0.,0.,1.,1.,1.,1.,1.,0.,0.,1.,0.852030673,0.,        611P    676
0.,1.,0.,0.,1.;                                                      611P    677
110,-2.5,-10.,-9.006380019,-2.5,-4.,-9.006380019;                    613P    678
126,1,1,1,0,1,0,0.,0.,1.,1.,1.,1.,1.,0.852030673,0.,                 615P    679
0.111032401,0.852030673,0.,0.,1.,0.,0.,1.;                           615P    680
110,-2.5,-4.,-9.006380019,-2.5,-4.,-1.;                              617P    681
126,16,2,1,0,1,0,0.,0.,0.,0.125,0.125,0.25,0.25,0.375,0.375,         619P    682
0.5,0.5,0.625,0.625,0.75,0.75,0.875,0.875,1.,1.,1.,1.,1.,1.,1.,      619P    683
1.,1.,1.,1.,1.,1.,1.,1.,1.,1.,1.,1.,1.,0.111032401,0.852030673,      619P    684
0.,0.100096664,0.852030673,0.,0.089371054,0.854759262,0.,            619P    685
0.078645444,0.85748785,0.,0.068542141,0.862840169,0.,                619P    686
0.058438837,0.868192487,0.,0.049346104,0.87596285,0.,                619P    687
0.040253371,0.883733212,0.,0.032520637,0.893623007,0.,               619P    688
0.024787904,0.903512803,0.,0.018712334,0.915141972,0.,               619P    689
0.012636764,0.926771141,0.,0.008451838,0.939692782,0.,               619P    690
0.004266913,0.952614422,0.,0.002133456,0.966331962,0.,0.,            619P    691
0.980049503,0.,0.,0.994035785,0.,0.,1.,0.,0.,1.;                     619P    692
124,8.58915688636046E-031,6.12323399573677E-017,-1.,-3.5,-1.,        621P    693
1.40271576953299E-014,0.,-5.49999999999996,                          621P    694
1.40271576953299E-014,1.,6.12323399573677E-017,                      621P    695
2.00000000000003;                                                    621P    696
100,-1.,-2.5,-3.,-1.5,-3.,-2.5,-2.;                                  623P    697
126,1,1,1,0,1,0,0.,0.,1.,1.,1.,1.,0.,0.994035785,0.,0.,0.,0.,        625P    698
0.,1.,0.,0.,1.;                                                      625P    699
110,-2.5,-3.,0.,-2.5,-10.,0.;                                        627P    700
102,5,607,611,615,619,625;                                           629P    701
102,5,609,613,617,623,627;                                           631P    702
142,1,605,629,631,1;                                                 633P    703
144,605,1,0,633;                                                     635P    704
110,0.,-10.,-9.006380019,0.,990.,-9.006380019;                       637P    705
110,0.,-10.,-6.506380019,0.,-4.,-6.506380019;                        639P    706
120,637,639,0.,6.28318530717959;                                     641P    707
126,1,1,1,0,1,0,0.,0.,1.,1.,1.,1.,0.,4.71238898,0.,1.,               643P    708
4.71238898,0.,0.,1.,0.,0.,1.;                                        643P    709
110,-2.5,-10.,-9.006380019,-2.5,-4.,-9.006380019;                    645P    710
126,1,1,1,0,1,0,0.,0.,1.,1.,1.,1.,1.,4.71238898,0.,1.,               647P    711
1.570796327,0.,0.,1.,0.,0.,1.;                                       647P    712
124,-1.,6.98296267768627E-015,0.,2.79318507107451E-014,              649P    713
-4.27583144589696E-031,-6.12323399573677E-017,-1.,                   649P    714
-13.0063800188005,-6.98296267768627E-015,-1.,                        649P    715
6.12323399573677E-017,-13.0063800188005;                             649P    716
100,-9.006380019,0.,-4.,2.5,-4.,-2.5,-4.;                            651P    717
126,1,1,1,0,1,0,0.,0.,1.,1.,1.,1.,1.,1.570796327,0.,0.,              653P    718
1.570796327,0.,0.,1.,0.,0.,1.;                                       653P    719
110,2.5,-4.,-9.006380019,2.5,-10.,-9.006380019;                      655P    720
126,1,1,1,0,1,0,0.,0.,1.,1.,1.,1.,0.,1.570796327,0.,0.,              657P    721
4.71238898,0.,0.,1.,0.,0.,1.;                                        657P    722
124,1.,0.,0.,0.,0.,6.12323399573677E-017,1.,-0.993619981199488,      659P    723
0.,-1.,6.12323399573677E-017,-19.0063800188005;                      659P    724
100,-9.006380019,0.,-10.,2.5,-10.,-2.5,-10.;                         661P    725
102,4,643,647,653,657;                                               663P    726
102,4,645,651,655,661;                                               665P    727
142,1,641,663,665,1;                                                 667P    728
144,641,1,0,667;                                                     669P    729
128,1,1,1,1,0,0,1,0,0,0.,0.,1.,1.,0.,0.,1.,1.,1.,1.,1.,1.,2.5,       671P    730
-10.,-9.006380019,2.5,-10.,0.,2.5,-2.958,-9.006380019,2.5,           671P    731
-2.958,0.,0.,1.,0.,1.;                                               671P    732
126,1,1,1,0,1,0,0.,0.,1.,1.,1.,1.,0.,0.,0.,1.,0.,0.,0.,1.,0.,        673P    733
0.,1.;                                                               673P    734
110,2.5,-10.,-9.006380019,2.5,-10.,0.;                               675P    735
126,1,1,1,0,1,0,0.,0.,1.,1.,1.,1.,1.,0.,0.,1.,0.994035785,0.,        677P    736
0.,1.,0.,0.,1.;                                                      677P    737
110,2.5,-10.,0.,2.5,-3.,0.;                                          679P    738
126,16,2,1,0,1,0,0.,0.,0.,0.125,0.125,0.25,0.25,0.375,0.375,         681P    739
0.5,0.5,0.625,0.625,0.75,0.75,0.875,0.875,1.,1.,1.,1.,1.,1.,1.,      681P    740
1.,1.,1.,1.,1.,1.,1.,1.,1.,1.,1.,1.,1.,1.,0.994035785,0.,1.,         681P    741
0.980049503,0.,0.997866544,0.966331962,0.,0.995733087,               681P    742
0.952614422,0.,0.991548162,0.939692782,0.,0.987363236,               681P    743
0.926771141,0.,0.981287666,0.915141972,0.,0.975212096,               681P    744
0.903512803,0.,0.967479363,0.893623007,0.,0.959746629,               681P    745
0.883733212,0.,0.950653896,0.87596285,0.,0.941561163,                681P    746
0.868192487,0.,0.931457859,0.862840169,0.,0.921354556,               681P    747
0.85748785,0.,0.910628946,0.854759262,0.,0.899903336,                681P    748
0.852030673,0.,0.888967599,0.852030673,0.,0.,1.,0.,0.,1.;            681P    749
124,-6.12323399573677E-017,4.27583144589696E-031,1.,3.5,             683P    750
-6.98296267768627E-015,-1.,0.,-5.99999999999998,1.,                  683P    751
-6.98296267768627E-015,6.12323399573677E-017,-3.50000000000002;      683P    752
100,-1.,2.5,-3.,3.5,-3.,2.5,-2.;                                     685P    753
126,1,1,1,0,1,0,0.,0.,1.,1.,1.,1.,0.888967599,0.852030673,0.,        687P    754
0.,0.852030673,0.,0.,1.,0.,0.,1.;                                    687P    755
110,2.5,-4.,-1.,2.5,-4.,-9.006380019;                                689P    756
126,1,1,1,0,1,0,0.,0.,1.,1.,1.,1.,0.,0.852030673,0.,0.,0.,0.,        691P    757
0.,1.,0.,0.,1.;                                                      691P    758
110,2.5,-4.,-9.006380019,2.5,-10.,-9.006380019;                      693P    759
102,5,673,677,681,687,691;                                           695P    760
102,5,675,679,685,689,693;                                           697P    761
142,1,671,695,697,1;                                                 699P    762
144,671,1,0,699;                                                     701P    763
128,1,1,1,1,0,0,1,0,0,0.,0.,1.,1.,0.,0.,1.,1.,1.,1.,1.,1.,-11.,      703P    764
-10.,1.,-11.,-10.,17.,-11.,0.,1.,-11.,0.,17.,0.,1.,0.,1.;            703P    765
126,1,1,1,0,1,0,0.,0.,1.,1.,1.,1.,0.,1.,0.,0.,0.,0.,0.,1.,0.,        705P    766
0.,1.;                                                               705P    767
110,-11.,0.,1.,-11.,-10.,1.;                                         707P    768
126,1,1,1,0,1,0,0.,0.,1.,1.,1.,1.,0.,0.,0.,1.,0.,0.,0.,1.,0.,        709P    769
0.,1.;                                                               709P    770
110,-11.,-10.,1.,-11.,-10.,17.;                                      711P    771
126,1,1,1,0,1,0,0.,0.,1.,1.,1.,1.,1.,0.,0.,1.,1.,0.,0.,1.,0.,        713P    772
0.,1.;                                                               713P    773
110,-11.,-10.,17.,-11.,0.,17.;                                       715P    774
126,1,1,1,0,1,0,0.,0.,1.,1.,1.,1.,1.,1.,0.,0.,1.,0.,0.,1.,0.,        717P    775
0.,1.;                                                               717P    776
110,-11.,0.,17.,-11.,0.,1.;                                          719P    777
102,4,705,709,713,717;                                               721P    778
102,4,707,711,715,719;                                               723P    779
142,1,703,721,723,1;                                                 725P    780
144,703,1,0,725;                                                     727P    781
128,1,1,1,1,0,0,1,0,0,0.,0.,1.,1.,0.,0.,1.,1.,1.,1.,1.,1.,-8.,       729P    782
-10.,17.,-8.,-10.,18.,-8.,0.,17.,-8.,0.,18.,0.,1.,0.,1.;             729P    783
126,1,1,1,0,1,0,0.,0.,1.,1.,1.,1.,0.,1.,0.,0.,0.,0.,0.,1.,0.,        731P    784
0.,1.;                                                               731P    785
110,-8.,0.,17.,-8.,-10.,17.;                                         733P    786
126,1,1,1,0,1,0,0.,0.,1.,1.,1.,1.,0.,0.,0.,1.,0.,0.,0.,1.,0.,        735P    787
0.,1.;                                                               735P    788
110,-8.,-10.,17.,-8.,-10.,18.;                                       737P    789
126,1,1,1,0,1,0,0.,0.,1.,1.,1.,1.,1.,0.,0.,1.,1.,0.,0.,1.,0.,        739P    790
0.,1.;                                                               739P    791
110,-8.,-10.,18.,-8.,0.,18.;                                         741P    792
126,1,1,1,0,1,0,0.,0.,1.,1.,1.,1.,1.,1.,0.,0.,1.,0.,0.,1.,0.,        743P    793
0.,1.;                                                               743P    794
110,-8.,0.,18.,-8.,0.,17.;                                           745P    795
102,4,731,735,739,743;                                               747P    796
102,4,733,737,741,745;                                               749P    797
142,1,729,747,749,1;                                                 751P    798
144,729,1,0,751;                                                     753P    799
110,0.,-10.,-5.596055902,0.,990.,-5.596055902;                       755P    800
110,0.,-10.,-3.896055902,0.,-4.,-3.896055902;                        757P    801
120,755,757,0.,6.28318530717959;                                     759P    802
126,1,1,1,0,1,0,0.,0.,1.,1.,1.,1.,1.,3.141592654,0.,1.,0.,0.,        761P    803
0.,1.,0.,0.,1.;                                                      761P    804
124,1.40271576953299E-014,1.,0.,4.,-6.12323399573677E-017,           763P    805
8.58915688636046E-031,-1.,-9.59605590180468,-1.,                     763P    806
1.40271576953299E-014,6.12323399573677E-017,-5.59605590180462;       763P    807
100,-5.596055902,0.,-4.,1.7,-4.,-1.7,-4.;                            765P    808
126,1,1,1,0,1,0,0.,0.,1.,1.,1.,1.,1.,0.,0.,0.,0.,0.,0.,1.,0.,        767P    809
0.,1.;                                                               767P    810
110,0.,-4.,-3.896055902,0.,-10.,-3.896055902;                        769P    811
126,1,1,1,0,1,0,0.,0.,1.,1.,1.,1.,0.,0.,0.,0.,3.141592654,0.,        771P    812
0.,1.,0.,0.,1.;                                                      771P    813
124,1.40271576953299E-014,1.,0.,10.,-6.12323399573677E-017,          773P    814
8.58915688636046E-031,1.,-4.40394409819532,1.,                       773P    815
-1.40271576953299E-014,6.12323399573677E-017,-5.59605590180481;      773P    816
100,-5.596055902,0.,-10.,1.7,-10.,-1.7,-10.;                         775P    817
126,1,1,1,0,1,0,0.,0.,1.,1.,1.,1.,0.,3.141592654,0.,1.,              777P    818
3.141592654,0.,0.,1.,0.,0.,1.;                                       777P    819
110,0.,-10.,-7.296055902,0.,-4.,-7.296055902;                        779P    820
102,4,761,767,771,777;                                               781P    821
102,4,765,769,775,779;                                               783P    822
142,1,759,781,783,1;                                                 785P    823
144,759,1,0,785;                                                     787P    824
128,1,1,1,1,0,0,1,0,0,0.,0.,1.,1.,0.,0.,1.,1.,1.,1.,1.,1.,-2.5,      789P    825
-4.,-1.,-2.5,-4.,-11.569418299,2.5,-4.,-1.,2.5,-4.,                  789P    826
-11.569418299,0.,1.,0.,1.;                                           789P    827
126,32,2,1,0,1,0,0.,0.,0.,0.0625,0.0625,0.125,0.125,0.1875,          791P    828
0.1875,0.25,0.25,0.3125,0.3125,0.375,0.375,0.4375,0.4375,0.5,        791P    829
0.5,0.5625,0.5625,0.625,0.625,0.6875,0.6875,0.75,0.75,0.8125,        791P    830
0.8125,0.875,0.875,0.9375,0.9375,1.,1.,1.,1.,1.,1.,1.,1.,1.,1.,      791P    831
1.,1.,1.,1.,1.,1.,1.,1.,1.,1.,1.,1.,1.,1.,1.,1.,1.,1.,1.,1.,1.,      791P    832
1.,1.,1.,1.,1.,0.75750432,0.,0.,0.780800636,0.,0.,0.80364932,        791P    833
0.00960736,0.,0.826498003,0.01921472,0.,0.848020993,                 791P    834
0.038060234,0.,0.869543982,0.056905748,0.,0.888914161,               791P    835
0.084265194,0.,0.90828434,0.11162464,0.,0.924757323,                 791P    836
0.146446609,0.,0.941230306,0.181268579,0.,0.954173046,               791P    837
0.222214883,0.,0.967115785,0.263161188,0.,0.9760309,                 791P    838
0.308658284,0.,0.984946014,0.35415538,0.,0.9894909,0.402454839,      791P    839
0.,0.994035785,0.450754298,0.,0.994035785,0.5,0.,0.994035785,        791P    840
0.549245702,0.,0.9894909,0.597545161,0.,0.984946014,0.64584462,      791P    841
0.,0.9760309,0.691341716,0.,0.967115785,0.736838812,0.,              791P    842
0.954173046,0.777785117,0.,0.941230306,0.818731421,0.,               791P    843
0.924757323,0.853553391,0.,0.90828434,0.88837536,0.,                 791P    844
0.888914161,0.915734806,0.,0.869543982,0.943094252,0.,               791P    845
0.848020993,0.961939766,0.,0.826498003,0.98078528,0.,                791P    846
0.80364932,0.99039264,0.,0.780800636,1.,0.,0.75750432,1.,0.,0.,      791P    847
1.,0.,0.,-1.;                                                        791P    848
124,-1.,6.98296267768627E-015,0.,2.79318507107451E-014,              793P    849
-4.27583144589696E-031,-6.12323399573677E-017,-1.,                   793P    850
-13.0063800188005,-6.98296267768627E-015,-1.,                        793P    851
6.12323399573677E-017,-13.0063800188005;                             793P    852
100,-9.006380019,0.,-4.,2.5,-4.,-2.5,-4.;                            795P    853
126,1,1,1,0,1,0,0.,0.,1.,1.,1.,1.,0.75750432,1.,0.,0.,1.,0.,0.,      797P    854
1.,0.,0.,1.;                                                         797P    855
110,2.5,-4.,-9.006380019,2.5,-4.,-1.;                                799P    856
126,1,1,1,0,1,0,0.,0.,1.,1.,1.,1.,0.,1.,0.,0.,0.,0.,0.,1.,0.,        801P    857
0.,1.;                                                               801P    858
110,2.5,-4.,-1.,-2.5,-4.,-1.;                                        803P    859
126,1,1,1,0,1,0,0.,0.,1.,1.,1.,1.,0.,0.,0.,0.75750432,0.,0.,0.,      805P    860
1.,0.,0.,1.;                                                         805P    861
110,-2.5,-4.,-1.,-2.5,-4.,-9.006380019;                              807P    862
102,4,791,797,801,805;                                               809P    863
102,4,795,799,803,807;                                               811P    864
142,1,789,809,811,1;                                                 813P    865
126,32,2,1,0,1,0,0.,0.,0.,0.0625,0.0625,0.125,0.125,0.1875,          815P    866
0.1875,0.25,0.25,0.3125,0.3125,0.375,0.375,0.4375,0.4375,0.5,        815P    867
0.5,0.5625,0.5625,0.625,0.625,0.6875,0.6875,0.75,0.75,0.8125,        815P    868
0.8125,0.875,0.875,0.9375,0.9375,1.,1.,1.,1.,1.,1.,1.,1.,1.,1.,      815P    869
1.,1.,1.,1.,1.,1.,1.,1.,1.,1.,1.,1.,1.,1.,1.,1.,1.,1.,1.,1.,1.,      815P    870
1.,1.,1.,1.,1.,0.274003339,0.5,0.,0.274003339,0.533487077,0.,        815P    871
0.277093861,0.566330709,0.,0.280184383,0.599174342,0.,               815P    872
0.286246661,0.630112367,0.,0.292308939,0.661050392,0.,               815P    873
0.301110002,0.688893879,0.,0.309911065,0.716737366,0.,               815P    874
0.321112693,0.740416306,0.,0.332314321,0.764095245,0.,               815P    875
0.345486043,0.782699668,0.,0.358657765,0.801304091,0.,               815P    876
0.373293398,0.814119041,0.,0.38792903,0.826933991,0.,                815P    877
0.403466135,0.833466995,0.,0.41900324,0.84,0.,0.434844735,0.84,      815P    878
0.,0.45068623,0.84,0.,0.466223335,0.833466995,0.,0.48176044,         815P    879
0.826933991,0.,0.496396073,0.814119041,0.,0.511031706,               815P    880
0.801304091,0.,0.524203427,0.782699668,0.,0.537375149,               815P    881
0.764095245,0.,0.548576777,0.740416306,0.,0.559778406,               815P    882
0.716737366,0.,0.568579469,0.688893879,0.,0.577380532,               815P    883
0.661050392,0.,0.583442809,0.630112367,0.,0.589505087,               815P    884
0.599174342,0.,0.592595609,0.566330709,0.,0.595686132,               815P    885
0.533487077,0.,0.595686132,0.5,0.,0.,1.,0.,0.,1.;                    815P    886
124,1.40271576953299E-014,1.,0.,4.,-6.12323399573677E-017,           817P    887
8.58915688636046E-031,1.,1.59605590180468,1.,                        817P    888
-1.40271576953299E-014,6.12323399573677E-017,-5.59605590180473;      817P    889
100,-5.596055902,0.,-4.,1.7,-4.,-1.7,-4.;                            819P    890
126,32,2,1,0,1,0,0.,0.,0.,0.0625,0.0625,0.125,0.125,0.1875,          821P    891
0.1875,0.25,0.25,0.3125,0.3125,0.375,0.375,0.4375,0.4375,0.5,        821P    892
0.5,0.5625,0.5625,0.625,0.625,0.6875,0.6875,0.75,0.75,0.8125,        821P    893
0.8125,0.875,0.875,0.9375,0.9375,1.,1.,1.,1.,1.,1.,1.,1.,1.,1.,      821P    894
1.,1.,1.,1.,1.,1.,1.,1.,1.,1.,1.,1.,1.,1.,1.,1.,1.,1.,1.,1.,1.,      821P    895
1.,1.,1.,1.,1.,0.595686132,0.5,0.,0.595686132,0.466512923,0.,        821P    896
0.592595609,0.433669291,0.,0.589505087,0.400825658,0.,               821P    897
0.583442809,0.369887633,0.,0.577380532,0.338949608,0.,               821P    898
0.568579469,0.311106121,0.,0.559778406,0.283262634,0.,               821P    899
0.548576777,0.259583694,0.,0.537375149,0.235904755,0.,               821P    900
0.524203427,0.217300332,0.,0.511031706,0.198695909,0.,               821P    901
0.496396073,0.185880959,0.,0.48176044,0.173066009,0.,                821P    902
0.466223335,0.166533005,0.,0.45068623,0.16,0.,0.434844735,0.16,      821P    903
0.,0.41900324,0.16,0.,0.403466135,0.166533005,0.,0.38792903,         821P    904
0.173066009,0.,0.373293398,0.185880959,0.,0.358657765,               821P    905
0.198695909,0.,0.345486043,0.217300332,0.,0.332314321,               821P    906
0.235904755,0.,0.321112693,0.259583694,0.,0.309911065,               821P    907
0.283262634,0.,0.301110002,0.311106121,0.,0.292308939,               821P    908
0.338949608,0.,0.286246661,0.369887633,0.,0.280184383,               821P    909
0.400825658,0.,0.277093861,0.433669291,0.,0.274003339,               821P    910
0.466512923,0.,0.274003339,0.5,0.,0.,1.,0.,0.,1.;                    821P    911
124,6.12323399573677E-017,-1.,0.,-4.,6.12323399573677E-017,          823P    912
3.74939945665464E-033,1.,1.59605590180468,-1.,                       823P    913
-6.12323399573677E-017,6.12323399573677E-017,-5.59605590180468;      823P    914
100,-5.596055902,0.,-4.,1.7,-4.,-1.7,-4.;                            825P    915
102,2,815,821;                                                       827P    916
102,2,819,825;                                                       829P    917
142,1,789,827,829,1;                                                 831P    918
144,789,1,1,813,831;                                                 833P    919
110,0.,-3.,-1.,1000.,-3.,-1.;                                        835P    920
110,-2.5,-3.,-2.,2.5,-3.,-2.;                                        837P    921
120,835,837,0.,6.28318530717959;                                     839P    922
126,1,1,1,0,1,0,0.,0.,1.,1.,1.,1.,1.,3.141592654,0.,0.,              841P    923
3.141592654,0.,0.,1.,0.,0.,1.;                                       841P    924
110,2.5,-3.,0.,-2.5,-3.,0.;                                          843P    925
126,1,1,1,0,1,0,0.,0.,1.,1.,1.,1.,0.,3.141592654,0.,0.,              845P    926
4.71238898,0.,0.,1.,0.,0.,1.;                                        845P    927
124,-6.12323399573677E-017,4.27583144589696E-031,1.,-1.5,            847P    928
-6.98296267768627E-015,-1.,0.,-6.00000000000002,1.,                  847P    929
-6.98296267768627E-015,6.12323399573677E-017,1.49999999999998;       847P    930
100,-1.,-2.5,-3.,-1.5,-3.,-2.5,-2.;                                  849P    931
126,1,1,1,0,1,0,0.,0.,1.,1.,1.,1.,0.,4.71238898,0.,1.,               851P    932
4.71238898,0.,0.,1.,0.,0.,1.;                                        851P    933
110,-2.5,-4.,-1.,2.5,-4.,-1.;                                        853P    934
126,1,1,1,0,1,0,0.,0.,1.,1.,1.,1.,1.,4.71238898,0.,1.,               855P    935
3.141592654,0.,0.,1.,0.,0.,1.;                                       855P    936
124,8.58915688636046E-031,6.12323399573677E-017,-1.,1.5,-1.,         857P    937
1.40271576953299E-014,0.,-0.499999999999957,                         857P    938
1.40271576953299E-014,1.,6.12323399573677E-017,                      857P    939
1.99999999999997;                                                    857P    940
100,-1.,2.5,-3.,3.5,-3.,2.5,-2.;                                     859P    941
102,4,841,845,851,855;                                               861P    942
102,4,843,849,853,859;                                               863P    943
142,1,839,861,863,1;                                                 865P    944
144,839,1,0,865;                                                     867P    945
110,8.25,-10.,5.,8.25,-10.,-995.;                                    869P    946
110,5.25,-10.,5.,5.25,-10.,0.;                                       871P    947
120,869,871,0.,6.28318530717959;                                     873P    948
126,1,1,1,0,1,0,0.,0.,1.,1.,1.,1.,0.8,2.730454791,0.,0.,             875P    949
2.730454791,0.,0.,1.,0.,0.,1.;                                       875P    950
110,11.,-8.801042119,1.,11.,-8.801042119,5.;                         877P    951
126,1,1,1,0,1,0,0.,0.,1.,1.,1.,1.,0.,2.730454791,0.,0.,              879P    952
3.141592654,0.,0.,1.,0.,0.,1.;                                       879P    953
124,0.916666666666666,0.399652626942728,5.78241158658936E-016,       881P    954
4.68402626942728,0.399652626942728,-0.916666666666666,               881P    955
-6.98296267768627E-015,-22.4638008389441,                            881P    956
-2.26070498254298E-015,6.63214471927686E-015,-1.,                    881P    957
10.0000000000001;                                                    881P    958
100,5.,8.25,-10.,11.25,-10.,11.,-8.801042119;                        883P    959
126,1,1,1,0,1,0,0.,0.,1.,1.,1.,1.,0.,3.141592654,0.,1.,              885P    960
3.141592654,0.,0.,1.,0.,0.,1.;                                       885P    961
110,11.25,-10.,5.,11.25,-10.,0.;                                     887P    962
126,1,1,1,0,1,0,0.,0.,1.,1.,1.,1.,1.,3.141592654,0.,1.,0.,0.,        889P    963
0.,1.,0.,0.,1.;                                                      889P    964
100,0.,8.25,-10.,11.25,-10.,5.25,-10.;                               891P    965
126,1,1,1,0,1,0,0.,0.,1.,1.,1.,1.,1.,0.,0.,0.8,0.,0.,0.,1.,0.,       893P    966
0.,1.;                                                               893P    967
110,5.25,-10.,0.,5.25,-10.,1.;                                       895P    968
126,1,1,1,0,1,0,0.,0.,1.,1.,1.,1.,0.8,0.,0.,0.8,2.730454791,0.,      897P    969
0.,1.,0.,0.,1.;                                                      897P    970
124,-1.,1.41553435639707E-014,2.79075937798034E-015,                 899P    971
16.5000000000001,1.41553435639707E-014,1.,                           899P    972
-6.4010491212124E-015,-1.11473491576556E-013,                        899P    973
-2.79075937798043E-015,-6.40104912121237E-015,-1.,                   899P    974
1.99999999999996;                                                    899P    975
100,1.,8.25,-10.,11.25,-10.,5.5,-8.801042119;                        901P    976
102,6,875,879,885,889,893,897;                                       903P    977
102,6,877,883,887,891,895,901;                                       905P    978
142,1,873,903,905,1;                                                 907P    979
144,873,1,0,907;                                                     909P    980
128,1,1,1,1,0,0,1,0,0,0.,0.,1.,1.,0.,0.,1.,1.,1.,1.,1.,1.,           911P    981
11.2515,-10.,5.,11.,-10.,5.,11.2515,-8.793848372,5.,11.,             911P    982
-8.793848372,5.,0.,1.,0.,1.;                                         911P    983
126,1,1,1,0,1,0,0.,0.,1.,1.,1.,1.,1.,0.,0.,1.,0.994035785,0.,        913P    984
0.,1.,0.,0.,1.;                                                      913P    985
110,11.,-10.,5.,11.,-8.801042119,5.;                                 915P    986
126,4,2,1,0,1,0,0.,0.,0.,0.5,0.5,1.,1.,1.,1.,1.,1.,1.,1.,1.,         917P    987
0.994035785,0.,0.50827013,0.75886063,0.,0.257117172,                 917P    988
0.507707672,0.,0.005964215,0.256554715,0.,0.005964215,0.,0.,0.,      917P    989
1.,0.,0.,-1.;                                                        917P    990
124,0.916666666666666,0.399652626942728,5.78241158658936E-016,       919P    991
4.68402626942728,0.399652626942728,-0.916666666666666,               919P    992
-6.98296267768627E-015,-22.4638008389441,                            919P    993
-2.26070498254298E-015,6.63214471927686E-015,-1.,                    919P    994
10.0000000000001;                                                    919P    995
100,5.,8.25,-10.,11.25,-10.,11.,-8.801042119;                        921P    996
126,1,1,1,0,1,0,0.,0.,1.,1.,1.,1.,0.005964215,0.,0.,1.,0.,0.,        923P    997
0.,1.,0.,0.,1.;                                                      923P    998
110,11.25,-10.,5.,11.,-10.,5.;                                       925P    999
102,3,913,917,923;                                                   927P   1000
102,3,915,921,925;                                                   929P   1001
142,1,911,927,929,1;                                                 931P   1002
144,911,1,0,931;                                                     933P   1003
S      1G      4D    934P   1003                                        T      1
