SolidWorks IGES file using analytic representation for surfaces         S      1
1H,,1H;,4HRoof,50HZ:\Dropbox\Floatsat\Mechanical_Models\Igs\Roof.IGS,   G      1
15HSolidWorks 2016,15HSolidWorks 2016,32,308,15,308,15,4HRoof,1.,2,2HMM,G      2
50,0.125,13H171214.013400,1E-008,499990.,13HMarcoSanroman,,11,0,13H17121G      3
4.013400;                                                               G      4
     314       1       0       0       0                        00000200D      1
     314       0       8       1       0                               0D      2
     110       2       0       0       0                        01010000D      3
     110       0       0       1       0                               0D      4
     110       3       0       0       0                        01010000D      5
     110       0       0       1       0                               0D      6
     120       4       0       0       0                        01010000D      7
     120       0       0       1       0                               0D      8
     126       5       0       0       0                        01010500D      9
     126       0       0       2       0                               0D     10
     110       7       0       0       0                        01010000D     11
     110       0       0       1       0                               0D     12
     126       8       0       0       0                        01010500D     13
     126       0       0       2       0                               0D     14
     100      10       0       0       0                        01010000D     15
     100       0       0       1       0                               0D     16
     126      11       0       0       0                        01010500D     17
     126       0       0       2       0                               0D     18
     110      13       0       0       0                        01010000D     19
     110       0       0       1       0                               0D     20
     126      14       0       0       0                        01010500D     21
     126       0       0       2       0                               0D     22
     124      16       0       0       0                        00000000D     23
     124       0       0       4       0                               0D     24
     100      20       0       0       0              23        01010000D     25
     100       0       0       1       0                               0D     26
     102      21       0       0       0                        01010500D     27
     102       0       0       1       0                               0D     28
     102      22       0       0       0                        01010000D     29
     102       0       0       1       0                               0D     30
     142      23       0       0       0                        00010500D     31
     142       0       0       1       0                               0D     32
     144      24       0       0       0                        00000000D     33
     144       0      -1       1       0                               0D     34
     110      25       0       0       0                        01010000D     35
     110       0       0       1       0                               0D     36
     110      26       0       0       0                        01010000D     37
     110       0       0       1       0                               0D     38
     120      27       0       0       0                        01010000D     39
     120       0       0       1       0                               0D     40
     126      28       0       0       0                        01010500D     41
     126       0       0       2       0                               0D     42
     110      30       0       0       0                        01010000D     43
     110       0       0       1       0                               0D     44
     126      31       0       0       0                        01010500D     45
     126       0       0       2       0                               0D     46
     100      33       0       0       0                        01010000D     47
     100       0       0       1       0                               0D     48
     126      34       0       0       0                        01010500D     49
     126       0       0       2       0                               0D     50
     110      36       0       0       0                        01010000D     51
     110       0       0       1       0                               0D     52
     126      37       0       0       0                        01010500D     53
     126       0       0       2       0                               0D     54
     124      39       0       0       0                        00000000D     55
     124       0       0       4       0                               0D     56
     100      43       0       0       0              55        01010000D     57
     100       0       0       1       0                               0D     58
     102      44       0       0       0                        01010500D     59
     102       0       0       1       0                               0D     60
     102      45       0       0       0                        01010000D     61
     102       0       0       1       0                               0D     62
     142      46       0       0       0                        00010500D     63
     142       0       0       1       0                               0D     64
     144      47       0       0       0                        00000000D     65
     144       0      -1       1       0                               0D     66
     110      48       0       0       0                        01010000D     67
     110       0       0       2       0                               0D     68
     110      50       0       0       0                        01010000D     69
     110       0       0       2       0                               0D     70
     120      52       0       0       0                        01010000D     71
     120       0       0       1       0                               0D     72
     126      53       0       0       0                        01010500D     73
     126       0       0       2       0                               0D     74
     110      55       0       0       0                        01010000D     75
     110       0       0       2       0                               0D     76
     126      57       0       0       0                        01010500D     77
     126       0       0       2       0                               0D     78
     100      59       0       0       0                        01010000D     79
     100       0       0       2       0                               0D     80
     126      61       0       0       0                        01010500D     81
     126       0       0       2       0                               0D     82
     110      63       0       0       0                        01010000D     83
     110       0       0       2       0                               0D     84
     126      65       0       0       0                        01010500D     85
     126       0       0       2       0                               0D     86
     124      67       0       0       0                        00000000D     87
     124       0       0       4       0                               0D     88
     100      71       0       0       0              87        01010000D     89
     100       0       0       2       0                               0D     90
     102      73       0       0       0                        01010500D     91
     102       0       0       1       0                               0D     92
     102      74       0       0       0                        01010000D     93
     102       0       0       1       0                               0D     94
     142      75       0       0       0                        00010500D     95
     142       0       0       1       0                               0D     96
     144      76       0       0       0                        00000000D     97
     144       0      -1       1       0                               0D     98
     110      77       0       0       0                        01010000D     99
     110       0       0       2       0                               0D    100
     110      79       0       0       0                        01010000D    101
     110       0       0       2       0                               0D    102
     120      81       0       0       0                        01010000D    103
     120       0       0       1       0                               0D    104
     126      82       0       0       0                        01010500D    105
     126       0       0       2       0                               0D    106
     110      84       0       0       0                        01010000D    107
     110       0       0       2       0                               0D    108
     126      86       0       0       0                        01010500D    109
     126       0       0       2       0                               0D    110
     100      88       0       0       0                        01010000D    111
     100       0       0       2       0                               0D    112
     126      90       0       0       0                        01010500D    113
     126       0       0       2       0                               0D    114
     110      92       0       0       0                        01010000D    115
     110       0       0       2       0                               0D    116
     126      94       0       0       0                        01010500D    117
     126       0       0       2       0                               0D    118
     124      96       0       0       0                        00000000D    119
     124       0       0       4       0                               0D    120
     100     100       0       0       0             119        01010000D    121
     100       0       0       2       0                               0D    122
     102     102       0       0       0                        01010500D    123
     102       0       0       1       0                               0D    124
     102     103       0       0       0                        01010000D    125
     102       0       0       1       0                               0D    126
     142     104       0       0       0                        00010500D    127
     142       0       0       1       0                               0D    128
     144     105       0       0       0                        00000000D    129
     144       0      -1       1       0                               0D    130
     110     106       0       0       0                        01010000D    131
     110       0       0       1       0                               0D    132
     110     107       0       0       0                        01010000D    133
     110       0       0       1       0                               0D    134
     120     108       0       0       0                        01010000D    135
     120       0       0       1       0                               0D    136
     126     109       0       0       0                        01010500D    137
     126       0       0       2       0                               0D    138
     110     111       0       0       0                        01010000D    139
     110       0       0       1       0                               0D    140
     126     112       0       0       0                        01010500D    141
     126       0       0       2       0                               0D    142
     124     114       0       0       0                        00000000D    143
     124       0       0       4       0                               0D    144
     100     118       0       0       0             143        01010000D    145
     100       0       0       1       0                               0D    146
     126     119       0       0       0                        01010500D    147
     126       0       0       2       0                               0D    148
     110     121       0       0       0                        01010000D    149
     110       0       0       1       0                               0D    150
     126     122       0       0       0                        01010500D    151
     126       0       0       2       0                               0D    152
     100     124       0       0       0                        01010000D    153
     100       0       0       1       0                               0D    154
     102     125       0       0       0                        01010500D    155
     102       0       0       1       0                               0D    156
     102     126       0       0       0                        01010000D    157
     102       0       0       1       0                               0D    158
     142     127       0       0       0                        00010500D    159
     142       0       0       1       0                               0D    160
     144     128       0       0       0                        00000000D    161
     144       0      -1       1       0                               0D    162
     110     129       0       0       0                        01010000D    163
     110       0       0       1       0                               0D    164
     110     130       0       0       0                        01010000D    165
     110       0       0       1       0                               0D    166
     120     131       0       0       0                        01010000D    167
     120       0       0       1       0                               0D    168
     126     132       0       0       0                        01010500D    169
     126       0       0       2       0                               0D    170
     110     134       0       0       0                        01010000D    171
     110       0       0       1       0                               0D    172
     126     135       0       0       0                        01010500D    173
     126       0       0       2       0                               0D    174
     124     137       0       0       0                        00000000D    175
     124       0       0       4       0                               0D    176
     100     141       0       0       0             175        01010000D    177
     100       0       0       1       0                               0D    178
     126     142       0       0       0                        01010500D    179
     126       0       0       2       0                               0D    180
     110     144       0       0       0                        01010000D    181
     110       0       0       1       0                               0D    182
     126     145       0       0       0                        01010500D    183
     126       0       0       2       0                               0D    184
     100     147       0       0       0                        01010000D    185
     100       0       0       1       0                               0D    186
     102     148       0       0       0                        01010500D    187
     102       0       0       1       0                               0D    188
     102     149       0       0       0                        01010000D    189
     102       0       0       1       0                               0D    190
     142     150       0       0       0                        00010500D    191
     142       0       0       1       0                               0D    192
     144     151       0       0       0                        00000000D    193
     144       0      -1       1       0                               0D    194
     110     152       0       0       0                        01010000D    195
     110       0       0       1       0                               0D    196
     110     153       0       0       0                        01010000D    197
     110       0       0       1       0                               0D    198
     120     154       0       0       0                        01010000D    199
     120       0       0       1       0                               0D    200
     126     155       0       0       0                        01010500D    201
     126       0       0       2       0                               0D    202
     110     157       0       0       0                        01010000D    203
     110       0       0       1       0                               0D    204
     126     158       0       0       0                        01010500D    205
     126       0       0       2       0                               0D    206
     124     160       0       0       0                        00000000D    207
     124       0       0       4       0                               0D    208
     100     164       0       0       0             207        01010000D    209
     100       0       0       1       0                               0D    210
     126     165       0       0       0                        01010500D    211
     126       0       0       2       0                               0D    212
     110     167       0       0       0                        01010000D    213
     110       0       0       1       0                               0D    214
     126     168       0       0       0                        01010500D    215
     126       0       0       2       0                               0D    216
     100     170       0       0       0                        01010000D    217
     100       0       0       1       0                               0D    218
     102     171       0       0       0                        01010500D    219
     102       0       0       1       0                               0D    220
     102     172       0       0       0                        01010000D    221
     102       0       0       1       0                               0D    222
     142     173       0       0       0                        00010500D    223
     142       0       0       1       0                               0D    224
     144     174       0       0       0                        00000000D    225
     144       0      -1       1       0                               0D    226
     128     175       0       0       0                        01010000D    227
     128       0       0       3       0                               0D    228
     126     178       0       0       0                        01010500D    229
     126       0       0       2       0                               0D    230
     110     180       0       0       0                        01010000D    231
     110       0       0       1       0                               0D    232
     126     181       0       0       0                        01010500D    233
     126       0       0       2       0                               0D    234
     110     183       0       0       0                        01010000D    235
     110       0       0       1       0                               0D    236
     126     184       0       0       0                        01010500D    237
     126       0       0       2       0                               0D    238
     110     186       0       0       0                        01010000D    239
     110       0       0       1       0                               0D    240
     126     187       0       0       0                        01010500D    241
     126       0       0       2       0                               0D    242
     110     189       0       0       0                        01010000D    243
     110       0       0       1       0                               0D    244
     102     190       0       0       0                        01010500D    245
     102       0       0       1       0                               0D    246
     102     191       0       0       0                        01010000D    247
     102       0       0       1       0                               0D    248
     142     192       0       0       0                        00010500D    249
     142       0       0       1       0                               0D    250
     144     193       0       0       0                        00000000D    251
     144       0      -1       1       0                               0D    252
     128     194       0       0       0                        01010000D    253
     128       0       0       3       0                               0D    254
     126     197       0       0       0                        01010500D    255
     126       0       0       2       0                               0D    256
     110     199       0       0       0                        01010000D    257
     110       0       0       1       0                               0D    258
     126     200       0       0       0                        01010500D    259
     126       0       0       2       0                               0D    260
     110     202       0       0       0                        01010000D    261
     110       0       0       1       0                               0D    262
     126     203       0       0       0                        01010500D    263
     126       0       0       2       0                               0D    264
     110     205       0       0       0                        01010000D    265
     110       0       0       1       0                               0D    266
     126     206       0       0       0                        01010500D    267
     126       0       0       2       0                               0D    268
     110     208       0       0       0                        01010000D    269
     110       0       0       1       0                               0D    270
     102     209       0       0       0                        01010500D    271
     102       0       0       1       0                               0D    272
     102     210       0       0       0                        01010000D    273
     102       0       0       1       0                               0D    274
     142     211       0       0       0                        00010500D    275
     142       0       0       1       0                               0D    276
     144     212       0       0       0                        00000000D    277
     144       0      -1       1       0                               0D    278
     128     213       0       0       0                        01010000D    279
     128       0       0       4       0                               0D    280
     126     217       0       0       0                        01010500D    281
     126       0       0       2       0                               0D    282
     110     219       0       0       0                        01010000D    283
     110       0       0       1       0                               0D    284
     126     220       0       0       0                        01010500D    285
     126       0       0       2       0                               0D    286
     110     222       0       0       0                        01010000D    287
     110       0       0       1       0                               0D    288
     126     223       0       0       0                        01010500D    289
     126       0       0       2       0                               0D    290
     110     225       0       0       0                        01010000D    291
     110       0       0       2       0                               0D    292
     126     227       0       0       0                        01010500D    293
     126       0       0       2       0                               0D    294
     110     229       0       0       0                        01010000D    295
     110       0       0       1       0                               0D    296
     102     230       0       0       0                        01010500D    297
     102       0       0       1       0                               0D    298
     102     231       0       0       0                        01010000D    299
     102       0       0       1       0                               0D    300
     142     232       0       0       0                        00010500D    301
     142       0       0       1       0                               0D    302
     144     233       0       0       0                        00000000D    303
     144       0      -1       1       0                               0D    304
     128     234       0       0       0                        01010000D    305
     128       0       0       9       0                               0D    306
     126     243       0       0       0                        01010500D    307
     126       0       0       2       0                               0D    308
     110     245       0       0       0                        01010000D    309
     110       0       0       2       0                               0D    310
     126     247       0       0       0                        01010500D    311
     126       0       0       2       0                               0D    312
     126     249       0       0       0                        01010000D    313
     126       0       0       6       0                               0D    314
     126     255       0       0       0                        01010500D    315
     126       0       0       2       0                               0D    316
     110     257       0       0       0                        01010000D    317
     110       0       0       1       0                               0D    318
     126     258       0       0       0                        01010500D    319
     126       0       0       2       0                               0D    320
     126     260       0       0       0                        01010000D    321
     126       0       0       6       0                               0D    322
     102     266       0       0       0                        01010500D    323
     102       0       0       1       0                               0D    324
     102     267       0       0       0                        01010000D    325
     102       0       0       1       0                               0D    326
     142     268       0       0       0                        00010500D    327
     142       0       0       1       0                               0D    328
     144     269       0       0       0                        00000000D    329
     144       0      -1       1       0                               0D    330
     128     270       0       0       0                        01010000D    331
     128       0       0       4       0                               0D    332
     126     274       0       0       0                        01010500D    333
     126       0       0       2       0                               0D    334
     110     276       0       0       0                        01010000D    335
     110       0       0       1       0                               0D    336
     126     277       0       0       0                        01010500D    337
     126       0       0       2       0                               0D    338
     110     279       0       0       0                        01010000D    339
     110       0       0       1       0                               0D    340
     126     280       0       0       0                        01010500D    341
     126       0       0       2       0                               0D    342
     110     282       0       0       0                        01010000D    343
     110       0       0       2       0                               0D    344
     126     284       0       0       0                        01010500D    345
     126       0       0       2       0                               0D    346
     110     286       0       0       0                        01010000D    347
     110       0       0       1       0                               0D    348
     102     287       0       0       0                        01010500D    349
     102       0       0       1       0                               0D    350
     102     288       0       0       0                        01010000D    351
     102       0       0       1       0                               0D    352
     142     289       0       0       0                        00010500D    353
     142       0       0       1       0                               0D    354
     144     290       0       0       0                        00000000D    355
     144       0      -1       1       0                               0D    356
     128     291       0       0       0                        01010000D    357
     128       0       0       9       0                               0D    358
     126     300       0       0       0                        01010500D    359
     126       0       0       2       0                               0D    360
     110     302       0       0       0                        01010000D    361
     110       0       0       2       0                               0D    362
     126     304       0       0       0                        01010500D    363
     126       0       0       2       0                               0D    364
     126     306       0       0       0                        01010000D    365
     126       0       0       6       0                               0D    366
     126     312       0       0       0                        01010500D    367
     126       0       0       2       0                               0D    368
     110     314       0       0       0                        01010000D    369
     110       0       0       2       0                               0D    370
     126     316       0       0       0                        01010500D    371
     126       0       0       2       0                               0D    372
     126     318       0       0       0                        01010000D    373
     126       0       0       6       0                               0D    374
     102     324       0       0       0                        01010500D    375
     102       0       0       1       0                               0D    376
     102     325       0       0       0                        01010000D    377
     102       0       0       1       0                               0D    378
     142     326       0       0       0                        00010500D    379
     142       0       0       1       0                               0D    380
     144     327       0       0       0                        00000000D    381
     144       0      -1       1       0                               0D    382
     128     328       0       0       0                        01010000D    383
     128       0       0       4       0                               0D    384
     126     332       0       0       0                        01010500D    385
     126       0       0       2       0                               0D    386
     110     334       0       0       0                        01010000D    387
     110       0       0       2       0                               0D    388
     126     336       0       0       0                        01010500D    389
     126       0       0       2       0                               0D    390
     110     338       0       0       0                        01010000D    391
     110       0       0       2       0                               0D    392
     126     340       0       0       0                        01010500D    393
     126       0       0       2       0                               0D    394
     110     342       0       0       0                        01010000D    395
     110       0       0       2       0                               0D    396
     126     344       0       0       0                        01010500D    397
     126       0       0       2       0                               0D    398
     110     346       0       0       0                        01010000D    399
     110       0       0       2       0                               0D    400
     102     348       0       0       0                        01010500D    401
     102       0       0       1       0                               0D    402
     102     349       0       0       0                        01010000D    403
     102       0       0       1       0                               0D    404
     142     350       0       0       0                        00010500D    405
     142       0       0       1       0                               0D    406
     144     351       0       0       0                        00000000D    407
     144       0      -1       1       0                               0D    408
     128     352       0       0       0                        01010000D    409
     128       0       0       3       0                               0D    410
     126     355       0       0       0                        01010500D    411
     126       0       0       2       0                               0D    412
     110     357       0       0       0                        01010000D    413
     110       0       0       2       0                               0D    414
     126     359       0       0       0                        01010500D    415
     126       0       0       2       0                               0D    416
     110     361       0       0       0                        01010000D    417
     110       0       0       1       0                               0D    418
     126     362       0       0       0                        01010500D    419
     126       0       0       2       0                               0D    420
     110     364       0       0       0                        01010000D    421
     110       0       0       1       0                               0D    422
     126     365       0       0       0                        01010500D    423
     126       0       0       2       0                               0D    424
     110     367       0       0       0                        01010000D    425
     110       0       0       1       0                               0D    426
     102     368       0       0       0                        01010500D    427
     102       0       0       1       0                               0D    428
     102     369       0       0       0                        01010000D    429
     102       0       0       1       0                               0D    430
     142     370       0       0       0                        00010500D    431
     142       0       0       1       0                               0D    432
     144     371       0       0       0                        00000000D    433
     144       0      -1       1       0                               0D    434
     128     372       0       0       0                        01010000D    435
     128       0       0       4       0                               0D    436
     126     376       0       0       0                        01010500D    437
     126       0       0       2       0                               0D    438
     110     378       0       0       0                        01010000D    439
     110       0       0       1       0                               0D    440
     126     379       0       0       0                        01010500D    441
     126       0       0       2       0                               0D    442
     110     381       0       0       0                        01010000D    443
     110       0       0       1       0                               0D    444
     126     382       0       0       0                        01010500D    445
     126       0       0       2       0                               0D    446
     110     384       0       0       0                        01010000D    447
     110       0       0       2       0                               0D    448
     126     386       0       0       0                        01010500D    449
     126       0       0       2       0                               0D    450
     110     388       0       0       0                        01010000D    451
     110       0       0       1       0                               0D    452
     102     389       0       0       0                        01010500D    453
     102       0       0       1       0                               0D    454
     102     390       0       0       0                        01010000D    455
     102       0       0       1       0                               0D    456
     142     391       0       0       0                        00010500D    457
     142       0       0       1       0                               0D    458
     144     392       0       0       0                        00000000D    459
     144       0      -1       1       0                               0D    460
     128     393       0       0       0                        01010000D    461
     128       0       0       9       0                               0D    462
     126     402       0       0       0                        01010500D    463
     126       0       0       2       0                               0D    464
     110     404       0       0       0                        01010000D    465
     110       0       0       2       0                               0D    466
     126     406       0       0       0                        01010500D    467
     126       0       0       2       0                               0D    468
     126     408       0       0       0                        01010000D    469
     126       0       0       6       0                               0D    470
     126     414       0       0       0                        01010500D    471
     126       0       0       2       0                               0D    472
     110     416       0       0       0                        01010000D    473
     110       0       0       2       0                               0D    474
     126     418       0       0       0                        01010500D    475
     126       0       0       2       0                               0D    476
     126     420       0       0       0                        01010000D    477
     126       0       0       6       0                               0D    478
     102     426       0       0       0                        01010500D    479
     102       0       0       1       0                               0D    480
     102     427       0       0       0                        01010000D    481
     102       0       0       1       0                               0D    482
     142     428       0       0       0                        00010500D    483
     142       0       0       1       0                               0D    484
     144     429       0       0       0                        00000000D    485
     144       0      -1       1       0                               0D    486
     128     430       0       0       0                        01010000D    487
     128       0       0       4       0                               0D    488
     126     434       0       0       0                        01010500D    489
     126       0       0       2       0                               0D    490
     110     436       0       0       0                        01010000D    491
     110       0       0       2       0                               0D    492
     126     438       0       0       0                        01010500D    493
     126       0       0       2       0                               0D    494
     110     440       0       0       0                        01010000D    495
     110       0       0       1       0                               0D    496
     126     441       0       0       0                        01010500D    497
     126       0       0       2       0                               0D    498
     110     443       0       0       0                        01010000D    499
     110       0       0       1       0                               0D    500
     126     444       0       0       0                        01010500D    501
     126       0       0       2       0                               0D    502
     110     446       0       0       0                        01010000D    503
     110       0       0       1       0                               0D    504
     102     447       0       0       0                        01010500D    505
     102       0       0       1       0                               0D    506
     102     448       0       0       0                        01010000D    507
     102       0       0       1       0                               0D    508
     142     449       0       0       0                        00010500D    509
     142       0       0       1       0                               0D    510
     144     450       0       0       0                        00000000D    511
     144       0      -1       1       0                               0D    512
     128     451       0       0       0                        01010000D    513
     128       0       0       9       0                               0D    514
     126     460       0       0       0                        01010500D    515
     126       0       0       2       0                               0D    516
     110     462       0       0       0                        01010000D    517
     110       0       0       1       0                               0D    518
     126     463       0       0       0                        01010500D    519
     126       0       0       2       0                               0D    520
     126     465       0       0       0                        01010000D    521
     126       0       0       6       0                               0D    522
     126     471       0       0       0                        01010500D    523
     126       0       0       2       0                               0D    524
     110     473       0       0       0                        01010000D    525
     110       0       0       1       0                               0D    526
     126     474       0       0       0                        01010500D    527
     126       0       0       2       0                               0D    528
     126     476       0       0       0                        01010000D    529
     126       0       0       6       0                               0D    530
     102     482       0       0       0                        01010500D    531
     102       0       0       1       0                               0D    532
     102     483       0       0       0                        01010000D    533
     102       0       0       1       0                               0D    534
     142     484       0       0       0                        00010500D    535
     142       0       0       1       0                               0D    536
     144     485       0       0       0                        00000000D    537
     144       0      -1       1       0                               0D    538
     128     486       0       0       0                        01010000D    539
     128       0       0       3       0                               0D    540
     126     489       0       0       0                        01010500D    541
     126       0       0       2       0                               0D    542
     110     491       0       0       0                        01010000D    543
     110       0       0       1       0                               0D    544
     126     492       0       0       0                        01010500D    545
     126       0       0       2       0                               0D    546
     110     494       0       0       0                        01010000D    547
     110       0       0       1       0                               0D    548
     126     495       0       0       0                        01010500D    549
     126       0       0       2       0                               0D    550
     110     497       0       0       0                        01010000D    551
     110       0       0       1       0                               0D    552
     126     498       0       0       0                        01010500D    553
     126       0       0       6       0                               0D    554
     126     504       0       0       0                        01010000D    555
     126       0       0       6       0                               0D    556
     126     510       0       0       0                        01010500D    557
     126       0       0       2       0                               0D    558
     110     512       0       0       0                        01010000D    559
     110       0       0       1       0                               0D    560
     126     513       0       0       0                        01010500D    561
     126       0       0       6       0                               0D    562
     126     519       0       0       0                        01010000D    563
     126       0       0       6       0                               0D    564
     126     525       0       0       0                        01010500D    565
     126       0       0       2       0                               0D    566
     110     527       0       0       0                        01010000D    567
     110       0       0       2       0                               0D    568
     126     529       0       0       0                        01010500D    569
     126       0       0       2       0                               0D    570
     110     531       0       0       0                        01010000D    571
     110       0       0       1       0                               0D    572
     126     532       0       0       0                        01010500D    573
     126       0       0       2       0                               0D    574
     110     534       0       0       0                        01010000D    575
     110       0       0       1       0                               0D    576
     126     535       0       0       0                        01010500D    577
     126       0       0       6       0                               0D    578
     126     541       0       0       0                        01010000D    579
     126       0       0       6       0                               0D    580
     126     547       0       0       0                        01010500D    581
     126       0       0       2       0                               0D    582
     110     549       0       0       0                        01010000D    583
     110       0       0       1       0                               0D    584
     126     550       0       0       0                        01010500D    585
     126       0       0       6       0                               0D    586
     126     556       0       0       0                        01010000D    587
     126       0       0       6       0                               0D    588
     102     562       0       0       0                        01010500D    589
     102       0       0       1       0                               0D    590
     102     563       0       0       0                        01010000D    591
     102       0       0       1       0                               0D    592
     142     564       0       0       0                        00010500D    593
     142       0       0       1       0                               0D    594
     126     565       0       0       0                        01010500D    595
     126       0       0      12       0                               0D    596
     124     577       0       0       0                        00000000D    597
     124       0       0       4       0                               0D    598
     100     581       0       0       0             597        01010000D    599
     100       0       0       2       0                               0D    600
     126     583       0       0       0                        01010500D    601
     126       0       0       2       0                               0D    602
     110     585       0       0       0                        01010000D    603
     110       0       0       1       0                               0D    604
     126     586       0       0       0                        01010500D    605
     126       0       0      12       0                               0D    606
     124     598       0       0       0                        00000000D    607
     124       0       0       4       0                               0D    608
     100     602       0       0       0             607        01010000D    609
     100       0       0       2       0                               0D    610
     126     604       0       0       0                        01010500D    611
     126       0       0       2       0                               0D    612
     110     606       0       0       0                        01010000D    613
     110       0       0       1       0                               0D    614
     102     607       0       0       0                        01010500D    615
     102       0       0       1       0                               0D    616
     102     608       0       0       0                        01010000D    617
     102       0       0       1       0                               0D    618
     142     609       0       0       0                        00010500D    619
     142       0       0       1       0                               0D    620
     126     610       0       0       0                        01010500D    621
     126       0       0      12       0                               0D    622
     124     622       0       0       0                        00000000D    623
     124       0       0       4       0                               0D    624
     100     626       0       0       0             623        01010000D    625
     100       0       0       1       0                               0D    626
     126     627       0       0       0                        01010500D    627
     126       0       0      12       0                               0D    628
     124     639       0       0       0                        00000000D    629
     124       0       0       4       0                               0D    630
     100     643       0       0       0             629        01010000D    631
     100       0       0       1       0                               0D    632
     102     644       0       0       0                        01010500D    633
     102       0       0       1       0                               0D    634
     102     645       0       0       0                        01010000D    635
     102       0       0       1       0                               0D    636
     142     646       0       0       0                        00010500D    637
     142       0       0       1       0                               0D    638
     126     647       0       0       0                        01010500D    639
     126       0       0      12       0                               0D    640
     124     659       0       0       0                        00000000D    641
     124       0       0       4       0                               0D    642
     100     663       0       0       0             641        01010000D    643
     100       0       0       1       0                               0D    644
     126     664       0       0       0                        01010500D    645
     126       0       0      12       0                               0D    646
     124     676       0       0       0                        00000000D    647
     124       0       0       4       0                               0D    648
     100     680       0       0       0             647        01010000D    649
     100       0       0       1       0                               0D    650
     102     681       0       0       0                        01010500D    651
     102       0       0       1       0                               0D    652
     102     682       0       0       0                        01010000D    653
     102       0       0       1       0                               0D    654
     142     683       0       0       0                        00010500D    655
     142       0       0       1       0                               0D    656
     126     684       0       0       0                        01010500D    657
     126       0       0      11       0                               0D    658
     124     695       0       0       0                        00000000D    659
     124       0       0       4       0                               0D    660
     100     699       0       0       0             659        01010000D    661
     100       0       0       2       0                               0D    662
     126     701       0       0       0                        01010500D    663
     126       0       0      12       0                               0D    664
     124     713       0       0       0                        00000000D    665
     124       0       0       4       0                               0D    666
     100     717       0       0       0             665        01010000D    667
     100       0       0       2       0                               0D    668
     102     719       0       0       0                        01010500D    669
     102       0       0       1       0                               0D    670
     102     720       0       0       0                        01010000D    671
     102       0       0       1       0                               0D    672
     142     721       0       0       0                        00010500D    673
     142       0       0       1       0                               0D    674
     126     722       0       0       0                        01010500D    675
     126       0       0      11       0                               0D    676
     124     733       0       0       0                        00000000D    677
     124       0       0       4       0                               0D    678
     100     737       0       0       0             677        01010000D    679
     100       0       0       2       0                               0D    680
     126     739       0       0       0                        01010500D    681
     126       0       0      11       0                               0D    682
     124     750       0       0       0                        00000000D    683
     124       0       0       4       0                               0D    684
     100     754       0       0       0             683        01010000D    685
     100       0       0       2       0                               0D    686
     102     756       0       0       0                        01010500D    687
     102       0       0       1       0                               0D    688
     102     757       0       0       0                        01010000D    689
     102       0       0       1       0                               0D    690
     142     758       0       0       0                        00010500D    691
     142       0       0       1       0                               0D    692
     126     759       0       0       0                        01010500D    693
     126       0       0      12       0                               0D    694
     124     771       0       0       0                        00000000D    695
     124       0       0       4       0                               0D    696
     100     775       0       0       0             695        01010000D    697
     100       0       0       1       0                               0D    698
     126     776       0       0       0                        01010500D    699
     126       0       0      12       0                               0D    700
     124     788       0       0       0                        00000000D    701
     124       0       0       4       0                               0D    702
     100     792       0       0       0             701        01010000D    703
     100       0       0       1       0                               0D    704
     102     793       0       0       0                        01010500D    705
     102       0       0       1       0                               0D    706
     102     794       0       0       0                        01010000D    707
     102       0       0       1       0                               0D    708
     142     795       0       0       0                        00010500D    709
     142       0       0       1       0                               0D    710
     126     796       0       0       0                        01010500D    711
     126       0       0      11       0                               0D    712
     124     807       0       0       0                        00000000D    713
     124       0       0       4       0                               0D    714
     100     811       0       0       0             713        01010000D    715
     100       0       0       1       0                               0D    716
     126     812       0       0       0                        01010500D    717
     126       0       0      12       0                               0D    718
     124     824       0       0       0                        00000000D    719
     124       0       0       4       0                               0D    720
     100     828       0       0       0             719        01010000D    721
     100       0       0       1       0                               0D    722
     102     829       0       0       0                        01010500D    723
     102       0       0       1       0                               0D    724
     102     830       0       0       0                        01010000D    725
     102       0       0       1       0                               0D    726
     142     831       0       0       0                        00010500D    727
     142       0       0       1       0                               0D    728
     126     832       0       0       0                        01010500D    729
     126       0       0      22       0                               0D    730
     124     854       0       0       0                        00000000D    731
     124       0       0       3       0                               0D    732
     100     857       0       0       0             731        01010000D    733
     100       0       0       1       0                               0D    734
     126     858       0       0       0                        01010500D    735
     126       0       0      22       0                               0D    736
     124     880       0       0       0                        00000000D    737
     124       0       0       4       0                               0D    738
     100     884       0       0       0             737        01010000D    739
     100       0       0       1       0                               0D    740
     102     885       0       0       0                        01010500D    741
     102       0       0       1       0                               0D    742
     102     886       0       0       0                        01010000D    743
     102       0       0       1       0                               0D    744
     142     887       0       0       0                        00010500D    745
     142       0       0       1       0                               0D    746
     144     888       0       0       0                        00000000D    747
     144       0      -1       1       0                               0D    748
     128     889       0       0       0                        01010000D    749
     128       0       0       3       0                               0D    750
     126     892       0       0       0                        01010500D    751
     126       0       0       2       0                               0D    752
     110     894       0       0       0                        01010000D    753
     110       0       0       1       0                               0D    754
     126     895       0       0       0                        01010500D    755
     126       0       0       2       0                               0D    756
     110     897       0       0       0                        01010000D    757
     110       0       0       1       0                               0D    758
     126     898       0       0       0                        01010500D    759
     126       0       0       6       0                               0D    760
     126     904       0       0       0                        01010000D    761
     126       0       0       6       0                               0D    762
     126     910       0       0       0                        01010500D    763
     126       0       0       2       0                               0D    764
     110     912       0       0       0                        01010000D    765
     110       0       0       1       0                               0D    766
     126     913       0       0       0                        01010500D    767
     126       0       0       6       0                               0D    768
     126     919       0       0       0                        01010000D    769
     126       0       0       6       0                               0D    770
     126     925       0       0       0                        01010500D    771
     126       0       0       2       0                               0D    772
     110     927       0       0       0                        01010000D    773
     110       0       0       2       0                               0D    774
     126     929       0       0       0                        01010500D    775
     126       0       0       2       0                               0D    776
     110     931       0       0       0                        01010000D    777
     110       0       0       1       0                               0D    778
     126     932       0       0       0                        01010500D    779
     126       0       0       2       0                               0D    780
     110     934       0       0       0                        01010000D    781
     110       0       0       1       0                               0D    782
     126     935       0       0       0                        01010500D    783
     126       0       0       6       0                               0D    784
     126     941       0       0       0                        01010000D    785
     126       0       0       6       0                               0D    786
     126     947       0       0       0                        01010500D    787
     126       0       0       2       0                               0D    788
     110     949       0       0       0                        01010000D    789
     110       0       0       1       0                               0D    790
     126     950       0       0       0                        01010500D    791
     126       0       0       6       0                               0D    792
     126     956       0       0       0                        01010000D    793
     126       0       0       6       0                               0D    794
     126     962       0       0       0                        01010500D    795
     126       0       0       2       0                               0D    796
     110     964       0       0       0                        01010000D    797
     110       0       0       1       0                               0D    798
     102     965       0       0       0                        01010500D    799
     102       0       0       1       0                               0D    800
     102     966       0       0       0                        01010000D    801
     102       0       0       1       0                               0D    802
     142     967       0       0       0                        00010500D    803
     142       0       0       1       0                               0D    804
     126     968       0       0       0                        01010500D    805
     126       0       0      12       0                               0D    806
     124     980       0       0       0                        00000000D    807
     124       0       0       4       0                               0D    808
     100     984       0       0       0             807        01010000D    809
     100       0       0       2       0                               0D    810
     126     986       0       0       0                        01010500D    811
     126       0       0       2       0                               0D    812
     110     988       0       0       0                        01010000D    813
     110       0       0       1       0                               0D    814
     126     989       0       0       0                        01010500D    815
     126       0       0      12       0                               0D    816
     124    1001       0       0       0                        00000000D    817
     124       0       0       5       0                               0D    818
     100    1006       0       0       0             817        01010000D    819
     100       0       0       2       0                               0D    820
     126    1008       0       0       0                        01010500D    821
     126       0       0       2       0                               0D    822
     110    1010       0       0       0                        01010000D    823
     110       0       0       1       0                               0D    824
     102    1011       0       0       0                        01010500D    825
     102       0       0       1       0                               0D    826
     102    1012       0       0       0                        01010000D    827
     102       0       0       1       0                               0D    828
     142    1013       0       0       0                        00010500D    829
     142       0       0       1       0                               0D    830
     126    1014       0       0       0                        01010500D    831
     126       0       0      12       0                               0D    832
     124    1026       0       0       0                        00000000D    833
     124       0       0       4       0                               0D    834
     100    1030       0       0       0             833        01010000D    835
     100       0       0       1       0                               0D    836
     126    1031       0       0       0                        01010500D    837
     126       0       0      12       0                               0D    838
     124    1043       0       0       0                        00000000D    839
     124       0       0       4       0                               0D    840
     100    1047       0       0       0             839        01010000D    841
     100       0       0       1       0                               0D    842
     102    1048       0       0       0                        01010500D    843
     102       0       0       1       0                               0D    844
     102    1049       0       0       0                        01010000D    845
     102       0       0       1       0                               0D    846
     142    1050       0       0       0                        00010500D    847
     142       0       0       1       0                               0D    848
     126    1051       0       0       0                        01010500D    849
     126       0       0      12       0                               0D    850
     124    1063       0       0       0                        00000000D    851
     124       0       0       4       0                               0D    852
     100    1067       0       0       0             851        01010000D    853
     100       0       0       1       0                               0D    854
     126    1068       0       0       0                        01010500D    855
     126       0       0      12       0                               0D    856
     124    1080       0       0       0                        00000000D    857
     124       0       0       4       0                               0D    858
     100    1084       0       0       0             857        01010000D    859
     100       0       0       1       0                               0D    860
     102    1085       0       0       0                        01010500D    861
     102       0       0       1       0                               0D    862
     102    1086       0       0       0                        01010000D    863
     102       0       0       1       0                               0D    864
     142    1087       0       0       0                        00010500D    865
     142       0       0       1       0                               0D    866
     126    1088       0       0       0                        01010500D    867
     126       0       0      12       0                               0D    868
     124    1100       0       0       0                        00000000D    869
     124       0       0       4       0                               0D    870
     100    1104       0       0       0             869        01010000D    871
     100       0       0       2       0                               0D    872
     126    1106       0       0       0                        01010500D    873
     126       0       0      11       0                               0D    874
     124    1117       0       0       0                        00000000D    875
     124       0       0       4       0                               0D    876
     100    1121       0       0       0             875        01010000D    877
     100       0       0       2       0                               0D    878
     102    1123       0       0       0                        01010500D    879
     102       0       0       1       0                               0D    880
     102    1124       0       0       0                        01010000D    881
     102       0       0       1       0                               0D    882
     142    1125       0       0       0                        00010500D    883
     142       0       0       1       0                               0D    884
     126    1126       0       0       0                        01010500D    885
     126       0       0      11       0                               0D    886
     124    1137       0       0       0                        00000000D    887
     124       0       0       4       0                               0D    888
     100    1141       0       0       0             887        01010000D    889
     100       0       0       2       0                               0D    890
     126    1143       0       0       0                        01010500D    891
     126       0       0      11       0                               0D    892
     124    1154       0       0       0                        00000000D    893
     124       0       0       4       0                               0D    894
     100    1158       0       0       0             893        01010000D    895
     100       0       0       2       0                               0D    896
     102    1160       0       0       0                        01010500D    897
     102       0       0       1       0                               0D    898
     102    1161       0       0       0                        01010000D    899
     102       0       0       1       0                               0D    900
     142    1162       0       0       0                        00010500D    901
     142       0       0       1       0                               0D    902
     126    1163       0       0       0                        01010500D    903
     126       0       0      12       0                               0D    904
     124    1175       0       0       0                        00000000D    905
     124       0       0       4       0                               0D    906
     100    1179       0       0       0             905        01010000D    907
     100       0       0       1       0                               0D    908
     126    1180       0       0       0                        01010500D    909
     126       0       0      12       0                               0D    910
     124    1192       0       0       0                        00000000D    911
     124       0       0       4       0                               0D    912
     100    1196       0       0       0             911        01010000D    913
     100       0       0       1       0                               0D    914
     102    1197       0       0       0                        01010500D    915
     102       0       0       1       0                               0D    916
     102    1198       0       0       0                        01010000D    917
     102       0       0       1       0                               0D    918
     142    1199       0       0       0                        00010500D    919
     142       0       0       1       0                               0D    920
     126    1200       0       0       0                        01010500D    921
     126       0       0      12       0                               0D    922
     124    1212       0       0       0                        00000000D    923
     124       0       0       4       0                               0D    924
     100    1216       0       0       0             923        01010000D    925
     100       0       0       1       0                               0D    926
     126    1217       0       0       0                        01010500D    927
     126       0       0      11       0                               0D    928
     124    1228       0       0       0                        00000000D    929
     124       0       0       4       0                               0D    930
     100    1232       0       0       0             929        01010000D    931
     100       0       0       1       0                               0D    932
     102    1233       0       0       0                        01010500D    933
     102       0       0       1       0                               0D    934
     102    1234       0       0       0                        01010000D    935
     102       0       0       1       0                               0D    936
     142    1235       0       0       0                        00010500D    937
     142       0       0       1       0                               0D    938
     126    1236       0       0       0                        01010500D    939
     126       0       0      22       0                               0D    940
     124    1258       0       0       0                        00000000D    941
     124       0       0       3       0                               0D    942
     100    1261       0       0       0             941        01010000D    943
     100       0       0       1       0                               0D    944
     126    1262       0       0       0                        01010500D    945
     126       0       0      22       0                               0D    946
     124    1284       0       0       0                        00000000D    947
     124       0       0       3       0                               0D    948
     100    1287       0       0       0             947        01010000D    949
     100       0       0       1       0                               0D    950
     102    1288       0       0       0                        01010500D    951
     102       0       0       1       0                               0D    952
     102    1289       0       0       0                        01010000D    953
     102       0       0       1       0                               0D    954
     142    1290       0       0       0                        00010500D    955
     142       0       0       1       0                               0D    956
     144    1291       0       0       0                        00000000D    957
     144       0      -1       1       0                               0D    958
     110    1292       0       0       0                        01010000D    959
     110       0       0       1       0                               0D    960
     110    1293       0       0       0                        01010000D    961
     110       0       0       1       0                               0D    962
     120    1294       0       0       0                        01010000D    963
     120       0       0       1       0                               0D    964
     126    1295       0       0       0                        01010500D    965
     126       0       0       2       0                               0D    966
     124    1297       0       0       0                        00000000D    967
     124       0       0       3       0                               0D    968
     100    1300       0       0       0             967        01010000D    969
     100       0       0       1       0                               0D    970
     126    1301       0       0       0                        01010500D    971
     126       0       0       2       0                               0D    972
     110    1303       0       0       0                        01010000D    973
     110       0       0       1       0                               0D    974
     126    1304       0       0       0                        01010500D    975
     126       0       0       2       0                               0D    976
     100    1306       0       0       0                        01010000D    977
     100       0       0       1       0                               0D    978
     126    1307       0       0       0                        01010500D    979
     126       0       0       2       0                               0D    980
     110    1309       0       0       0                        01010000D    981
     110       0       0       1       0                               0D    982
     102    1310       0       0       0                        01010500D    983
     102       0       0       1       0                               0D    984
     102    1311       0       0       0                        01010000D    985
     102       0       0       1       0                               0D    986
     142    1312       0       0       0                        00010500D    987
     142       0       0       1       0                               0D    988
     144    1313       0       0       0                        00000000D    989
     144       0      -1       1       0                               0D    990
     110    1314       0       0       0                        01010000D    991
     110       0       0       1       0                               0D    992
     110    1315       0       0       0                        01010000D    993
     110       0       0       1       0                               0D    994
     120    1316       0       0       0                        01010000D    995
     120       0       0       1       0                               0D    996
     126    1317       0       0       0                        01010500D    997
     126       0       0       2       0                               0D    998
     124    1319       0       0       0                        00000000D    999
     124       0       0       4       0                               0D   1000
     100    1323       0       0       0             999        01010000D   1001
     100       0       0       1       0                               0D   1002
     126    1324       0       0       0                        01010500D   1003
     126       0       0       2       0                               0D   1004
     110    1326       0       0       0                        01010000D   1005
     110       0       0       1       0                               0D   1006
     126    1327       0       0       0                        01010500D   1007
     126       0       0       2       0                               0D   1008
     100    1329       0       0       0                        01010000D   1009
     100       0       0       1       0                               0D   1010
     126    1330       0       0       0                        01010500D   1011
     126       0       0       2       0                               0D   1012
     110    1332       0       0       0                        01010000D   1013
     110       0       0       1       0                               0D   1014
     102    1333       0       0       0                        01010500D   1015
     102       0       0       1       0                               0D   1016
     102    1334       0       0       0                        01010000D   1017
     102       0       0       1       0                               0D   1018
     142    1335       0       0       0                        00010500D   1019
     142       0       0       1       0                               0D   1020
     144    1336       0       0       0                        00000000D   1021
     144       0      -1       1       0                               0D   1022
     110    1337       0       0       0                        01010000D   1023
     110       0       0       1       0                               0D   1024
     110    1338       0       0       0                        01010000D   1025
     110       0       0       1       0                               0D   1026
     120    1339       0       0       0                        01010000D   1027
     120       0       0       1       0                               0D   1028
     126    1340       0       0       0                        01010500D   1029
     126       0       0       2       0                               0D   1030
     124    1342       0       0       0                        00000000D   1031
     124       0       0       4       0                               0D   1032
     100    1346       0       0       0            1031        01010000D   1033
     100       0       0       1       0                               0D   1034
     126    1347       0       0       0                        01010500D   1035
     126       0       0       2       0                               0D   1036
     110    1349       0       0       0                        01010000D   1037
     110       0       0       1       0                               0D   1038
     126    1350       0       0       0                        01010500D   1039
     126       0       0       2       0                               0D   1040
     100    1352       0       0       0                        01010000D   1041
     100       0       0       1       0                               0D   1042
     126    1353       0       0       0                        01010500D   1043
     126       0       0       2       0                               0D   1044
     110    1355       0       0       0                        01010000D   1045
     110       0       0       1       0                               0D   1046
     102    1356       0       0       0                        01010500D   1047
     102       0       0       1       0                               0D   1048
     102    1357       0       0       0                        01010000D   1049
     102       0       0       1       0                               0D   1050
     142    1358       0       0       0                        00010500D   1051
     142       0       0       1       0                               0D   1052
     144    1359       0       0       0                        00000000D   1053
     144       0      -1       1       0                               0D   1054
     110    1360       0       0       0                        01010000D   1055
     110       0       0       2       0                               0D   1056
     110    1362       0       0       0                        01010000D   1057
     110       0       0       2       0                               0D   1058
     120    1364       0       0       0                        01010000D   1059
     120       0       0       1       0                               0D   1060
     126    1365       0       0       0                        01010500D   1061
     126       0       0       2       0                               0D   1062
     100    1367       0       0       0                        01010000D   1063
     100       0       0       2       0                               0D   1064
     126    1369       0       0       0                        01010500D   1065
     126       0       0       2       0                               0D   1066
     110    1371       0       0       0                        01010000D   1067
     110       0       0       2       0                               0D   1068
     126    1373       0       0       0                        01010500D   1069
     126       0       0       2       0                               0D   1070
     124    1375       0       0       0                        00000000D   1071
     124       0       0       4       0                               0D   1072
     100    1379       0       0       0            1071        01010000D   1073
     100       0       0       2       0                               0D   1074
     126    1381       0       0       0                        01010500D   1075
     126       0       0       2       0                               0D   1076
     110    1383       0       0       0                        01010000D   1077
     110       0       0       2       0                               0D   1078
     102    1385       0       0       0                        01010500D   1079
     102       0       0       1       0                               0D   1080
     102    1386       0       0       0                        01010000D   1081
     102       0       0       1       0                               0D   1082
     142    1387       0       0       0                        00010500D   1083
     142       0       0       1       0                               0D   1084
     144    1388       0       0       0                        00000000D   1085
     144       0      -1       1       0                               0D   1086
     110    1389       0       0       0                        01010000D   1087
     110       0       0       2       0                               0D   1088
     110    1391       0       0       0                        01010000D   1089
     110       0       0       2       0                               0D   1090
     120    1393       0       0       0                        01010000D   1091
     120       0       0       1       0                               0D   1092
     126    1394       0       0       0                        01010500D   1093
     126       0       0       2       0                               0D   1094
     100    1396       0       0       0                        01010000D   1095
     100       0       0       2       0                               0D   1096
     126    1398       0       0       0                        01010500D   1097
     126       0       0       2       0                               0D   1098
     110    1400       0       0       0                        01010000D   1099
     110       0       0       2       0                               0D   1100
     126    1402       0       0       0                        01010500D   1101
     126       0       0       2       0                               0D   1102
     124    1404       0       0       0                        00000000D   1103
     124       0       0       4       0                               0D   1104
     100    1408       0       0       0            1103        01010000D   1105
     100       0       0       2       0                               0D   1106
     126    1410       0       0       0                        01010500D   1107
     126       0       0       2       0                               0D   1108
     110    1412       0       0       0                        01010000D   1109
     110       0       0       2       0                               0D   1110
     102    1414       0       0       0                        01010500D   1111
     102       0       0       1       0                               0D   1112
     102    1415       0       0       0                        01010000D   1113
     102       0       0       1       0                               0D   1114
     142    1416       0       0       0                        00010500D   1115
     142       0       0       1       0                               0D   1116
     144    1417       0       0       0                        00000000D   1117
     144       0      -1       1       0                               0D   1118
     110    1418       0       0       0                        01010000D   1119
     110       0       0       1       0                               0D   1120
     110    1419       0       0       0                        01010000D   1121
     110       0       0       1       0                               0D   1122
     120    1420       0       0       0                        01010000D   1123
     120       0       0       1       0                               0D   1124
     126    1421       0       0       0                        01010500D   1125
     126       0       0       2       0                               0D   1126
     100    1423       0       0       0                        01010000D   1127
     100       0       0       1       0                               0D   1128
     126    1424       0       0       0                        01010500D   1129
     126       0       0       2       0                               0D   1130
     110    1426       0       0       0                        01010000D   1131
     110       0       0       1       0                               0D   1132
     126    1427       0       0       0                        01010500D   1133
     126       0       0       2       0                               0D   1134
     124    1429       0       0       0                        00000000D   1135
     124       0       0       4       0                               0D   1136
     100    1433       0       0       0            1135        01010000D   1137
     100       0       0       1       0                               0D   1138
     126    1434       0       0       0                        01010500D   1139
     126       0       0       2       0                               0D   1140
     110    1436       0       0       0                        01010000D   1141
     110       0       0       1       0                               0D   1142
     102    1437       0       0       0                        01010500D   1143
     102       0       0       1       0                               0D   1144
     102    1438       0       0       0                        01010000D   1145
     102       0       0       1       0                               0D   1146
     142    1439       0       0       0                        00010500D   1147
     142       0       0       1       0                               0D   1148
     144    1440       0       0       0                        00000000D   1149
     144       0      -1       1       0                               0D   1150
     110    1441       0       0       0                        01010000D   1151
     110       0       0       1       0                               0D   1152
     110    1442       0       0       0                        01010000D   1153
     110       0       0       1       0                               0D   1154
     120    1443       0       0       0                        01010000D   1155
     120       0       0       1       0                               0D   1156
     126    1444       0       0       0                        01010500D   1157
     126       0       0       2       0                               0D   1158
     100    1446       0       0       0                        01010000D   1159
     100       0       0       1       0                               0D   1160
     126    1447       0       0       0                        01010500D   1161
     126       0       0       2       0                               0D   1162
     110    1449       0       0       0                        01010000D   1163
     110       0       0       1       0                               0D   1164
     126    1450       0       0       0                        01010500D   1165
     126       0       0       2       0                               0D   1166
     124    1452       0       0       0                        00000000D   1167
     124       0       0       4       0                               0D   1168
     100    1456       0       0       0            1167        01010000D   1169
     100       0       0       1       0                               0D   1170
     126    1457       0       0       0                        01010500D   1171
     126       0       0       2       0                               0D   1172
     110    1459       0       0       0                        01010000D   1173
     110       0       0       1       0                               0D   1174
     102    1460       0       0       0                        01010500D   1175
     102       0       0       1       0                               0D   1176
     102    1461       0       0       0                        01010000D   1177
     102       0       0       1       0                               0D   1178
     142    1462       0       0       0                        00010500D   1179
     142       0       0       1       0                               0D   1180
     144    1463       0       0       0                        00000000D   1181
     144       0      -1       1       0                               0D   1182
     110    1464       0       0       0                        01010000D   1183
     110       0       0       2       0                               0D   1184
     110    1466       0       0       0                        01010000D   1185
     110       0       0       1       0                               0D   1186
     120    1467       0       0       0                        01010000D   1187
     120       0       0       1       0                               0D   1188
     126    1468       0       0       0                        01010500D   1189
     126       0       0       2       0                               0D   1190
     110    1470       0       0       0                        01010000D   1191
     110       0       0       1       0                               0D   1192
     126    1471       0       0       0                        01010500D   1193
     126       0       0       2       0                               0D   1194
     100    1473       0       0       0                        01010000D   1195
     100       0       0       2       0                               0D   1196
     126    1475       0       0       0                        01010500D   1197
     126       0       0       2       0                               0D   1198
     110    1477       0       0       0                        01010000D   1199
     110       0       0       1       0                               0D   1200
     126    1478       0       0       0                        01010500D   1201
     126       0       0       2       0                               0D   1202
     124    1480       0       0       0                        00000000D   1203
     124       0       0       4       0                               0D   1204
     100    1484       0       0       0            1203        01010000D   1205
     100       0       0       2       0                               0D   1206
     102    1486       0       0       0                        01010500D   1207
     102       0       0       1       0                               0D   1208
     102    1487       0       0       0                        01010000D   1209
     102       0       0       1       0                               0D   1210
     142    1488       0       0       0                        00010500D   1211
     142       0       0       1       0                               0D   1212
     144    1489       0       0       0                        00000000D   1213
     144       0      -1       1       0                               0D   1214
     128    1490       0       0       0                        01010000D   1215
     128       0       0       4       0                               0D   1216
     126    1494       0       0       0                        01010500D   1217
     126       0       0       2       0                               0D   1218
     110    1496       0       0       0                        01010000D   1219
     110       0       0       1       0                               0D   1220
     126    1497       0       0       0                        01010500D   1221
     126       0       0       2       0                               0D   1222
     110    1499       0       0       0                        01010000D   1223
     110       0       0       1       0                               0D   1224
     126    1500       0       0       0                        01010500D   1225
     126       0       0       2       0                               0D   1226
     110    1502       0       0       0                        01010000D   1227
     110       0       0       2       0                               0D   1228
     126    1504       0       0       0                        01010500D   1229
     126       0       0       2       0                               0D   1230
     110    1506       0       0       0                        01010000D   1231
     110       0       0       1       0                               0D   1232
     102    1507       0       0       0                        01010500D   1233
     102       0       0       1       0                               0D   1234
     102    1508       0       0       0                        01010000D   1235
     102       0       0       1       0                               0D   1236
     142    1509       0       0       0                        00010500D   1237
     142       0       0       1       0                               0D   1238
     144    1510       0       0       0                        00000000D   1239
     144       0      -1       1       0                               0D   1240
     110    1511       0       0       0                        01010000D   1241
     110       0       0       2       0                               0D   1242
     110    1513       0       0       0                        01010000D   1243
     110       0       0       2       0                               0D   1244
     120    1515       0       0       0                        01010000D   1245
     120       0       0       1       0                               0D   1246
     126    1516       0       0       0                        01010500D   1247
     126       0       0       2       0                               0D   1248
     110    1518       0       0       0                        01010000D   1249
     110       0       0       2       0                               0D   1250
     126    1520       0       0       0                        01010500D   1251
     126       0       0       2       0                               0D   1252
     100    1522       0       0       0                        01010000D   1253
     100       0       0       2       0                               0D   1254
     126    1524       0       0       0                        01010500D   1255
     126       0       0       2       0                               0D   1256
     110    1526       0       0       0                        01010000D   1257
     110       0       0       2       0                               0D   1258
     126    1528       0       0       0                        01010500D   1259
     126       0       0       2       0                               0D   1260
     124    1530       0       0       0                        00000000D   1261
     124       0       0       4       0                               0D   1262
     100    1534       0       0       0            1261        01010000D   1263
     100       0       0       2       0                               0D   1264
     102    1536       0       0       0                        01010500D   1265
     102       0       0       1       0                               0D   1266
     102    1537       0       0       0                        01010000D   1267
     102       0       0       1       0                               0D   1268
     142    1538       0       0       0                        00010500D   1269
     142       0       0       1       0                               0D   1270
     144    1539       0       0       0                        00000000D   1271
     144       0      -1       1       0                               0D   1272
     128    1540       0       0       0                        01010000D   1273
     128       0       0       4       0                               0D   1274
     126    1544       0       0       0                        01010500D   1275
     126       0       0       2       0                               0D   1276
     110    1546       0       0       0                        01010000D   1277
     110       0       0       2       0                               0D   1278
     126    1548       0       0       0                        01010500D   1279
     126       0       0       2       0                               0D   1280
     110    1550       0       0       0                        01010000D   1281
     110       0       0       1       0                               0D   1282
     126    1551       0       0       0                        01010500D   1283
     126       0       0       2       0                               0D   1284
     110    1553       0       0       0                        01010000D   1285
     110       0       0       1       0                               0D   1286
     126    1554       0       0       0                        01010500D   1287
     126       0       0       2       0                               0D   1288
     110    1556       0       0       0                        01010000D   1289
     110       0       0       1       0                               0D   1290
     102    1557       0       0       0                        01010500D   1291
     102       0       0       1       0                               0D   1292
     102    1558       0       0       0                        01010000D   1293
     102       0       0       1       0                               0D   1294
     142    1559       0       0       0                        00010500D   1295
     142       0       0       1       0                               0D   1296
     144    1560       0       0       0                        00000000D   1297
     144       0      -1       1       0                               0D   1298
314,100.,100.,100.,;                                                   1P      1
110,38.8,62.,10.,38.8,62.,-990.;                                       3P      2
110,37.05,62.,4.,37.05,62.,0.;                                         5P      3
120,3,5,0.,6.28318530717959;                                           7P      4
126,1,1,1,0,1,0,0.,0.,1.,1.,1.,1.,0.,6.283185307,0.,1.,                9P      5
6.283185307,0.,0.,1.,0.,0.,1.;                                         9P      6
110,37.05,62.,4.,37.05,62.,0.;                                        11P      7
126,1,1,1,0,1,0,0.,0.,1.,1.,1.,1.,1.,6.283185307,0.,1.,               13P      8
3.141592654,0.,0.,1.,0.,0.,1.;                                        13P      9
100,0.,38.8,62.,37.05,62.,40.55,62.;                                  15P     10
126,1,1,1,0,1,0,0.,0.,1.,1.,1.,1.,1.,3.141592654,0.,0.,               17P     11
3.141592654,0.,0.,1.,0.,0.,1.;                                        17P     12
110,40.55,62.,0.,40.55,62.,4.;                                        19P     13
126,1,1,1,0,1,0,0.,0.,1.,1.,1.,1.,0.,3.141592654,0.,0.,               21P     14
6.283185307,0.,0.,1.,0.,0.,1.;                                        21P     15
124,1.,-7.105427357601E-015,0.,4.43922676396371E-013,                 23P     16
-7.105427357601E-015,-1.,6.98296267768627E-015,124.,                  23P     17
-4.96169340471387E-029,-6.98296267768627E-015,-1.,                    23P     18
8.00000000000043;                                                     23P     19
100,4.,38.8,62.,40.55,62.,37.05,62.;                                  25P     20
102,4,9,13,17,21;                                                     27P     21
102,4,11,15,19,25;                                                    29P     22
142,1,7,27,29,1;                                                      31P     23
144,7,1,0,31;                                                         33P     24
110,-34.,-31.,10.,-34.,-31.,-990.;                                    35P     25
110,-35.75,-31.,4.,-35.75,-31.,0.;                                    37P     26
120,35,37,0.,6.28318530717959;                                        39P     27
126,1,1,1,0,1,0,0.,0.,1.,1.,1.,1.,0.,6.283185307,0.,1.,               41P     28
6.283185307,0.,0.,1.,0.,0.,1.;                                        41P     29
110,-35.75,-31.,4.,-35.75,-31.,0.;                                    43P     30
126,1,1,1,0,1,0,0.,0.,1.,1.,1.,1.,1.,6.283185307,0.,1.,               45P     31
3.141592654,0.,0.,1.,0.,0.,1.;                                        45P     32
100,0.,-34.,-31.,-35.75,-31.,-32.25,-31.;                             47P     33
126,1,1,1,0,1,0,0.,0.,1.,1.,1.,1.,1.,3.141592654,0.,0.,               49P     34
3.141592654,0.,0.,1.,0.,0.,1.;                                        49P     35
110,-32.25,-31.,0.,-32.25,-31.,4.;                                    51P     36
126,1,1,1,0,1,0,0.,0.,1.,1.,1.,1.,0.,3.141592654,0.,0.,               53P     37
6.283185307,0.,0.,1.,0.,0.,1.;                                        53P     38
124,1.,-7.105427357601E-015,0.,-2.18491891246233E-013,                55P     39
-7.105427357601E-015,-1.,6.98296267768627E-015,                       55P     40
-62.0000000000003,-4.96169340471387E-029,                             55P     41
-6.98296267768627E-015,-1.,7.99999999999978;                          55P     42
100,4.,-34.,-31.,-32.25,-31.,-35.75,-31.;                             57P     43
102,4,41,45,49,53;                                                    59P     44
102,4,43,47,51,57;                                                    61P     45
142,1,39,59,61,1;                                                     63P     46
144,39,1,0,63;                                                        65P     47
110,-33.486130298,73.358028862,4.,-33.486130298,73.358028862,         67P     48
-996.;                                                                67P     49
110,-35.236130298,73.358028862,4.,-35.236130298,73.358028862,         69P     50
0.;                                                                   69P     51
120,67,69,0.,6.28318530717959;                                        71P     52
126,1,1,1,0,1,0,0.,0.,1.,1.,1.,1.,0.,6.283185307,0.,1.,               73P     53
6.283185307,0.,0.,1.,0.,0.,1.;                                        73P     54
110,-35.236130298,73.358028862,4.,-35.236130298,73.358028862,         75P     55
0.;                                                                   75P     56
126,1,1,1,0,1,0,0.,0.,1.,1.,1.,1.,1.,6.283185307,0.,1.,               77P     57
3.141592654,0.,0.,1.,0.,0.,1.;                                        77P     58
100,0.,-33.486130298,73.358028862,-35.236130298,73.358028862,         79P     59
-31.736130298,73.358028862;                                           79P     60
126,1,1,1,0,1,0,0.,0.,1.,1.,1.,1.,1.,3.141592654,0.,0.,               81P     61
3.141592654,0.,0.,1.,0.,0.,1.;                                        81P     62
110,-31.736130298,73.358028862,0.,-31.736130298,73.358028862,         83P     63
4.;                                                                   83P     64
126,1,1,1,0,1,0,0.,0.,1.,1.,1.,1.,0.,3.141592654,0.,0.,               85P     65
6.283185307,0.,0.,1.,0.,0.,1.;                                        85P     66
124,1.,-7.105427357601E-015,0.,5.22063247556799E-013,                 87P     67
-7.105427357601E-015,-1.,6.98296267768627E-015,146.71605772377,       87P     68
-4.96169340471387E-029,-6.98296267768627E-015,-1.,                    87P     69
8.00000000000051;                                                     87P     70
100,4.,-33.486130298,73.358028862,-31.736130298,73.358028862,         89P     71
-35.236130298,73.358028862;                                           89P     72
102,4,73,77,81,85;                                                    91P     73
102,4,75,79,83,89;                                                    93P     74
142,1,71,91,93,1;                                                     95P     75
144,71,1,0,95;                                                        97P     76
110,-33.486130298,26.358028862,4.,-33.486130298,26.358028862,         99P     77
-996.;                                                                99P     78
110,-35.236130298,26.358028862,4.,-35.236130298,26.358028862,        101P     79
0.;                                                                  101P     80
120,99,101,0.,6.28318530717959;                                      103P     81
126,1,1,1,0,1,0,0.,0.,1.,1.,1.,1.,0.,6.283185307,0.,1.,              105P     82
6.283185307,0.,0.,1.,0.,0.,1.;                                       105P     83
110,-35.236130298,26.358028862,4.,-35.236130298,26.358028862,        107P     84
0.;                                                                  107P     85
126,1,1,1,0,1,0,0.,0.,1.,1.,1.,1.,1.,6.283185307,0.,1.,              109P     86
3.141592654,0.,0.,1.,0.,0.,1.;                                       109P     87
100,0.,-33.486130298,26.358028862,-35.236130298,26.358028862,        111P     88
-31.736130298,26.358028862;                                          111P     89
126,1,1,1,0,1,0,0.,0.,1.,1.,1.,1.,1.,3.141592654,0.,0.,              113P     90
3.141592654,0.,0.,1.,0.,0.,1.;                                       113P     91
110,-31.736130298,26.358028862,0.,-31.736130298,26.358028862,        115P     92
4.;                                                                  115P     93
126,1,1,1,0,1,0,0.,0.,1.,1.,1.,1.,0.,3.141592654,0.,0.,              117P     94
6.283185307,0.,0.,1.,0.,0.,1.;                                       117P     95
124,1.,-7.105427357601E-015,0.,1.87219983329852E-013,                119P     96
-7.105427357601E-015,-1.,6.98296267768627E-015,                      119P     97
52.7160577237697,-4.96169340471387E-029,-6.98296267768627E-015,      119P     98
-1.,8.00000000000018;                                                119P     99
100,4.,-33.486130298,26.358028862,-31.736130298,26.358028862,        121P    100
-35.236130298,26.358028862;                                          121P    101
102,4,105,109,113,117;                                               123P    102
102,4,107,111,115,121;                                               125P    103
142,1,103,123,125,1;                                                 127P    104
144,103,1,0,127;                                                     129P    105
110,29.,34.,-11.,29.,34.,989.;                                       131P    106
110,31.,34.,0.,31.,34.,4.;                                           133P    107
120,131,133,0.,6.28318530717959;                                     135P    108
126,1,1,1,0,1,0,0.,0.,1.,1.,1.,1.,0.,6.283185307,0.,1.,              137P    109
6.283185307,0.,0.,1.,0.,0.,1.;                                       137P    110
110,31.,34.,0.,31.,34.,4.;                                           139P    111
126,1,1,1,0,1,0,0.,0.,1.,1.,1.,1.,1.,6.283185307,0.,1.,              141P    112
3.141592654,0.,0.,1.,0.,0.,1.;                                       141P    113
124,1.,-7.105427357601E-015,0.,2.40307773680117E-013,                143P    114
-7.105427357601E-015,-1.,6.98296267768627E-015,                      143P    115
68.0000000000002,-4.96169340471387E-029,-6.98296267768627E-015,      143P    116
-1.,8.00000000000024;                                                143P    117
100,4.,29.,34.,31.,34.,27.,34.;                                      145P    118
126,1,1,1,0,1,0,0.,0.,1.,1.,1.,1.,1.,3.141592654,0.,0.,              147P    119
3.141592654,0.,0.,1.,0.,0.,1.;                                       147P    120
110,27.,34.,4.,27.,34.,0.;                                           149P    121
126,1,1,1,0,1,0,0.,0.,1.,1.,1.,1.,0.,3.141592654,0.,0.,              151P    122
6.283185307,0.,0.,1.,0.,0.,1.;                                       151P    123
100,0.,29.,34.,27.,34.,31.,34.;                                      153P    124
102,4,137,141,147,151;                                               155P    125
102,4,139,145,149,153;                                               157P    126
142,1,135,155,157,1;                                                 159P    127
144,135,1,0,159;                                                     161P    128
110,-29.824952551,34.,-11.,-29.824952551,34.,989.;                   163P    129
110,-27.824952551,34.,0.,-27.824952551,34.,4.;                       165P    130
120,163,165,0.,6.28318530717959;                                     167P    131
126,1,1,1,0,1,0,0.,0.,1.,1.,1.,1.,0.,6.283185307,0.,1.,              169P    132
6.283185307,0.,0.,1.,0.,0.,1.;                                       169P    133
110,-27.824952551,34.,0.,-27.824952551,34.,4.;                       171P    134
126,1,1,1,0,1,0,0.,0.,1.,1.,1.,1.,1.,6.283185307,0.,1.,              173P    135
3.141592654,0.,0.,1.,0.,0.,1.;                                       173P    136
124,1.,-7.105427357601E-015,0.,2.40307773680114E-013,                175P    137
-7.105427357601E-015,-1.,6.98296267768627E-015,                      175P    138
67.9999999999998,-4.96169340471387E-029,-6.98296267768627E-015,      175P    139
-1.,8.00000000000024;                                                175P    140
100,4.,-29.824952551,34.,-27.824952551,34.,-31.824952551,34.;        177P    141
126,1,1,1,0,1,0,0.,0.,1.,1.,1.,1.,1.,3.141592654,0.,0.,              179P    142
3.141592654,0.,0.,1.,0.,0.,1.;                                       179P    143
110,-31.824952551,34.,4.,-31.824952551,34.,0.;                       181P    144
126,1,1,1,0,1,0,0.,0.,1.,1.,1.,1.,0.,3.141592654,0.,0.,              183P    145
6.283185307,0.,0.,1.,0.,0.,1.;                                       183P    146
100,0.,-29.824952551,34.,-31.824952551,34.,-27.824952551,34.;        185P    147
102,4,169,173,179,183;                                               187P    148
102,4,171,177,181,185;                                               189P    149
142,1,167,187,189,1;                                                 191P    150
144,167,1,0,191;                                                     193P    151
110,0.,0.,0.,0.,0.,1000.;                                            195P    152
110,10.,0.,0.,10.,0.,4.;                                             197P    153
120,195,197,0.,6.28318530717959;                                     199P    154
126,1,1,1,0,1,0,0.,0.,1.,1.,1.,1.,0.,6.283185307,0.,1.,              201P    155
6.283185307,0.,0.,1.,0.,0.,1.;                                       201P    156
110,10.,0.,0.,10.,0.,4.;                                             203P    157
126,1,1,1,0,1,0,0.,0.,1.,1.,1.,1.,1.,6.283185307,0.,1.,              205P    158
3.141592654,0.,0.,1.,0.,0.,1.;                                       205P    159
124,1.,-7.35035671743047E-015,8.55166289179392E-031,                 207P    160
-3.42066515671757E-030,-7.35035671743047E-015,-1.,                   207P    161
6.98296267768627E-015,-2.79318507107451E-014,                        207P    162
-5.04721003363181E-029,-6.98296267768627E-015,-1.,8.;                207P    163
100,4.,0.,0.,10.,0.,-10.,0.;                                         209P    164
126,1,1,1,0,1,0,0.,0.,1.,1.,1.,1.,1.,3.141592654,0.,0.,              211P    165
3.141592654,0.,0.,1.,0.,0.,1.;                                       211P    166
110,-10.,0.,4.,-10.,0.,0.;                                           213P    167
126,1,1,1,0,1,0,0.,0.,1.,1.,1.,1.,0.,3.141592654,0.,0.,              215P    168
6.283185307,0.,0.,1.,0.,0.,1.;                                       215P    169
100,0.,0.,0.,-10.,0.,10.,0.;                                         217P    170
102,4,201,205,211,215;                                               219P    171
102,4,203,209,213,217;                                               221P    172
142,1,199,219,221,1;                                                 223P    173
144,199,1,0,223;                                                     225P    174
128,1,1,1,1,0,0,1,0,0,0.,0.,1.,1.,0.,0.,1.,1.,1.,1.,1.,1.,122.,      227P    175
-70.436732841,0.,20.2869814,-70.436732841,0.,122.,                   227P    176
-70.436732841,4.,20.2869814,-70.436732841,4.,0.,1.,0.,1.;            227P    177
126,1,1,1,0,1,0,0.,0.,1.,1.,1.,1.,1.,0.,0.,1.,1.,0.,0.,1.,0.,        229P    178
0.,1.;                                                               229P    179
110,20.2869814,-70.436732841,0.,20.2869814,-70.436732841,4.;         231P    180
126,1,1,1,0,1,0,0.,0.,1.,1.,1.,1.,1.,1.,0.,0.,1.,0.,0.,1.,0.,        233P    181
0.,1.;                                                               233P    182
110,20.2869814,-70.436732841,4.,122.,-70.436732841,4.;               235P    183
126,1,1,1,0,1,0,0.,0.,1.,1.,1.,1.,0.,1.,0.,0.,0.,0.,0.,1.,0.,        237P    184
0.,1.;                                                               237P    185
110,122.,-70.436732841,4.,122.,-70.436732841,0.;                     239P    186
126,1,1,1,0,1,0,0.,0.,1.,1.,1.,1.,0.,0.,0.,1.,0.,0.,0.,1.,0.,        241P    187
0.,1.;                                                               241P    188
110,122.,-70.436732841,0.,20.2869814,-70.436732841,0.;               243P    189
102,4,229,233,237,241;                                               245P    190
102,4,231,235,239,243;                                               247P    191
142,1,227,245,247,1;                                                 249P    192
144,227,1,0,249;                                                     251P    193
128,1,1,1,1,0,0,1,0,0,0.,0.,1.,1.,0.,0.,1.,1.,1.,1.,1.,1.,           253P    194
29.489503205,89.796147842,0.,122.,-70.436732841,0.,                  253P    195
29.489503205,89.796147842,4.,122.,-70.436732841,4.,0.,1.,0.,1.;      253P    196
126,1,1,1,0,1,0,0.,0.,1.,1.,1.,1.,1.,0.,0.,1.,1.,0.,0.,1.,0.,        255P    197
0.,1.;                                                               255P    198
110,122.,-70.436732841,0.,122.,-70.436732841,4.;                     257P    199
126,1,1,1,0,1,0,0.,0.,1.,1.,1.,1.,1.,1.,0.,0.,1.,0.,0.,1.,0.,        259P    200
0.,1.;                                                               259P    201
110,122.,-70.436732841,4.,29.489503205,89.796147842,4.;              261P    202
126,1,1,1,0,1,0,0.,0.,1.,1.,1.,1.,0.,1.,0.,0.,0.,0.,0.,1.,0.,        263P    203
0.,1.;                                                               263P    204
110,29.489503205,89.796147842,4.,29.489503205,89.796147842,0.;       265P    205
126,1,1,1,0,1,0,0.,0.,1.,1.,1.,1.,0.,0.,0.,1.,0.,0.,0.,1.,0.,        267P    206
0.,1.;                                                               267P    207
110,29.489503205,89.796147842,0.,122.,-70.436732841,0.;              269P    208
102,4,255,259,263,267;                                               271P    209
102,4,257,261,265,269;                                               273P    210
142,1,253,271,273,1;                                                 275P    211
144,253,1,0,275;                                                     277P    212
128,1,1,1,1,0,0,1,0,0,0.,0.,1.,1.,0.,0.,1.,1.,1.,1.,1.,1.,           279P    213
20.097952479,115.781192685,0.,29.489503205,89.796147842,0.,          279P    214
20.097952479,115.781192685,4.,29.489503205,89.796147842,4.,0.,       279P    215
1.,0.,1.;                                                            279P    216
126,1,1,1,0,1,0,0.,0.,1.,1.,1.,1.,1.,0.,0.,1.,1.,0.,0.,1.,0.,        281P    217
0.,1.;                                                               281P    218
110,29.489503205,89.796147842,0.,29.489503205,89.796147842,4.;       283P    219
126,1,1,1,0,1,0,0.,0.,1.,1.,1.,1.,1.,1.,0.,0.,1.,0.,0.,1.,0.,        285P    220
0.,1.;                                                               285P    221
110,29.489503205,89.796147842,4.,20.097952479,115.781192685,4.;      287P    222
126,1,1,1,0,1,0,0.,0.,1.,1.,1.,1.,0.,1.,0.,0.,0.,0.,0.,1.,0.,        289P    223
0.,1.;                                                               289P    224
110,20.097952479,115.781192685,4.,20.097952479,115.781192685,        291P    225
0.;                                                                  291P    226
126,1,1,1,0,1,0,0.,0.,1.,1.,1.,1.,0.,0.,0.,1.,0.,0.,0.,1.,0.,        293P    227
0.,1.;                                                               293P    228
110,20.097952479,115.781192685,0.,29.489503205,89.796147842,0.;      295P    229
102,4,281,285,289,293;                                               297P    230
102,4,283,287,291,295;                                               299P    231
142,1,279,297,299,1;                                                 301P    232
144,279,1,0,301;                                                     303P    233
128,4,1,4,1,0,0,1,0,0,128.3108397,128.3108397,128.3108397,           305P    234
128.3108397,128.3108397,157.8182071,157.8182071,157.8182071,         305P    235
157.8182071,157.8182071,0.,0.,1.,1.,1.,1.,1.,1.,1.,1.,1.,1.,1.,      305P    236
1.,20.097952479,115.781192685,4.,18.114888679,122.886490285,4.,      305P    237
14.860356579,129.638635085,4.,10.434126179,135.687761085,4.,         305P    238
5.097952479,140.781192685,4.,20.097952479,115.781192685,0.,          305P    239
18.114888679,122.886490285,0.,14.860356579,129.638635085,0.,         305P    240
10.434126179,135.687761085,0.,5.097952479,140.781192685,0.,          305P    241
128.3108397,157.8182071,0.,1.;                                       305P    242
126,1,1,1,0,1,0,0.,0.,1.,1.,1.,1.,128.3108397,1.,0.,                 307P    243
128.3108397,0.,0.,0.,1.,0.,0.,1.;                                    307P    244
110,20.097952479,115.781192685,0.,20.097952479,115.781192685,        309P    245
4.;                                                                  309P    246
126,1,1,1,0,1,0,0.,0.,1.,1.,1.,1.,128.3108397,0.,0.,                 311P    247
157.8182071,0.,0.,0.,1.,0.,0.,1.;                                    311P    248
126,4,4,1,0,1,0,128.3108397,128.3108397,128.3108397,                 313P    249
128.3108397,128.3108397,157.8182071,157.8182071,157.8182071,         313P    250
157.8182071,157.8182071,1.,1.,1.,1.,1.,20.097952479,                 313P    251
115.781192685,4.,18.114888679,122.886490285,4.,14.860356579,         313P    252
129.638635085,4.,10.434126179,135.687761085,4.,5.097952479,          313P    253
140.781192685,4.,128.3108397,157.8182071,0.,0.,-1.;                  313P    254
126,1,1,1,0,1,0,0.,0.,1.,1.,1.,1.,157.8182071,0.,0.,                 315P    255
157.8182071,1.,0.,0.,1.,0.,0.,1.;                                    315P    256
110,5.097952479,140.781192685,4.,5.097952479,140.781192685,0.;       317P    257
126,1,1,1,0,1,0,0.,0.,1.,1.,1.,1.,157.8182071,1.,0.,                 319P    258
128.3108397,1.,0.,0.,1.,0.,0.,1.;                                    319P    259
126,4,4,1,0,1,0,128.3108397,128.3108397,128.3108397,                 321P    260
128.3108397,128.3108397,157.8182071,157.8182071,157.8182071,         321P    261
157.8182071,157.8182071,1.,1.,1.,1.,1.,5.097952479,                  321P    262
140.781192685,0.,10.434126179,135.687761085,0.,14.860356579,         321P    263
129.638635085,0.,18.114888679,122.886490285,0.,20.097952479,         321P    264
115.781192685,0.,128.3108397,157.8182071,0.,0.,1.;                   321P    265
102,4,307,311,315,319;                                               323P    266
102,4,309,313,317,321;                                               325P    267
142,1,305,323,325,1;                                                 327P    268
144,305,1,0,327;                                                     329P    269
128,1,1,1,1,0,0,1,0,0,0.,0.,1.,1.,0.,0.,1.,1.,1.,1.,1.,1.,           331P    270
-5.097952479,140.781192685,4.,-5.097952479,140.781192685,0.,         331P    271
5.097952479,140.781192685,4.,5.097952479,140.781192685,0.,0.,        331P    272
1.,0.,1.;                                                            331P    273
126,1,1,1,0,1,0,0.,0.,1.,1.,1.,1.,1.,1.,0.,0.,1.,0.,0.,1.,0.,        333P    274
0.,1.;                                                               333P    275
110,5.097952479,140.781192685,0.,5.097952479,140.781192685,4.;       335P    276
126,1,1,1,0,1,0,0.,0.,1.,1.,1.,1.,0.,1.,0.,0.,0.,0.,0.,1.,0.,        337P    277
0.,1.;                                                               337P    278
110,5.097952479,140.781192685,4.,-5.097952479,140.781192685,4.;      339P    279
126,1,1,1,0,1,0,0.,0.,1.,1.,1.,1.,0.,0.,0.,1.,0.,0.,0.,1.,0.,        341P    280
0.,1.;                                                               341P    281
110,-5.097952479,140.781192685,4.,-5.097952479,140.781192685,        343P    282
0.;                                                                  343P    283
126,1,1,1,0,1,0,0.,0.,1.,1.,1.,1.,1.,0.,0.,1.,1.,0.,0.,1.,0.,        345P    284
0.,1.;                                                               345P    285
110,-5.097952479,140.781192685,0.,5.097952479,140.781192685,0.;      347P    286
102,4,333,337,341,345;                                               349P    287
102,4,335,339,343,347;                                               351P    288
142,1,331,349,351,1;                                                 353P    289
144,331,1,0,353;                                                     355P    290
128,4,1,4,1,0,0,1,0,0,14.9693888,14.9693888,14.9693888,              357P    291
14.9693888,14.9693888,44.47675623,44.47675623,44.47675623,           357P    292
44.47675623,44.47675623,0.,0.,1.,1.,1.,1.,1.,1.,1.,1.,1.,1.,1.,      357P    293
1.,-5.097952479,140.781192685,4.,-10.434126179,135.687761085,        357P    294
4.,-14.860356579,129.638635085,4.,-18.114888679,122.886490285,       357P    295
4.,-20.097952479,115.781192685,4.,-5.097952479,140.781192685,        357P    296
0.,-10.434126179,135.687761085,0.,-14.860356579,129.638635085,       357P    297
0.,-18.114888679,122.886490285,0.,-20.097952479,115.781192685,       357P    298
0.,14.9693888,44.47675623,0.,1.;                                     357P    299
126,1,1,1,0,1,0,0.,0.,1.,1.,1.,1.,14.9693888,1.,0.,14.9693888,       359P    300
0.,0.,0.,1.,0.,0.,1.;                                                359P    301
110,-5.097952479,140.781192685,0.,-5.097952479,140.781192685,        361P    302
4.;                                                                  361P    303
126,1,1,1,0,1,0,0.,0.,1.,1.,1.,1.,14.9693888,0.,0.,44.47675623,      363P    304
0.,0.,0.,1.,0.,0.,1.;                                                363P    305
126,4,4,1,0,1,0,14.9693888,14.9693888,14.9693888,14.9693888,         365P    306
14.9693888,44.47675623,44.47675623,44.47675623,44.47675623,          365P    307
44.47675623,1.,1.,1.,1.,1.,-5.097952479,140.781192685,4.,            365P    308
-10.434126179,135.687761085,4.,-14.860356579,129.638635085,4.,       365P    309
-18.114888679,122.886490285,4.,-20.097952479,115.781192685,4.,       365P    310
14.9693888,44.47675623,0.,0.,-1.;                                    365P    311
126,1,1,1,0,1,0,0.,0.,1.,1.,1.,1.,44.47675623,0.,0.,                 367P    312
44.47675623,1.,0.,0.,1.,0.,0.,1.;                                    367P    313
110,-20.097952479,115.781192685,4.,-20.097952479,115.781192685,      369P    314
0.;                                                                  369P    315
126,1,1,1,0,1,0,0.,0.,1.,1.,1.,1.,44.47675623,1.,0.,14.9693888,      371P    316
1.,0.,0.,1.,0.,0.,1.;                                                371P    317
126,4,4,1,0,1,0,14.9693888,14.9693888,14.9693888,14.9693888,         373P    318
14.9693888,44.47675623,44.47675623,44.47675623,44.47675623,          373P    319
44.47675623,1.,1.,1.,1.,1.,-20.097952479,115.781192685,0.,           373P    320
-18.114888679,122.886490285,0.,-14.860356579,129.638635085,0.,       373P    321
-10.434126179,135.687761085,0.,-5.097952479,140.781192685,0.,        373P    322
14.9693888,44.47675623,0.,0.,1.;                                     373P    323
102,4,359,363,367,371;                                               375P    324
102,4,361,365,369,373;                                               377P    325
142,1,357,375,377,1;                                                 379P    326
144,357,1,0,379;                                                     381P    327
128,1,1,1,1,0,0,1,0,0,0.,0.,1.,1.,0.,0.,1.,1.,1.,1.,1.,1.,           383P    328
-29.489503205,89.796147842,0.,-20.097952479,115.781192685,0.,        383P    329
-29.489503205,89.796147842,4.,-20.097952479,115.781192685,4.,        383P    330
0.,1.,0.,1.;                                                         383P    331
126,1,1,1,0,1,0,0.,0.,1.,1.,1.,1.,1.,0.,0.,1.,1.,0.,0.,1.,0.,        385P    332
0.,1.;                                                               385P    333
110,-20.097952479,115.781192685,0.,-20.097952479,115.781192685,      387P    334
4.;                                                                  387P    335
126,1,1,1,0,1,0,0.,0.,1.,1.,1.,1.,1.,1.,0.,0.,1.,0.,0.,1.,0.,        389P    336
0.,1.;                                                               389P    337
110,-20.097952479,115.781192685,4.,-29.489503205,89.796147842,       391P    338
4.;                                                                  391P    339
126,1,1,1,0,1,0,0.,0.,1.,1.,1.,1.,0.,1.,0.,0.,0.,0.,0.,1.,0.,        393P    340
0.,1.;                                                               393P    341
110,-29.489503205,89.796147842,4.,-29.489503205,89.796147842,        395P    342
0.;                                                                  395P    343
126,1,1,1,0,1,0,0.,0.,1.,1.,1.,1.,0.,0.,0.,1.,0.,0.,0.,1.,0.,        397P    344
0.,1.;                                                               397P    345
110,-29.489503205,89.796147842,0.,-20.097952479,115.781192685,       399P    346
0.;                                                                  399P    347
102,4,385,389,393,397;                                               401P    348
102,4,387,391,395,399;                                               403P    349
142,1,383,401,403,1;                                                 405P    350
144,383,1,0,405;                                                     407P    351
128,1,1,1,1,0,0,1,0,0,0.,0.,1.,1.,0.,0.,1.,1.,1.,1.,1.,1.,           409P    352
-122.,-70.436732841,0.,-29.489503205,89.796147842,0.,-122.,          409P    353
-70.436732841,4.,-29.489503205,89.796147842,4.,0.,1.,0.,1.;          409P    354
126,1,1,1,0,1,0,0.,0.,1.,1.,1.,1.,1.,0.,0.,1.,1.,0.,0.,1.,0.,        411P    355
0.,1.;                                                               411P    356
110,-29.489503205,89.796147842,0.,-29.489503205,89.796147842,        413P    357
4.;                                                                  413P    358
126,1,1,1,0,1,0,0.,0.,1.,1.,1.,1.,1.,1.,0.,0.,1.,0.,0.,1.,0.,        415P    359
0.,1.;                                                               415P    360
110,-29.489503205,89.796147842,4.,-122.,-70.436732841,4.;            417P    361
126,1,1,1,0,1,0,0.,0.,1.,1.,1.,1.,0.,1.,0.,0.,0.,0.,0.,1.,0.,        419P    362
0.,1.;                                                               419P    363
110,-122.,-70.436732841,4.,-122.,-70.436732841,0.;                   421P    364
126,1,1,1,0,1,0,0.,0.,1.,1.,1.,1.,0.,0.,0.,1.,0.,0.,0.,1.,0.,        423P    365
0.,1.;                                                               423P    366
110,-122.,-70.436732841,0.,-29.489503205,89.796147842,0.;            425P    367
102,4,411,415,419,423;                                               427P    368
102,4,413,417,421,425;                                               429P    369
142,1,409,427,429,1;                                                 431P    370
144,409,1,0,431;                                                     433P    371
128,1,1,1,1,0,0,1,0,0,0.,0.,1.,1.,0.,0.,1.,1.,1.,1.,1.,1.,           435P    372
-19.908923558,-70.436732841,0.,-122.,-70.436732841,0.,               435P    373
-19.908923558,-70.436732841,4.,-122.,-70.436732841,4.,0.,1.,0.,      435P    374
1.;                                                                  435P    375
126,1,1,1,0,1,0,0.,0.,1.,1.,1.,1.,1.,0.,0.,1.,1.,0.,0.,1.,0.,        437P    376
0.,1.;                                                               437P    377
110,-122.,-70.436732841,0.,-122.,-70.436732841,4.;                   439P    378
126,1,1,1,0,1,0,0.,0.,1.,1.,1.,1.,1.,1.,0.,0.,1.,0.,0.,1.,0.,        441P    379
0.,1.;                                                               441P    380
110,-122.,-70.436732841,4.,-19.908923558,-70.436732841,4.;           443P    381
126,1,1,1,0,1,0,0.,0.,1.,1.,1.,1.,0.,1.,0.,0.,0.,0.,0.,1.,0.,        445P    382
0.,1.;                                                               445P    383
110,-19.908923558,-70.436732841,4.,-19.908923558,-70.436732841,      447P    384
0.;                                                                  447P    385
126,1,1,1,0,1,0,0.,0.,1.,1.,1.,1.,0.,0.,0.,1.,0.,0.,0.,1.,0.,        449P    386
0.,1.;                                                               449P    387
110,-19.908923558,-70.436732841,0.,-122.,-70.436732841,0.;           451P    388
102,4,437,441,445,449;                                               453P    389
102,4,439,443,447,451;                                               455P    390
142,1,435,453,455,1;                                                 457P    391
144,435,1,0,457;                                                     459P    392
128,4,1,4,1,0,0,1,0,0,14.9693888,14.9693888,14.9693888,              461P    393
14.9693888,14.9693888,44.47675623,44.47675623,44.47675623,           461P    394
44.47675623,44.47675623,0.,0.,1.,1.,1.,1.,1.,1.,1.,1.,1.,1.,1.,      461P    395
1.,-19.908923558,-70.436732841,4.,-17.979519143,-63.316677039,       461P    396
4.,-14.776018395,-56.540171926,4.,-10.395549059,-50.457826218,       461P    397
4.,-5.097952479,-45.324283026,4.,-19.908923558,-70.436732841,        461P    398
0.,-17.979519143,-63.316677039,0.,-14.776018395,-56.540171926,       461P    399
0.,-10.395549059,-50.457826218,0.,-5.097952479,-45.324283026,        461P    400
0.,14.9693888,44.47675623,0.,1.;                                     461P    401
126,1,1,1,0,1,0,0.,0.,1.,1.,1.,1.,14.9693888,1.,0.,14.9693888,       463P    402
0.,0.,0.,1.,0.,0.,1.;                                                463P    403
110,-19.908923558,-70.436732841,0.,-19.908923558,-70.436732841,      465P    404
4.;                                                                  465P    405
126,1,1,1,0,1,0,0.,0.,1.,1.,1.,1.,14.9693888,0.,0.,44.47675623,      467P    406
0.,0.,0.,1.,0.,0.,1.;                                                467P    407
126,4,4,1,0,1,0,14.9693888,14.9693888,14.9693888,14.9693888,         469P    408
14.9693888,44.47675623,44.47675623,44.47675623,44.47675623,          469P    409
44.47675623,1.,1.,1.,1.,1.,-19.908923558,-70.436732841,4.,           469P    410
-17.979519143,-63.316677039,4.,-14.776018395,-56.540171926,4.,       469P    411
-10.395549059,-50.457826218,4.,-5.097952479,-45.324283026,4.,        469P    412
14.9693888,44.47675623,0.,0.,1.;                                     469P    413
126,1,1,1,0,1,0,0.,0.,1.,1.,1.,1.,44.47675623,0.,0.,                 471P    414
44.47675623,1.,0.,0.,1.,0.,0.,1.;                                    471P    415
110,-5.097952479,-45.324283026,4.,-5.097952479,-45.324283026,        473P    416
0.;                                                                  473P    417
126,1,1,1,0,1,0,0.,0.,1.,1.,1.,1.,44.47675623,1.,0.,14.9693888,      475P    418
1.,0.,0.,1.,0.,0.,1.;                                                475P    419
126,4,4,1,0,1,0,14.9693888,14.9693888,14.9693888,14.9693888,         477P    420
14.9693888,44.47675623,44.47675623,44.47675623,44.47675623,          477P    421
44.47675623,1.,1.,1.,1.,1.,-5.097952479,-45.324283026,0.,            477P    422
-10.395549059,-50.457826218,0.,-14.776018395,-56.540171926,0.,       477P    423
-17.979519143,-63.316677039,0.,-19.908923558,-70.436732841,0.,       477P    424
14.9693888,44.47675623,0.,0.,-1.;                                    477P    425
102,4,463,467,471,475;                                               479P    426
102,4,465,469,473,477;                                               481P    427
142,1,461,479,481,1;                                                 483P    428
144,461,1,0,483;                                                     485P    429
128,1,1,1,1,0,0,1,0,0,0.,0.,1.,1.,0.,0.,1.,1.,1.,1.,1.,1.,           487P    430
-5.097952479,-45.324283026,0.,-5.097952479,-45.324283026,4.,         487P    431
5.097952479,-45.324283026,0.,5.097952479,-45.324283026,4.,0.,        487P    432
1.,0.,1.;                                                            487P    433
126,1,1,1,0,1,0,0.,0.,1.,1.,1.,1.,0.,0.,0.,1.,0.,0.,0.,1.,0.,        489P    434
0.,1.;                                                               489P    435
110,-5.097952479,-45.324283026,0.,-5.097952479,-45.324283026,        491P    436
4.;                                                                  491P    437
126,1,1,1,0,1,0,0.,0.,1.,1.,1.,1.,1.,0.,0.,1.,1.,0.,0.,1.,0.,        493P    438
0.,1.;                                                               493P    439
110,-5.097952479,-45.324283026,4.,5.097952479,-45.324283026,4.;      495P    440
126,1,1,1,0,1,0,0.,0.,1.,1.,1.,1.,1.,1.,0.,0.,1.,0.,0.,1.,0.,        497P    441
0.,1.;                                                               497P    442
110,5.097952479,-45.324283026,4.,5.097952479,-45.324283026,0.;       499P    443
126,1,1,1,0,1,0,0.,0.,1.,1.,1.,1.,0.,1.,0.,0.,0.,0.,0.,1.,0.,        501P    444
0.,1.;                                                               501P    445
110,5.097952479,-45.324283026,0.,-5.097952479,-45.324283026,0.;      503P    446
102,4,489,493,497,501;                                               505P    447
102,4,491,495,499,503;                                               507P    448
142,1,487,505,507,1;                                                 509P    449
144,487,1,0,509;                                                     511P    450
128,4,1,4,1,0,0,1,0,0,128.3108397,128.3108397,128.3108397,           513P    451
128.3108397,128.3108397,157.8182071,157.8182071,157.8182071,         513P    452
157.8182071,157.8182071,0.,0.,1.,1.,1.,1.,1.,1.,1.,1.,1.,1.,1.,      513P    453
1.,5.097952479,-45.324283026,4.,10.487785563,-50.432472828,4.,       513P    454
14.965047317,-56.505959142,4.,18.26534048,-63.291323649,4.,          513P    455
20.2869814,-70.436732841,4.,5.097952479,-45.324283026,0.,            513P    456
10.487785563,-50.432472828,0.,14.965047317,-56.505959142,0.,         513P    457
18.26534048,-63.291323649,0.,20.2869814,-70.436732841,0.,            513P    458
128.3108397,157.8182071,0.,1.;                                       513P    459
126,1,1,1,0,1,0,0.,0.,1.,1.,1.,1.,128.3108397,1.,0.,                 515P    460
128.3108397,0.,0.,0.,1.,0.,0.,1.;                                    515P    461
110,5.097952479,-45.324283026,0.,5.097952479,-45.324283026,4.;       517P    462
126,1,1,1,0,1,0,0.,0.,1.,1.,1.,1.,128.3108397,0.,0.,                 519P    463
157.8182071,0.,0.,0.,1.,0.,0.,1.;                                    519P    464
126,4,4,1,0,1,0,128.3108397,128.3108397,128.3108397,                 521P    465
128.3108397,128.3108397,157.8182071,157.8182071,157.8182071,         521P    466
157.8182071,157.8182071,1.,1.,1.,1.,1.,5.097952479,                  521P    467
-45.324283026,4.,10.487785563,-50.432472828,4.,14.965047317,         521P    468
-56.505959142,4.,18.26534048,-63.291323649,4.,20.2869814,            521P    469
-70.436732841,4.,128.3108397,157.8182071,0.,0.,1.;                   521P    470
126,1,1,1,0,1,0,0.,0.,1.,1.,1.,1.,157.8182071,0.,0.,                 523P    471
157.8182071,1.,0.,0.,1.,0.,0.,1.;                                    523P    472
110,20.2869814,-70.436732841,4.,20.2869814,-70.436732841,0.;         525P    473
126,1,1,1,0,1,0,0.,0.,1.,1.,1.,1.,157.8182071,1.,0.,                 527P    474
128.3108397,1.,0.,0.,1.,0.,0.,1.;                                    527P    475
126,4,4,1,0,1,0,128.3108397,128.3108397,128.3108397,                 529P    476
128.3108397,128.3108397,157.8182071,157.8182071,157.8182071,         529P    477
157.8182071,157.8182071,1.,1.,1.,1.,1.,20.2869814,                   529P    478
-70.436732841,0.,18.26534048,-63.291323649,0.,14.965047317,          529P    479
-56.505959142,0.,10.487785563,-50.432472828,0.,5.097952479,          529P    480
-45.324283026,0.,128.3108397,157.8182071,0.,0.,-1.;                  529P    481
102,4,515,519,523,527;                                               531P    482
102,4,517,521,525,529;                                               533P    483
142,1,513,531,533,1;                                                 535P    484
144,513,1,0,535;                                                     537P    485
128,1,1,1,1,0,0,1,0,0,0.,0.,1.,1.,0.,0.,1.,1.,1.,1.,1.,1.,           539P    486
-123.464,-70.436732841,4.,123.464,-70.436732841,4.,-123.464,         539P    487
140.781192685,4.,123.464,140.781192685,4.,0.,1.,0.,1.;               539P    488
126,1,1,1,0,1,0,0.,0.,1.,1.,1.,1.,0.582157477,0.,0.,                 541P    489
0.994071146,0.,0.,0.,1.,0.,0.,1.;                                    541P    490
110,20.2869814,-70.436732841,4.,122.,-70.436732841,4.;               543P    491
126,1,1,1,0,1,0,0.,0.,1.,1.,1.,1.,0.994071146,0.,0.,                 545P    492
0.619425514,0.758614025,0.,0.,1.,0.,0.,1.;                           545P    493
110,122.,-70.436732841,4.,29.489503205,89.796147842,4.;              547P    494
126,1,1,1,0,1,0,0.,0.,1.,1.,1.,1.,0.619425514,0.758614025,0.,        549P    495
0.581391954,0.881638834,0.,0.,1.,0.,0.,1.;                           549P    496
110,29.489503205,89.796147842,4.,20.097952479,115.781192685,4.;      551P    497
126,8,2,1,0,1,0,0.,0.,0.,0.25,0.25,0.5,0.5,0.75,0.75,1.,1.,1.,       553P    498
1.,1.,1.,1.,1.,1.,1.,1.,1.,0.581391954,0.881638834,0.,               553P    499
0.577370577,0.898483407,0.,0.5714579,0.914549764,0.,                 553P    500
0.565545673,0.930614901,0.,0.557849379,0.945610712,0.,               553P    501
0.550153085,0.960606523,0.,0.540810157,0.974265228,0.,               553P    502
0.53146652,0.98792497,0.,0.520645502,1.,0.,0.,1.,0.,0.,-1.;          553P    503
126,4,4,1,0,1,0,128.3108397,128.3108397,128.3108397,                 555P    504
128.3108397,128.3108397,157.8182071,157.8182071,157.8182071,         555P    505
157.8182071,157.8182071,1.,1.,1.,1.,1.,20.097952479,                 555P    506
115.781192685,4.,18.114888679,122.886490285,4.,14.860356579,         555P    507
129.638635085,4.,10.434126179,135.687761085,4.,5.097952479,          555P    508
140.781192685,4.,128.3108397,157.8182071,0.,0.,-1.;                  555P    509
126,1,1,1,0,1,0,0.,0.,1.,1.,1.,1.,0.520645502,1.,0.,                 557P    510
0.479354498,1.,0.,0.,1.,0.,0.,1.;                                    557P    511
110,5.097952479,140.781192685,4.,-5.097952479,140.781192685,4.;      559P    512
126,8,2,1,0,1,0,0.,0.,0.,0.25,0.25,0.5,0.5,0.75,0.75,1.,1.,1.,       561P    513
1.,1.,1.,1.,1.,1.,1.,1.,1.,0.479354498,1.,0.,0.46853348,             561P    514
0.98792497,0.,0.459189843,0.974265228,0.,0.449846915,                561P    515
0.960606523,0.,0.442150621,0.945610712,0.,0.434454327,               561P    516
0.930614901,0.,0.4285421,0.914549764,0.,0.422629423,                 561P    517
0.898483407,0.,0.418608046,0.881638834,0.,0.,1.,0.,0.,-1.;           561P    518
126,4,4,1,0,1,0,14.9693888,14.9693888,14.9693888,14.9693888,         563P    519
14.9693888,44.47675623,44.47675623,44.47675623,44.47675623,          563P    520
44.47675623,1.,1.,1.,1.,1.,-5.097952479,140.781192685,4.,            563P    521
-10.434126179,135.687761085,4.,-14.860356579,129.638635085,4.,       563P    522
-18.114888679,122.886490285,4.,-20.097952479,115.781192685,4.,       563P    523
14.9693888,44.47675623,0.,0.,-1.;                                    563P    524
126,1,1,1,0,1,0,0.,0.,1.,1.,1.,1.,0.418608046,0.881638834,0.,        565P    525
0.380574486,0.758614025,0.,0.,1.,0.,0.,1.;                           565P    526
110,-20.097952479,115.781192685,4.,-29.489503205,89.796147842,       567P    527
4.;                                                                  567P    528
126,1,1,1,0,1,0,0.,0.,1.,1.,1.,1.,0.380574486,0.758614025,0.,        569P    529
0.005928854,0.,0.,0.,1.,0.,0.,1.;                                    569P    530
110,-29.489503205,89.796147842,4.,-122.,-70.436732841,4.;            571P    531
126,1,1,1,0,1,0,0.,0.,1.,1.,1.,1.,0.005928854,0.,0.,                 573P    532
0.419373568,0.,0.,0.,1.,0.,0.,1.;                                    573P    533
110,-122.,-70.436732841,4.,-19.908923558,-70.436732841,4.;           575P    534
126,8,2,1,0,1,0,0.,0.,0.,0.25,0.25,0.5,0.5,0.75,0.75,1.,1.,1.,       577P    535
1.,1.,1.,1.,1.,1.,1.,1.,1.,0.419373568,0.,0.,0.423286132,            577P    536
0.01687956,0.,0.429094962,0.032997607,0.,0.434903352,                577P    537
0.04911443,0.,0.442502658,0.064177692,0.,0.450101964,                577P    538
0.079240955,0.,0.459356485,0.092981671,0.,0.468611709,               577P    539
0.106723431,0.,0.479354498,0.118893554,0.,0.,1.,0.,0.,1.;            577P    540
126,4,4,1,0,1,0,14.9693888,14.9693888,14.9693888,14.9693888,         579P    541
14.9693888,44.47675623,44.47675623,44.47675623,44.47675623,          579P    542
44.47675623,1.,1.,1.,1.,1.,-19.908923558,-70.436732841,4.,           579P    543
-17.979519143,-63.316677039,4.,-14.776018395,-56.540171926,4.,       579P    544
-10.395549059,-50.457826218,4.,-5.097952479,-45.324283026,4.,        579P    545
14.9693888,44.47675623,0.,0.,1.;                                     579P    546
126,1,1,1,0,1,0,0.,0.,1.,1.,1.,1.,0.479354498,0.118893554,0.,        581P    547
0.520645502,0.118893554,0.,0.,1.,0.,0.,1.;                           581P    548
110,-5.097952479,-45.324283026,4.,5.097952479,-45.324283026,4.;      583P    549
126,8,2,1,0,1,0,0.,0.,0.,0.25,0.25,0.5,0.5,0.75,0.75,1.,1.,1.,       585P    550
1.,1.,1.,1.,1.,1.,1.,1.,1.,0.520645502,0.118893554,0.,               585P    551
0.531575334,0.106783537,0.,0.541022817,0.093072105,0.,               585P    552
0.550469582,0.079361714,0.,0.558262865,0.064298452,0.,               585P    553
0.566056147,0.049235189,0.,0.572056781,0.033088041,0.,               585P    554
0.57805787,0.016939666,0.,0.582157477,0.,0.,0.,1.,0.,0.,1.;          585P    555
126,4,4,1,0,1,0,128.3108397,128.3108397,128.3108397,                 587P    556
128.3108397,128.3108397,157.8182071,157.8182071,157.8182071,         587P    557
157.8182071,157.8182071,1.,1.,1.,1.,1.,5.097952479,                  587P    558
-45.324283026,4.,10.487785563,-50.432472828,4.,14.965047317,         587P    559
-56.505959142,4.,18.26534048,-63.291323649,4.,20.2869814,            587P    560
-70.436732841,4.,128.3108397,157.8182071,0.,0.,1.;                   587P    561
102,12,541,545,549,553,557,561,565,569,573,577,581,585;              589P    562
102,12,543,547,551,555,559,563,567,571,575,579,583,587;              591P    563
142,1,539,589,591,1;                                                 593P    564
126,16,2,1,0,1,0,0.,0.,0.,0.125,0.125,0.25,0.25,0.375,0.375,         595P    565
0.5,0.5,0.625,0.625,0.75,0.75,0.875,0.875,1.,1.,1.,1.,1.,1.,1.,      595P    566
1.,1.,1.,1.,1.,1.,1.,1.,1.,1.,1.,1.,1.,0.661505695,0.290324515,      595P    567
0.,0.661505695,0.292678865,0.,0.662276369,0.294854001,0.,            595P    568
0.663047044,0.297029137,0.,0.664471065,0.298693913,0.,               595P    569
0.665895087,0.30035869,0.,0.66775566,0.301259661,0.,                 595P    570
0.669616233,0.302160632,0.,0.671630103,0.302160632,0.,               595P    571
0.673643974,0.302160632,0.,0.675504547,0.301259661,0.,               595P    572
0.67736512,0.30035869,0.,0.678789142,0.298693913,0.,                 595P    573
0.680213163,0.297029137,0.,0.680983837,0.294854001,0.,               595P    574
0.681754512,0.292678865,0.,0.681754512,0.290324515,0.,0.,1.,0.,      595P    575
0.,1.;                                                               595P    576
124,-1.,-6.98296267768627E-015,0.,84.760556358749,                   597P    577
-6.98296267768627E-015,1.,-6.98296267768627E-015,                    597P    578
3.23350213006895E-013,4.87617677579594E-029,                         597P    579
-6.98296267768627E-015,-1.,7.99999999999994;                         597P    580
100,4.,42.380278179,-9.114991031,44.880278179,-9.114991031,          599P    581
39.880278179,-9.114991031;                                           599P    582
126,1,1,1,0,1,0,0.,0.,1.,1.,1.,1.,0.681754512,0.290324515,0.,        601P    583
0.681754512,0.261917835,0.,0.,1.,0.,0.,1.;                           601P    584
110,44.880278179,-9.114991031,4.,44.880278179,-15.114991031,4.;      603P    585
126,16,2,1,0,1,0,0.,0.,0.,0.125,0.125,0.25,0.25,0.375,0.375,         605P    586
0.5,0.5,0.625,0.625,0.75,0.75,0.875,0.875,1.,1.,1.,1.,1.,1.,1.,      605P    587
1.,1.,1.,1.,1.,1.,1.,1.,1.,1.,1.,1.,1.,0.681754512,0.261917835,      605P    588
0.,0.681754512,0.259563485,0.,0.680983837,0.257388349,0.,            605P    589
0.680213163,0.255213214,0.,0.678789142,0.253548437,0.,               605P    590
0.67736512,0.25188366,0.,0.675504547,0.250982689,0.,                 605P    591
0.673643974,0.250081719,0.,0.671630103,0.250081719,0.,               605P    592
0.669616233,0.250081719,0.,0.66775566,0.250982689,0.,                605P    593
0.665895087,0.25188366,0.,0.664471065,0.253548437,0.,                605P    594
0.663047044,0.255213214,0.,0.662276369,0.257388349,0.,               605P    595
0.661505695,0.259563485,0.,0.661505695,0.261917835,0.,0.,1.,0.,      605P    596
0.,1.;                                                               605P    597
124,1.,-7.105427357601E-015,0.,-1.10713533010405E-013,               607P    598
-7.105427357601E-015,-1.,6.98296267768627E-015,                      607P    599
-30.2299820628292,-4.96169340471387E-029,                            607P    600
-6.98296267768627E-015,-1.,7.99999999999989;                         607P    601
100,4.,42.380278179,-15.114991031,44.880278179,-15.114991031,        609P    602
39.880278179,-15.114991031;                                          609P    603
126,1,1,1,0,1,0,0.,0.,1.,1.,1.,1.,0.661505695,0.261917835,0.,        611P    604
0.661505695,0.290324515,0.,0.,1.,0.,0.,1.;                           611P    605
110,39.880278179,-15.114991031,4.,39.880278179,-9.114991031,4.;      613P    606
102,4,595,601,605,611;                                               615P    607
102,4,599,603,609,613;                                               617P    608
142,1,539,615,617,1;                                                 619P    609
126,16,2,1,0,1,0,0.,0.,0.,0.125,0.125,0.25,0.25,0.375,0.375,         621P    610
0.5,0.5,0.625,0.625,0.75,0.75,0.875,0.875,1.,1.,1.,1.,1.,1.,1.,      621P    611
1.,1.,1.,1.,1.,1.,1.,1.,1.,1.,1.,1.,1.,0.650043737,0.627014646,      621P    612
0.,0.650043737,0.628662691,0.,0.65058321,0.630185286,0.,             621P    613
0.651122682,0.631707881,0.,0.652119497,0.632873225,0.,               621P    614
0.653116312,0.634038569,0.,0.654418713,0.634669248,0.,               621P    615
0.655721114,0.635299928,0.,0.657130824,0.635299928,0.,               621P    616
0.658540533,0.635299928,0.,0.659842934,0.634669248,0.,               621P    617
0.661145335,0.634038569,0.,0.66214215,0.632873225,0.,                621P    618
0.663138965,0.631707881,0.,0.663678437,0.630185286,0.,               621P    619
0.66421791,0.628662691,0.,0.66421791,0.627014646,0.,0.,1.,0.,        621P    620
0.,1.;                                                               621P    621
124,-1.,-6.98296267768627E-015,0.,77.6000000000004,                  623P    622
-6.98296267768627E-015,1.,-6.98296267768627E-015,                    623P    623
2.9936916734194E-013,4.87617677579594E-029,                          623P    624
-6.98296267768627E-015,-1.,8.00000000000043;                         623P    625
100,4.,38.8,62.,40.55,62.,37.05,62.;                                 625P    626
126,16,2,1,0,1,0,0.,0.,0.,0.125,0.125,0.25,0.25,0.375,0.375,         627P    627
0.5,0.5,0.625,0.625,0.75,0.75,0.875,0.875,1.,1.,1.,1.,1.,1.,1.,      627P    628
1.,1.,1.,1.,1.,1.,1.,1.,1.,1.,1.,1.,1.,0.66421791,0.627014646,       627P    629
0.,0.66421791,0.625366601,0.,0.663678437,0.623844006,0.,             627P    630
0.663138965,0.622321411,0.,0.66214215,0.621156067,0.,                627P    631
0.661145335,0.619990724,0.,0.659842934,0.619360044,0.,               627P    632
0.658540533,0.618729365,0.,0.657130824,0.618729365,0.,               627P    633
0.655721114,0.618729365,0.,0.654418713,0.619360044,0.,               627P    634
0.653116312,0.619990724,0.,0.652119497,0.621156067,0.,               627P    635
0.651122682,0.622321411,0.,0.65058321,0.623844006,0.,                627P    636
0.650043737,0.625366601,0.,0.650043737,0.627014646,0.,0.,1.,0.,      627P    637
0.,1.;                                                               627P    638
124,1.,-7.105427357601E-015,0.,4.43922676396371E-013,                629P    639
-7.105427357601E-015,-1.,6.98296267768627E-015,124.,                 629P    640
-4.96169340471387E-029,-6.98296267768627E-015,-1.,                   629P    641
8.00000000000043;                                                    629P    642
100,4.,38.8,62.,40.55,62.,37.05,62.;                                 631P    643
102,2,621,627;                                                       633P    644
102,2,625,631;                                                       635P    645
142,1,539,633,635,1;                                                 637P    646
126,16,2,1,0,1,0,0.,0.,0.,0.125,0.125,0.25,0.25,0.375,0.375,         639P    647
0.5,0.5,0.625,0.625,0.75,0.75,0.875,0.875,1.,1.,1.,1.,1.,1.,1.,      639P    648
1.,1.,1.,1.,1.,1.,1.,1.,1.,1.,1.,1.,1.,0.355220955,0.186711108,      639P    649
0.,0.355220955,0.188359153,0.,0.355760427,0.189881748,0.,            639P    650
0.3562999,0.191404343,0.,0.357296715,0.192569687,0.,                 639P    651
0.358293529,0.19373503,0.,0.359595931,0.19436571,0.,                 639P    652
0.360898332,0.194996389,0.,0.362308041,0.194996389,0.,               639P    653
0.36371775,0.194996389,0.,0.365020152,0.19436571,0.,                 639P    654
0.366322553,0.19373503,0.,0.367319368,0.192569687,0.,                639P    655
0.368316183,0.191404343,0.,0.368855655,0.189881748,0.,               639P    656
0.369395127,0.188359153,0.,0.369395127,0.186711108,0.,0.,1.,0.,      639P    657
0.,1.;                                                               639P    658
124,-1.,-6.98296267768627E-015,0.,-68.0000000000002,                 641P    659
-6.98296267768627E-015,1.,-6.98296267768627E-015,                    641P    660
-2.10810943543962E-013,4.87617677579594E-029,                        641P    661
-6.98296267768627E-015,-1.,7.99999999999978;                         641P    662
100,4.,-34.,-31.,-32.25,-31.,-35.75,-31.;                            643P    663
126,16,2,1,0,1,0,0.,0.,0.,0.125,0.125,0.25,0.25,0.375,0.375,         645P    664
0.5,0.5,0.625,0.625,0.75,0.75,0.875,0.875,1.,1.,1.,1.,1.,1.,1.,      645P    665
1.,1.,1.,1.,1.,1.,1.,1.,1.,1.,1.,1.,1.,0.369395127,0.186711108,      645P    666
0.,0.369395127,0.185063063,0.,0.368855655,0.183540468,0.,            645P    667
0.368316183,0.182017873,0.,0.367319368,0.180852529,0.,               645P    668
0.366322553,0.179687185,0.,0.365020152,0.179056506,0.,               645P    669
0.36371775,0.178425826,0.,0.362308041,0.178425826,0.,                645P    670
0.360898332,0.178425826,0.,0.359595931,0.179056506,0.,               645P    671
0.358293529,0.179687185,0.,0.357296715,0.180852529,0.,               645P    672
0.3562999,0.182017873,0.,0.355760427,0.183540468,0.,                 645P    673
0.355220955,0.185063063,0.,0.355220955,0.186711108,0.,0.,1.,0.,      645P    674
0.,1.;                                                               645P    675
124,1.,-7.105427357601E-015,0.,-2.18491891246233E-013,               647P    676
-7.105427357601E-015,-1.,6.98296267768627E-015,                      647P    677
-62.0000000000003,-4.96169340471387E-029,                            647P    678
-6.98296267768627E-015,-1.,7.99999999999978;                         647P    679
100,4.,-34.,-31.,-32.25,-31.,-35.75,-31.;                            649P    680
102,2,639,645;                                                       651P    681
102,2,643,649;                                                       653P    682
142,1,539,651,653,1;                                                 655P    683
126,16,2,1,0,1,0,0.,0.,0.,0.125,0.125,0.25,0.25,0.375,0.375,         657P    684
0.5,0.5,0.625,0.625,0.75,0.75,0.875,0.875,1.,1.,1.,1.,1.,1.,1.,      657P    685
1.,1.,1.,1.,1.,1.,1.,1.,1.,1.,1.,1.,1.,0.357302006,0.680788628,      657P    686
0.,0.357302006,0.682436673,0.,0.357841478,0.683959268,0.,            657P    687
0.35838095,0.685481863,0.,0.359377765,0.686647207,0.,                657P    688
0.36037458,0.68781255,0.,0.361676982,0.68844323,0.,0.362979383,      657P    689
0.68907391,0.,0.364389092,0.68907391,0.,0.365798801,0.68907391,      657P    690
0.,0.367101202,0.68844323,0.,0.368403604,0.68781255,0.,              657P    691
0.369400419,0.686647207,0.,0.370397233,0.685481863,0.,               657P    692
0.370936706,0.683959268,0.,0.371476178,0.682436673,0.,               657P    693
0.371476178,0.680788628,0.,0.,1.,0.,0.,1.;                           657P    694
124,-1.,-6.98296267768627E-015,0.,-66.972260595597,                  659P    695
-6.98296267768627E-015,1.,-6.98296267768627E-015,                    659P    696
-2.03634277640622E-013,4.87617677579594E-029,                        659P    697
-6.98296267768627E-015,-1.,8.00000000000051;                         659P    698
100,4.,-33.486130298,73.358028862,-31.736130298,73.358028862,        661P    699
-35.236130298,73.358028862;                                          661P    700
126,16,2,1,0,1,0,0.,0.,0.,0.125,0.125,0.25,0.25,0.375,0.375,         663P    701
0.5,0.5,0.625,0.625,0.75,0.75,0.875,0.875,1.,1.,1.,1.,1.,1.,1.,      663P    702
1.,1.,1.,1.,1.,1.,1.,1.,1.,1.,1.,1.,1.,0.371476178,0.680788628,      663P    703
0.,0.371476178,0.679140583,0.,0.370936706,0.677617988,0.,            663P    704
0.370397233,0.676095393,0.,0.369400419,0.674930049,0.,               663P    705
0.368403604,0.673764705,0.,0.367101202,0.673134026,0.,               663P    706
0.365798801,0.672503346,0.,0.364389092,0.672503346,0.,               663P    707
0.362979383,0.672503346,0.,0.361676982,0.673134026,0.,               663P    708
0.36037458,0.673764705,0.,0.359377765,0.674930049,0.,                663P    709
0.35838095,0.676095393,0.,0.357841478,0.677617988,0.,                663P    710
0.357302006,0.679140583,0.,0.357302006,0.680788628,0.,0.,1.,0.,      663P    711
0.,1.;                                                               663P    712
124,1.,-7.105427357601E-015,0.,5.22063247556799E-013,                665P    713
-7.105427357601E-015,-1.,6.98296267768627E-015,146.71605772377,      665P    714
-4.96169340471387E-029,-6.98296267768627E-015,-1.,                   665P    715
8.00000000000051;                                                    665P    716
100,4.,-33.486130298,73.358028862,-31.736130298,73.358028862,        667P    717
-35.236130298,73.358028862;                                          667P    718
102,2,657,663;                                                       669P    719
102,2,661,667;                                                       671P    720
142,1,539,669,671,1;                                                 673P    721
126,16,2,1,0,1,0,0.,0.,0.,0.125,0.125,0.25,0.25,0.375,0.375,         675P    722
0.5,0.5,0.625,0.625,0.75,0.75,0.875,0.875,1.,1.,1.,1.,1.,1.,1.,      675P    723
1.,1.,1.,1.,1.,1.,1.,1.,1.,1.,1.,1.,1.,0.357302006,0.458269635,      675P    724
0.,0.357302006,0.45991768,0.,0.357841478,0.461440275,0.,             675P    725
0.35838095,0.46296287,0.,0.359377765,0.464128214,0.,0.36037458,      675P    726
0.465293558,0.,0.361676982,0.465924237,0.,0.362979383,               675P    727
0.466554917,0.,0.364389092,0.466554917,0.,0.365798801,               675P    728
0.466554917,0.,0.367101202,0.465924237,0.,0.368403604,               675P    729
0.465293558,0.,0.369400419,0.464128214,0.,0.370397233,               675P    730
0.46296287,0.,0.370936706,0.461440275,0.,0.371476178,                675P    731
0.45991768,0.,0.371476178,0.458269635,0.,0.,1.,0.,0.,1.;             675P    732
124,-1.,-6.98296267768627E-015,0.,-66.9722605955974,                 677P    733
-6.98296267768627E-015,1.,-6.98296267768627E-015,                    677P    734
-2.0710372459258E-013,4.87617677579594E-029,                         677P    735
-6.98296267768627E-015,-1.,8.00000000000018;                         677P    736
100,4.,-33.486130298,26.358028862,-31.736130298,26.358028862,        679P    737
-35.236130298,26.358028862;                                          679P    738
126,16,2,1,0,1,0,0.,0.,0.,0.125,0.125,0.25,0.25,0.375,0.375,         681P    739
0.5,0.5,0.625,0.625,0.75,0.75,0.875,0.875,1.,1.,1.,1.,1.,1.,1.,      681P    740
1.,1.,1.,1.,1.,1.,1.,1.,1.,1.,1.,1.,1.,0.371476178,0.458269635,      681P    741
0.,0.371476178,0.45662159,0.,0.370936706,0.455098995,0.,             681P    742
0.370397233,0.4535764,0.,0.369400419,0.452411056,0.,                 681P    743
0.368403604,0.451245713,0.,0.367101202,0.450615033,0.,               681P    744
0.365798801,0.449984354,0.,0.364389092,0.449984354,0.,               681P    745
0.362979383,0.449984354,0.,0.361676982,0.450615033,0.,               681P    746
0.36037458,0.451245713,0.,0.359377765,0.452411056,0.,                681P    747
0.35838095,0.4535764,0.,0.357841478,0.455098995,0.,0.357302006,      681P    748
0.45662159,0.,0.357302006,0.458269635,0.,0.,1.,0.,0.,1.;             681P    749
124,1.,-7.105427357601E-015,0.,1.87219983329852E-013,                683P    750
-7.105427357601E-015,-1.,6.98296267768627E-015,                      683P    751
52.7160577237697,-4.96169340471387E-029,-6.98296267768627E-015,      683P    752
-1.,8.00000000000018;                                                683P    753
100,4.,-33.486130298,26.358028862,-31.736130298,26.358028862,        685P    754
-35.236130298,26.358028862;                                          685P    755
102,2,675,681;                                                       687P    756
102,2,679,685;                                                       689P    757
142,1,539,687,689,1;                                                 691P    758
126,16,2,1,0,1,0,0.,0.,0.,0.125,0.125,0.25,0.25,0.375,0.375,         693P    759
0.5,0.5,0.625,0.625,0.75,0.75,0.875,0.875,1.,1.,1.,1.,1.,1.,1.,      693P    760
1.,1.,1.,1.,1.,1.,1.,1.,1.,1.,1.,1.,1.,0.609343614,0.49445014,       693P    761
0.,0.609343614,0.49633362,0.,0.609960154,0.498073729,0.,             693P    762
0.610576694,0.499813837,0.,0.611715911,0.501145659,0.,               693P    763
0.612855128,0.50247748,0.,0.614343587,0.503198257,0.,                693P    764
0.615832045,0.503919033,0.,0.617443141,0.503919033,0.,               693P    765
0.619054237,0.503919033,0.,0.620542696,0.503198257,0.,               693P    766
0.622031155,0.50247748,0.,0.623170372,0.501145659,0.,                693P    767
0.624309589,0.499813837,0.,0.624926129,0.498073729,0.,               693P    768
0.625542668,0.49633362,0.,0.625542668,0.49445014,0.,0.,1.,0.,        693P    769
0.,1.;                                                               693P    770
124,-1.,-6.98296267768627E-015,0.,58.0000000000002,                  695P    771
-6.98296267768627E-015,1.,-6.98296267768627E-015,                    695P    772
2.31892037898358E-013,4.87617677579594E-029,                         695P    773
-6.98296267768627E-015,-1.,8.00000000000024;                         695P    774
100,4.,29.,34.,31.,34.,27.,34.;                                      697P    775
126,16,2,1,0,1,0,0.,0.,0.,0.125,0.125,0.25,0.25,0.375,0.375,         699P    776
0.5,0.5,0.625,0.625,0.75,0.75,0.875,0.875,1.,1.,1.,1.,1.,1.,1.,      699P    777
1.,1.,1.,1.,1.,1.,1.,1.,1.,1.,1.,1.,1.,0.625542668,0.49445014,       699P    778
0.,0.625542668,0.49256666,0.,0.624926129,0.490826551,0.,             699P    779
0.624309589,0.489086443,0.,0.623170372,0.487754621,0.,               699P    780
0.622031155,0.4864228,0.,0.620542696,0.485702023,0.,                 699P    781
0.619054237,0.484981247,0.,0.617443141,0.484981247,0.,               699P    782
0.615832045,0.484981247,0.,0.614343587,0.485702023,0.,               699P    783
0.612855128,0.4864228,0.,0.611715911,0.487754621,0.,                 699P    784
0.610576694,0.489086443,0.,0.609960154,0.490826551,0.,               699P    785
0.609343614,0.49256666,0.,0.609343614,0.49445014,0.,0.,1.,0.,        699P    786
0.,1.;                                                               699P    787
124,1.,-7.105427357601E-015,0.,2.40307773680117E-013,                701P    788
-7.105427357601E-015,-1.,6.98296267768627E-015,                      701P    789
68.0000000000002,-4.96169340471387E-029,-6.98296267768627E-015,      701P    790
-1.,8.00000000000024;                                                701P    791
100,4.,29.,34.,31.,34.,27.,34.;                                      703P    792
102,2,693,699;                                                       705P    793
102,2,697,703;                                                       707P    794
142,1,539,705,707,1;                                                 709P    795
126,16,2,1,0,1,0,0.,0.,0.,0.125,0.125,0.25,0.25,0.375,0.375,         711P    796
0.5,0.5,0.625,0.625,0.75,0.75,0.875,0.875,1.,1.,1.,1.,1.,1.,1.,      711P    797
1.,1.,1.,1.,1.,1.,1.,1.,1.,1.,1.,1.,1.,0.371116469,0.49445014,       711P    798
0.,0.371116469,0.49633362,0.,0.371733009,0.498073729,0.,             711P    799
0.372349549,0.499813837,0.,0.373488765,0.501145659,0.,               711P    800
0.374627982,0.50247748,0.,0.376116441,0.503198257,0.,0.3776049,      711P    801
0.503919033,0.,0.379215996,0.503919033,0.,0.380827092,               711P    802
0.503919033,0.,0.382315551,0.503198257,0.,0.383804009,               711P    803
0.50247748,0.,0.384943226,0.501145659,0.,0.386082443,                711P    804
0.499813837,0.,0.386698983,0.498073729,0.,0.387315523,               711P    805
0.49633362,0.,0.387315523,0.49445014,0.,0.,1.,0.,0.,1.;              711P    806
124,-1.,-6.98296267768627E-015,0.,-59.6499051026338,                 713P    807
-6.98296267768627E-015,1.,-6.98296267768627E-015,                    713P    808
-1.80258118136139E-013,4.87617677579594E-029,                        713P    809
-6.98296267768627E-015,-1.,8.00000000000024;                         713P    810
100,4.,-29.824952551,34.,-27.824952551,34.,-31.824952551,34.;        715P    811
126,16,2,1,0,1,0,0.,0.,0.,0.125,0.125,0.25,0.25,0.375,0.375,         717P    812
0.5,0.5,0.625,0.625,0.75,0.75,0.875,0.875,1.,1.,1.,1.,1.,1.,1.,      717P    813
1.,1.,1.,1.,1.,1.,1.,1.,1.,1.,1.,1.,1.,0.387315523,0.49445014,       717P    814
0.,0.387315523,0.49256666,0.,0.386698983,0.490826551,0.,             717P    815
0.386082443,0.489086443,0.,0.384943226,0.487754621,0.,               717P    816
0.383804009,0.4864228,0.,0.382315551,0.485702023,0.,                 717P    817
0.380827092,0.484981247,0.,0.379215996,0.484981247,0.,               717P    818
0.3776049,0.484981247,0.,0.376116441,0.485702023,0.,                 717P    819
0.374627982,0.4864228,0.,0.373488765,0.487754621,0.,                 717P    820
0.372349549,0.489086443,0.,0.371733009,0.490826551,0.,               717P    821
0.371116469,0.49256666,0.,0.371116469,0.49445014,0.,0.,1.,0.,        717P    822
0.,1.;                                                               717P    823
124,1.,-7.105427357601E-015,0.,2.40307773680114E-013,                719P    824
-7.105427357601E-015,-1.,6.98296267768627E-015,                      719P    825
67.9999999999998,-4.96169340471387E-029,-6.98296267768627E-015,      719P    826
-1.,8.00000000000024;                                                719P    827
100,4.,-29.824952551,34.,-27.824952551,34.,-31.824952551,34.;        721P    828
102,2,711,717;                                                       723P    829
102,2,715,721;                                                       725P    830
142,1,539,723,725,1;                                                 727P    831
126,32,2,1,0,1,0,0.,0.,0.,0.0625,0.0625,0.125,0.125,0.1875,          729P    832
0.1875,0.25,0.25,0.3125,0.3125,0.375,0.375,0.4375,0.4375,0.5,        729P    833
0.5,0.5625,0.5625,0.625,0.625,0.6875,0.6875,0.75,0.75,0.8125,        729P    834
0.8125,0.875,0.875,0.9375,0.9375,1.,1.,1.,1.,1.,1.,1.,1.,1.,1.,      729P    835
1.,1.,1.,1.,1.,1.,1.,1.,1.,1.,1.,1.,1.,1.,1.,1.,1.,1.,1.,1.,1.,      729P    836
1.,1.,1.,1.,1.,0.459502365,0.333478954,0.,0.459502365,               729P    837
0.338141977,0.,0.460280516,0.342715401,0.,0.461058666,               729P    838
0.347288825,0.,0.462585064,0.351596897,0.,0.464111461,               729P    839
0.355904968,0.,0.466327447,0.35978213,0.,0.468543433,                729P    840
0.363659292,0.,0.471363848,0.366956547,0.,0.474184263,               729P    841
0.370253802,0.,0.47750072,0.372844439,0.,0.480817177,                729P    842
0.375435076,0.,0.484502226,0.377219537,0.,0.488187276,               729P    843
0.379003999,0.,0.492099303,0.37991371,0.,0.496011331,                729P    844
0.38082342,0.,0.5,0.38082342,0.,0.503988669,0.38082342,0.,           729P    845
0.507900697,0.37991371,0.,0.511812724,0.379003999,0.,                729P    846
0.515497774,0.377219537,0.,0.519182823,0.375435076,0.,               729P    847
0.52249928,0.372844439,0.,0.525815737,0.370253802,0.,                729P    848
0.528636152,0.366956547,0.,0.531456567,0.363659292,0.,               729P    849
0.533672553,0.35978213,0.,0.535888539,0.355904968,0.,                729P    850
0.537414936,0.351596897,0.,0.538941334,0.347288825,0.,               729P    851
0.539719484,0.342715401,0.,0.540497635,0.338141977,0.,               729P    852
0.540497635,0.333478954,0.,0.,1.,0.,0.,1.;                           729P    853
124,-1.,-6.98296267768627E-015,0.,0.,-6.98296267768627E-015,1.,      731P    854
-6.98296267768627E-015,2.79318507107451E-014,                        731P    855
4.87617677579594E-029,-6.98296267768627E-015,-1.,8.;                 731P    856
100,4.,0.,0.,10.,0.,-10.,0.;                                         733P    857
126,32,2,1,0,1,0,0.,0.,0.,0.0625,0.0625,0.125,0.125,0.1875,          735P    858
0.1875,0.25,0.25,0.3125,0.3125,0.375,0.375,0.4375,0.4375,0.5,        735P    859
0.5,0.5625,0.5625,0.625,0.625,0.6875,0.6875,0.75,0.75,0.8125,        735P    860
0.8125,0.875,0.875,0.9375,0.9375,1.,1.,1.,1.,1.,1.,1.,1.,1.,1.,      735P    861
1.,1.,1.,1.,1.,1.,1.,1.,1.,1.,1.,1.,1.,1.,1.,1.,1.,1.,1.,1.,1.,      735P    862
1.,1.,1.,1.,1.,0.540497635,0.333478954,0.,0.540497635,               735P    863
0.328815931,0.,0.539719484,0.324242507,0.,0.538941334,               735P    864
0.319669082,0.,0.537414936,0.315361011,0.,0.535888539,               735P    865
0.311052939,0.,0.533672553,0.307175778,0.,0.531456567,               735P    866
0.303298616,0.,0.528636152,0.300001361,0.,0.525815737,               735P    867
0.296704105,0.,0.52249928,0.294113469,0.,0.519182823,                735P    868
0.291522832,0.,0.515497774,0.28973837,0.,0.511812724,                735P    869
0.287953909,0.,0.507900697,0.287044198,0.,0.503988669,               735P    870
0.286134487,0.,0.5,0.286134487,0.,0.496011331,0.286134487,0.,        735P    871
0.492099303,0.287044198,0.,0.488187276,0.287953909,0.,               735P    872
0.484502226,0.28973837,0.,0.480817177,0.291522832,0.,                735P    873
0.47750072,0.294113469,0.,0.474184263,0.296704105,0.,                735P    874
0.471363848,0.300001361,0.,0.468543433,0.303298616,0.,               735P    875
0.466327447,0.307175778,0.,0.464111461,0.311052939,0.,               735P    876
0.462585064,0.315361011,0.,0.461058666,0.319669082,0.,               735P    877
0.460280516,0.324242507,0.,0.459502365,0.328815931,0.,               735P    878
0.459502365,0.333478954,0.,0.,1.,0.,0.,1.;                           735P    879
124,1.,-7.35035671743047E-015,8.55166289179392E-031,                 737P    880
-3.42066515671757E-030,-7.35035671743047E-015,-1.,                   737P    881
6.98296267768627E-015,-2.79318507107451E-014,                        737P    882
-5.04721003363181E-029,-6.98296267768627E-015,-1.,8.;                737P    883
100,4.,0.,0.,10.,0.,-10.,0.;                                         739P    884
102,2,729,735;                                                       741P    885
102,2,733,739;                                                       743P    886
142,1,539,741,743,1;                                                 745P    887
144,539,1,8,593,619,637,655,673,691,709,727,745;                     747P    888
128,1,1,1,1,0,0,1,0,0,0.,0.,1.,1.,0.,0.,1.,1.,1.,1.,1.,1.,           749P    889
-123.464,-70.436732841,0.,123.464,-70.436732841,0.,-123.464,         749P    890
140.781192685,0.,123.464,140.781192685,0.,0.,1.,0.,1.;               749P    891
126,1,1,1,0,1,0,0.,0.,1.,1.,1.,1.,0.994071146,0.,0.,                 751P    892
0.619425514,0.758614025,0.,0.,1.,0.,0.,1.;                           751P    893
110,122.,-70.436732841,0.,29.489503205,89.796147842,0.;              753P    894
126,1,1,1,0,1,0,0.,0.,1.,1.,1.,1.,0.619425514,0.758614025,0.,        755P    895
0.581391954,0.881638834,0.,0.,1.,0.,0.,1.;                           755P    896
110,29.489503205,89.796147842,0.,20.097952479,115.781192685,0.;      757P    897
126,8,2,1,0,1,0,0.,0.,0.,0.25,0.25,0.5,0.5,0.75,0.75,1.,1.,1.,       759P    898
1.,1.,1.,1.,1.,1.,1.,1.,1.,0.581391954,0.881638834,0.,               759P    899
0.577370577,0.898483407,0.,0.5714579,0.914549764,0.,                 759P    900
0.565545673,0.930614901,0.,0.557849379,0.945610712,0.,               759P    901
0.550153085,0.960606523,0.,0.540810157,0.974265228,0.,               759P    902
0.53146652,0.98792497,0.,0.520645502,1.,0.,0.,1.,0.,0.,-1.;          759P    903
126,4,4,1,0,1,0,128.3108397,128.3108397,128.3108397,                 761P    904
128.3108397,128.3108397,157.8182071,157.8182071,157.8182071,         761P    905
157.8182071,157.8182071,1.,1.,1.,1.,1.,20.097952479,                 761P    906
115.781192685,0.,18.114888679,122.886490285,0.,14.860356579,         761P    907
129.638635085,0.,10.434126179,135.687761085,0.,5.097952479,          761P    908
140.781192685,0.,128.3108397,157.8182071,0.,0.,-1.;                  761P    909
126,1,1,1,0,1,0,0.,0.,1.,1.,1.,1.,0.520645502,1.,0.,                 763P    910
0.479354498,1.,0.,0.,1.,0.,0.,1.;                                    763P    911
110,5.097952479,140.781192685,0.,-5.097952479,140.781192685,0.;      765P    912
126,8,2,1,0,1,0,0.,0.,0.,0.25,0.25,0.5,0.5,0.75,0.75,1.,1.,1.,       767P    913
1.,1.,1.,1.,1.,1.,1.,1.,1.,0.479354498,1.,0.,0.46853348,             767P    914
0.98792497,0.,0.459189843,0.974265228,0.,0.449846915,                767P    915
0.960606523,0.,0.442150621,0.945610712,0.,0.434454327,               767P    916
0.930614901,0.,0.4285421,0.914549764,0.,0.422629423,                 767P    917
0.898483407,0.,0.418608046,0.881638834,0.,0.,1.,0.,0.,-1.;           767P    918
126,4,4,1,0,1,0,14.9693888,14.9693888,14.9693888,14.9693888,         769P    919
14.9693888,44.47675623,44.47675623,44.47675623,44.47675623,          769P    920
44.47675623,1.,1.,1.,1.,1.,-5.097952479,140.781192685,0.,            769P    921
-10.434126179,135.687761085,0.,-14.860356579,129.638635085,0.,       769P    922
-18.114888679,122.886490285,0.,-20.097952479,115.781192685,0.,       769P    923
14.9693888,44.47675623,0.,0.,-1.;                                    769P    924
126,1,1,1,0,1,0,0.,0.,1.,1.,1.,1.,0.418608046,0.881638834,0.,        771P    925
0.380574486,0.758614025,0.,0.,1.,0.,0.,1.;                           771P    926
110,-20.097952479,115.781192685,0.,-29.489503205,89.796147842,       773P    927
0.;                                                                  773P    928
126,1,1,1,0,1,0,0.,0.,1.,1.,1.,1.,0.380574486,0.758614025,0.,        775P    929
0.005928854,0.,0.,0.,1.,0.,0.,1.;                                    775P    930
110,-29.489503205,89.796147842,0.,-122.,-70.436732841,0.;            777P    931
126,1,1,1,0,1,0,0.,0.,1.,1.,1.,1.,0.005928854,0.,0.,                 779P    932
0.419373568,0.,0.,0.,1.,0.,0.,1.;                                    779P    933
110,-122.,-70.436732841,0.,-19.908923558,-70.436732841,0.;           781P    934
126,8,2,1,0,1,0,0.,0.,0.,0.25,0.25,0.5,0.5,0.75,0.75,1.,1.,1.,       783P    935
1.,1.,1.,1.,1.,1.,1.,1.,1.,0.419373568,0.,0.,0.423286132,            783P    936
0.01687956,0.,0.429094962,0.032997607,0.,0.434903352,                783P    937
0.04911443,0.,0.442502658,0.064177692,0.,0.450101964,                783P    938
0.079240955,0.,0.459356485,0.092981671,0.,0.468611709,               783P    939
0.106723431,0.,0.479354498,0.118893554,0.,0.,1.,0.,0.,1.;            783P    940
126,4,4,1,0,1,0,14.9693888,14.9693888,14.9693888,14.9693888,         785P    941
14.9693888,44.47675623,44.47675623,44.47675623,44.47675623,          785P    942
44.47675623,1.,1.,1.,1.,1.,-19.908923558,-70.436732841,0.,           785P    943
-17.979519143,-63.316677039,0.,-14.776018395,-56.540171926,0.,       785P    944
-10.395549059,-50.457826218,0.,-5.097952479,-45.324283026,0.,        785P    945
14.9693888,44.47675623,0.,0.,1.;                                     785P    946
126,1,1,1,0,1,0,0.,0.,1.,1.,1.,1.,0.479354498,0.118893554,0.,        787P    947
0.520645502,0.118893554,0.,0.,1.,0.,0.,1.;                           787P    948
110,-5.097952479,-45.324283026,0.,5.097952479,-45.324283026,0.;      789P    949
126,8,2,1,0,1,0,0.,0.,0.,0.25,0.25,0.5,0.5,0.75,0.75,1.,1.,1.,       791P    950
1.,1.,1.,1.,1.,1.,1.,1.,1.,0.520645502,0.118893554,0.,               791P    951
0.531575334,0.106783537,0.,0.541022817,0.093072105,0.,               791P    952
0.550469582,0.079361714,0.,0.558262865,0.064298452,0.,               791P    953
0.566056147,0.049235189,0.,0.572056781,0.033088041,0.,               791P    954
0.57805787,0.016939666,0.,0.582157477,0.,0.,0.,1.,0.,0.,1.;          791P    955
126,4,4,1,0,1,0,128.3108397,128.3108397,128.3108397,                 793P    956
128.3108397,128.3108397,157.8182071,157.8182071,157.8182071,         793P    957
157.8182071,157.8182071,1.,1.,1.,1.,1.,5.097952479,                  793P    958
-45.324283026,0.,10.487785563,-50.432472828,0.,14.965047317,         793P    959
-56.505959142,0.,18.26534048,-63.291323649,0.,20.2869814,            793P    960
-70.436732841,0.,128.3108397,157.8182071,0.,0.,1.;                   793P    961
126,1,1,1,0,1,0,0.,0.,1.,1.,1.,1.,0.582157477,0.,0.,                 795P    962
0.994071146,0.,0.,0.,1.,0.,0.,1.;                                    795P    963
110,20.2869814,-70.436732841,0.,122.,-70.436732841,0.;               797P    964
102,12,751,755,759,763,767,771,775,779,783,787,791,795;              799P    965
102,12,753,757,761,765,769,773,777,781,785,789,793,797;              801P    966
142,1,749,799,801,1;                                                 803P    967
126,16,2,1,0,1,0,0.,0.,0.,0.125,0.125,0.25,0.25,0.375,0.375,         805P    968
0.5,0.5,0.625,0.625,0.75,0.75,0.875,0.875,1.,1.,1.,1.,1.,1.,1.,      805P    969
1.,1.,1.,1.,1.,1.,1.,1.,1.,1.,1.,1.,1.,0.681754512,0.261917835,      805P    970
0.,0.681754512,0.259563485,0.,0.680983837,0.257388349,0.,            805P    971
0.680213163,0.255213214,0.,0.678789142,0.253548437,0.,               805P    972
0.67736512,0.25188366,0.,0.675504547,0.250982689,0.,                 805P    973
0.673643974,0.250081719,0.,0.671630103,0.250081719,0.,               805P    974
0.669616233,0.250081719,0.,0.66775566,0.250982689,0.,                805P    975
0.665895087,0.25188366,0.,0.664471065,0.253548437,0.,                805P    976
0.663047044,0.255213214,0.,0.662276369,0.257388349,0.,               805P    977
0.661505695,0.259563485,0.,0.661505695,0.261917835,0.,0.,1.,0.,      805P    978
0.,1.;                                                               805P    979
124,1.,-7.105427357601E-015,0.,-1.10713533010405E-013,               807P    980
-7.105427357601E-015,-1.,6.98296267768627E-015,                      807P    981
-30.2299820628292,-4.96169340471387E-029,                            807P    982
-6.98296267768627E-015,-1.,-1.0554741824593E-013;                    807P    983
100,0.,42.380278179,-15.114991031,44.880278179,-15.114991031,        809P    984
39.880278179,-15.114991031;                                          809P    985
126,1,1,1,0,1,0,0.,0.,1.,1.,1.,1.,0.661505695,0.261917835,0.,        811P    986
0.661505695,0.290324515,0.,0.,1.,0.,0.,1.;                           811P    987
110,39.880278179,-15.114991031,0.,39.880278179,-9.114991031,0.;      813P    988
126,16,2,1,0,1,0,0.,0.,0.,0.125,0.125,0.25,0.25,0.375,0.375,         815P    989
0.5,0.5,0.625,0.625,0.75,0.75,0.875,0.875,1.,1.,1.,1.,1.,1.,1.,      815P    990
1.,1.,1.,1.,1.,1.,1.,1.,1.,1.,1.,1.,1.,0.661505695,0.290324515,      815P    991
0.,0.661505695,0.292678865,0.,0.662276369,0.294854001,0.,            815P    992
0.663047044,0.297029137,0.,0.664471065,0.298693913,0.,               815P    993
0.665895087,0.30035869,0.,0.66775566,0.301259661,0.,                 815P    994
0.669616233,0.302160632,0.,0.671630103,0.302160632,0.,               815P    995
0.673643974,0.302160632,0.,0.675504547,0.301259661,0.,               815P    996
0.67736512,0.30035869,0.,0.678789142,0.298693913,0.,                 815P    997
0.680213163,0.297029137,0.,0.680983837,0.294854001,0.,               815P    998
0.681754512,0.292678865,0.,0.681754512,0.290324515,0.,0.,1.,0.,      815P    999
0.,1.;                                                               815P   1000
124,-1.,1.94729717047193E-014,-4.3608633439868E-029,                 817P   1001
84.7605563587493,1.94729717047193E-014,1.,                           817P   1002
-6.98296267768627E-015,-8.24811541085228E-013,                       817P   1003
-9.23704011978274E-029,-6.98296267768627E-015,-1.,                   817P   1004
-6.36496421798102E-014;                                              817P   1005
100,0.,42.380278179,-9.114991031,44.880278179,-9.114991031,          819P   1006
39.880278179,-9.114991031;                                           819P   1007
126,1,1,1,0,1,0,0.,0.,1.,1.,1.,1.,0.681754512,0.290324515,0.,        821P   1008
0.681754512,0.261917835,0.,0.,1.,0.,0.,1.;                           821P   1009
110,44.880278179,-9.114991031,0.,44.880278179,-15.114991031,0.;      823P   1010
102,4,805,811,815,821;                                               825P   1011
102,4,809,813,819,823;                                               827P   1012
142,1,749,825,827,1;                                                 829P   1013
126,16,2,1,0,1,0,0.,0.,0.,0.125,0.125,0.25,0.25,0.375,0.375,         831P   1014
0.5,0.5,0.625,0.625,0.75,0.75,0.875,0.875,1.,1.,1.,1.,1.,1.,1.,      831P   1015
1.,1.,1.,1.,1.,1.,1.,1.,1.,1.,1.,1.,1.,0.650043737,0.627014646,      831P   1016
0.,0.650043737,0.628662691,0.,0.65058321,0.630185286,0.,             831P   1017
0.651122682,0.631707881,0.,0.652119497,0.632873225,0.,               831P   1018
0.653116312,0.634038569,0.,0.654418713,0.634669248,0.,               831P   1019
0.655721114,0.635299928,0.,0.657130824,0.635299928,0.,               831P   1020
0.658540533,0.635299928,0.,0.659842934,0.634669248,0.,               831P   1021
0.661145335,0.634038569,0.,0.66214215,0.632873225,0.,                831P   1022
0.663138965,0.631707881,0.,0.663678437,0.630185286,0.,               831P   1023
0.66421791,0.628662691,0.,0.66421791,0.627014646,0.,0.,1.,0.,        831P   1024
0.,1.;                                                               831P   1025
124,-1.,-6.98296267768627E-015,0.,77.6000000000004,                  833P   1026
-6.98296267768627E-015,1.,-6.98296267768627E-015,                    833P   1027
2.71261041536078E-013,4.87617677579594E-029,                         833P   1028
-6.98296267768627E-015,-1.,4.32943686016547E-013;                    833P   1029
100,0.,38.8,62.,40.55,62.,37.05,62.;                                 835P   1030
126,16,2,1,0,1,0,0.,0.,0.,0.125,0.125,0.25,0.25,0.375,0.375,         837P   1031
0.5,0.5,0.625,0.625,0.75,0.75,0.875,0.875,1.,1.,1.,1.,1.,1.,1.,      837P   1032
1.,1.,1.,1.,1.,1.,1.,1.,1.,1.,1.,1.,1.,0.66421791,0.627014646,       837P   1033
0.,0.66421791,0.625366601,0.,0.663678437,0.623844006,0.,             837P   1034
0.663138965,0.622321411,0.,0.66214215,0.621156067,0.,                837P   1035
0.661145335,0.619990724,0.,0.659842934,0.619360044,0.,               837P   1036
0.658540533,0.618729365,0.,0.657130824,0.618729365,0.,               837P   1037
0.655721114,0.618729365,0.,0.654418713,0.619360044,0.,               837P   1038
0.653116312,0.619990724,0.,0.652119497,0.621156067,0.,               837P   1039
0.651122682,0.622321411,0.,0.65058321,0.623844006,0.,                837P   1040
0.650043737,0.625366601,0.,0.650043737,0.627014646,0.,0.,1.,0.,      837P   1041
0.,1.;                                                               837P   1042
124,1.,-7.105427357601E-015,0.,4.43922676396371E-013,                839P   1043
-7.105427357601E-015,-1.,6.98296267768627E-015,124.,                 839P   1044
-4.96169340471387E-029,-6.98296267768627E-015,-1.,                   839P   1045
4.32943686016551E-013;                                               839P   1046
100,0.,38.8,62.,40.55,62.,37.05,62.;                                 841P   1047
102,2,831,837;                                                       843P   1048
102,2,835,841;                                                       845P   1049
142,1,749,843,845,1;                                                 847P   1050
126,16,2,1,0,1,0,0.,0.,0.,0.125,0.125,0.25,0.25,0.375,0.375,         849P   1051
0.5,0.5,0.625,0.625,0.75,0.75,0.875,0.875,1.,1.,1.,1.,1.,1.,1.,      849P   1052
1.,1.,1.,1.,1.,1.,1.,1.,1.,1.,1.,1.,1.,0.355220955,0.186711108,      849P   1053
0.,0.355220955,0.188359153,0.,0.355760427,0.189881748,0.,            849P   1054
0.3562999,0.191404343,0.,0.357296715,0.192569687,0.,                 849P   1055
0.358293529,0.19373503,0.,0.359595931,0.19436571,0.,                 849P   1056
0.360898332,0.194996389,0.,0.362308041,0.194996389,0.,               849P   1057
0.36371775,0.194996389,0.,0.365020152,0.19436571,0.,                 849P   1058
0.366322553,0.19373503,0.,0.367319368,0.192569687,0.,                849P   1059
0.368316183,0.191404343,0.,0.368855655,0.189881748,0.,               849P   1060
0.369395127,0.188359153,0.,0.369395127,0.186711108,0.,0.,1.,0.,      849P   1061
0.,1.;                                                               849P   1062
124,-1.,-6.98296267768627E-015,0.,-68.0000000000002,                 851P   1063
-6.98296267768627E-015,1.,-6.98296267768627E-015,                    851P   1064
-2.38919069349823E-013,4.87617677579594E-029,                        851P   1065
-6.98296267768627E-015,-1.,-2.16471843008273E-013;                   851P   1066
100,0.,-34.,-31.,-32.25,-31.,-35.75,-31.;                            853P   1067
126,16,2,1,0,1,0,0.,0.,0.,0.125,0.125,0.25,0.25,0.375,0.375,         855P   1068
0.5,0.5,0.625,0.625,0.75,0.75,0.875,0.875,1.,1.,1.,1.,1.,1.,1.,      855P   1069
1.,1.,1.,1.,1.,1.,1.,1.,1.,1.,1.,1.,1.,0.369395127,0.186711108,      855P   1070
0.,0.369395127,0.185063063,0.,0.368855655,0.183540468,0.,            855P   1071
0.368316183,0.182017873,0.,0.367319368,0.180852529,0.,               855P   1072
0.366322553,0.179687185,0.,0.365020152,0.179056506,0.,               855P   1073
0.36371775,0.178425826,0.,0.362308041,0.178425826,0.,                855P   1074
0.360898332,0.178425826,0.,0.359595931,0.179056506,0.,               855P   1075
0.358293529,0.179687185,0.,0.357296715,0.180852529,0.,               855P   1076
0.3562999,0.182017873,0.,0.355760427,0.183540468,0.,                 855P   1077
0.355220955,0.185063063,0.,0.355220955,0.186711108,0.,0.,1.,0.,      855P   1078
0.,1.;                                                               855P   1079
124,1.,-7.105427357601E-015,0.,-2.18491891246233E-013,               857P   1080
-7.105427357601E-015,-1.,6.98296267768627E-015,                      857P   1081
-62.0000000000003,-4.96169340471387E-029,                            857P   1082
-6.98296267768627E-015,-1.,-2.16471843008276E-013;                   857P   1083
100,0.,-34.,-31.,-32.25,-31.,-35.75,-31.;                            859P   1084
102,2,849,855;                                                       861P   1085
102,2,853,859;                                                       863P   1086
142,1,749,861,863,1;                                                 865P   1087
126,16,2,1,0,1,0,0.,0.,0.,0.125,0.125,0.25,0.25,0.375,0.375,         867P   1088
0.5,0.5,0.625,0.625,0.75,0.75,0.875,0.875,1.,1.,1.,1.,1.,1.,1.,      867P   1089
1.,1.,1.,1.,1.,1.,1.,1.,1.,1.,1.,1.,1.,0.371476178,0.680788628,      867P   1090
0.,0.371476178,0.679140583,0.,0.370936706,0.677617988,0.,            867P   1091
0.370397233,0.676095393,0.,0.369400419,0.674930049,0.,               867P   1092
0.368403604,0.673764705,0.,0.367101202,0.673134026,0.,               867P   1093
0.365798801,0.672503346,0.,0.364389092,0.672503346,0.,               867P   1094
0.362979383,0.672503346,0.,0.361676982,0.673134026,0.,               867P   1095
0.36037458,0.673764705,0.,0.359377765,0.674930049,0.,                867P   1096
0.35838095,0.676095393,0.,0.357841478,0.677617988,0.,                867P   1097
0.357302006,0.679140583,0.,0.357302006,0.680788628,0.,0.,1.,0.,      867P   1098
0.,1.;                                                               867P   1099
124,1.,-7.105427357601E-015,0.,5.22063247556799E-013,                869P   1100
-7.105427357601E-015,-1.,6.98296267768627E-015,146.71605772377,      869P   1101
-4.96169340471387E-029,-6.98296267768627E-015,-1.,                   869P   1102
5.12256377651173E-013;                                               869P   1103
100,0.,-33.486130298,73.358028862,-31.736130298,73.358028862,        871P   1104
-35.236130298,73.358028862;                                          871P   1105
126,16,2,1,0,1,0,0.,0.,0.,0.125,0.125,0.25,0.25,0.375,0.375,         873P   1106
0.5,0.5,0.625,0.625,0.75,0.75,0.875,0.875,1.,1.,1.,1.,1.,1.,1.,      873P   1107
1.,1.,1.,1.,1.,1.,1.,1.,1.,1.,1.,1.,1.,0.357302006,0.680788628,      873P   1108
0.,0.357302006,0.682436673,0.,0.357841478,0.683959268,0.,            873P   1109
0.35838095,0.685481863,0.,0.359377765,0.686647207,0.,                873P   1110
0.36037458,0.68781255,0.,0.361676982,0.68844323,0.,0.362979383,      873P   1111
0.68907391,0.,0.364389092,0.68907391,0.,0.365798801,0.68907391,      873P   1112
0.,0.367101202,0.68844323,0.,0.368403604,0.68781255,0.,              873P   1113
0.369400419,0.686647207,0.,0.370397233,0.685481863,0.,               873P   1114
0.370936706,0.683959268,0.,0.371476178,0.682436673,0.,               873P   1115
0.371476178,0.680788628,0.,0.,1.,0.,0.,1.;                           873P   1116
124,-1.,-6.98296267768627E-015,0.,-66.972260595597,                  875P   1117
-6.98296267768627E-015,1.,-6.98296267768627E-015,                    875P   1118
-2.31742403446483E-013,4.87617677579594E-029,                        875P   1119
-6.98296267768627E-015,-1.,5.12256377651176E-013;                    875P   1120
100,0.,-33.486130298,73.358028862,-31.736130298,73.358028862,        877P   1121
-35.236130298,73.358028862;                                          877P   1122
102,2,867,873;                                                       879P   1123
102,2,871,877;                                                       881P   1124
142,1,749,879,881,1;                                                 883P   1125
126,16,2,1,0,1,0,0.,0.,0.,0.125,0.125,0.25,0.25,0.375,0.375,         885P   1126
0.5,0.5,0.625,0.625,0.75,0.75,0.875,0.875,1.,1.,1.,1.,1.,1.,1.,      885P   1127
1.,1.,1.,1.,1.,1.,1.,1.,1.,1.,1.,1.,1.,0.371476178,0.458269635,      885P   1128
0.,0.371476178,0.45662159,0.,0.370936706,0.455098995,0.,             885P   1129
0.370397233,0.4535764,0.,0.369400419,0.452411056,0.,                 885P   1130
0.368403604,0.451245713,0.,0.367101202,0.450615033,0.,               885P   1131
0.365798801,0.449984354,0.,0.364389092,0.449984354,0.,               885P   1132
0.362979383,0.449984354,0.,0.361676982,0.450615033,0.,               885P   1133
0.36037458,0.451245713,0.,0.359377765,0.452411056,0.,                885P   1134
0.35838095,0.4535764,0.,0.357841478,0.455098995,0.,0.357302006,      885P   1135
0.45662159,0.,0.357302006,0.458269635,0.,0.,1.,0.,0.,1.;             885P   1136
124,1.,-7.105427357601E-015,0.,1.87219983329852E-013,                887P   1137
-7.105427357601E-015,-1.,6.98296267768627E-015,                      887P   1138
52.7160577237697,-4.96169340471387E-029,-6.98296267768627E-015,      887P   1139
-1.,1.84057131799918E-013;                                           887P   1140
100,0.,-33.486130298,26.358028862,-31.736130298,26.358028862,        889P   1141
-35.236130298,26.358028862;                                          889P   1142
126,16,2,1,0,1,0,0.,0.,0.,0.125,0.125,0.25,0.25,0.375,0.375,         891P   1143
0.5,0.5,0.625,0.625,0.75,0.75,0.875,0.875,1.,1.,1.,1.,1.,1.,1.,      891P   1144
1.,1.,1.,1.,1.,1.,1.,1.,1.,1.,1.,1.,1.,0.357302006,0.458269635,      891P   1145
0.,0.357302006,0.45991768,0.,0.357841478,0.461440275,0.,             891P   1146
0.35838095,0.46296287,0.,0.359377765,0.464128214,0.,0.36037458,      891P   1147
0.465293558,0.,0.361676982,0.465924237,0.,0.362979383,               891P   1148
0.466554917,0.,0.364389092,0.466554917,0.,0.365798801,               891P   1149
0.466554917,0.,0.367101202,0.465924237,0.,0.368403604,               891P   1150
0.465293558,0.,0.369400419,0.464128214,0.,0.370397233,               891P   1151
0.46296287,0.,0.370936706,0.461440275,0.,0.371476178,                891P   1152
0.45991768,0.,0.371476178,0.458269635,0.,0.,1.,0.,0.,1.;             891P   1153
124,-1.,-6.98296267768627E-015,0.,-66.9722605955974,                 893P   1154
-6.98296267768627E-015,1.,-6.98296267768627E-015,                    893P   1155
-2.35211850398442E-013,4.87617677579594E-029,                        893P   1156
-6.98296267768627E-015,-1.,1.84057131799922E-013;                    893P   1157
100,0.,-33.486130298,26.358028862,-31.736130298,26.358028862,        895P   1158
-35.236130298,26.358028862;                                          895P   1159
102,2,885,891;                                                       897P   1160
102,2,889,895;                                                       899P   1161
142,1,749,897,899,1;                                                 901P   1162
126,16,2,1,0,1,0,0.,0.,0.,0.125,0.125,0.25,0.25,0.375,0.375,         903P   1163
0.5,0.5,0.625,0.625,0.75,0.75,0.875,0.875,1.,1.,1.,1.,1.,1.,1.,      903P   1164
1.,1.,1.,1.,1.,1.,1.,1.,1.,1.,1.,1.,1.,0.625542668,0.49445014,       903P   1165
0.,0.625542668,0.49256666,0.,0.624926129,0.490826551,0.,             903P   1166
0.624309589,0.489086443,0.,0.623170372,0.487754621,0.,               903P   1167
0.622031155,0.4864228,0.,0.620542696,0.485702023,0.,                 903P   1168
0.619054237,0.484981247,0.,0.617443141,0.484981247,0.,               903P   1169
0.615832045,0.484981247,0.,0.614343587,0.485702023,0.,               903P   1170
0.612855128,0.4864228,0.,0.611715911,0.487754621,0.,                 903P   1171
0.610576694,0.489086443,0.,0.609960154,0.490826551,0.,               903P   1172
0.609343614,0.49256666,0.,0.609343614,0.49445014,0.,0.,1.,0.,        903P   1173
0.,1.;                                                               903P   1174
124,1.,-7.105427357601E-015,0.,2.40307773680117E-013,                905P   1175
-7.105427357601E-015,-1.,6.98296267768627E-015,                      905P   1176
68.0000000000002,-4.96169340471387E-029,-6.98296267768627E-015,      905P   1177
-1.,2.37420731041335E-013;                                           905P   1178
100,0.,29.,34.,31.,34.,27.,34.;                                      907P   1179
126,16,2,1,0,1,0,0.,0.,0.,0.125,0.125,0.25,0.25,0.375,0.375,         909P   1180
0.5,0.5,0.625,0.625,0.75,0.75,0.875,0.875,1.,1.,1.,1.,1.,1.,1.,      909P   1181
1.,1.,1.,1.,1.,1.,1.,1.,1.,1.,1.,1.,1.,0.609343614,0.49445014,       909P   1182
0.,0.609343614,0.49633362,0.,0.609960154,0.498073729,0.,             909P   1183
0.610576694,0.499813837,0.,0.611715911,0.501145659,0.,               909P   1184
0.612855128,0.50247748,0.,0.614343587,0.503198257,0.,                909P   1185
0.615832045,0.503919033,0.,0.617443141,0.503919033,0.,               909P   1186
0.619054237,0.503919033,0.,0.620542696,0.503198257,0.,               909P   1187
0.622031155,0.50247748,0.,0.623170372,0.501145659,0.,                909P   1188
0.624309589,0.499813837,0.,0.624926129,0.498073729,0.,               909P   1189
0.625542668,0.49633362,0.,0.625542668,0.49445014,0.,0.,1.,0.,        909P   1190
0.,1.;                                                               909P   1191
124,-1.,-6.98296267768627E-015,0.,58.0000000000002,                  911P   1192
-6.98296267768627E-015,1.,-6.98296267768627E-015,                    911P   1193
2.03783912092497E-013,4.87617677579594E-029,                         911P   1194
-6.98296267768627E-015,-1.,2.37420731041332E-013;                    911P   1195
100,0.,29.,34.,31.,34.,27.,34.;                                      913P   1196
102,2,903,909;                                                       915P   1197
102,2,907,913;                                                       917P   1198
142,1,749,915,917,1;                                                 919P   1199
126,16,2,1,0,1,0,0.,0.,0.,0.125,0.125,0.25,0.25,0.375,0.375,         921P   1200
0.5,0.5,0.625,0.625,0.75,0.75,0.875,0.875,1.,1.,1.,1.,1.,1.,1.,      921P   1201
1.,1.,1.,1.,1.,1.,1.,1.,1.,1.,1.,1.,1.,0.387315523,0.49445014,       921P   1202
0.,0.387315523,0.49256666,0.,0.386698983,0.490826551,0.,             921P   1203
0.386082443,0.489086443,0.,0.384943226,0.487754621,0.,               921P   1204
0.383804009,0.4864228,0.,0.382315551,0.485702023,0.,                 921P   1205
0.380827092,0.484981247,0.,0.379215996,0.484981247,0.,               921P   1206
0.3776049,0.484981247,0.,0.376116441,0.485702023,0.,                 921P   1207
0.374627982,0.4864228,0.,0.373488765,0.487754621,0.,                 921P   1208
0.372349549,0.489086443,0.,0.371733009,0.490826551,0.,               921P   1209
0.371116469,0.49256666,0.,0.371116469,0.49445014,0.,0.,1.,0.,        921P   1210
0.,1.;                                                               921P   1211
124,1.,-7.105427357601E-015,0.,2.40307773680114E-013,                923P   1212
-7.105427357601E-015,-1.,6.98296267768627E-015,                      923P   1213
67.9999999999998,-4.96169340471387E-029,-6.98296267768627E-015,      923P   1214
-1.,2.37420731041332E-013;                                           923P   1215
100,0.,-29.824952551,34.,-27.824952551,34.,-31.824952551,34.;        925P   1216
126,16,2,1,0,1,0,0.,0.,0.,0.125,0.125,0.25,0.25,0.375,0.375,         927P   1217
0.5,0.5,0.625,0.625,0.75,0.75,0.875,0.875,1.,1.,1.,1.,1.,1.,1.,      927P   1218
1.,1.,1.,1.,1.,1.,1.,1.,1.,1.,1.,1.,1.,0.371116469,0.49445014,       927P   1219
0.,0.371116469,0.49633362,0.,0.371733009,0.498073729,0.,             927P   1220
0.372349549,0.499813837,0.,0.373488765,0.501145659,0.,               927P   1221
0.374627982,0.50247748,0.,0.376116441,0.503198257,0.,0.3776049,      927P   1222
0.503919033,0.,0.379215996,0.503919033,0.,0.380827092,               927P   1223
0.503919033,0.,0.382315551,0.503198257,0.,0.383804009,               927P   1224
0.50247748,0.,0.384943226,0.501145659,0.,0.386082443,                927P   1225
0.499813837,0.,0.386698983,0.498073729,0.,0.387315523,               927P   1226
0.49633362,0.,0.387315523,0.49445014,0.,0.,1.,0.,0.,1.;              927P   1227
124,-1.,-6.98296267768627E-015,0.,-59.6499051026338,                 929P   1228
-6.98296267768627E-015,1.,-6.98296267768627E-015,                    929P   1229
-2.08366243942001E-013,4.87617677579594E-029,                        929P   1230
-6.98296267768627E-015,-1.,2.37420731041335E-013;                    929P   1231
100,0.,-29.824952551,34.,-27.824952551,34.,-31.824952551,34.;        931P   1232
102,2,921,927;                                                       933P   1233
102,2,925,931;                                                       935P   1234
142,1,749,933,935,1;                                                 937P   1235
126,32,2,1,0,1,0,0.,0.,0.,0.0625,0.0625,0.125,0.125,0.1875,          939P   1236
0.1875,0.25,0.25,0.3125,0.3125,0.375,0.375,0.4375,0.4375,0.5,        939P   1237
0.5,0.5625,0.5625,0.625,0.625,0.6875,0.6875,0.75,0.75,0.8125,        939P   1238
0.8125,0.875,0.875,0.9375,0.9375,1.,1.,1.,1.,1.,1.,1.,1.,1.,1.,      939P   1239
1.,1.,1.,1.,1.,1.,1.,1.,1.,1.,1.,1.,1.,1.,1.,1.,1.,1.,1.,1.,1.,      939P   1240
1.,1.,1.,1.,1.,0.540497635,0.333478954,0.,0.540497635,               939P   1241
0.328815931,0.,0.539719484,0.324242507,0.,0.538941334,               939P   1242
0.319669082,0.,0.537414936,0.315361011,0.,0.535888539,               939P   1243
0.311052939,0.,0.533672553,0.307175778,0.,0.531456567,               939P   1244
0.303298616,0.,0.528636152,0.300001361,0.,0.525815737,               939P   1245
0.296704105,0.,0.52249928,0.294113469,0.,0.519182823,                939P   1246
0.291522832,0.,0.515497774,0.28973837,0.,0.511812724,                939P   1247
0.287953909,0.,0.507900697,0.287044198,0.,0.503988669,               939P   1248
0.286134487,0.,0.5,0.286134487,0.,0.496011331,0.286134487,0.,        939P   1249
0.492099303,0.287044198,0.,0.488187276,0.287953909,0.,               939P   1250
0.484502226,0.28973837,0.,0.480817177,0.291522832,0.,                939P   1251
0.47750072,0.294113469,0.,0.474184263,0.296704105,0.,                939P   1252
0.471363848,0.300001361,0.,0.468543433,0.303298616,0.,               939P   1253
0.466327447,0.307175778,0.,0.464111461,0.311052939,0.,               939P   1254
0.462585064,0.315361011,0.,0.461058666,0.319669082,0.,               939P   1255
0.460280516,0.324242507,0.,0.459502365,0.328815931,0.,               939P   1256
0.459502365,0.333478954,0.,0.,1.,0.,0.,1.;                           939P   1257
124,1.,-7.35035671743047E-015,8.55166289179392E-031,0.,              941P   1258
-7.35035671743047E-015,-1.,6.98296267768627E-015,0.,                 941P   1259
-5.04721003363181E-029,-6.98296267768627E-015,-1.,0.;                941P   1260
100,0.,0.,0.,10.,0.,-10.,0.;                                         943P   1261
126,32,2,1,0,1,0,0.,0.,0.,0.0625,0.0625,0.125,0.125,0.1875,          945P   1262
0.1875,0.25,0.25,0.3125,0.3125,0.375,0.375,0.4375,0.4375,0.5,        945P   1263
0.5,0.5625,0.5625,0.625,0.625,0.6875,0.6875,0.75,0.75,0.8125,        945P   1264
0.8125,0.875,0.875,0.9375,0.9375,1.,1.,1.,1.,1.,1.,1.,1.,1.,1.,      945P   1265
1.,1.,1.,1.,1.,1.,1.,1.,1.,1.,1.,1.,1.,1.,1.,1.,1.,1.,1.,1.,1.,      945P   1266
1.,1.,1.,1.,1.,0.459502365,0.333478954,0.,0.459502365,               945P   1267
0.338141977,0.,0.460280516,0.342715401,0.,0.461058666,               945P   1268
0.347288825,0.,0.462585064,0.351596897,0.,0.464111461,               945P   1269
0.355904968,0.,0.466327447,0.35978213,0.,0.468543433,                945P   1270
0.363659292,0.,0.471363848,0.366956547,0.,0.474184263,               945P   1271
0.370253802,0.,0.47750072,0.372844439,0.,0.480817177,                945P   1272
0.375435076,0.,0.484502226,0.377219537,0.,0.488187276,               945P   1273
0.379003999,0.,0.492099303,0.37991371,0.,0.496011331,                945P   1274
0.38082342,0.,0.5,0.38082342,0.,0.503988669,0.38082342,0.,           945P   1275
0.507900697,0.37991371,0.,0.511812724,0.379003999,0.,                945P   1276
0.515497774,0.377219537,0.,0.519182823,0.375435076,0.,               945P   1277
0.52249928,0.372844439,0.,0.525815737,0.370253802,0.,                945P   1278
0.528636152,0.366956547,0.,0.531456567,0.363659292,0.,               945P   1279
0.533672553,0.35978213,0.,0.535888539,0.355904968,0.,                945P   1280
0.537414936,0.351596897,0.,0.538941334,0.347288825,0.,               945P   1281
0.539719484,0.342715401,0.,0.540497635,0.338141977,0.,               945P   1282
0.540497635,0.333478954,0.,0.,1.,0.,0.,1.;                           945P   1283
124,-1.,-6.98296267768627E-015,0.,0.,-6.98296267768627E-015,1.,      947P   1284
-6.98296267768627E-015,0.,4.87617677579594E-029,                     947P   1285
-6.98296267768627E-015,-1.,0.;                                       947P   1286
100,0.,0.,0.,10.,0.,-10.,0.;                                         949P   1287
102,2,939,945;                                                       951P   1288
102,2,943,949;                                                       953P   1289
142,1,749,951,953,1;                                                 955P   1290
144,749,1,8,803,829,847,865,883,901,919,937,955;                     957P   1291
110,0.,0.,0.,0.,0.,1000.;                                            959P   1292
110,10.,0.,0.,10.,0.,4.;                                             961P   1293
120,959,961,0.,6.28318530717959;                                     963P   1294
126,1,1,1,0,1,0,0.,0.,1.,1.,1.,1.,1.,3.141592654,0.,1.,0.,0.,        965P   1295
0.,1.,0.,0.,1.;                                                      965P   1296
124,-1.,-6.98296267768627E-015,0.,0.,-6.98296267768627E-015,1.,      967P   1297
-6.98296267768627E-015,2.79318507107451E-014,                        967P   1298
4.87617677579594E-029,-6.98296267768627E-015,-1.,8.;                 967P   1299
100,4.,0.,0.,10.,0.,-10.,0.;                                         969P   1300
126,1,1,1,0,1,0,0.,0.,1.,1.,1.,1.,1.,0.,0.,0.,0.,0.,0.,1.,0.,        971P   1301
0.,1.;                                                               971P   1302
110,10.,0.,4.,10.,0.,0.;                                             973P   1303
126,1,1,1,0,1,0,0.,0.,1.,1.,1.,1.,0.,0.,0.,0.,3.141592654,0.,        975P   1304
0.,1.,0.,0.,1.;                                                      975P   1305
100,0.,0.,0.,10.,0.,-10.,0.;                                         977P   1306
126,1,1,1,0,1,0,0.,0.,1.,1.,1.,1.,0.,3.141592654,0.,1.,              979P   1307
3.141592654,0.,0.,1.,0.,0.,1.;                                       979P   1308
110,-10.,0.,0.,-10.,0.,4.;                                           981P   1309
102,4,965,971,975,979;                                               983P   1310
102,4,969,973,977,981;                                               985P   1311
142,1,963,983,985,1;                                                 987P   1312
144,963,1,0,987;                                                     989P   1313
110,-29.824952551,34.,-11.,-29.824952551,34.,989.;                   991P   1314
110,-27.824952551,34.,0.,-27.824952551,34.,4.;                       993P   1315
120,991,993,0.,6.28318530717959;                                     995P   1316
126,1,1,1,0,1,0,0.,0.,1.,1.,1.,1.,1.,3.141592654,0.,1.,0.,0.,        997P   1317
0.,1.,0.,0.,1.;                                                      997P   1318
124,-1.,-6.98296267768627E-015,0.,-59.6499051026338,                 999P   1319
-6.98296267768627E-015,1.,-6.98296267768627E-015,                    999P   1320
-1.80258118136139E-013,4.87617677579594E-029,                        999P   1321
-6.98296267768627E-015,-1.,8.00000000000024;                         999P   1322
100,4.,-29.824952551,34.,-27.824952551,34.,-31.824952551,34.;       1001P   1323
126,1,1,1,0,1,0,0.,0.,1.,1.,1.,1.,1.,0.,0.,0.,0.,0.,0.,1.,0.,       1003P   1324
0.,1.;                                                              1003P   1325
110,-27.824952551,34.,4.,-27.824952551,34.,0.;                      1005P   1326
126,1,1,1,0,1,0,0.,0.,1.,1.,1.,1.,0.,0.,0.,0.,3.141592654,0.,       1007P   1327
0.,1.,0.,0.,1.;                                                     1007P   1328
100,0.,-29.824952551,34.,-27.824952551,34.,-31.824952551,34.;       1009P   1329
126,1,1,1,0,1,0,0.,0.,1.,1.,1.,1.,0.,3.141592654,0.,1.,             1011P   1330
3.141592654,0.,0.,1.,0.,0.,1.;                                      1011P   1331
110,-31.824952551,34.,0.,-31.824952551,34.,4.;                      1013P   1332
102,4,997,1003,1007,1011;                                           1015P   1333
102,4,1001,1005,1009,1013;                                          1017P   1334
142,1,995,1015,1017,1;                                              1019P   1335
144,995,1,0,1019;                                                   1021P   1336
110,29.,34.,-11.,29.,34.,989.;                                      1023P   1337
110,31.,34.,0.,31.,34.,4.;                                          1025P   1338
120,1023,1025,0.,6.28318530717959;                                  1027P   1339
126,1,1,1,0,1,0,0.,0.,1.,1.,1.,1.,1.,3.141592654,0.,1.,0.,0.,       1029P   1340
0.,1.,0.,0.,1.;                                                     1029P   1341
124,-1.,-6.98296267768627E-015,0.,58.0000000000002,                 1031P   1342
-6.98296267768627E-015,1.,-6.98296267768627E-015,                   1031P   1343
2.31892037898358E-013,4.87617677579594E-029,                        1031P   1344
-6.98296267768627E-015,-1.,8.00000000000024;                        1031P   1345
100,4.,29.,34.,31.,34.,27.,34.;                                     1033P   1346
126,1,1,1,0,1,0,0.,0.,1.,1.,1.,1.,1.,0.,0.,0.,0.,0.,0.,1.,0.,       1035P   1347
0.,1.;                                                              1035P   1348
110,31.,34.,4.,31.,34.,0.;                                          1037P   1349
126,1,1,1,0,1,0,0.,0.,1.,1.,1.,1.,0.,0.,0.,0.,3.141592654,0.,       1039P   1350
0.,1.,0.,0.,1.;                                                     1039P   1351
100,0.,29.,34.,31.,34.,27.,34.;                                     1041P   1352
126,1,1,1,0,1,0,0.,0.,1.,1.,1.,1.,0.,3.141592654,0.,1.,             1043P   1353
3.141592654,0.,0.,1.,0.,0.,1.;                                      1043P   1354
110,27.,34.,0.,27.,34.,4.;                                          1045P   1355
102,4,1029,1035,1039,1043;                                          1047P   1356
102,4,1033,1037,1041,1045;                                          1049P   1357
142,1,1027,1047,1049,1;                                             1051P   1358
144,1027,1,0,1051;                                                  1053P   1359
110,-33.486130298,26.358028862,4.,-33.486130298,26.358028862,       1055P   1360
-996.;                                                              1055P   1361
110,-35.236130298,26.358028862,4.,-35.236130298,26.358028862,       1057P   1362
0.;                                                                 1057P   1363
120,1055,1057,0.,6.28318530717959;                                  1059P   1364
126,1,1,1,0,1,0,0.,0.,1.,1.,1.,1.,1.,3.141592654,0.,1.,0.,0.,       1061P   1365
0.,1.,0.,0.,1.;                                                     1061P   1366
100,0.,-33.486130298,26.358028862,-31.736130298,26.358028862,       1063P   1367
-35.236130298,26.358028862;                                         1063P   1368
126,1,1,1,0,1,0,0.,0.,1.,1.,1.,1.,1.,0.,0.,0.,0.,0.,0.,1.,0.,       1065P   1369
0.,1.;                                                              1065P   1370
110,-35.236130298,26.358028862,0.,-35.236130298,26.358028862,       1067P   1371
4.;                                                                 1067P   1372
126,1,1,1,0,1,0,0.,0.,1.,1.,1.,1.,0.,0.,0.,0.,3.141592654,0.,       1069P   1373
0.,1.,0.,0.,1.;                                                     1069P   1374
124,-1.,-6.98296267768627E-015,0.,-66.9722605955974,                1071P   1375
-6.98296267768627E-015,1.,-6.98296267768627E-015,                   1071P   1376
-2.0710372459258E-013,4.87617677579594E-029,                        1071P   1377
-6.98296267768627E-015,-1.,8.00000000000018;                        1071P   1378
100,4.,-33.486130298,26.358028862,-31.736130298,26.358028862,       1073P   1379
-35.236130298,26.358028862;                                         1073P   1380
126,1,1,1,0,1,0,0.,0.,1.,1.,1.,1.,0.,3.141592654,0.,1.,             1075P   1381
3.141592654,0.,0.,1.,0.,0.,1.;                                      1075P   1382
110,-31.736130298,26.358028862,4.,-31.736130298,26.358028862,       1077P   1383
0.;                                                                 1077P   1384
102,4,1061,1065,1069,1075;                                          1079P   1385
102,4,1063,1067,1073,1077;                                          1081P   1386
142,1,1059,1079,1081,1;                                             1083P   1387
144,1059,1,0,1083;                                                  1085P   1388
110,-33.486130298,73.358028862,4.,-33.486130298,73.358028862,       1087P   1389
-996.;                                                              1087P   1390
110,-35.236130298,73.358028862,4.,-35.236130298,73.358028862,       1089P   1391
0.;                                                                 1089P   1392
120,1087,1089,0.,6.28318530717959;                                  1091P   1393
126,1,1,1,0,1,0,0.,0.,1.,1.,1.,1.,1.,3.141592654,0.,1.,0.,0.,       1093P   1394
0.,1.,0.,0.,1.;                                                     1093P   1395
100,0.,-33.486130298,73.358028862,-31.736130298,73.358028862,       1095P   1396
-35.236130298,73.358028862;                                         1095P   1397
126,1,1,1,0,1,0,0.,0.,1.,1.,1.,1.,1.,0.,0.,0.,0.,0.,0.,1.,0.,       1097P   1398
0.,1.;                                                              1097P   1399
110,-35.236130298,73.358028862,0.,-35.236130298,73.358028862,       1099P   1400
4.;                                                                 1099P   1401
126,1,1,1,0,1,0,0.,0.,1.,1.,1.,1.,0.,0.,0.,0.,3.141592654,0.,       1101P   1402
0.,1.,0.,0.,1.;                                                     1101P   1403
124,-1.,-6.98296267768627E-015,0.,-66.972260595597,                 1103P   1404
-6.98296267768627E-015,1.,-6.98296267768627E-015,                   1103P   1405
-2.03634277640622E-013,4.87617677579594E-029,                       1103P   1406
-6.98296267768627E-015,-1.,8.00000000000051;                        1103P   1407
100,4.,-33.486130298,73.358028862,-31.736130298,73.358028862,       1105P   1408
-35.236130298,73.358028862;                                         1105P   1409
126,1,1,1,0,1,0,0.,0.,1.,1.,1.,1.,0.,3.141592654,0.,1.,             1107P   1410
3.141592654,0.,0.,1.,0.,0.,1.;                                      1107P   1411
110,-31.736130298,73.358028862,4.,-31.736130298,73.358028862,       1109P   1412
0.;                                                                 1109P   1413
102,4,1093,1097,1101,1107;                                          1111P   1414
102,4,1095,1099,1105,1109;                                          1113P   1415
142,1,1091,1111,1113,1;                                             1115P   1416
144,1091,1,0,1115;                                                  1117P   1417
110,-34.,-31.,10.,-34.,-31.,-990.;                                  1119P   1418
110,-35.75,-31.,4.,-35.75,-31.,0.;                                  1121P   1419
120,1119,1121,0.,6.28318530717959;                                  1123P   1420
126,1,1,1,0,1,0,0.,0.,1.,1.,1.,1.,1.,3.141592654,0.,1.,0.,0.,       1125P   1421
0.,1.,0.,0.,1.;                                                     1125P   1422
100,0.,-34.,-31.,-32.25,-31.,-35.75,-31.;                           1127P   1423
126,1,1,1,0,1,0,0.,0.,1.,1.,1.,1.,1.,0.,0.,0.,0.,0.,0.,1.,0.,       1129P   1424
0.,1.;                                                              1129P   1425
110,-35.75,-31.,0.,-35.75,-31.,4.;                                  1131P   1426
126,1,1,1,0,1,0,0.,0.,1.,1.,1.,1.,0.,0.,0.,0.,3.141592654,0.,       1133P   1427
0.,1.,0.,0.,1.;                                                     1133P   1428
124,-1.,-6.98296267768627E-015,0.,-68.0000000000002,                1135P   1429
-6.98296267768627E-015,1.,-6.98296267768627E-015,                   1135P   1430
-2.10810943543962E-013,4.87617677579594E-029,                       1135P   1431
-6.98296267768627E-015,-1.,7.99999999999978;                        1135P   1432
100,4.,-34.,-31.,-32.25,-31.,-35.75,-31.;                           1137P   1433
126,1,1,1,0,1,0,0.,0.,1.,1.,1.,1.,0.,3.141592654,0.,1.,             1139P   1434
3.141592654,0.,0.,1.,0.,0.,1.;                                      1139P   1435
110,-32.25,-31.,4.,-32.25,-31.,0.;                                  1141P   1436
102,4,1125,1129,1133,1139;                                          1143P   1437
102,4,1127,1131,1137,1141;                                          1145P   1438
142,1,1123,1143,1145,1;                                             1147P   1439
144,1123,1,0,1147;                                                  1149P   1440
110,38.8,62.,10.,38.8,62.,-990.;                                    1151P   1441
110,37.05,62.,4.,37.05,62.,0.;                                      1153P   1442
120,1151,1153,0.,6.28318530717959;                                  1155P   1443
126,1,1,1,0,1,0,0.,0.,1.,1.,1.,1.,1.,3.141592654,0.,1.,0.,0.,       1157P   1444
0.,1.,0.,0.,1.;                                                     1157P   1445
100,0.,38.8,62.,40.55,62.,37.05,62.;                                1159P   1446
126,1,1,1,0,1,0,0.,0.,1.,1.,1.,1.,1.,0.,0.,0.,0.,0.,0.,1.,0.,       1161P   1447
0.,1.;                                                              1161P   1448
110,37.05,62.,0.,37.05,62.,4.;                                      1163P   1449
126,1,1,1,0,1,0,0.,0.,1.,1.,1.,1.,0.,0.,0.,0.,3.141592654,0.,       1165P   1450
0.,1.,0.,0.,1.;                                                     1165P   1451
124,-1.,-6.98296267768627E-015,0.,77.6000000000004,                 1167P   1452
-6.98296267768627E-015,1.,-6.98296267768627E-015,                   1167P   1453
2.9936916734194E-013,4.87617677579594E-029,                         1167P   1454
-6.98296267768627E-015,-1.,8.00000000000043;                        1167P   1455
100,4.,38.8,62.,40.55,62.,37.05,62.;                                1169P   1456
126,1,1,1,0,1,0,0.,0.,1.,1.,1.,1.,0.,3.141592654,0.,1.,             1171P   1457
3.141592654,0.,0.,1.,0.,0.,1.;                                      1171P   1458
110,40.55,62.,4.,40.55,62.,0.;                                      1173P   1459
102,4,1157,1161,1165,1171;                                          1175P   1460
102,4,1159,1163,1169,1173;                                          1177P   1461
142,1,1155,1175,1177,1;                                             1179P   1462
144,1155,1,0,1179;                                                  1181P   1463
110,42.380278179,-9.114991031,10.,42.380278179,-9.114991031,        1183P   1464
-990.;                                                              1183P   1465
110,39.880278179,-9.114991031,4.,39.880278179,-9.114991031,0.;      1185P   1466
120,1183,1185,0.,6.28318530717959;                                  1187P   1467
126,1,1,1,0,1,0,0.,0.,1.,1.,1.,1.,0.,3.141592654,0.,1.,             1189P   1468
3.141592654,0.,0.,1.,0.,0.,1.;                                      1189P   1469
110,44.880278179,-9.114991031,4.,44.880278179,-9.114991031,0.;      1191P   1470
126,1,1,1,0,1,0,0.,0.,1.,1.,1.,1.,1.,3.141592654,0.,1.,0.,0.,       1193P   1471
0.,1.,0.,0.,1.;                                                     1193P   1472
100,0.,42.380278179,-9.114991031,44.880278179,-9.114991031,         1195P   1473
39.880278179,-9.114991031;                                          1195P   1474
126,1,1,1,0,1,0,0.,0.,1.,1.,1.,1.,1.,0.,0.,0.,0.,0.,0.,1.,0.,       1197P   1475
0.,1.;                                                              1197P   1476
110,39.880278179,-9.114991031,0.,39.880278179,-9.114991031,4.;      1199P   1477
126,1,1,1,0,1,0,0.,0.,1.,1.,1.,1.,0.,0.,0.,0.,3.141592654,0.,       1201P   1478
0.,1.,0.,0.,1.;                                                     1201P   1479
124,-1.,-6.98296267768627E-015,0.,84.760556358749,                  1203P   1480
-6.98296267768627E-015,1.,-6.98296267768627E-015,                   1203P   1481
3.23350213006895E-013,4.87617677579594E-029,                        1203P   1482
-6.98296267768627E-015,-1.,7.99999999999994;                        1203P   1483
100,4.,42.380278179,-9.114991031,44.880278179,-9.114991031,         1205P   1484
39.880278179,-9.114991031;                                          1205P   1485
102,4,1189,1193,1197,1201;                                          1207P   1486
102,4,1191,1195,1199,1205;                                          1209P   1487
142,1,1187,1207,1209,1;                                             1211P   1488
144,1187,1,0,1211;                                                  1213P   1489
128,1,1,1,1,0,0,1,0,0,0.,0.,1.,1.,0.,0.,1.,1.,1.,1.,1.,1.,          1215P   1490
39.880278179,-15.114991031,0.,39.880278179,-15.114991031,4.,        1215P   1491
39.880278179,-9.114991031,0.,39.880278179,-9.114991031,4.,0.,       1215P   1492
1.,0.,1.;                                                           1215P   1493
126,1,1,1,0,1,0,0.,0.,1.,1.,1.,1.,1.,1.,0.,0.,1.,0.,0.,1.,0.,       1217P   1494
0.,1.;                                                              1217P   1495
110,39.880278179,-9.114991031,4.,39.880278179,-9.114991031,0.;      1219P   1496
126,1,1,1,0,1,0,0.,0.,1.,1.,1.,1.,0.,1.,0.,0.,0.,0.,0.,1.,0.,       1221P   1497
0.,1.;                                                              1221P   1498
110,39.880278179,-9.114991031,0.,39.880278179,-15.114991031,0.;     1223P   1499
126,1,1,1,0,1,0,0.,0.,1.,1.,1.,1.,0.,0.,0.,1.,0.,0.,0.,1.,0.,       1225P   1500
0.,1.;                                                              1225P   1501
110,39.880278179,-15.114991031,0.,39.880278179,-15.114991031,       1227P   1502
4.;                                                                 1227P   1503
126,1,1,1,0,1,0,0.,0.,1.,1.,1.,1.,1.,0.,0.,1.,1.,0.,0.,1.,0.,       1229P   1504
0.,1.;                                                              1229P   1505
110,39.880278179,-15.114991031,4.,39.880278179,-9.114991031,4.;     1231P   1506
102,4,1217,1221,1225,1229;                                          1233P   1507
102,4,1219,1223,1227,1231;                                          1235P   1508
142,1,1215,1233,1235,1;                                             1237P   1509
144,1215,1,0,1237;                                                  1239P   1510
110,42.380278179,-15.114991031,10.,42.380278179,-15.114991031,      1241P   1511
-990.;                                                              1241P   1512
110,39.880278179,-15.114991031,4.,39.880278179,-15.114991031,       1243P   1513
0.;                                                                 1243P   1514
120,1241,1243,0.,6.28318530717959;                                  1245P   1515
126,1,1,1,0,1,0,0.,0.,1.,1.,1.,1.,0.,6.283185307,0.,1.,             1247P   1516
6.283185307,0.,0.,1.,0.,0.,1.;                                      1247P   1517
110,39.880278179,-15.114991031,4.,39.880278179,-15.114991031,       1249P   1518
0.;                                                                 1249P   1519
126,1,1,1,0,1,0,0.,0.,1.,1.,1.,1.,1.,6.283185307,0.,1.,             1251P   1520
3.141592654,0.,0.,1.,0.,0.,1.;                                      1251P   1521
100,0.,42.380278179,-15.114991031,39.880278179,-15.114991031,       1253P   1522
44.880278179,-15.114991031;                                         1253P   1523
126,1,1,1,0,1,0,0.,0.,1.,1.,1.,1.,1.,3.141592654,0.,0.,             1255P   1524
3.141592654,0.,0.,1.,0.,0.,1.;                                      1255P   1525
110,44.880278179,-15.114991031,0.,44.880278179,-15.114991031,       1257P   1526
4.;                                                                 1257P   1527
126,1,1,1,0,1,0,0.,0.,1.,1.,1.,1.,0.,3.141592654,0.,0.,             1259P   1528
6.283185307,0.,0.,1.,0.,0.,1.;                                      1259P   1529
124,1.,-7.105427357601E-015,0.,-1.10713533010405E-013,              1261P   1530
-7.105427357601E-015,-1.,6.98296267768627E-015,                     1261P   1531
-30.2299820628292,-4.96169340471387E-029,                           1261P   1532
-6.98296267768627E-015,-1.,7.99999999999989;                        1261P   1533
100,4.,42.380278179,-15.114991031,44.880278179,-15.114991031,       1263P   1534
39.880278179,-15.114991031;                                         1263P   1535
102,4,1247,1251,1255,1259;                                          1265P   1536
102,4,1249,1253,1257,1263;                                          1267P   1537
142,1,1245,1265,1267,1;                                             1269P   1538
144,1245,1,0,1269;                                                  1271P   1539
128,1,1,1,1,0,0,1,0,0,0.,0.,1.,1.,0.,0.,1.,1.,1.,1.,1.,1.,          1273P   1540
44.880278179,-15.114991031,4.,44.880278179,-15.114991031,0.,        1273P   1541
44.880278179,-9.114991031,4.,44.880278179,-9.114991031,0.,0.,       1273P   1542
1.,0.,1.;                                                           1273P   1543
126,1,1,1,0,1,0,0.,0.,1.,1.,1.,1.,0.,0.,0.,1.,0.,0.,0.,1.,0.,       1275P   1544
0.,1.;                                                              1275P   1545
110,44.880278179,-15.114991031,4.,44.880278179,-15.114991031,       1277P   1546
0.;                                                                 1277P   1547
126,1,1,1,0,1,0,0.,0.,1.,1.,1.,1.,1.,0.,0.,1.,1.,0.,0.,1.,0.,       1279P   1548
0.,1.;                                                              1279P   1549
110,44.880278179,-15.114991031,0.,44.880278179,-9.114991031,0.;     1281P   1550
126,1,1,1,0,1,0,0.,0.,1.,1.,1.,1.,1.,1.,0.,0.,1.,0.,0.,1.,0.,       1283P   1551
0.,1.;                                                              1283P   1552
110,44.880278179,-9.114991031,0.,44.880278179,-9.114991031,4.;      1285P   1553
126,1,1,1,0,1,0,0.,0.,1.,1.,1.,1.,0.,1.,0.,0.,0.,0.,0.,1.,0.,       1287P   1554
0.,1.;                                                              1287P   1555
110,44.880278179,-9.114991031,4.,44.880278179,-15.114991031,4.;     1289P   1556
102,4,1275,1279,1283,1287;                                          1291P   1557
102,4,1277,1281,1285,1289;                                          1293P   1558
142,1,1273,1291,1293,1;                                             1295P   1559
144,1273,1,0,1295;                                                  1297P   1560
S      1G      4D   1298P   1560                                        T      1
