SolidWorks IGES file using analytic representation for surfaces         S      1
1H,,1H;,8HThruster,54HZ:\Dropbox\Floatsat\Mechanical_Models\Igs\ThrusterG      1
.IGS,15HSolidWorks 2016,15HSolidWorks 2016,32,308,15,308,15,8HThruster, G      2
1.,2,2HMM,50,0.125,13H171214.014908,1E-008,499990.,13HMarcoSanroman,,   G      3
11,0,13H171214.014908;                                                  G      4
     314       1       0       0       0                        00000200D      1
     314       0       8       1       0                               0D      2
     110       2       0       0       0                        01010000D      3
     110       0       0       2       0                               0D      4
     110       4       0       0       0                        01010000D      5
     110       0       0       2       0                               0D      6
     120       6       0       0       0                        01010000D      7
     120       0       0       1       0                               0D      8
     126       7       0       0       0                        01010500D      9
     126       0       0       2       0                               0D     10
     124       9       0       0       0                        00000000D     11
     124       0       0       5       0                               0D     12
     100      14       0       0       0              11        01010000D     13
     100       0       0       2       0                               0D     14
     126      16       0       0       0                        01010500D     15
     126       0       0       2       0                               0D     16
     110      18       0       0       0                        01010000D     17
     110       0       0       2       0                               0D     18
     126      20       0       0       0                        01010500D     19
     126       0       0       2       0                               0D     20
     124      22       0       0       0                        00000000D     21
     124       0       0       4       0                               0D     22
     100      26       0       0       0              21        01010000D     23
     100       0       0       2       0                               0D     24
     126      28       0       0       0                        01010500D     25
     126       0       0       2       0                               0D     26
     110      30       0       0       0                        01010000D     27
     110       0       0       2       0                               0D     28
     102      32       0       0       0                        01010500D     29
     102       0       0       1       0                               0D     30
     102      33       0       0       0                        01010000D     31
     102       0       0       1       0                               0D     32
     142      34       0       0       0                        00010500D     33
     142       0       0       1       0                               0D     34
     144      35       0       0       0                        00000000D     35
     144       0      -1       1       0                               0D     36
     110      36       0       0       0                        01010000D     37
     110       0       0       2       0                               0D     38
     110      38       0       0       0                        01010000D     39
     110       0       0       1       0                               0D     40
     120      39       0       0       0                        01010000D     41
     120       0       0       1       0                               0D     42
     126      40       0       0       0                        01010500D     43
     126       0       0       2       0                               0D     44
     124      42       0       0       0                        00000000D     45
     124       0       0       4       0                               0D     46
     100      46       0       0       0              45        01010000D     47
     100       0       0       1       0                               0D     48
     126      47       0       0       0                        01010500D     49
     126       0       0       2       0                               0D     50
     110      49       0       0       0                        01010000D     51
     110       0       0       1       0                               0D     52
     126      50       0       0       0                        01010500D     53
     126       0       0       2       0                               0D     54
     124      52       0       0       0                        00000000D     55
     124       0       0       5       0                               0D     56
     100      57       0       0       0              55        01010000D     57
     100       0       0       2       0                               0D     58
     126      59       0       0       0                        01010500D     59
     126       0       0       2       0                               0D     60
     110      61       0       0       0                        01010000D     61
     110       0       0       1       0                               0D     62
     102      62       0       0       0                        01010500D     63
     102       0       0       1       0                               0D     64
     102      63       0       0       0                        01010000D     65
     102       0       0       1       0                               0D     66
     142      64       0       0       0                        00010500D     67
     142       0       0       1       0                               0D     68
     144      65       0       0       0                        00000000D     69
     144       0      -1       1       0                               0D     70
     110      66       0       0       0                        01010000D     71
     110       0       0       1       0                               0D     72
     110      67       0       0       0                        01010000D     73
     110       0       0       1       0                               0D     74
     120      68       0       0       0                        01010000D     75
     120       0       0       1       0                               0D     76
     126      69       0       0       0                        01010500D     77
     126       0       0       2       0                               0D     78
     110      71       0       0       0                        01010000D     79
     110       0       0       1       0                               0D     80
     126      72       0       0       0                        01010500D     81
     126       0       0       2       0                               0D     82
     124      74       0       0       0                        00000000D     83
     124       0       0       4       0                               0D     84
     100      78       0       0       0              83        01010000D     85
     100       0       0       1       0                               0D     86
     126      79       0       0       0                        01010500D     87
     126       0       0       2       0                               0D     88
     110      81       0       0       0                        01010000D     89
     110       0       0       1       0                               0D     90
     126      82       0       0       0                        01010500D     91
     126       0       0       2       0                               0D     92
     124      84       0       0       0                        00000000D     93
     124       0       0       4       0                               0D     94
     100      88       0       0       0              93        01010000D     95
     100       0       0       2       0                               0D     96
     102      90       0       0       0                        01010500D     97
     102       0       0       1       0                               0D     98
     102      91       0       0       0                        01010000D     99
     102       0       0       1       0                               0D    100
     142      92       0       0       0                        00010500D    101
     142       0       0       1       0                               0D    102
     144      93       0       0       0                        00000000D    103
     144       0      -1       1       0                               0D    104
     314      94       0       0       0                        00000200D    105
     314       0       0       1       0                               0D    106
     110      95       0       0       0                        01010000D    107
     110       0       0       1       0                               0D    108
     110      96       0       0       0                        01010000D    109
     110       0       0       1       0                               0D    110
     120      97       0       0       0                        01010000D    111
     120       0       0       1       0                               0D    112
     126      98       0       0       0                        01010500D    113
     126       0       0       2       0                               0D    114
     124     100       0       0       0                        00000000D    115
     124       0       0       2       0                               0D    116
     100     102       0       0       0             115        01010000D    117
     100       0       0       1       0                               0D    118
     126     103       0       0       0                        01010500D    119
     126       0       0       2       0                               0D    120
     110     105       0       0       0                        01010000D    121
     110       0       0       1       0                               0D    122
     126     106       0       0       0                        01010500D    123
     126       0       0       2       0                               0D    124
     124     108       0       0       0                        00000000D    125
     124       0       0       2       0                               0D    126
     100     110       0       0       0             125        01010000D    127
     100       0       0       1       0                               0D    128
     126     111       0       0       0                        01010500D    129
     126       0       0       2       0                               0D    130
     110     113       0       0       0                        01010000D    131
     110       0       0       1       0                               0D    132
     102     114       0       0       0                        01010500D    133
     102       0       0       1       0                               0D    134
     102     115       0       0       0                        01010000D    135
     102       0       0       1       0                               0D    136
     142     116       0       0       0                        00010500D    137
     142       0       0       1       0                               0D    138
     144     117       0       0       0                        00000000D    139
     144       0    -105       1       0                               0D    140
     314     118       0       0       0                        00000200D    141
     314       0       1       1       0                               0D    142
     128     119       0       0       0                        01010000D    143
     128       0       0       2       0                               0D    144
     126     121       0       0       0                        01010500D    145
     126       0       0       2       0                               0D    146
     110     123       0       0       0                        01010000D    147
     110       0       0       1       0                               0D    148
     126     124       0       0       0                        01010500D    149
     126       0       0       2       0                               0D    150
     110     126       0       0       0                        01010000D    151
     110       0       0       1       0                               0D    152
     126     127       0       0       0                        01010500D    153
     126       0       0       2       0                               0D    154
     110     129       0       0       0                        01010000D    155
     110       0       0       1       0                               0D    156
     126     130       0       0       0                        01010500D    157
     126       0       0       2       0                               0D    158
     110     132       0       0       0                        01010000D    159
     110       0       0       1       0                               0D    160
     102     133       0       0       0                        01010500D    161
     102       0       0       1       0                               0D    162
     102     134       0       0       0                        01010000D    163
     102       0       0       1       0                               0D    164
     142     135       0       0       0                        00010500D    165
     142       0       0       1       0                               0D    166
     126     136       0       0       0                        01010500D    167
     126       0       0       2       0                               0D    168
     110     138       0       0       0                        01010000D    169
     110       0       0       1       0                               0D    170
     126     139       0       0       0                        01010500D    171
     126       0       0       2       0                               0D    172
     110     141       0       0       0                        01010000D    173
     110       0       0       1       0                               0D    174
     126     142       0       0       0                        01010500D    175
     126       0       0       2       0                               0D    176
     110     144       0       0       0                        01010000D    177
     110       0       0       1       0                               0D    178
     126     145       0       0       0                        01010500D    179
     126       0       0       2       0                               0D    180
     110     147       0       0       0                        01010000D    181
     110       0       0       1       0                               0D    182
     102     148       0       0       0                        01010500D    183
     102       0       0       1       0                               0D    184
     102     149       0       0       0                        01010000D    185
     102       0       0       1       0                               0D    186
     142     150       0       0       0                        00010500D    187
     142       0       0       1       0                               0D    188
     126     151       0       0       0                        01010500D    189
     126       0       0       2       0                               0D    190
     110     153       0       0       0                        01010000D    191
     110       0       0       1       0                               0D    192
     126     154       0       0       0                        01010500D    193
     126       0       0       2       0                               0D    194
     110     156       0       0       0                        01010000D    195
     110       0       0       1       0                               0D    196
     126     157       0       0       0                        01010500D    197
     126       0       0       2       0                               0D    198
     110     159       0       0       0                        01010000D    199
     110       0       0       1       0                               0D    200
     126     160       0       0       0                        01010500D    201
     126       0       0       2       0                               0D    202
     110     162       0       0       0                        01010000D    203
     110       0       0       1       0                               0D    204
     102     163       0       0       0                        01010500D    205
     102       0       0       1       0                               0D    206
     102     164       0       0       0                        01010000D    207
     102       0       0       1       0                               0D    208
     142     165       0       0       0                        00010500D    209
     142       0       0       1       0                               0D    210
     126     166       0       0       0                        01010500D    211
     126       0       0       2       0                               0D    212
     110     168       0       0       0                        01010000D    213
     110       0       0       1       0                               0D    214
     126     169       0       0       0                        01010500D    215
     126       0       0       2       0                               0D    216
     110     171       0       0       0                        01010000D    217
     110       0       0       1       0                               0D    218
     126     172       0       0       0                        01010500D    219
     126       0       0       2       0                               0D    220
     110     174       0       0       0                        01010000D    221
     110       0       0       1       0                               0D    222
     126     175       0       0       0                        01010500D    223
     126       0       0       2       0                               0D    224
     110     177       0       0       0                        01010000D    225
     110       0       0       1       0                               0D    226
     102     178       0       0       0                        01010500D    227
     102       0       0       1       0                               0D    228
     102     179       0       0       0                        01010000D    229
     102       0       0       1       0                               0D    230
     142     180       0       0       0                        00010500D    231
     142       0       0       1       0                               0D    232
     144     181       0       0       0                        00000000D    233
     144       0    -141       1       0                               0D    234
     314     182       0       0       0                        00000200D    235
     314       0       1       1       0                               0D    236
     128     183       0       0       0                        01010000D    237
     128       0       0       2       0                               0D    238
     126     185       0       0       0                        01010500D    239
     126       0       0       2       0                               0D    240
     110     187       0       0       0                        01010000D    241
     110       0       0       1       0                               0D    242
     126     188       0       0       0                        01010500D    243
     126       0       0       2       0                               0D    244
     110     190       0       0       0                        01010000D    245
     110       0       0       1       0                               0D    246
     126     191       0       0       0                        01010500D    247
     126       0       0       2       0                               0D    248
     110     193       0       0       0                        01010000D    249
     110       0       0       1       0                               0D    250
     126     194       0       0       0                        01010500D    251
     126       0       0       2       0                               0D    252
     110     196       0       0       0                        01010000D    253
     110       0       0       1       0                               0D    254
     102     197       0       0       0                        01010500D    255
     102       0       0       1       0                               0D    256
     102     198       0       0       0                        01010000D    257
     102       0       0       1       0                               0D    258
     142     199       0       0       0                        00010500D    259
     142       0       0       1       0                               0D    260
     126     200       0       0       0                        01010500D    261
     126       0       0       2       0                               0D    262
     110     202       0       0       0                        01010000D    263
     110       0       0       1       0                               0D    264
     126     203       0       0       0                        01010500D    265
     126       0       0       2       0                               0D    266
     110     205       0       0       0                        01010000D    267
     110       0       0       1       0                               0D    268
     126     206       0       0       0                        01010500D    269
     126       0       0       2       0                               0D    270
     110     208       0       0       0                        01010000D    271
     110       0       0       1       0                               0D    272
     126     209       0       0       0                        01010500D    273
     126       0       0       2       0                               0D    274
     110     211       0       0       0                        01010000D    275
     110       0       0       1       0                               0D    276
     126     212       0       0       0                        01010500D    277
     126       0       0       2       0                               0D    278
     110     214       0       0       0                        01010000D    279
     110       0       0       1       0                               0D    280
     126     215       0       0       0                        01010500D    281
     126       0       0       2       0                               0D    282
     110     217       0       0       0                        01010000D    283
     110       0       0       1       0                               0D    284
     102     218       0       0       0                        01010500D    285
     102       0       0       1       0                               0D    286
     102     219       0       0       0                        01010000D    287
     102       0       0       1       0                               0D    288
     142     220       0       0       0                        00010500D    289
     142       0       0       1       0                               0D    290
     144     221       0       0       0                        00000000D    291
     144       0    -235       1       0                               0D    292
     314     222       0       0       0                        00000200D    293
     314       0       1       1       0                               0D    294
     128     223       0       0       0                        01010000D    295
     128       0       0       2       0                               0D    296
     126     225       0       0       0                        01010500D    297
     126       0       0       2       0                               0D    298
     110     227       0       0       0                        01010000D    299
     110       0       0       1       0                               0D    300
     126     228       0       0       0                        01010500D    301
     126       0       0       2       0                               0D    302
     110     230       0       0       0                        01010000D    303
     110       0       0       1       0                               0D    304
     126     231       0       0       0                        01010500D    305
     126       0       0       2       0                               0D    306
     110     233       0       0       0                        01010000D    307
     110       0       0       1       0                               0D    308
     126     234       0       0       0                        01010500D    309
     126       0       0       2       0                               0D    310
     110     236       0       0       0                        01010000D    311
     110       0       0       1       0                               0D    312
     102     237       0       0       0                        01010500D    313
     102       0       0       1       0                               0D    314
     102     238       0       0       0                        01010000D    315
     102       0       0       1       0                               0D    316
     142     239       0       0       0                        00010500D    317
     142       0       0       1       0                               0D    318
     144     240       0       0       0                        00000000D    319
     144       0    -293       1       0                               0D    320
     314     241       0       0       0                        00000200D    321
     314       0       1       1       0                               0D    322
     128     242       0       0       0                        01010000D    323
     128       0       0       2       0                               0D    324
     126     244       0       0       0                        01010500D    325
     126       0       0       2       0                               0D    326
     110     246       0       0       0                        01010000D    327
     110       0       0       1       0                               0D    328
     126     247       0       0       0                        01010500D    329
     126       0       0       2       0                               0D    330
     110     249       0       0       0                        01010000D    331
     110       0       0       1       0                               0D    332
     126     250       0       0       0                        01010500D    333
     126       0       0       2       0                               0D    334
     110     252       0       0       0                        01010000D    335
     110       0       0       1       0                               0D    336
     126     253       0       0       0                        01010500D    337
     126       0       0       2       0                               0D    338
     110     255       0       0       0                        01010000D    339
     110       0       0       1       0                               0D    340
     102     256       0       0       0                        01010500D    341
     102       0       0       1       0                               0D    342
     102     257       0       0       0                        01010000D    343
     102       0       0       1       0                               0D    344
     142     258       0       0       0                        00010500D    345
     142       0       0       1       0                               0D    346
     126     259       0       0       0                        01010500D    347
     126       0       0      22       0                               0D    348
     124     281       0       0       0                        00000000D    349
     124       0       0       4       0                               0D    350
     100     285       0       0       0             349        01010000D    351
     100       0       0       1       0                               0D    352
     126     286       0       0       0                        01010500D    353
     126       0       0      22       0                               0D    354
     124     308       0       0       0                        00000000D    355
     124       0       0       4       0                               0D    356
     100     312       0       0       0             355        01010000D    357
     100       0       0       1       0                               0D    358
     102     313       0       0       0                        01010500D    359
     102       0       0       1       0                               0D    360
     102     314       0       0       0                        01010000D    361
     102       0       0       1       0                               0D    362
     142     315       0       0       0                        00010500D    363
     142       0       0       1       0                               0D    364
     144     316       0       0       0                        00000000D    365
     144       0    -321       1       0                               0D    366
     314     317       0       0       0                        00000200D    367
     314       0       1       1       0                               0D    368
     128     318       0       0       0                        01010000D    369
     128       0       0       2       0                               0D    370
     126     320       0       0       0                        01010500D    371
     126       0       0       2       0                               0D    372
     110     322       0       0       0                        01010000D    373
     110       0       0       1       0                               0D    374
     126     323       0       0       0                        01010500D    375
     126       0       0       2       0                               0D    376
     110     325       0       0       0                        01010000D    377
     110       0       0       1       0                               0D    378
     126     326       0       0       0                        01010500D    379
     126       0       0       2       0                               0D    380
     110     328       0       0       0                        01010000D    381
     110       0       0       1       0                               0D    382
     126     329       0       0       0                        01010500D    383
     126       0       0       2       0                               0D    384
     110     331       0       0       0                        01010000D    385
     110       0       0       1       0                               0D    386
     102     332       0       0       0                        01010500D    387
     102       0       0       1       0                               0D    388
     102     333       0       0       0                        01010000D    389
     102       0       0       1       0                               0D    390
     142     334       0       0       0                        00010500D    391
     142       0       0       1       0                               0D    392
     144     335       0       0       0                        00000000D    393
     144       0    -367       1       0                               0D    394
     314     336       0       0       0                        00000200D    395
     314       0       1       1       0                               0D    396
     128     337       0       0       0                        01010000D    397
     128       0       0       2       0                               0D    398
     126     339       0       0       0                        01010500D    399
     126       0       0       2       0                               0D    400
     110     341       0       0       0                        01010000D    401
     110       0       0       1       0                               0D    402
     126     342       0       0       0                        01010500D    403
     126       0       0       2       0                               0D    404
     110     344       0       0       0                        01010000D    405
     110       0       0       1       0                               0D    406
     126     345       0       0       0                        01010500D    407
     126       0       0       2       0                               0D    408
     110     347       0       0       0                        01010000D    409
     110       0       0       1       0                               0D    410
     126     348       0       0       0                        01010500D    411
     126       0       0       2       0                               0D    412
     110     350       0       0       0                        01010000D    413
     110       0       0       1       0                               0D    414
     102     351       0       0       0                        01010500D    415
     102       0       0       1       0                               0D    416
     102     352       0       0       0                        01010000D    417
     102       0       0       1       0                               0D    418
     142     353       0       0       0                        00010500D    419
     142       0       0       1       0                               0D    420
     144     354       0       0       0                        00000000D    421
     144       0    -395       1       0                               0D    422
     314     355       0       0       0                        00000200D    423
     314       0       0       1       0                               0D    424
     128     356       0       0       0                        01010000D    425
     128       0       0       4       0                               0D    426
     126     360       0       0       0                        01010500D    427
     126       0       0       2       0                               0D    428
     110     362       0       0       0                        01010000D    429
     110       0       0       1       0                               0D    430
     126     363       0       0       0                        01010500D    431
     126       0       0       2       0                               0D    432
     110     365       0       0       0                        01010000D    433
     110       0       0       2       0                               0D    434
     126     367       0       0       0                        01010500D    435
     126       0       0       2       0                               0D    436
     110     369       0       0       0                        01010000D    437
     110       0       0       2       0                               0D    438
     126     371       0       0       0                        01010500D    439
     126       0       0       2       0                               0D    440
     110     373       0       0       0                        01010000D    441
     110       0       0       1       0                               0D    442
     102     374       0       0       0                        01010500D    443
     102       0       0       1       0                               0D    444
     102     375       0       0       0                        01010000D    445
     102       0       0       1       0                               0D    446
     142     376       0       0       0                        00010500D    447
     142       0       0       1       0                               0D    448
     144     377       0       0       0                        00000000D    449
     144       0    -423       1       0                               0D    450
     314     378       0       0       0                        00000200D    451
     314       0       0       1       0                               0D    452
     128     379       0       0       0                        01010000D    453
     128       0       0       4       0                               0D    454
     126     383       0       0       0                        01010500D    455
     126       0       0       2       0                               0D    456
     110     385       0       0       0                        01010000D    457
     110       0       0       2       0                               0D    458
     126     387       0       0       0                        01010500D    459
     126       0       0       2       0                               0D    460
     110     389       0       0       0                        01010000D    461
     110       0       0       1       0                               0D    462
     126     390       0       0       0                        01010500D    463
     126       0       0       2       0                               0D    464
     110     392       0       0       0                        01010000D    465
     110       0       0       1       0                               0D    466
     126     393       0       0       0                        01010500D    467
     126       0       0       2       0                               0D    468
     110     395       0       0       0                        01010000D    469
     110       0       0       1       0                               0D    470
     102     396       0       0       0                        01010500D    471
     102       0       0       1       0                               0D    472
     102     397       0       0       0                        01010000D    473
     102       0       0       1       0                               0D    474
     142     398       0       0       0                        00010500D    475
     142       0       0       1       0                               0D    476
     144     399       0       0       0                        00000000D    477
     144       0    -451       1       0                               0D    478
     314     400       0       0       0                        00000200D    479
     314       0       0       1       0                               0D    480
     128     401       0       0       0                        01010000D    481
     128       0       0       3       0                               0D    482
     126     404       0       0       0                        01010500D    483
     126       0       0       2       0                               0D    484
     110     406       0       0       0                        01010000D    485
     110       0       0       1       0                               0D    486
     126     407       0       0       0                        01010500D    487
     126       0       0       2       0                               0D    488
     110     409       0       0       0                        01010000D    489
     110       0       0       1       0                               0D    490
     126     410       0       0       0                        01010500D    491
     126       0       0       2       0                               0D    492
     110     412       0       0       0                        01010000D    493
     110       0       0       1       0                               0D    494
     126     413       0       0       0                        01010500D    495
     126       0       0       2       0                               0D    496
     110     415       0       0       0                        01010000D    497
     110       0       0       1       0                               0D    498
     102     416       0       0       0                        01010500D    499
     102       0       0       1       0                               0D    500
     102     417       0       0       0                        01010000D    501
     102       0       0       1       0                               0D    502
     142     418       0       0       0                        00010500D    503
     142       0       0       1       0                               0D    504
     144     419       0       0       0                        00000000D    505
     144       0    -479       1       0                               0D    506
     314     420       0       0       0                        00000200D    507
     314       0       0       1       0                               0D    508
     128     421       0       0       0                        01010000D    509
     128       0       0       4       0                               0D    510
     126     425       0       0       0                        01010500D    511
     126       0       0       2       0                               0D    512
     110     427       0       0       0                        01010000D    513
     110       0       0       1       0                               0D    514
     126     428       0       0       0                        01010500D    515
     126       0       0       2       0                               0D    516
     110     430       0       0       0                        01010000D    517
     110       0       0       1       0                               0D    518
     126     431       0       0       0                        01010500D    519
     126       0       0       2       0                               0D    520
     110     433       0       0       0                        01010000D    521
     110       0       0       2       0                               0D    522
     126     435       0       0       0                        01010500D    523
     126       0       0       2       0                               0D    524
     110     437       0       0       0                        01010000D    525
     110       0       0       1       0                               0D    526
     102     438       0       0       0                        01010500D    527
     102       0       0       1       0                               0D    528
     102     439       0       0       0                        01010000D    529
     102       0       0       1       0                               0D    530
     142     440       0       0       0                        00010500D    531
     142       0       0       1       0                               0D    532
     144     441       0       0       0                        00000000D    533
     144       0    -507       1       0                               0D    534
     314     442       0       0       0                        00000200D    535
     314       0       0       1       0                               0D    536
     128     443       0       0       0                        01010000D    537
     128       0       0       4       0                               0D    538
     126     447       0       0       0                        01010500D    539
     126       0       0       2       0                               0D    540
     110     449       0       0       0                        01010000D    541
     110       0       0       2       0                               0D    542
     126     451       0       0       0                        01010500D    543
     126       0       0       2       0                               0D    544
     110     453       0       0       0                        01010000D    545
     110       0       0       2       0                               0D    546
     126     455       0       0       0                        01010500D    547
     126       0       0       2       0                               0D    548
     110     457       0       0       0                        01010000D    549
     110       0       0       1       0                               0D    550
     126     458       0       0       0                        01010500D    551
     126       0       0       2       0                               0D    552
     110     460       0       0       0                        01010000D    553
     110       0       0       1       0                               0D    554
     102     461       0       0       0                        01010500D    555
     102       0       0       1       0                               0D    556
     102     462       0       0       0                        01010000D    557
     102       0       0       1       0                               0D    558
     142     463       0       0       0                        00010500D    559
     142       0       0       1       0                               0D    560
     144     464       0       0       0                        00000000D    561
     144       0    -535       1       0                               0D    562
     314     465       0       0       0                        00000200D    563
     314       0       0       1       0                               0D    564
     128     466       0       0       0                        01010000D    565
     128       0       0       4       0                               0D    566
     126     470       0       0       0                        01010500D    567
     126       0       0       2       0                               0D    568
     110     472       0       0       0                        01010000D    569
     110       0       0       1       0                               0D    570
     126     473       0       0       0                        01010500D    571
     126       0       0       2       0                               0D    572
     110     475       0       0       0                        01010000D    573
     110       0       0       1       0                               0D    574
     126     476       0       0       0                        01010500D    575
     126       0       0       2       0                               0D    576
     110     478       0       0       0                        01010000D    577
     110       0       0       1       0                               0D    578
     126     479       0       0       0                        01010500D    579
     126       0       0       2       0                               0D    580
     110     481       0       0       0                        01010000D    581
     110       0       0       1       0                               0D    582
     102     482       0       0       0                        01010500D    583
     102       0       0       1       0                               0D    584
     102     483       0       0       0                        01010000D    585
     102       0       0       1       0                               0D    586
     142     484       0       0       0                        00010500D    587
     142       0       0       1       0                               0D    588
     144     485       0       0       0                        00000000D    589
     144       0    -563       1       0                               0D    590
     314     486       0       0       0                        00000200D    591
     314       0       0       1       0                               0D    592
     128     487       0       0       0                        01010000D    593
     128       0       0       4       0                               0D    594
     126     491       0       0       0                        01010500D    595
     126       0       0       2       0                               0D    596
     110     493       0       0       0                        01010000D    597
     110       0       0       2       0                               0D    598
     126     495       0       0       0                        01010500D    599
     126       0       0       2       0                               0D    600
     110     497       0       0       0                        01010000D    601
     110       0       0       1       0                               0D    602
     126     498       0       0       0                        01010500D    603
     126       0       0       2       0                               0D    604
     110     500       0       0       0                        01010000D    605
     110       0       0       1       0                               0D    606
     126     501       0       0       0                        01010500D    607
     126       0       0       2       0                               0D    608
     110     503       0       0       0                        01010000D    609
     110       0       0       1       0                               0D    610
     126     504       0       0       0                        01010500D    611
     126       0       0       2       0                               0D    612
     110     506       0       0       0                        01010000D    613
     110       0       0       2       0                               0D    614
     126     508       0       0       0                        01010500D    615
     126       0       0       2       0                               0D    616
     110     510       0       0       0                        01010000D    617
     110       0       0       1       0                               0D    618
     102     511       0       0       0                        01010500D    619
     102       0       0       1       0                               0D    620
     102     512       0       0       0                        01010000D    621
     102       0       0       1       0                               0D    622
     142     513       0       0       0                        00010500D    623
     142       0       0       1       0                               0D    624
     126     514       0       0       0                        01010500D    625
     126       0       0      22       0                               0D    626
     124     536       0       0       0                        00000000D    627
     124       0       0       4       0                               0D    628
     100     540       0       0       0             627        01010000D    629
     100       0       0       1       0                               0D    630
     126     541       0       0       0                        01010500D    631
     126       0       0      22       0                               0D    632
     124     563       0       0       0                        00000000D    633
     124       0       0       2       0                               0D    634
     100     565       0       0       0             633        01010000D    635
     100       0       0       1       0                               0D    636
     102     566       0       0       0                        01010500D    637
     102       0       0       1       0                               0D    638
     102     567       0       0       0                        01010000D    639
     102       0       0       1       0                               0D    640
     142     568       0       0       0                        00010500D    641
     142       0       0       1       0                               0D    642
     144     569       0       0       0                        00000000D    643
     144       0    -591       1       0                               0D    644
     314     570       0       0       0                        00000200D    645
     314       0       0       1       0                               0D    646
     110     571       0       0       0                        01010000D    647
     110       0       0       1       0                               0D    648
     110     572       0       0       0                        01010000D    649
     110       0       0       1       0                               0D    650
     120     573       0       0       0                        01010000D    651
     120       0       0       1       0                               0D    652
     126     574       0       0       0                        01010500D    653
     126       0       0       2       0                               0D    654
     110     576       0       0       0                        01010000D    655
     110       0       0       1       0                               0D    656
     126     577       0       0       0                        01010500D    657
     126       0       0       2       0                               0D    658
     124     579       0       0       0                        00000000D    659
     124       0       0       4       0                               0D    660
     100     583       0       0       0             659        01010000D    661
     100       0       0       1       0                               0D    662
     126     584       0       0       0                        01010500D    663
     126       0       0       2       0                               0D    664
     110     586       0       0       0                        01010000D    665
     110       0       0       1       0                               0D    666
     126     587       0       0       0                        01010500D    667
     126       0       0       2       0                               0D    668
     124     589       0       0       0                        00000000D    669
     124       0       0       4       0                               0D    670
     100     593       0       0       0             669        01010000D    671
     100       0       0       1       0                               0D    672
     102     594       0       0       0                        01010500D    673
     102       0       0       1       0                               0D    674
     102     595       0       0       0                        01010000D    675
     102       0       0       1       0                               0D    676
     142     596       0       0       0                        00010500D    677
     142       0       0       1       0                               0D    678
     144     597       0       0       0                        00000000D    679
     144       0    -645       1       0                               0D    680
     314     598       0       0       0                        00000200D    681
     314       0       0       1       0                               0D    682
     128     599       0       0       0                        01010000D    683
     128       0       0       3       0                               0D    684
     126     602       0       0       0                        01010500D    685
     126       0       0      22       0                               0D    686
     124     624       0       0       0                        00000000D    687
     124       0       0       4       0                               0D    688
     100     628       0       0       0             687        01010000D    689
     100       0       0       1       0                               0D    690
     126     629       0       0       0                        01010500D    691
     126       0       0      22       0                               0D    692
     124     651       0       0       0                        00000000D    693
     124       0       0       2       0                               0D    694
     100     653       0       0       0             693        01010000D    695
     100       0       0       1       0                               0D    696
     102     654       0       0       0                        01010500D    697
     102       0       0       1       0                               0D    698
     102     655       0       0       0                        01010000D    699
     102       0       0       1       0                               0D    700
     142     656       0       0       0                        00010500D    701
     142       0       0       1       0                               0D    702
     126     657       0       0       0                        01010500D    703
     126       0       0      22       0                               0D    704
     124     679       0       0       0                        00000000D    705
     124       0       0       2       0                               0D    706
     100     681       0       0       0             705        01010000D    707
     100       0       0       1       0                               0D    708
     126     682       0       0       0                        01010500D    709
     126       0       0      22       0                               0D    710
     124     704       0       0       0                        00000000D    711
     124       0       0       4       0                               0D    712
     100     708       0       0       0             711        01010000D    713
     100       0       0       1       0                               0D    714
     102     709       0       0       0                        01010500D    715
     102       0       0       1       0                               0D    716
     102     710       0       0       0                        01010000D    717
     102       0       0       1       0                               0D    718
     142     711       0       0       0                        00010500D    719
     142       0       0       1       0                               0D    720
     144     712       0       0       0                        00000000D    721
     144       0    -681       1       0                               0D    722
     110     713       0       0       0                        01010000D    723
     110       0       0       1       0                               0D    724
     110     714       0       0       0                        01010000D    725
     110       0       0       1       0                               0D    726
     120     715       0       0       0                        01010000D    727
     120       0       0       1       0                               0D    728
     126     716       0       0       0                        01010500D    729
     126       0       0       2       0                               0D    730
     124     718       0       0       0                        00000000D    731
     124       0       0       2       0                               0D    732
     100     720       0       0       0             731        01010000D    733
     100       0       0       1       0                               0D    734
     126     721       0       0       0                        01010500D    735
     126       0       0       2       0                               0D    736
     110     723       0       0       0                        01010000D    737
     110       0       0       1       0                               0D    738
     126     724       0       0       0                        01010500D    739
     126       0       0       2       0                               0D    740
     124     726       0       0       0                        00000000D    741
     124       0       0       5       0                               0D    742
     100     731       0       0       0             741        01010000D    743
     100       0       0       2       0                               0D    744
     126     733       0       0       0                        01010500D    745
     126       0       0       2       0                               0D    746
     110     735       0       0       0                        01010000D    747
     110       0       0       1       0                               0D    748
     102     736       0       0       0                        01010500D    749
     102       0       0       1       0                               0D    750
     102     737       0       0       0                        01010000D    751
     102       0       0       1       0                               0D    752
     142     738       0       0       0                        00010500D    753
     142       0       0       1       0                               0D    754
     144     739       0       0       0                        00000000D    755
     144       0      -1       1       0                               0D    756
     128     740       0       0       0                        01010000D    757
     128       0       0       3       0                               0D    758
     126     743       0       0       0                        01010500D    759
     126       0       0       2       0                               0D    760
     110     745       0       0       0                        01010000D    761
     110       0       0       1       0                               0D    762
     126     746       0       0       0                        01010500D    763
     126       0       0       2       0                               0D    764
     110     748       0       0       0                        01010000D    765
     110       0       0       1       0                               0D    766
     126     749       0       0       0                        01010500D    767
     126       0       0       2       0                               0D    768
     110     751       0       0       0                        01010000D    769
     110       0       0       1       0                               0D    770
     126     752       0       0       0                        01010500D    771
     126       0       0       2       0                               0D    772
     110     754       0       0       0                        01010000D    773
     110       0       0       1       0                               0D    774
     102     755       0       0       0                        01010500D    775
     102       0       0       1       0                               0D    776
     102     756       0       0       0                        01010000D    777
     102       0       0       1       0                               0D    778
     142     757       0       0       0                        00010500D    779
     142       0       0       1       0                               0D    780
     144     758       0       0       0                        00000000D    781
     144       0      -1       1       0                               0D    782
     128     759       0       0       0                        01010000D    783
     128       0       0       3       0                               0D    784
     126     762       0       0       0                        01010500D    785
     126       0       0       2       0                               0D    786
     110     764       0       0       0                        01010000D    787
     110       0       0       1       0                               0D    788
     126     765       0       0       0                        01010500D    789
     126       0       0       2       0                               0D    790
     110     767       0       0       0                        01010000D    791
     110       0       0       1       0                               0D    792
     126     768       0       0       0                        01010500D    793
     126       0       0       2       0                               0D    794
     110     770       0       0       0                        01010000D    795
     110       0       0       1       0                               0D    796
     126     771       0       0       0                        01010500D    797
     126       0       0       2       0                               0D    798
     110     773       0       0       0                        01010000D    799
     110       0       0       1       0                               0D    800
     102     774       0       0       0                        01010500D    801
     102       0       0       1       0                               0D    802
     102     775       0       0       0                        01010000D    803
     102       0       0       1       0                               0D    804
     142     776       0       0       0                        00010500D    805
     142       0       0       1       0                               0D    806
     144     777       0       0       0                        00000000D    807
     144       0      -1       1       0                               0D    808
     128     778       0       0       0                        01010000D    809
     128       0       0       3       0                               0D    810
     126     781       0       0       0                        01010500D    811
     126       0       0       2       0                               0D    812
     110     783       0       0       0                        01010000D    813
     110       0       0       1       0                               0D    814
     126     784       0       0       0                        01010500D    815
     126       0       0       2       0                               0D    816
     110     786       0       0       0                        01010000D    817
     110       0       0       1       0                               0D    818
     126     787       0       0       0                        01010500D    819
     126       0       0       2       0                               0D    820
     110     789       0       0       0                        01010000D    821
     110       0       0       1       0                               0D    822
     126     790       0       0       0                        01010500D    823
     126       0       0       2       0                               0D    824
     110     792       0       0       0                        01010000D    825
     110       0       0       1       0                               0D    826
     102     793       0       0       0                        01010500D    827
     102       0       0       1       0                               0D    828
     102     794       0       0       0                        01010000D    829
     102       0       0       1       0                               0D    830
     142     795       0       0       0                        00010500D    831
     142       0       0       1       0                               0D    832
     144     796       0       0       0                        00000000D    833
     144       0      -1       1       0                               0D    834
     128     797       0       0       0                        01010000D    835
     128       0       0       3       0                               0D    836
     126     800       0       0       0                        01010500D    837
     126       0       0       2       0                               0D    838
     110     802       0       0       0                        01010000D    839
     110       0       0       1       0                               0D    840
     126     803       0       0       0                        01010500D    841
     126       0       0       2       0                               0D    842
     110     805       0       0       0                        01010000D    843
     110       0       0       1       0                               0D    844
     126     806       0       0       0                        01010500D    845
     126       0       0       2       0                               0D    846
     110     808       0       0       0                        01010000D    847
     110       0       0       1       0                               0D    848
     126     809       0       0       0                        01010500D    849
     126       0       0       2       0                               0D    850
     110     811       0       0       0                        01010000D    851
     110       0       0       1       0                               0D    852
     102     812       0       0       0                        01010500D    853
     102       0       0       1       0                               0D    854
     102     813       0       0       0                        01010000D    855
     102       0       0       1       0                               0D    856
     142     814       0       0       0                        00010500D    857
     142       0       0       1       0                               0D    858
     144     815       0       0       0                        00000000D    859
     144       0      -1       1       0                               0D    860
     128     816       0       0       0                        01010000D    861
     128       0       0       3       0                               0D    862
     126     819       0       0       0                        01010500D    863
     126       0       0       2       0                               0D    864
     110     821       0       0       0                        01010000D    865
     110       0       0       1       0                               0D    866
     126     822       0       0       0                        01010500D    867
     126       0       0       2       0                               0D    868
     110     824       0       0       0                        01010000D    869
     110       0       0       1       0                               0D    870
     126     825       0       0       0                        01010500D    871
     126       0       0       2       0                               0D    872
     110     827       0       0       0                        01010000D    873
     110       0       0       1       0                               0D    874
     126     828       0       0       0                        01010500D    875
     126       0       0       2       0                               0D    876
     110     830       0       0       0                        01010000D    877
     110       0       0       1       0                               0D    878
     102     831       0       0       0                        01010500D    879
     102       0       0       1       0                               0D    880
     102     832       0       0       0                        01010000D    881
     102       0       0       1       0                               0D    882
     142     833       0       0       0                        00010500D    883
     142       0       0       1       0                               0D    884
     144     834       0       0       0                        00000000D    885
     144       0      -1       1       0                               0D    886
     128     835       0       0       0                        01010000D    887
     128       0       0       2       0                               0D    888
     126     837       0       0       0                        01010500D    889
     126       0       0       2       0                               0D    890
     110     839       0       0       0                        01010000D    891
     110       0       0       1       0                               0D    892
     126     840       0       0       0                        01010500D    893
     126       0       0       2       0                               0D    894
     110     842       0       0       0                        01010000D    895
     110       0       0       1       0                               0D    896
     126     843       0       0       0                        01010500D    897
     126       0       0       2       0                               0D    898
     110     845       0       0       0                        01010000D    899
     110       0       0       1       0                               0D    900
     126     846       0       0       0                        01010500D    901
     126       0       0       2       0                               0D    902
     110     848       0       0       0                        01010000D    903
     110       0       0       1       0                               0D    904
     102     849       0       0       0                        01010500D    905
     102       0       0       1       0                               0D    906
     102     850       0       0       0                        01010000D    907
     102       0       0       1       0                               0D    908
     142     851       0       0       0                        00010500D    909
     142       0       0       1       0                               0D    910
     144     852       0       0       0                        00000000D    911
     144       0      -1       1       0                               0D    912
     128     853       0       0       0                        01010000D    913
     128       0       0       2       0                               0D    914
     126     855       0       0       0                        01010500D    915
     126       0       0       2       0                               0D    916
     110     857       0       0       0                        01010000D    917
     110       0       0       1       0                               0D    918
     126     858       0       0       0                        01010500D    919
     126       0       0       2       0                               0D    920
     110     860       0       0       0                        01010000D    921
     110       0       0       1       0                               0D    922
     126     861       0       0       0                        01010500D    923
     126       0       0       2       0                               0D    924
     110     863       0       0       0                        01010000D    925
     110       0       0       1       0                               0D    926
     126     864       0       0       0                        01010500D    927
     126       0       0       2       0                               0D    928
     110     866       0       0       0                        01010000D    929
     110       0       0       1       0                               0D    930
     102     867       0       0       0                        01010500D    931
     102       0       0       1       0                               0D    932
     102     868       0       0       0                        01010000D    933
     102       0       0       1       0                               0D    934
     142     869       0       0       0                        00010500D    935
     142       0       0       1       0                               0D    936
     144     870       0       0       0                        00000000D    937
     144       0      -1       1       0                               0D    938
     128     871       0       0       0                        01010000D    939
     128       0       0       2       0                               0D    940
     126     873       0       0       0                        01010500D    941
     126       0       0       2       0                               0D    942
     110     875       0       0       0                        01010000D    943
     110       0       0       1       0                               0D    944
     126     876       0       0       0                        01010500D    945
     126       0       0       2       0                               0D    946
     110     878       0       0       0                        01010000D    947
     110       0       0       1       0                               0D    948
     126     879       0       0       0                        01010500D    949
     126       0       0       2       0                               0D    950
     110     881       0       0       0                        01010000D    951
     110       0       0       1       0                               0D    952
     126     882       0       0       0                        01010500D    953
     126       0       0       2       0                               0D    954
     110     884       0       0       0                        01010000D    955
     110       0       0       1       0                               0D    956
     102     885       0       0       0                        01010500D    957
     102       0       0       1       0                               0D    958
     102     886       0       0       0                        01010000D    959
     102       0       0       1       0                               0D    960
     142     887       0       0       0                        00010500D    961
     142       0       0       1       0                               0D    962
     144     888       0       0       0                        00000000D    963
     144       0      -1       1       0                               0D    964
     128     889       0       0       0                        01010000D    965
     128       0       0       2       0                               0D    966
     126     891       0       0       0                        01010500D    967
     126       0       0       2       0                               0D    968
     110     893       0       0       0                        01010000D    969
     110       0       0       1       0                               0D    970
     126     894       0       0       0                        01010500D    971
     126       0       0       2       0                               0D    972
     110     896       0       0       0                        01010000D    973
     110       0       0       1       0                               0D    974
     126     897       0       0       0                        01010500D    975
     126       0       0       2       0                               0D    976
     110     899       0       0       0                        01010000D    977
     110       0       0       1       0                               0D    978
     126     900       0       0       0                        01010500D    979
     126       0       0       2       0                               0D    980
     110     902       0       0       0                        01010000D    981
     110       0       0       1       0                               0D    982
     102     903       0       0       0                        01010500D    983
     102       0       0       1       0                               0D    984
     102     904       0       0       0                        01010000D    985
     102       0       0       1       0                               0D    986
     142     905       0       0       0                        00010500D    987
     142       0       0       1       0                               0D    988
     144     906       0       0       0                        00000000D    989
     144       0      -1       1       0                               0D    990
     128     907       0       0       0                        01010000D    991
     128       0       0       2       0                               0D    992
     126     909       0       0       0                        01010500D    993
     126       0       0       2       0                               0D    994
     110     911       0       0       0                        01010000D    995
     110       0       0       1       0                               0D    996
     126     912       0       0       0                        01010500D    997
     126       0       0       2       0                               0D    998
     110     914       0       0       0                        01010000D    999
     110       0       0       1       0                               0D   1000
     126     915       0       0       0                        01010500D   1001
     126       0       0       2       0                               0D   1002
     110     917       0       0       0                        01010000D   1003
     110       0       0       1       0                               0D   1004
     126     918       0       0       0                        01010500D   1005
     126       0       0       2       0                               0D   1006
     110     920       0       0       0                        01010000D   1007
     110       0       0       1       0                               0D   1008
     102     921       0       0       0                        01010500D   1009
     102       0       0       1       0                               0D   1010
     102     922       0       0       0                        01010000D   1011
     102       0       0       1       0                               0D   1012
     142     923       0       0       0                        00010500D   1013
     142       0       0       1       0                               0D   1014
     144     924       0       0       0                        00000000D   1015
     144       0      -1       1       0                               0D   1016
     128     925       0       0       0                        01010000D   1017
     128       0       0       3       0                               0D   1018
     126     928       0       0       0                        01010500D   1019
     126       0       0       2       0                               0D   1020
     110     930       0       0       0                        01010000D   1021
     110       0       0       1       0                               0D   1022
     126     931       0       0       0                        01010500D   1023
     126       0       0       2       0                               0D   1024
     110     933       0       0       0                        01010000D   1025
     110       0       0       1       0                               0D   1026
     126     934       0       0       0                        01010500D   1027
     126       0       0       2       0                               0D   1028
     110     936       0       0       0                        01010000D   1029
     110       0       0       1       0                               0D   1030
     126     937       0       0       0                        01010500D   1031
     126       0       0       2       0                               0D   1032
     110     939       0       0       0                        01010000D   1033
     110       0       0       1       0                               0D   1034
     102     940       0       0       0                        01010500D   1035
     102       0       0       1       0                               0D   1036
     102     941       0       0       0                        01010000D   1037
     102       0       0       1       0                               0D   1038
     142     942       0       0       0                        00010500D   1039
     142       0       0       1       0                               0D   1040
     144     943       0       0       0                        00000000D   1041
     144       0      -1       1       0                               0D   1042
     128     944       0       0       0                        01010000D   1043
     128       0       0       3       0                               0D   1044
     126     947       0       0       0                        01010500D   1045
     126       0       0       2       0                               0D   1046
     110     949       0       0       0                        01010000D   1047
     110       0       0       1       0                               0D   1048
     126     950       0       0       0                        01010500D   1049
     126       0       0       2       0                               0D   1050
     110     952       0       0       0                        01010000D   1051
     110       0       0       1       0                               0D   1052
     126     953       0       0       0                        01010500D   1053
     126       0       0       2       0                               0D   1054
     110     955       0       0       0                        01010000D   1055
     110       0       0       1       0                               0D   1056
     126     956       0       0       0                        01010500D   1057
     126       0       0       2       0                               0D   1058
     110     958       0       0       0                        01010000D   1059
     110       0       0       1       0                               0D   1060
     102     959       0       0       0                        01010500D   1061
     102       0       0       1       0                               0D   1062
     102     960       0       0       0                        01010000D   1063
     102       0       0       1       0                               0D   1064
     142     961       0       0       0                        00010500D   1065
     142       0       0       1       0                               0D   1066
     144     962       0       0       0                        00000000D   1067
     144       0      -1       1       0                               0D   1068
     128     963       0       0       0                        01010000D   1069
     128       0       0       3       0                               0D   1070
     126     966       0       0       0                        01010500D   1071
     126       0       0       2       0                               0D   1072
     110     968       0       0       0                        01010000D   1073
     110       0       0       1       0                               0D   1074
     126     969       0       0       0                        01010500D   1075
     126       0       0       2       0                               0D   1076
     110     971       0       0       0                        01010000D   1077
     110       0       0       1       0                               0D   1078
     126     972       0       0       0                        01010500D   1079
     126       0       0       2       0                               0D   1080
     110     974       0       0       0                        01010000D   1081
     110       0       0       1       0                               0D   1082
     126     975       0       0       0                        01010500D   1083
     126       0       0       2       0                               0D   1084
     110     977       0       0       0                        01010000D   1085
     110       0       0       1       0                               0D   1086
     102     978       0       0       0                        01010500D   1087
     102       0       0       1       0                               0D   1088
     102     979       0       0       0                        01010000D   1089
     102       0       0       1       0                               0D   1090
     142     980       0       0       0                        00010500D   1091
     142       0       0       1       0                               0D   1092
     144     981       0       0       0                        00000000D   1093
     144       0      -1       1       0                               0D   1094
     128     982       0       0       0                        01010000D   1095
     128       0       0       3       0                               0D   1096
     126     985       0       0       0                        01010500D   1097
     126       0       0       2       0                               0D   1098
     110     987       0       0       0                        01010000D   1099
     110       0       0       1       0                               0D   1100
     126     988       0       0       0                        01010500D   1101
     126       0       0       2       0                               0D   1102
     110     990       0       0       0                        01010000D   1103
     110       0       0       1       0                               0D   1104
     126     991       0       0       0                        01010500D   1105
     126       0       0       2       0                               0D   1106
     110     993       0       0       0                        01010000D   1107
     110       0       0       1       0                               0D   1108
     126     994       0       0       0                        01010500D   1109
     126       0       0       2       0                               0D   1110
     110     996       0       0       0                        01010000D   1111
     110       0       0       1       0                               0D   1112
     102     997       0       0       0                        01010500D   1113
     102       0       0       1       0                               0D   1114
     102     998       0       0       0                        01010000D   1115
     102       0       0       1       0                               0D   1116
     142     999       0       0       0                        00010500D   1117
     142       0       0       1       0                               0D   1118
     144    1000       0       0       0                        00000000D   1119
     144       0      -1       1       0                               0D   1120
     128    1001       0       0       0                        01010000D   1121
     128       0       0       3       0                               0D   1122
     126    1004       0       0       0                        01010500D   1123
     126       0       0       2       0                               0D   1124
     110    1006       0       0       0                        01010000D   1125
     110       0       0       1       0                               0D   1126
     126    1007       0       0       0                        01010500D   1127
     126       0       0       2       0                               0D   1128
     110    1009       0       0       0                        01010000D   1129
     110       0       0       1       0                               0D   1130
     126    1010       0       0       0                        01010500D   1131
     126       0       0       2       0                               0D   1132
     110    1012       0       0       0                        01010000D   1133
     110       0       0       1       0                               0D   1134
     126    1013       0       0       0                        01010500D   1135
     126       0       0       2       0                               0D   1136
     110    1015       0       0       0                        01010000D   1137
     110       0       0       1       0                               0D   1138
     102    1016       0       0       0                        01010500D   1139
     102       0       0       1       0                               0D   1140
     102    1017       0       0       0                        01010000D   1141
     102       0       0       1       0                               0D   1142
     142    1018       0       0       0                        00010500D   1143
     142       0       0       1       0                               0D   1144
     144    1019       0       0       0                        00000000D   1145
     144       0      -1       1       0                               0D   1146
     128    1020       0       0       0                        01010000D   1147
     128       0       0       4       0                               0D   1148
     126    1024       0       0       0                        01010500D   1149
     126       0       0      22       0                               0D   1150
     124    1046       0       0       0                        00000000D   1151
     124       0       0       4       0                               0D   1152
     100    1050       0       0       0            1151        01010000D   1153
     100       0       0       2       0                               0D   1154
     126    1052       0       0       0                        01010500D   1155
     126       0       0      22       0                               0D   1156
     124    1074       0       0       0                        00000000D   1157
     124       0       0       5       0                               0D   1158
     100    1079       0       0       0            1157        01010000D   1159
     100       0       0       2       0                               0D   1160
     102    1081       0       0       0                        01010500D   1161
     102       0       0       1       0                               0D   1162
     102    1082       0       0       0                        01010000D   1163
     102       0       0       1       0                               0D   1164
     142    1083       0       0       0                        00010500D   1165
     142       0       0       1       0                               0D   1166
     144    1084       0       0       0                        00000000D   1167
     144       0      -1       1       0                               0D   1168
     110    1085       0       0       0                        01010000D   1169
     110       0       0       2       0                               0D   1170
     110    1087       0       0       0                        01010000D   1171
     110       0       0       1       0                               0D   1172
     120    1088       0       0       0                        01010000D   1173
     120       0       0       1       0                               0D   1174
     126    1089       0       0       0                        01010500D   1175
     126       0       0       2       0                               0D   1176
     110    1091       0       0       0                        01010000D   1177
     110       0       0       1       0                               0D   1178
     126    1092       0       0       0                        01010500D   1179
     126       0       0       2       0                               0D   1180
     124    1094       0       0       0                        00000000D   1181
     124       0       0       4       0                               0D   1182
     100    1098       0       0       0            1181        01010000D   1183
     100       0       0       1       0                               0D   1184
     126    1099       0       0       0                        01010500D   1185
     126       0       0       2       0                               0D   1186
     110    1101       0       0       0                        01010000D   1187
     110       0       0       1       0                               0D   1188
     126    1102       0       0       0                        01010500D   1189
     126       0       0       2       0                               0D   1190
     124    1104       0       0       0                        00000000D   1191
     124       0       0       5       0                               0D   1192
     100    1109       0       0       0            1191        01010000D   1193
     100       0       0       2       0                               0D   1194
     102    1111       0       0       0                        01010500D   1195
     102       0       0       1       0                               0D   1196
     102    1112       0       0       0                        01010000D   1197
     102       0       0       1       0                               0D   1198
     142    1113       0       0       0                        00010500D   1199
     142       0       0       1       0                               0D   1200
     144    1114       0       0       0                        00000000D   1201
     144       0      -1       1       0                               0D   1202
     128    1115       0       0       0                        01010000D   1203
     128       0       0       4       0                               0D   1204
     126    1119       0       0       0                        01010500D   1205
     126       0       0      22       0                               0D   1206
     124    1141       0       0       0                        00000000D   1207
     124       0       0       4       0                               0D   1208
     100    1145       0       0       0            1207        01010000D   1209
     100       0       0       2       0                               0D   1210
     126    1147       0       0       0                        01010500D   1211
     126       0       0      22       0                               0D   1212
     124    1169       0       0       0                        00000000D   1213
     124       0       0       5       0                               0D   1214
     100    1174       0       0       0            1213        01010000D   1215
     100       0       0       2       0                               0D   1216
     102    1176       0       0       0                        01010500D   1217
     102       0       0       1       0                               0D   1218
     102    1177       0       0       0                        01010000D   1219
     102       0       0       1       0                               0D   1220
     142    1178       0       0       0                        00010500D   1221
     142       0       0       1       0                               0D   1222
     144    1179       0       0       0                        00000000D   1223
     144       0      -1       1       0                               0D   1224
     128    1180       0       0       0                        01010000D   1225
     128       0       0    1807       0                               0D   1226
     126    2987       0       0       0                        01010500D   1227
     126       0       0       2       0                               0D   1228
     124    2989       0       0       0                        00000000D   1229
     124       0       0       5       0                               0D   1230
     100    2994       0       0       0            1229        01010000D   1231
     100       0       0       2       0                               0D   1232
     126    2996       0       0       0                        01010500D   1233
     126       0       0       2       0                               0D   1234
     124    2998       0       0       0                        00000000D   1235
     124       0       0       4       0                               0D   1236
     100    3002       0       0       0            1235        01010000D   1237
     100       0       0       2       0                               0D   1238
     126    3004       0       0       0                        01010500D   1239
     126       0       0       2       0                               0D   1240
     126    3006       0       0       0                        01010500D   1241
     126       0       0       2       0                               0D   1242
     124    3008       0       0       0                        00000000D   1243
     124       0       0       5       0                               0D   1244
     100    3013       0       0       0            1243        01010000D   1245
     100       0       0       2       0                               0D   1246
     126    3015       0       0       0                        01010500D   1247
     126       0       0       2       0                               0D   1248
     124    3017       0       0       0                        00000000D   1249
     124       0       0       5       0                               0D   1250
     100    3022       0       0       0            1249        01010000D   1251
     100       0       0       2       0                               0D   1252
     102    3024       0       0       0                        01010500D   1253
     102       0       0       1       0                               0D   1254
     102    3025       0       0       0                        01010000D   1255
     102       0       0       1       0                               0D   1256
     142    3026       0       0       0                        00010500D   1257
     142       0       0       1       0                               0D   1258
     144    3027       0       0       0                        00000000D   1259
     144       0      -1       1       0                               0D   1260
     110    3028       0       0       0                        01010000D   1261
     110       0       0       2       0                               0D   1262
     110    3030       0       0       0                        01010000D   1263
     110       0       0       2       0                               0D   1264
     120    3032       0       0       0                        01010000D   1265
     120       0       0       1       0                               0D   1266
     126    3033       0       0       0                        01010500D   1267
     126       0       0       2       0                               0D   1268
     110    3035       0       0       0                        01010000D   1269
     110       0       0       2       0                               0D   1270
     126    3037       0       0       0                        01010500D   1271
     126       0       0       2       0                               0D   1272
     124    3039       0       0       0                        00000000D   1273
     124       0       0       4       0                               0D   1274
     100    3043       0       0       0            1273        01010000D   1275
     100       0       0       2       0                               0D   1276
     126    3045       0       0       0                        01010500D   1277
     126       0       0       2       0                               0D   1278
     110    3047       0       0       0                        01010000D   1279
     110       0       0       2       0                               0D   1280
     126    3049       0       0       0                        01010500D   1281
     126       0       0       2       0                               0D   1282
     124    3051       0       0       0                        00000000D   1283
     124       0       0       5       0                               0D   1284
     100    3056       0       0       0            1283        01010000D   1285
     100       0       0       2       0                               0D   1286
     102    3058       0       0       0                        01010500D   1287
     102       0       0       1       0                               0D   1288
     102    3059       0       0       0                        01010000D   1289
     102       0       0       1       0                               0D   1290
     142    3060       0       0       0                        00010500D   1291
     142       0       0       1       0                               0D   1292
     144    3061       0       0       0                        00000000D   1293
     144       0      -1       1       0                               0D   1294
314,100.,94.9019607843137,89.8039215686275,;                           1P      1
110,-57.927628735,0.286491553,11.2,-57.927628735,                      3P      2
-999.713508447,11.2;                                                   3P      3
110,-53.927628735,0.286491553,11.2,-53.927628735,-9.713506973,         5P      4
11.2;                                                                  5P      5
120,3,5,0.,6.28318530717959;                                           7P      6
126,1,1,1,0,1,0,0.,0.,1.,1.,1.,1.,0.,0.,0.,0.,3.141592654,0.,          9P      7
0.,1.,0.,0.,1.;                                                        9P      8
124,1.,-1.61571553321109E-014,-2.19122997673835E-015,                 11P      9
2.92495349255832E-014,-2.19122997673835E-015,                         11P     10
6.12323399574031E-017,-1.,11.4864915531093,                           11P     11
1.61571553321109E-014,1.,6.12323399573677E-017,                       11P     12
10.9135084468915;                                                     11P     13
100,11.2,-57.927628735,0.286491553,-53.927628735,0.286491553,         13P     14
-61.927628735,0.286491553;                                            13P     15
126,1,1,1,0,1,0,0.,0.,1.,1.,1.,1.,0.,3.141592654,0.,1.,               15P     16
3.141592654,0.,0.,1.,0.,0.,1.;                                        15P     17
110,-61.927628735,0.286491553,11.2,-61.927628735,-9.713506973,        17P     18
11.2;                                                                 17P     19
126,1,1,1,0,1,0,0.,0.,1.,1.,1.,1.,1.,3.141592654,0.,1.,0.,0.,         19P     20
0.,1.,0.,0.,1.;                                                       19P     21
124,-1.,2.06876529682361E-015,2.19122997673835E-015,                  21P     22
-115.855257469359,2.19122997673835E-015,-6.12323399573722E-017,       21P     23
1.,-20.9135069734124,2.06876529682361E-015,1.,                        21P     24
6.12323399573677E-017,20.9135069734127;                               21P     25
100,11.2,-57.927628735,-9.713506973,-53.927628735,-9.713506973,       23P     26
-61.927628735,-9.713506973;                                           23P     27
126,1,1,1,0,1,0,0.,0.,1.,1.,1.,1.,1.,0.,0.,0.,0.,0.,0.,1.,0.,         25P     28
0.,1.;                                                                25P     29
110,-53.927628735,-9.713506973,11.2,-53.927628735,0.286491553,        27P     30
11.2;                                                                 27P     31
102,4,9,15,19,25;                                                     29P     32
102,4,13,17,23,27;                                                    31P     33
142,1,7,29,31,1;                                                      33P     34
144,7,1,0,33;                                                         35P     35
110,-14.927628735,4.286477187,11.2,-1014.927628735,4.286845556,       37P     36
11.2;                                                                 37P     37
110,-15.,0.286477213,11.2,-53.927628735,0.286491553,11.2;             39P     38
120,37,39,0.,6.28318530717959;                                        41P     39
126,1,1,1,0,1,0,0.,0.,1.,1.,1.,1.,0.,0.,0.,7.6E-008,                  43P     40
3.141592654,0.,0.,1.,0.,0.,1.;                                        43P     41
124,1.2390881971263E-016,6.12323399573659E-017,-1.,-3.8,-1.,          45P     42
1.39032488756173E-014,-1.23908819712629E-016,-10.7135227866384,       45P     43
1.39032488756173E-014,1.,6.12323399573677E-017,                       45P     44
6.91352278663857;                                                     45P     45
100,11.2,-15.,4.286477213,-11.,4.286477213,-19.,4.286477213;          47P     46
126,1,1,1,0,1,0,0.,0.,1.,1.,1.,1.,7.6E-008,3.141592654,0.,1.,         49P     47
3.141592654,0.,0.,1.,0.,0.,1.;                                        49P     48
110,-15.,8.286477213,11.2,-53.927625788,8.286491553,11.2;             51P     49
126,1,1,1,0,1,0,0.,0.,1.,1.,1.,1.,1.,3.141592654,0.,1.,0.,0.,         53P     50
0.,1.,0.,0.,1.;                                                       53P     51
124,3.6836942386464E-007,7.04419487239694E-015,                       55P     52
0.999999999999932,-65.1276073959123,0.999999999999932,                55P     53
-3.9429759565558E-016,-3.6836942386464E-007,58.2141229400451,         55P     54
3.94295054556738E-016,1.,-7.04419501764363E-015,                      55P     55
6.9135084468909;                                                      55P     56
100,11.2,-53.927627261,4.286491553,-49.927627261,4.286491553,         57P     57
-57.927627261,4.286491553;                                            57P     58
126,1,1,1,0,1,0,0.,0.,1.,1.,1.,1.,1.,0.,0.,0.,0.,0.,0.,1.,0.,         59P     59
0.,1.;                                                                59P     60
110,-53.927628735,0.286491553,11.2,-15.,0.286477213,11.2;             61P     61
102,4,43,49,53,59;                                                    63P     62
102,4,47,51,57,61;                                                    65P     63
142,1,41,63,65,1;                                                     67P     64
144,41,1,0,67;                                                        69P     65
110,-15.,4.2,11.227430208,985.,4.2,11.227430208;                      71P     66
110,-14.927628767,4.2,9.977430208,35.5,4.2,9.977430208;               73P     67
120,71,73,0.,6.28318530717959;                                        75P     68
126,1,1,1,0,1,0,0.,0.,1.,1.,1.,1.,0.,6.283185307,0.,1.,               77P     69
6.283185307,0.,0.,1.,0.,0.,1.;                                        77P     70
110,-14.927628767,4.2,9.977430208,35.5,4.2,9.977430208;               79P     71
126,1,1,1,0,1,0,0.,0.,1.,1.,1.,1.,1.,6.283185307,0.,1.,               81P     72
3.141592654,0.,0.,1.,0.,0.,1.;                                        81P     73
124,-6.12323399573677E-017,4.27583144589696E-031,-1.,                 83P     74
46.7274302082185,-6.98296267768627E-015,-1.,0.,                       83P     75
8.40000000000026,-1.,6.98296267768627E-015,                           83P     76
6.12323399573677E-017,46.7274302082185;                               83P     77
100,11.227430208,35.5,4.2,36.75,4.2,34.25,4.2;                        85P     78
126,1,1,1,0,1,0,0.,0.,1.,1.,1.,1.,1.,3.141592654,0.,0.,               87P     79
3.141592654,0.,0.,1.,0.,0.,1.;                                        87P     80
110,35.5,4.2,12.477430208,-14.927628767,4.2,12.477430208;             89P     81
126,1,1,1,0,1,0,0.,0.,1.,1.,1.,1.,0.,3.141592654,0.,0.,               91P     82
6.283185307,0.,0.,1.,0.,0.,1.;                                        91P     83
124,7.03080498101422E-015,-3.6836942386464E-007,                      93P     84
0.999999999999932,-26.1550574276042,-3.63494789807037E-011,           93P     85
-0.999999999999932,-3.6836942386464E-007,8.40000413529911,1.,         93P     86
-3.63494789781626E-011,-7.04419501764363E-015,26.1550589749094;       93P     87
100,11.227430208,-14.927628767,4.2,-13.677628767,4.2,                 95P     88
-16.177628767,4.2;                                                    95P     89
102,4,77,81,87,91;                                                    97P     90
102,4,79,85,89,95;                                                    99P     91
142,1,75,97,99,1;                                                    101P     92
144,75,1,0,101;                                                      103P     93
314,53.7254901960784,34.9019607843137,33.7254901960784,;             105P     94
110,35.5,4.2,11.227430208,-964.5,4.2,11.227430208;                   107P     95
110,35.5,4.2,13.977430208,24.5,4.2,13.977430208;                     109P     96
120,107,109,0.,6.28318530717959;                                     111P     97
126,1,1,1,0,1,0,0.,0.,1.,1.,1.,1.,0.,0.,0.,0.,3.141592654,0.,        113P     98
0.,1.,0.,0.,1.;                                                      113P     99
124,6.12323399573677E-017,0.,-1.,46.7274302082185,0.,1.,0.,0.,       115P    100
1.,0.,6.12323399573677E-017,-24.2725697917815;                       115P    101
100,11.227430208,35.5,4.2,38.25,4.2,32.75,4.2;                       117P    102
126,1,1,1,0,1,0,0.,0.,1.,1.,1.,1.,0.,3.141592654,0.,1.,              119P    103
3.141592654,0.,0.,1.,0.,0.,1.;                                       119P    104
110,35.5,4.2,8.477430208,24.5,4.2,8.477430208;                       121P    105
126,1,1,1,0,1,0,0.,0.,1.,1.,1.,1.,1.,3.141592654,0.,1.,0.,0.,        123P    106
0.,1.,0.,0.,1.;                                                      123P    107
124,6.12323399573677E-017,0.,1.,13.2725697917815,0.,1.,0.,0.,        125P    108
-1.,0.,6.12323399573677E-017,35.7274302082185;                       125P    109
100,11.227430208,24.5,4.2,27.25,4.2,21.75,4.2;                       127P    110
126,1,1,1,0,1,0,0.,0.,1.,1.,1.,1.,1.,0.,0.,0.,0.,0.,0.,1.,0.,        129P    111
0.,1.;                                                               129P    112
110,24.5,4.2,13.977430208,35.5,4.2,13.977430208;                     131P    113
102,4,113,119,123,129;                                               133P    114
102,4,117,121,127,131;                                               135P    115
142,1,111,133,135,1;                                                 137P    116
144,111,1,0,137;                                                     139P    117
314,10.1960784313725,10.1960784313725,10.1960784313725,;             141P    118
128,1,1,1,1,0,0,1,0,0,0.,0.,1.,1.,0.,0.,1.,1.,1.,1.,1.,1.,-15.,      143P    119
-14.,0.,-15.,-14.,22.,15.,-14.,0.,15.,-14.,22.,0.,1.,0.,1.;          143P    120
126,1,1,1,0,1,0,0.,0.,1.,1.,1.,1.,0.,0.,0.,1.,0.,0.,0.,1.,0.,        145P    121
0.,1.;                                                               145P    122
110,-15.,-14.,0.,-15.,-14.,22.;                                      147P    123
126,1,1,1,0,1,0,0.,0.,1.,1.,1.,1.,1.,0.,0.,1.,1.,0.,0.,1.,0.,        149P    124
0.,1.;                                                               149P    125
110,-15.,-14.,22.,15.,-14.,22.;                                      151P    126
126,1,1,1,0,1,0,0.,0.,1.,1.,1.,1.,1.,1.,0.,0.,1.,0.,0.,1.,0.,        153P    127
0.,1.;                                                               153P    128
110,15.,-14.,22.,15.,-14.,0.;                                        155P    129
126,1,1,1,0,1,0,0.,0.,1.,1.,1.,1.,0.,1.,0.,0.,0.,0.,0.,1.,0.,        157P    130
0.,1.;                                                               157P    131
110,15.,-14.,0.,-15.,-14.,0.;                                        159P    132
102,4,145,149,153,157;                                               161P    133
102,4,147,151,155,159;                                               163P    134
142,1,143,161,163,1;                                                 165P    135
126,1,1,1,0,1,0,0.,0.,1.,1.,1.,1.,0.254545455,0.808333333,0.,        167P    136
0.254545455,0.598333333,0.,0.,1.,0.,0.,1.;                           167P    137
110,9.25,-14.,5.6,2.95,-14.,5.6;                                     169P    138
126,1,1,1,0,1,0,0.,0.,1.,1.,1.,1.,0.254545455,0.598333333,0.,        171P    139
0.218181818,0.598333333,0.,0.,1.,0.,0.,1.;                           171P    140
110,2.95,-14.,5.6,2.95,-14.,4.8;                                     173P    141
126,1,1,1,0,1,0,0.,0.,1.,1.,1.,1.,0.218181818,0.598333333,0.,        175P    142
0.218181818,0.808333333,0.,0.,1.,0.,0.,1.;                           175P    143
110,2.95,-14.,4.8,9.25,-14.,4.8;                                     177P    144
126,1,1,1,0,1,0,0.,0.,1.,1.,1.,1.,0.218181818,0.808333333,0.,        179P    145
0.254545455,0.808333333,0.,0.,1.,0.,0.,1.;                           179P    146
110,9.25,-14.,4.8,9.25,-14.,5.6;                                     181P    147
102,4,167,171,175,179;                                               183P    148
102,4,169,173,177,181;                                               185P    149
142,1,143,183,185,1;                                                 187P    150
126,1,1,1,0,1,0,0.,0.,1.,1.,1.,1.,0.781818182,0.806666667,0.,        189P    151
0.781818182,0.598333333,0.,0.,1.,0.,0.,1.;                           189P    152
110,9.2,-14.,17.2,2.95,-14.,17.2;                                    191P    153
126,1,1,1,0,1,0,0.,0.,1.,1.,1.,1.,0.781818182,0.598333333,0.,        193P    154
0.745454545,0.598333333,0.,0.,1.,0.,0.,1.;                           193P    155
110,2.95,-14.,17.2,2.95,-14.,16.4;                                   195P    156
126,1,1,1,0,1,0,0.,0.,1.,1.,1.,1.,0.745454545,0.598333333,0.,        197P    157
0.745454545,0.806666667,0.,0.,1.,0.,0.,1.;                           197P    158
110,2.95,-14.,16.4,9.2,-14.,16.4;                                    199P    159
126,1,1,1,0,1,0,0.,0.,1.,1.,1.,1.,0.745454545,0.806666667,0.,        201P    160
0.781818182,0.806666667,0.,0.,1.,0.,0.,1.;                           201P    161
110,9.2,-14.,16.4,9.2,-14.,17.2;                                     203P    162
102,4,189,193,197,201;                                               205P    163
102,4,191,195,199,203;                                               207P    164
142,1,143,205,207,1;                                                 209P    165
126,1,1,1,0,1,0,0.,0.,1.,1.,1.,1.,0.65,0.183333333,0.,0.65,          211P    166
0.156666667,0.,0.,1.,0.,0.,1.;                                       211P    167
110,-9.5,-14.,14.3,-10.3,-14.,14.3;                                  213P    168
126,1,1,1,0,1,0,0.,0.,1.,1.,1.,1.,0.65,0.156666667,0.,               215P    169
0.359090909,0.156666667,0.,0.,1.,0.,0.,1.;                           215P    170
110,-10.3,-14.,14.3,-10.3,-14.,7.9;                                  217P    171
126,1,1,1,0,1,0,0.,0.,1.,1.,1.,1.,0.359090909,0.156666667,0.,        219P    172
0.359090909,0.183333333,0.,0.,1.,0.,0.,1.;                           219P    173
110,-10.3,-14.,7.9,-9.5,-14.,7.9;                                    221P    174
126,1,1,1,0,1,0,0.,0.,1.,1.,1.,1.,0.359090909,0.183333333,0.,        223P    175
0.65,0.183333333,0.,0.,1.,0.,0.,1.;                                  223P    176
110,-9.5,-14.,7.9,-9.5,-14.,14.3;                                    225P    177
102,4,211,215,219,223;                                               227P    178
102,4,213,217,221,225;                                               229P    179
142,1,143,227,229,1;                                                 231P    180
144,143,1,3,165,187,209,231;                                         233P    181
314,10.1960784313725,10.1960784313725,10.1960784313725,;             235P    182
128,1,1,1,1,0,0,1,0,0,0.,0.,1.,1.,0.,0.,1.,1.,1.,1.,1.,1.,15.,       237P    183
14.,0.,15.,-14.,0.,15.,14.,22.,15.,-14.,22.,0.,1.,0.,1.;             237P    184
126,1,1,1,0,1,0,0.,0.,1.,1.,1.,1.,1.,0.,0.,1.,1.,0.,0.,1.,0.,        239P    185
0.,1.;                                                               239P    186
110,15.,-14.,0.,15.,-14.,22.;                                        241P    187
126,1,1,1,0,1,0,0.,0.,1.,1.,1.,1.,1.,1.,0.,0.,1.,0.,0.,1.,0.,        243P    188
0.,1.;                                                               243P    189
110,15.,-14.,22.,15.,14.,22.;                                        245P    190
126,1,1,1,0,1,0,0.,0.,1.,1.,1.,1.,0.,1.,0.,0.,0.,0.,0.,1.,0.,        247P    191
0.,1.;                                                               247P    192
110,15.,14.,22.,15.,14.,0.;                                          249P    193
126,1,1,1,0,1,0,0.,0.,1.,1.,1.,1.,0.,0.,0.,1.,0.,0.,0.,1.,0.,        251P    194
0.,1.;                                                               251P    195
110,15.,14.,0.,15.,-14.,0.;                                          253P    196
102,4,239,243,247,251;                                               255P    197
102,4,241,245,249,253;                                               257P    198
142,1,237,255,257,1;                                                 259P    199
126,1,1,1,0,1,0,0.,0.,1.,1.,1.,1.,0.618055482,0.510337737,0.,        261P    200
0.484027741,0.214883191,0.,0.,1.,0.,0.,1.;                           261P    201
110,15.,-3.305553499,11.227430208,15.,0.44722325,4.727430208;        263P    202
126,1,1,1,0,1,0,0.,0.,1.,1.,1.,1.,0.484027741,0.214883191,0.,        265P    203
0.215972259,0.214883191,0.,0.,1.,0.,0.,1.;                           265P    204
110,15.,0.44722325,4.727430208,15.,7.95277675,4.727430208;           267P    205
126,1,1,1,0,1,0,0.,0.,1.,1.,1.,1.,0.215972259,0.214883191,0.,        269P    206
0.081944518,0.510337737,0.,0.,1.,0.,0.,1.;                           269P    207
110,15.,7.95277675,4.727430208,15.,11.705553499,11.227430208;        271P    208
126,1,1,1,0,1,0,0.,0.,1.,1.,1.,1.,0.081944518,0.510337737,0.,        273P    209
0.215972259,0.805792282,0.,0.,1.,0.,0.,1.;                           273P    210
110,15.,11.705553499,11.227430208,15.,7.95277675,17.727430208;       275P    211
126,1,1,1,0,1,0,0.,0.,1.,1.,1.,1.,0.215972259,0.805792282,0.,        277P    212
0.484027741,0.805792282,0.,0.,1.,0.,0.,1.;                           277P    213
110,15.,7.95277675,17.727430208,15.,0.44722325,17.727430208;         279P    214
126,1,1,1,0,1,0,0.,0.,1.,1.,1.,1.,0.484027741,0.805792282,0.,        281P    215
0.618055482,0.510337737,0.,0.,1.,0.,0.,1.;                           281P    216
110,15.,0.44722325,17.727430208,15.,-3.305553499,11.227430208;       283P    217
102,6,261,265,269,273,277,281;                                       285P    218
102,6,263,267,271,275,279,283;                                       287P    219
142,1,237,285,287,1;                                                 289P    220
144,237,1,1,259,289;                                                 291P    221
314,10.1960784313725,10.1960784313725,10.1960784313725,;             293P    222
128,1,1,1,1,0,0,1,0,0,0.,0.,1.,1.,0.,0.,1.,1.,1.,1.,1.,1.,-15.,      295P    223
14.,22.,-15.,14.,0.,15.,14.,22.,15.,14.,0.,0.,1.,0.,1.;              295P    224
126,1,1,1,0,1,0,0.,0.,1.,1.,1.,1.,1.,1.,0.,0.,1.,0.,0.,1.,0.,        297P    225
0.,1.;                                                               297P    226
110,15.,14.,0.,15.,14.,22.;                                          299P    227
126,1,1,1,0,1,0,0.,0.,1.,1.,1.,1.,0.,1.,0.,0.,0.,0.,0.,1.,0.,        301P    228
0.,1.;                                                               301P    229
110,15.,14.,22.,-15.,14.,22.;                                        303P    230
126,1,1,1,0,1,0,0.,0.,1.,1.,1.,1.,0.,0.,0.,1.,0.,0.,0.,1.,0.,        305P    231
0.,1.;                                                               305P    232
110,-15.,14.,22.,-15.,14.,0.;                                        307P    233
126,1,1,1,0,1,0,0.,0.,1.,1.,1.,1.,1.,0.,0.,1.,1.,0.,0.,1.,0.,        309P    234
0.,1.;                                                               309P    235
110,-15.,14.,0.,15.,14.,0.;                                          311P    236
102,4,297,301,305,309;                                               313P    237
102,4,299,303,307,311;                                               315P    238
142,1,295,313,315,1;                                                 317P    239
144,295,1,0,317;                                                     319P    240
314,10.1960784313725,10.1960784313725,10.1960784313725,;             321P    241
128,1,1,1,1,0,0,1,0,0,0.,0.,1.,1.,0.,0.,1.,1.,1.,1.,1.,1.,-15.,      323P    242
-14.,0.,-15.,14.,0.,-15.,-14.,22.,-15.,14.,22.,0.,1.,0.,1.;          323P    243
126,1,1,1,0,1,0,0.,0.,1.,1.,1.,1.,1.,0.,0.,1.,1.,0.,0.,1.,0.,        325P    244
0.,1.;                                                               325P    245
110,-15.,14.,0.,-15.,14.,22.;                                        327P    246
126,1,1,1,0,1,0,0.,0.,1.,1.,1.,1.,1.,1.,0.,0.,1.,0.,0.,1.,0.,        329P    247
0.,1.;                                                               329P    248
110,-15.,14.,22.,-15.,-14.,22.;                                      331P    249
126,1,1,1,0,1,0,0.,0.,1.,1.,1.,1.,0.,1.,0.,0.,0.,0.,0.,1.,0.,        333P    250
0.,1.;                                                               333P    251
110,-15.,-14.,22.,-15.,-14.,0.;                                      335P    252
126,1,1,1,0,1,0,0.,0.,1.,1.,1.,1.,0.,0.,0.,1.,0.,0.,0.,1.,0.,        337P    253
0.,1.;                                                               337P    254
110,-15.,-14.,0.,-15.,14.,0.;                                        339P    255
102,4,325,329,333,337;                                               341P    256
102,4,327,331,335,339;                                               343P    257
142,1,323,341,343,1;                                                 345P    258
126,32,2,1,0,1,0,0.,0.,0.,0.0625,0.0625,0.125,0.125,0.1875,          347P    259
0.1875,0.25,0.25,0.3125,0.3125,0.375,0.375,0.4375,0.4375,0.5,        347P    260
0.5,0.5625,0.5625,0.625,0.625,0.6875,0.6875,0.75,0.75,0.8125,        347P    261
0.8125,0.875,0.875,0.9375,0.9375,1.,1.,1.,1.,1.,1.,1.,1.,1.,1.,      347P    262
1.,1.,1.,1.,1.,1.,1.,1.,1.,1.,1.,1.,1.,1.,1.,1.,1.,1.,1.,1.,1.,      347P    263
1.,1.,1.,1.,1.,0.795945615,0.509090909,0.,0.795945615,               347P    264
0.491183381,0.,0.793200655,0.473619941,0.,0.790455695,               347P    265
0.456056502,0.,0.785071262,0.439512103,0.,0.77968683,                347P    266
0.422967705,0.,0.771869845,0.408078139,0.,0.764052861,               347P    267
0.393188574,0.,0.754103726,0.38052604,0.,0.744154592,                347P    268
0.367863505,0.,0.732455648,0.357914616,0.,0.720756704,               347P    269
0.347965727,0.,0.707757534,0.341112812,0.,0.694758363,               347P    270
0.334259898,0.,0.680958518,0.330766313,0.,0.667158672,               347P    271
0.327272727,0.,0.653088472,0.327272727,0.,0.639018271,               347P    272
0.327272727,0.,0.625218426,0.330766313,0.,0.61141858,                347P    273
0.334259898,0.,0.59841941,0.341112812,0.,0.58542024,                 347P    274
0.347965727,0.,0.573721296,0.357914616,0.,0.562022352,               347P    275
0.367863505,0.,0.552073217,0.38052604,0.,0.542124083,                347P    276
0.393188574,0.,0.534307099,0.408078139,0.,0.526490114,               347P    277
0.422967705,0.,0.521105682,0.439512103,0.,0.515721249,               347P    278
0.456056502,0.,0.512976289,0.473619941,0.,0.510231329,               347P    279
0.491183381,0.,0.510231329,0.509090909,0.,0.,1.,0.,0.,1.;            347P    280
124,-1.23908819712629E-016,-6.12323399573677E-017,-1.,-3.8,1.,       349P    281
1.85141159669997E-016,-1.23908819712629E-016,19.2864772133616,       349P    282
1.85141159669997E-016,-1.,6.12323399573677E-017,                     349P    283
15.4864772133616;                                                    349P    284
100,11.2,-15.,4.286477213,-11.,4.286477213,-19.,4.286477213;         351P    285
126,32,2,1,0,1,0,0.,0.,0.,0.0625,0.0625,0.125,0.125,0.1875,          353P    286
0.1875,0.25,0.25,0.3125,0.3125,0.375,0.375,0.4375,0.4375,0.5,        353P    287
0.5,0.5625,0.5625,0.625,0.625,0.6875,0.6875,0.75,0.75,0.8125,        353P    288
0.8125,0.875,0.875,0.9375,0.9375,1.,1.,1.,1.,1.,1.,1.,1.,1.,1.,      353P    289
1.,1.,1.,1.,1.,1.,1.,1.,1.,1.,1.,1.,1.,1.,1.,1.,1.,1.,1.,1.,1.,      353P    290
1.,1.,1.,1.,1.,0.510231329,0.509090909,0.,0.510231329,               353P    291
0.526998437,0.,0.512976289,0.544561877,0.,0.515721249,               353P    292
0.562125316,0.,0.521105682,0.578669715,0.,0.526490114,               353P    293
0.595214113,0.,0.534307099,0.610103679,0.,0.542124083,               353P    294
0.624993244,0.,0.552073217,0.637655778,0.,0.562022352,               353P    295
0.650318313,0.,0.573721296,0.660267202,0.,0.58542024,                353P    296
0.670216092,0.,0.59841941,0.677069006,0.,0.61141858,0.68392192,      353P    297
0.,0.625218426,0.687415506,0.,0.639018271,0.690909091,0.,            353P    298
0.653088472,0.690909091,0.,0.667158672,0.690909091,0.,               353P    299
0.680958518,0.687415506,0.,0.694758363,0.68392192,0.,                353P    300
0.707757534,0.677069006,0.,0.720756704,0.670216092,0.,               353P    301
0.732455648,0.660267202,0.,0.744154592,0.650318313,0.,               353P    302
0.754103726,0.637655778,0.,0.764052861,0.624993244,0.,               353P    303
0.771869845,0.610103679,0.,0.77968683,0.595214113,0.,                353P    304
0.785071262,0.578669715,0.,0.790455695,0.562125316,0.,               353P    305
0.793200655,0.544561877,0.,0.795945615,0.526998437,0.,               353P    306
0.795945615,0.509090909,0.,0.,1.,0.,0.,1.;                           353P    307
124,1.2390881971263E-016,6.12323399573659E-017,-1.,-3.8,-1.,         355P    308
1.39032488756173E-014,-1.23908819712629E-016,-10.7135227866384,      355P    309
1.39032488756173E-014,1.,6.12323399573677E-017,                      355P    310
6.91352278663857;                                                    355P    311
100,11.2,-15.,4.286477213,-11.,4.286477213,-19.,4.286477213;         357P    312
102,2,347,353;                                                       359P    313
102,2,351,357;                                                       361P    314
142,1,323,359,361,1;                                                 363P    315
144,323,1,1,345,363;                                                 365P    316
314,10.1960784313725,10.1960784313725,10.1960784313725,;             367P    317
128,1,1,1,1,0,0,1,0,0,0.,0.,1.,1.,0.,0.,1.,1.,1.,1.,1.,1.,-15.,      369P    318
-14.,22.,15.,-14.,22.,-15.,14.,22.,15.,14.,22.,0.,1.,0.,1.;          369P    319
126,1,1,1,0,1,0,0.,0.,1.,1.,1.,1.,1.,0.,0.,1.,1.,0.,0.,1.,0.,        371P    320
0.,1.;                                                               371P    321
110,15.,-14.,22.,15.,14.,22.;                                        373P    322
126,1,1,1,0,1,0,0.,0.,1.,1.,1.,1.,1.,1.,0.,0.,1.,0.,0.,1.,0.,        375P    323
0.,1.;                                                               375P    324
110,15.,14.,22.,-15.,14.,22.;                                        377P    325
126,1,1,1,0,1,0,0.,0.,1.,1.,1.,1.,0.,1.,0.,0.,0.,0.,0.,1.,0.,        379P    326
0.,1.;                                                               379P    327
110,-15.,14.,22.,-15.,-14.,22.;                                      381P    328
126,1,1,1,0,1,0,0.,0.,1.,1.,1.,1.,0.,0.,0.,1.,0.,0.,0.,1.,0.,        383P    329
0.,1.;                                                               383P    330
110,-15.,-14.,22.,15.,-14.,22.;                                      385P    331
102,4,371,375,379,383;                                               387P    332
102,4,373,377,381,385;                                               389P    333
142,1,369,387,389,1;                                                 391P    334
144,369,1,0,391;                                                     393P    335
314,10.1960784313725,10.1960784313725,10.1960784313725,;             395P    336
128,1,1,1,1,0,0,1,0,0,0.,0.,1.,1.,0.,0.,1.,1.,1.,1.,1.,1.,-15.,      397P    337
-14.,0.,15.,-14.,0.,-15.,14.,0.,15.,14.,0.,0.,1.,0.,1.;              397P    338
126,1,1,1,0,1,0,0.,0.,1.,1.,1.,1.,1.,1.,0.,0.,1.,0.,0.,1.,0.,        399P    339
0.,1.;                                                               399P    340
110,15.,14.,0.,-15.,14.,0.;                                          401P    341
126,1,1,1,0,1,0,0.,0.,1.,1.,1.,1.,0.,1.,0.,0.,0.,0.,0.,1.,0.,        403P    342
0.,1.;                                                               403P    343
110,-15.,14.,0.,-15.,-14.,0.;                                        405P    344
126,1,1,1,0,1,0,0.,0.,1.,1.,1.,1.,0.,0.,0.,1.,0.,0.,0.,1.,0.,        407P    345
0.,1.;                                                               407P    346
110,-15.,-14.,0.,15.,-14.,0.;                                        409P    347
126,1,1,1,0,1,0,0.,0.,1.,1.,1.,1.,1.,0.,0.,1.,1.,0.,0.,1.,0.,        411P    348
0.,1.;                                                               411P    349
110,15.,-14.,0.,15.,14.,0.;                                          413P    350
102,4,399,403,407,411;                                               415P    351
102,4,401,405,409,413;                                               417P    352
142,1,397,415,417,1;                                                 419P    353
144,397,1,0,419;                                                     421P    354
314,53.7254901960784,34.9019607843137,33.7254901960784,;             423P    355
128,1,1,1,1,0,0,1,0,0,0.,0.,1.,1.,0.,0.,1.,1.,1.,1.,1.,1.,15.,       425P    356
-3.305553499,11.227430208,15.,0.44722325,17.727430208,24.5,          425P    357
-3.305553499,11.227430208,24.5,0.44722325,17.727430208,0.,1.,        425P    358
0.,1.;                                                               425P    359
126,1,1,1,0,1,0,0.,0.,1.,1.,1.,1.,1.,0.,0.,1.,1.,0.,0.,1.,0.,        427P    360
0.,1.;                                                               427P    361
110,15.,0.44722325,17.727430208,24.5,0.44722325,17.727430208;        429P    362
126,1,1,1,0,1,0,0.,0.,1.,1.,1.,1.,1.,1.,0.,0.,1.,0.,0.,1.,0.,        431P    363
0.,1.;                                                               431P    364
110,24.5,0.44722325,17.727430208,24.5,-3.305553499,                  433P    365
11.227430208;                                                        433P    366
126,1,1,1,0,1,0,0.,0.,1.,1.,1.,1.,0.,1.,0.,0.,0.,0.,0.,1.,0.,        435P    367
0.,1.;                                                               435P    368
110,24.5,-3.305553499,11.227430208,15.,-3.305553499,                 437P    369
11.227430208;                                                        437P    370
126,1,1,1,0,1,0,0.,0.,1.,1.,1.,1.,0.,0.,0.,1.,0.,0.,0.,1.,0.,        439P    371
0.,1.;                                                               439P    372
110,15.,-3.305553499,11.227430208,15.,0.44722325,17.727430208;       441P    373
102,4,427,431,435,439;                                               443P    374
102,4,429,433,437,441;                                               445P    375
142,1,425,443,445,1;                                                 447P    376
144,425,1,0,447;                                                     449P    377
314,53.7254901960784,34.9019607843137,33.7254901960784,;             451P    378
128,1,1,1,1,0,0,1,0,0,0.,0.,1.,1.,0.,0.,1.,1.,1.,1.,1.,1.,15.,       453P    379
0.44722325,4.727430208,15.,-3.305553499,11.227430208,24.5,           453P    380
0.44722325,4.727430208,24.5,-3.305553499,11.227430208,0.,1.,0.,      453P    381
1.;                                                                  453P    382
126,1,1,1,0,1,0,0.,0.,1.,1.,1.,1.,1.,0.,0.,1.,1.,0.,0.,1.,0.,        455P    383
0.,1.;                                                               455P    384
110,15.,-3.305553499,11.227430208,24.5,-3.305553499,                 457P    385
11.227430208;                                                        457P    386
126,1,1,1,0,1,0,0.,0.,1.,1.,1.,1.,1.,1.,0.,0.,1.,0.,0.,1.,0.,        459P    387
0.,1.;                                                               459P    388
110,24.5,-3.305553499,11.227430208,24.5,0.44722325,4.727430208;      461P    389
126,1,1,1,0,1,0,0.,0.,1.,1.,1.,1.,0.,1.,0.,0.,0.,0.,0.,1.,0.,        463P    390
0.,1.;                                                               463P    391
110,24.5,0.44722325,4.727430208,15.,0.44722325,4.727430208;          465P    392
126,1,1,1,0,1,0,0.,0.,1.,1.,1.,1.,0.,0.,0.,1.,0.,0.,0.,1.,0.,        467P    393
0.,1.;                                                               467P    394
110,15.,0.44722325,4.727430208,15.,-3.305553499,11.227430208;        469P    395
102,4,455,459,463,467;                                               471P    396
102,4,457,461,465,469;                                               473P    397
142,1,453,471,473,1;                                                 475P    398
144,453,1,0,475;                                                     477P    399
314,53.7254901960784,34.9019607843137,33.7254901960784,;             479P    400
128,1,1,1,1,0,0,1,0,0,0.,0.,1.,1.,0.,0.,1.,1.,1.,1.,1.,1.,15.,       481P    401
0.44722325,4.727430208,24.5,0.44722325,4.727430208,15.,              481P    402
7.95277675,4.727430208,24.5,7.95277675,4.727430208,0.,1.,0.,1.;      481P    403
126,1,1,1,0,1,0,0.,0.,1.,1.,1.,1.,0.,0.,0.,1.,0.,0.,0.,1.,0.,        483P    404
0.,1.;                                                               483P    405
110,15.,0.44722325,4.727430208,24.5,0.44722325,4.727430208;          485P    406
126,1,1,1,0,1,0,0.,0.,1.,1.,1.,1.,1.,0.,0.,1.,1.,0.,0.,1.,0.,        487P    407
0.,1.;                                                               487P    408
110,24.5,0.44722325,4.727430208,24.5,7.95277675,4.727430208;         489P    409
126,1,1,1,0,1,0,0.,0.,1.,1.,1.,1.,1.,1.,0.,0.,1.,0.,0.,1.,0.,        491P    410
0.,1.;                                                               491P    411
110,24.5,7.95277675,4.727430208,15.,7.95277675,4.727430208;          493P    412
126,1,1,1,0,1,0,0.,0.,1.,1.,1.,1.,0.,1.,0.,0.,0.,0.,0.,1.,0.,        495P    413
0.,1.;                                                               495P    414
110,15.,7.95277675,4.727430208,15.,0.44722325,4.727430208;           497P    415
102,4,483,487,491,495;                                               499P    416
102,4,485,489,493,497;                                               501P    417
142,1,481,499,501,1;                                                 503P    418
144,481,1,0,503;                                                     505P    419
314,53.7254901960784,34.9019607843137,33.7254901960784,;             507P    420
128,1,1,1,1,0,0,1,0,0,0.,0.,1.,1.,0.,0.,1.,1.,1.,1.,1.,1.,15.,       509P    421
11.705553499,11.227430208,15.,7.95277675,4.727430208,24.5,           509P    422
11.705553499,11.227430208,24.5,7.95277675,4.727430208,0.,1.,0.,      509P    423
1.;                                                                  509P    424
126,1,1,1,0,1,0,0.,0.,1.,1.,1.,1.,1.,0.,0.,1.,1.,0.,0.,1.,0.,        511P    425
0.,1.;                                                               511P    426
110,15.,7.95277675,4.727430208,24.5,7.95277675,4.727430208;          513P    427
126,1,1,1,0,1,0,0.,0.,1.,1.,1.,1.,1.,1.,0.,0.,1.,0.,0.,1.,0.,        515P    428
0.,1.;                                                               515P    429
110,24.5,7.95277675,4.727430208,24.5,11.705553499,11.227430208;      517P    430
126,1,1,1,0,1,0,0.,0.,1.,1.,1.,1.,0.,1.,0.,0.,0.,0.,0.,1.,0.,        519P    431
0.,1.;                                                               519P    432
110,24.5,11.705553499,11.227430208,15.,11.705553499,                 521P    433
11.227430208;                                                        521P    434
126,1,1,1,0,1,0,0.,0.,1.,1.,1.,1.,0.,0.,0.,1.,0.,0.,0.,1.,0.,        523P    435
0.,1.;                                                               523P    436
110,15.,11.705553499,11.227430208,15.,7.95277675,4.727430208;        525P    437
102,4,511,515,519,523;                                               527P    438
102,4,513,517,521,525;                                               529P    439
142,1,509,527,529,1;                                                 531P    440
144,509,1,0,531;                                                     533P    441
314,53.7254901960784,34.9019607843137,33.7254901960784,;             535P    442
128,1,1,1,1,0,0,1,0,0,0.,0.,1.,1.,0.,0.,1.,1.,1.,1.,1.,1.,15.,       537P    443
7.95277675,17.727430208,15.,11.705553499,11.227430208,24.5,          537P    444
7.95277675,17.727430208,24.5,11.705553499,11.227430208,0.,1.,        537P    445
0.,1.;                                                               537P    446
126,1,1,1,0,1,0,0.,0.,1.,1.,1.,1.,1.,0.,0.,1.,1.,0.,0.,1.,0.,        539P    447
0.,1.;                                                               539P    448
110,15.,11.705553499,11.227430208,24.5,11.705553499,                 541P    449
11.227430208;                                                        541P    450
126,1,1,1,0,1,0,0.,0.,1.,1.,1.,1.,1.,1.,0.,0.,1.,0.,0.,1.,0.,        543P    451
0.,1.;                                                               543P    452
110,24.5,11.705553499,11.227430208,24.5,7.95277675,                  545P    453
17.727430208;                                                        545P    454
126,1,1,1,0,1,0,0.,0.,1.,1.,1.,1.,0.,1.,0.,0.,0.,0.,0.,1.,0.,        547P    455
0.,1.;                                                               547P    456
110,24.5,7.95277675,17.727430208,15.,7.95277675,17.727430208;        549P    457
126,1,1,1,0,1,0,0.,0.,1.,1.,1.,1.,0.,0.,0.,1.,0.,0.,0.,1.,0.,        551P    458
0.,1.;                                                               551P    459
110,15.,7.95277675,17.727430208,15.,11.705553499,11.227430208;       553P    460
102,4,539,543,547,551;                                               555P    461
102,4,541,545,549,553;                                               557P    462
142,1,537,555,557,1;                                                 559P    463
144,537,1,0,559;                                                     561P    464
314,53.7254901960784,34.9019607843137,33.7254901960784,;             563P    465
128,1,1,1,1,0,0,1,0,0,0.,0.,1.,1.,0.,0.,1.,1.,1.,1.,1.,1.,24.5,      565P    466
0.44722325,17.727430208,15.,0.44722325,17.727430208,24.5,            565P    467
7.95277675,17.727430208,15.,7.95277675,17.727430208,0.,1.,0.,        565P    468
1.;                                                                  565P    469
126,1,1,1,0,1,0,0.,0.,1.,1.,1.,1.,1.,1.,0.,0.,1.,0.,0.,1.,0.,        567P    470
0.,1.;                                                               567P    471
110,15.,7.95277675,17.727430208,24.5,7.95277675,17.727430208;        569P    472
126,1,1,1,0,1,0,0.,0.,1.,1.,1.,1.,0.,1.,0.,0.,0.,0.,0.,1.,0.,        571P    473
0.,1.;                                                               571P    474
110,24.5,7.95277675,17.727430208,24.5,0.44722325,17.727430208;       573P    475
126,1,1,1,0,1,0,0.,0.,1.,1.,1.,1.,0.,0.,0.,1.,0.,0.,0.,1.,0.,        575P    476
0.,1.;                                                               575P    477
110,24.5,0.44722325,17.727430208,15.,0.44722325,17.727430208;        577P    478
126,1,1,1,0,1,0,0.,0.,1.,1.,1.,1.,1.,0.,0.,1.,1.,0.,0.,1.,0.,        579P    479
0.,1.;                                                               579P    480
110,15.,0.44722325,17.727430208,15.,7.95277675,17.727430208;         581P    481
102,4,567,571,575,579;                                               583P    482
102,4,569,573,577,581;                                               585P    483
142,1,565,583,585,1;                                                 587P    484
144,565,1,0,587;                                                     589P    485
314,53.7254901960784,34.9019607843137,33.7254901960784,;             591P    486
128,1,1,1,1,0,0,1,0,0,0.,0.,1.,1.,0.,0.,1.,1.,1.,1.,1.,1.,24.5,      593P    487
-3.395620141,17.727430208,24.5,-3.395620141,4.727430208,24.5,        593P    488
11.795620141,17.727430208,24.5,11.795620141,4.727430208,0.,1.,       593P    489
0.,1.;                                                               593P    490
126,1,1,1,0,1,0,0.,0.,1.,1.,1.,1.,0.,0.252964427,0.,0.5,             595P    491
0.005928854,0.,0.,1.,0.,0.,1.;                                       595P    492
110,24.5,0.44722325,17.727430208,24.5,-3.305553499,                  597P    493
11.227430208;                                                        597P    494
126,1,1,1,0,1,0,0.,0.,1.,1.,1.,1.,0.5,0.005928854,0.,1.,             599P    495
0.252964427,0.,0.,1.,0.,0.,1.;                                       599P    496
110,24.5,-3.305553499,11.227430208,24.5,0.44722325,4.727430208;      601P    497
126,1,1,1,0,1,0,0.,0.,1.,1.,1.,1.,1.,0.252964427,0.,1.,              603P    498
0.747035573,0.,0.,1.,0.,0.,1.;                                       603P    499
110,24.5,0.44722325,4.727430208,24.5,7.95277675,4.727430208;         605P    500
126,1,1,1,0,1,0,0.,0.,1.,1.,1.,1.,1.,0.747035573,0.,0.5,             607P    501
0.994071146,0.,0.,1.,0.,0.,1.;                                       607P    502
110,24.5,7.95277675,4.727430208,24.5,11.705553499,11.227430208;      609P    503
126,1,1,1,0,1,0,0.,0.,1.,1.,1.,1.,0.5,0.994071146,0.,0.,             611P    504
0.747035573,0.,0.,1.,0.,0.,1.;                                       611P    505
110,24.5,11.705553499,11.227430208,24.5,7.95277675,                  613P    506
17.727430208;                                                        613P    507
126,1,1,1,0,1,0,0.,0.,1.,1.,1.,1.,0.,0.747035573,0.,0.,              615P    508
0.252964427,0.,0.,1.,0.,0.,1.;                                       615P    509
110,24.5,7.95277675,17.727430208,24.5,0.44722325,17.727430208;       617P    510
102,6,595,599,603,607,611,615;                                       619P    511
102,6,597,601,605,609,613,617;                                       621P    512
142,1,593,619,621,1;                                                 623P    513
126,32,2,1,0,1,0,0.,0.,0.,0.0625,0.0625,0.125,0.125,0.1875,          625P    514
0.1875,0.25,0.25,0.3125,0.3125,0.375,0.375,0.4375,0.4375,0.5,        625P    515
0.5,0.5625,0.5625,0.625,0.625,0.6875,0.6875,0.75,0.75,0.8125,        625P    516
0.8125,0.875,0.875,0.9375,0.9375,1.,1.,1.,1.,1.,1.,1.,1.,1.,1.,      625P    517
1.,1.,1.,1.,1.,1.,1.,1.,1.,1.,1.,1.,1.,1.,1.,1.,1.,1.,1.,1.,1.,      625P    518
1.,1.,1.,1.,1.,0.711538462,0.5,0.,0.711538462,0.482170557,0.,        625P    519
0.707473809,0.464683701,0.,0.703409157,0.447196845,0.,               625P    520
0.695436055,0.430724587,0.,0.687462953,0.41425233,0.,                625P    521
0.675887803,0.399427689,0.,0.664312652,0.384603049,0.,               625P    522
0.649580281,0.371995728,0.,0.634847909,0.359388408,0.,               625P    523
0.617524472,0.3494829,0.,0.600201036,0.339577392,0.,                 625P    524
0.580952265,0.332754359,0.,0.561703493,0.325931327,0.,               625P    525
0.541269107,0.322452975,0.,0.52083472,0.318974623,0.,0.5,            625P    526
0.318974623,0.,0.47916528,0.318974623,0.,0.458730893,                625P    527
0.322452975,0.,0.438296507,0.325931327,0.,0.419047735,               625P    528
0.332754359,0.,0.399798964,0.339577392,0.,0.382475528,               625P    529
0.3494829,0.,0.365152091,0.359388408,0.,0.350419719,                 625P    530
0.371995728,0.,0.335687348,0.384603049,0.,0.324112197,               625P    531
0.399427689,0.,0.312537047,0.41425233,0.,0.304563945,                625P    532
0.430724587,0.,0.296590843,0.447196845,0.,0.292526191,               625P    533
0.464683701,0.,0.288461538,0.482170557,0.,0.288461538,0.5,0.,        625P    534
0.,1.,0.,0.,1.;                                                      625P    535
124,-6.12323399573677E-017,4.27583144589696E-031,-1.,                627P    536
35.7274302082185,-6.98296267768627E-015,-1.,0.,                      627P    537
8.40000000000018,-1.,6.98296267768627E-015,                          627P    538
6.12323399573677E-017,35.7274302082185;                              627P    539
100,11.227430208,24.5,4.2,27.25,4.2,21.75,4.2;                       629P    540
126,32,2,1,0,1,0,0.,0.,0.,0.0625,0.0625,0.125,0.125,0.1875,          631P    541
0.1875,0.25,0.25,0.3125,0.3125,0.375,0.375,0.4375,0.4375,0.5,        631P    542
0.5,0.5625,0.5625,0.625,0.625,0.6875,0.6875,0.75,0.75,0.8125,        631P    543
0.8125,0.875,0.875,0.9375,0.9375,1.,1.,1.,1.,1.,1.,1.,1.,1.,1.,      631P    544
1.,1.,1.,1.,1.,1.,1.,1.,1.,1.,1.,1.,1.,1.,1.,1.,1.,1.,1.,1.,1.,      631P    545
1.,1.,1.,1.,1.,0.288461538,0.5,0.,0.288461538,0.517829443,0.,        631P    546
0.292526191,0.535316299,0.,0.296590843,0.552803155,0.,               631P    547
0.304563945,0.569275413,0.,0.312537047,0.58574767,0.,                631P    548
0.324112197,0.600572311,0.,0.335687348,0.615396951,0.,               631P    549
0.350419719,0.628004272,0.,0.365152091,0.640611592,0.,               631P    550
0.382475528,0.6505171,0.,0.399798964,0.660422608,0.,                 631P    551
0.419047735,0.667245641,0.,0.438296507,0.674068673,0.,               631P    552
0.458730893,0.677547025,0.,0.47916528,0.681025377,0.,0.5,            631P    553
0.681025377,0.,0.52083472,0.681025377,0.,0.541269107,                631P    554
0.677547025,0.,0.561703493,0.674068673,0.,0.580952265,               631P    555
0.667245641,0.,0.600201036,0.660422608,0.,0.617524472,               631P    556
0.6505171,0.,0.634847909,0.640611592,0.,0.649580281,                 631P    557
0.628004272,0.,0.664312652,0.615396951,0.,0.675887803,               631P    558
0.600572311,0.,0.687462953,0.58574767,0.,0.695436055,                631P    559
0.569275413,0.,0.703409157,0.552803155,0.,0.707473809,               631P    560
0.535316299,0.,0.711538462,0.517829443,0.,0.711538462,0.5,0.,        631P    561
0.,1.,0.,0.,1.;                                                      631P    562
124,6.12323399573677E-017,0.,-1.,35.7274302082185,0.,1.,0.,0.,       633P    563
1.,0.,6.12323399573677E-017,-13.2725697917815;                       633P    564
100,11.227430208,24.5,4.2,27.25,4.2,21.75,4.2;                       635P    565
102,2,625,631;                                                       637P    566
102,2,629,635;                                                       639P    567
142,1,593,637,639,1;                                                 641P    568
144,593,1,1,623,641;                                                 643P    569
314,53.7254901960784,34.9019607843137,33.7254901960784,;             645P    570
110,35.5,4.2,11.227430208,-964.5,4.2,11.227430208;                   647P    571
110,35.5,4.2,13.977430208,24.5,4.2,13.977430208;                     649P    572
120,647,649,0.,6.28318530717959;                                     651P    573
126,1,1,1,0,1,0,0.,0.,1.,1.,1.,1.,1.,3.141592654,0.,0.,              653P    574
3.141592654,0.,0.,1.,0.,0.,1.;                                       653P    575
110,24.5,4.2,8.477430208,35.5,4.2,8.477430208;                       655P    576
126,1,1,1,0,1,0,0.,0.,1.,1.,1.,1.,0.,3.141592654,0.,0.,              657P    577
6.283185307,0.,0.,1.,0.,0.,1.;                                       657P    578
124,-6.12323399573677E-017,4.27583144589696E-031,-1.,                659P    579
46.7274302082185,-6.98296267768627E-015,-1.,0.,                      659P    580
8.40000000000026,-1.,6.98296267768627E-015,                          659P    581
6.12323399573677E-017,46.7274302082185;                              659P    582
100,11.227430208,35.5,4.2,38.25,4.2,32.75,4.2;                       661P    583
126,1,1,1,0,1,0,0.,0.,1.,1.,1.,1.,0.,6.283185307,0.,1.,              663P    584
6.283185307,0.,0.,1.,0.,0.,1.;                                       663P    585
110,35.5,4.2,13.977430208,24.5,4.2,13.977430208;                     665P    586
126,1,1,1,0,1,0,0.,0.,1.,1.,1.,1.,1.,6.283185307,0.,1.,              667P    587
3.141592654,0.,0.,1.,0.,0.,1.;                                       667P    588
124,-6.12323399573677E-017,4.27583144589696E-031,1.,                 669P    589
13.2725697917815,-6.98296267768627E-015,-1.,0.,                      669P    590
8.40000000000018,1.,-6.98296267768627E-015,                          669P    591
6.12323399573677E-017,-13.2725697917815;                             669P    592
100,11.227430208,24.5,4.2,27.25,4.2,21.75,4.2;                       671P    593
102,4,653,657,663,667;                                               673P    594
102,4,655,661,665,671;                                               675P    595
142,1,651,673,675,1;                                                 677P    596
144,651,1,0,677;                                                     679P    597
314,53.7254901960784,34.9019607843137,33.7254901960784,;             681P    598
128,1,1,1,1,0,0,1,0,0,0.,0.,1.,1.,0.,0.,1.,1.,1.,1.,1.,1.,35.5,      683P    599
1.417,14.010430208,35.5,1.417,8.444430208,35.5,6.983,                683P    600
14.010430208,35.5,6.983,8.444430208,0.,1.,0.,1.;                     683P    601
126,32,2,1,0,1,0,0.,0.,0.,0.0625,0.0625,0.125,0.125,0.1875,          685P    602
0.1875,0.25,0.25,0.3125,0.3125,0.375,0.375,0.4375,0.4375,0.5,        685P    603
0.5,0.5625,0.5625,0.625,0.625,0.6875,0.6875,0.75,0.75,0.8125,        685P    604
0.8125,0.875,0.875,0.9375,0.9375,1.,1.,1.,1.,1.,1.,1.,1.,1.,1.,      685P    605
1.,1.,1.,1.,1.,1.,1.,1.,1.,1.,1.,1.,1.,1.,1.,1.,1.,1.,1.,1.,1.,      685P    606
1.,1.,1.,1.,1.,0.005928854,0.5,0.,0.005928854,0.451338239,0.,        685P    607
0.015422292,0.403611501,0.,0.024915731,0.355884763,0.,               685P    608
0.04353778,0.310927158,0.,0.06215983,0.265969553,0.,                 685P    609
0.089194856,0.225508778,0.,0.116229881,0.185048003,0.,               685P    610
0.150638942,0.150638942,0.,0.185048003,0.116229881,0.,               685P    611
0.225508778,0.089194856,0.,0.265969553,0.06215983,0.,                685P    612
0.310927158,0.04353778,0.,0.355884763,0.024915731,0.,                685P    613
0.403611501,0.015422292,0.,0.451338239,0.005928854,0.,0.5,           685P    614
0.005928854,0.,0.548661761,0.005928854,0.,0.596388499,               685P    615
0.015422292,0.,0.644115237,0.024915731,0.,0.689072842,               685P    616
0.04353778,0.,0.734030447,0.06215983,0.,0.774491222,                 685P    617
0.089194856,0.,0.814951997,0.116229881,0.,0.849361058,               685P    618
0.150638942,0.,0.883770119,0.185048003,0.,0.910805144,               685P    619
0.225508778,0.,0.93784017,0.265969553,0.,0.95646222,                 685P    620
0.310927158,0.,0.975084269,0.355884763,0.,0.984577708,               685P    621
0.403611501,0.,0.994071146,0.451338239,0.,0.994071146,0.5,0.,        685P    622
0.,1.,0.,0.,-1.;                                                     685P    623
124,-6.12323399573677E-017,4.27583144589696E-031,1.,                 687P    624
24.2725697917815,-6.98296267768627E-015,-1.,0.,                      687P    625
8.40000000000026,1.,-6.98296267768627E-015,                          687P    626
6.12323399573677E-017,-24.2725697917815;                             687P    627
100,11.227430208,35.5,4.2,38.25,4.2,32.75,4.2;                       689P    628
126,32,2,1,0,1,0,0.,0.,0.,0.0625,0.0625,0.125,0.125,0.1875,          691P    629
0.1875,0.25,0.25,0.3125,0.3125,0.375,0.375,0.4375,0.4375,0.5,        691P    630
0.5,0.5625,0.5625,0.625,0.625,0.6875,0.6875,0.75,0.75,0.8125,        691P    631
0.8125,0.875,0.875,0.9375,0.9375,1.,1.,1.,1.,1.,1.,1.,1.,1.,1.,      691P    632
1.,1.,1.,1.,1.,1.,1.,1.,1.,1.,1.,1.,1.,1.,1.,1.,1.,1.,1.,1.,1.,      691P    633
1.,1.,1.,1.,1.,0.994071146,0.5,0.,0.994071146,0.548661761,0.,        691P    634
0.984577708,0.596388499,0.,0.975084269,0.644115237,0.,               691P    635
0.95646222,0.689072842,0.,0.93784017,0.734030447,0.,                 691P    636
0.910805144,0.774491222,0.,0.883770119,0.814951997,0.,               691P    637
0.849361058,0.849361058,0.,0.814951997,0.883770119,0.,               691P    638
0.774491222,0.910805144,0.,0.734030447,0.93784017,0.,                691P    639
0.689072842,0.95646222,0.,0.644115237,0.975084269,0.,                691P    640
0.596388499,0.984577708,0.,0.548661761,0.994071146,0.,0.5,           691P    641
0.994071146,0.,0.451338239,0.994071146,0.,0.403611501,               691P    642
0.984577708,0.,0.355884763,0.975084269,0.,0.310927158,               691P    643
0.95646222,0.,0.265969553,0.93784017,0.,0.225508778,                 691P    644
0.910805144,0.,0.185048003,0.883770119,0.,0.150638942,               691P    645
0.849361058,0.,0.116229881,0.814951997,0.,0.089194856,               691P    646
0.774491222,0.,0.06215983,0.734030447,0.,0.04353778,                 691P    647
0.689072842,0.,0.024915731,0.644115237,0.,0.015422292,               691P    648
0.596388499,0.,0.005928854,0.548661761,0.,0.005928854,0.5,0.,        691P    649
0.,1.,0.,0.,-1.;                                                     691P    650
124,6.12323399573677E-017,0.,1.,24.2725697917815,0.,1.,0.,0.,        693P    651
-1.,0.,6.12323399573677E-017,46.7274302082185;                       693P    652
100,11.227430208,35.5,4.2,38.25,4.2,32.75,4.2;                       695P    653
102,2,685,691;                                                       697P    654
102,2,689,695;                                                       699P    655
142,1,683,697,699,1;                                                 701P    656
126,32,2,1,0,1,0,0.,0.,0.,0.0625,0.0625,0.125,0.125,0.1875,          703P    657
0.1875,0.25,0.25,0.3125,0.3125,0.375,0.375,0.4375,0.4375,0.5,        703P    658
0.5,0.5625,0.5625,0.625,0.625,0.6875,0.6875,0.75,0.75,0.8125,        703P    659
0.8125,0.875,0.875,0.9375,0.9375,1.,1.,1.,1.,1.,1.,1.,1.,1.,1.,      703P    660
1.,1.,1.,1.,1.,1.,1.,1.,1.,1.,1.,1.,1.,1.,1.,1.,1.,1.,1.,1.,1.,      703P    661
1.,1.,1.,1.,1.,0.275422206,0.5,0.,0.275422206,0.522118982,0.,        703P    662
0.279737406,0.543812954,0.,0.284052605,0.565506926,0.,               703P    663
0.292517173,0.585942201,0.,0.300981741,0.606377476,0.,               703P    664
0.313270389,0.624768737,0.,0.325559037,0.643159999,0.,               703P    665
0.341199519,0.658800481,0.,0.356840001,0.674440963,0.,               703P    666
0.375231263,0.686729611,0.,0.393622524,0.699018259,0.,               703P    667
0.414057799,0.707482827,0.,0.434493074,0.715947395,0.,               703P    668
0.456187046,0.720262594,0.,0.477881018,0.724577794,0.,0.5,           703P    669
0.724577794,0.,0.522118982,0.724577794,0.,0.543812954,               703P    670
0.720262594,0.,0.565506926,0.715947395,0.,0.585942201,               703P    671
0.707482827,0.,0.606377476,0.699018259,0.,0.624768737,               703P    672
0.686729611,0.,0.643159999,0.674440963,0.,0.658800481,               703P    673
0.658800481,0.,0.674440963,0.643159999,0.,0.686729611,               703P    674
0.624768737,0.,0.699018259,0.606377476,0.,0.707482827,               703P    675
0.585942201,0.,0.715947395,0.565506926,0.,0.720262594,               703P    676
0.543812954,0.,0.724577794,0.522118982,0.,0.724577794,0.5,0.,        703P    677
0.,1.,0.,0.,1.;                                                      703P    678
124,6.12323399573677E-017,0.,-1.,46.7274302082185,0.,1.,0.,0.,       705P    679
1.,0.,6.12323399573677E-017,-24.2725697917815;                       705P    680
100,11.227430208,35.5,4.2,36.75,4.2,34.25,4.2;                       707P    681
126,32,2,1,0,1,0,0.,0.,0.,0.0625,0.0625,0.125,0.125,0.1875,          709P    682
0.1875,0.25,0.25,0.3125,0.3125,0.375,0.375,0.4375,0.4375,0.5,        709P    683
0.5,0.5625,0.5625,0.625,0.625,0.6875,0.6875,0.75,0.75,0.8125,        709P    684
0.8125,0.875,0.875,0.9375,0.9375,1.,1.,1.,1.,1.,1.,1.,1.,1.,1.,      709P    685
1.,1.,1.,1.,1.,1.,1.,1.,1.,1.,1.,1.,1.,1.,1.,1.,1.,1.,1.,1.,1.,      709P    686
1.,1.,1.,1.,1.,0.724577794,0.5,0.,0.724577794,0.477881018,0.,        709P    687
0.720262594,0.456187046,0.,0.715947395,0.434493074,0.,               709P    688
0.707482827,0.414057799,0.,0.699018259,0.393622524,0.,               709P    689
0.686729611,0.375231263,0.,0.674440963,0.356840001,0.,               709P    690
0.658800481,0.341199519,0.,0.643159999,0.325559037,0.,               709P    691
0.624768737,0.313270389,0.,0.606377476,0.300981741,0.,               709P    692
0.585942201,0.292517173,0.,0.565506926,0.284052605,0.,               709P    693
0.543812954,0.279737406,0.,0.522118982,0.275422206,0.,0.5,           709P    694
0.275422206,0.,0.477881018,0.275422206,0.,0.456187046,               709P    695
0.279737406,0.,0.434493074,0.284052605,0.,0.414057799,               709P    696
0.292517173,0.,0.393622524,0.300981741,0.,0.375231263,               709P    697
0.313270389,0.,0.356840001,0.325559037,0.,0.341199519,               709P    698
0.341199519,0.,0.325559037,0.356840001,0.,0.313270389,               709P    699
0.375231263,0.,0.300981741,0.393622524,0.,0.292517173,               709P    700
0.414057799,0.,0.284052605,0.434493074,0.,0.279737406,               709P    701
0.456187046,0.,0.275422206,0.477881018,0.,0.275422206,0.5,0.,        709P    702
0.,1.,0.,0.,1.;                                                      709P    703
124,-6.12323399573677E-017,4.27583144589696E-031,-1.,                711P    704
46.7274302082185,-6.98296267768627E-015,-1.,0.,                      711P    705
8.40000000000026,-1.,6.98296267768627E-015,                          711P    706
6.12323399573677E-017,46.7274302082185;                              711P    707
100,11.227430208,35.5,4.2,36.75,4.2,34.25,4.2;                       713P    708
102,2,703,709;                                                       715P    709
102,2,707,713;                                                       717P    710
142,1,683,715,717,1;                                                 719P    711
144,683,1,1,701,719;                                                 721P    712
110,-15.,4.2,11.227430208,985.,4.2,11.227430208;                     723P    713
110,-14.927628767,4.2,9.977430208,35.5,4.2,9.977430208;              725P    714
120,723,725,0.,6.28318530717959;                                     727P    715
126,1,1,1,0,1,0,0.,0.,1.,1.,1.,1.,1.,3.141592654,0.,1.,0.,0.,        729P    716
0.,1.,0.,0.,1.;                                                      729P    717
124,6.12323399573677E-017,0.,-1.,46.7274302082185,0.,1.,0.,0.,       731P    718
1.,0.,6.12323399573677E-017,-24.2725697917815;                       731P    719
100,11.227430208,35.5,4.2,36.75,4.2,34.25,4.2;                       733P    720
126,1,1,1,0,1,0,0.,0.,1.,1.,1.,1.,1.,0.,0.,0.,0.,0.,0.,1.,0.,        735P    721
0.,1.;                                                               735P    722
110,35.5,4.2,9.977430208,-14.927628767,4.2,9.977430208;              737P    723
126,1,1,1,0,1,0,0.,0.,1.,1.,1.,1.,0.,0.,0.,0.,3.141592654,0.,        739P    724
0.,1.,0.,0.,1.;                                                      739P    725
124,-7.0307997912821E-015,3.6836942386464E-007,                      741P    726
0.999999999999932,-26.1550605219076,3.63635673707072E-011,           741P    727
0.999999999999932,-3.6836942386464E-007,4.13638510470645E-006,       741P    728
-1.,3.63635673681661E-011,-7.04419501764363E-015,                    741P    729
-3.70019855847235;                                                   741P    730
100,11.227430208,-14.927628767,4.2,-13.677628767,4.2,                743P    731
-16.177628767,4.2;                                                   743P    732
126,1,1,1,0,1,0,0.,0.,1.,1.,1.,1.,0.,3.141592654,0.,1.,              745P    733
3.141592654,0.,0.,1.,0.,0.,1.;                                       745P    734
110,-14.927628767,4.2,12.477430208,35.5,4.2,12.477430208;            747P    735
102,4,729,735,739,745;                                               749P    736
102,4,733,737,743,747;                                               751P    737
142,1,727,749,751,1;                                                 753P    738
144,727,1,0,753;                                                     755P    739
128,1,1,1,1,0,0,1,0,0,0.,0.,1.,1.,0.,0.,1.,1.,1.,1.,1.,1.,9.2,       757P    740
-23.,16.4,9.2,-23.,17.2,9.2,-14.,16.4,9.2,-14.,17.2,0.,1.,0.,        757P    741
1.;                                                                  757P    742
126,1,1,1,0,1,0,0.,0.,1.,1.,1.,1.,0.,1.,0.,0.,0.,0.,0.,1.,0.,        759P    743
0.,1.;                                                               759P    744
110,9.2,-14.,16.4,9.2,-23.,16.4;                                     761P    745
126,1,1,1,0,1,0,0.,0.,1.,1.,1.,1.,0.,0.,0.,1.,0.,0.,0.,1.,0.,        763P    746
0.,1.;                                                               763P    747
110,9.2,-23.,16.4,9.2,-23.,17.2;                                     765P    748
126,1,1,1,0,1,0,0.,0.,1.,1.,1.,1.,1.,0.,0.,1.,1.,0.,0.,1.,0.,        767P    749
0.,1.;                                                               767P    750
110,9.2,-23.,17.2,9.2,-14.,17.2;                                     769P    751
126,1,1,1,0,1,0,0.,0.,1.,1.,1.,1.,1.,1.,0.,0.,1.,0.,0.,1.,0.,        771P    752
0.,1.;                                                               771P    753
110,9.2,-14.,17.2,9.2,-14.,16.4;                                     773P    754
102,4,759,763,767,771;                                               775P    755
102,4,761,765,769,773;                                               777P    756
142,1,757,775,777,1;                                                 779P    757
144,757,1,0,779;                                                     781P    758
128,1,1,1,1,0,0,1,0,0,0.,0.,1.,1.,0.,0.,1.,1.,1.,1.,1.,1.,9.2,       783P    759
-23.,17.2,2.95,-23.,17.2,9.2,-14.,17.2,2.95,-14.,17.2,0.,1.,0.,      783P    760
1.;                                                                  783P    761
126,1,1,1,0,1,0,0.,0.,1.,1.,1.,1.,0.,1.,0.,0.,0.,0.,0.,1.,0.,        785P    762
0.,1.;                                                               785P    763
110,9.2,-14.,17.2,9.2,-23.,17.2;                                     787P    764
126,1,1,1,0,1,0,0.,0.,1.,1.,1.,1.,0.,0.,0.,1.,0.,0.,0.,1.,0.,        789P    765
0.,1.;                                                               789P    766
110,9.2,-23.,17.2,2.95,-23.,17.2;                                    791P    767
126,1,1,1,0,1,0,0.,0.,1.,1.,1.,1.,1.,0.,0.,1.,1.,0.,0.,1.,0.,        793P    768
0.,1.;                                                               793P    769
110,2.95,-23.,17.2,2.95,-14.,17.2;                                   795P    770
126,1,1,1,0,1,0,0.,0.,1.,1.,1.,1.,1.,1.,0.,0.,1.,0.,0.,1.,0.,        797P    771
0.,1.;                                                               797P    772
110,2.95,-14.,17.2,9.2,-14.,17.2;                                    799P    773
102,4,785,789,793,797;                                               801P    774
102,4,787,791,795,799;                                               803P    775
142,1,783,801,803,1;                                                 805P    776
144,783,1,0,805;                                                     807P    777
128,1,1,1,1,0,0,1,0,0,0.,0.,1.,1.,0.,0.,1.,1.,1.,1.,1.,1.,2.95,      809P    778
-23.,17.2,2.95,-23.,16.4,2.95,-14.,17.2,2.95,-14.,16.4,0.,1.,        809P    779
0.,1.;                                                               809P    780
126,1,1,1,0,1,0,0.,0.,1.,1.,1.,1.,0.,1.,0.,0.,0.,0.,0.,1.,0.,        811P    781
0.,1.;                                                               811P    782
110,2.95,-14.,17.2,2.95,-23.,17.2;                                   813P    783
126,1,1,1,0,1,0,0.,0.,1.,1.,1.,1.,0.,0.,0.,1.,0.,0.,0.,1.,0.,        815P    784
0.,1.;                                                               815P    785
110,2.95,-23.,17.2,2.95,-23.,16.4;                                   817P    786
126,1,1,1,0,1,0,0.,0.,1.,1.,1.,1.,1.,0.,0.,1.,1.,0.,0.,1.,0.,        819P    787
0.,1.;                                                               819P    788
110,2.95,-23.,16.4,2.95,-14.,16.4;                                   821P    789
126,1,1,1,0,1,0,0.,0.,1.,1.,1.,1.,1.,1.,0.,0.,1.,0.,0.,1.,0.,        823P    790
0.,1.;                                                               823P    791
110,2.95,-14.,16.4,2.95,-14.,17.2;                                   825P    792
102,4,811,815,819,823;                                               827P    793
102,4,813,817,821,825;                                               829P    794
142,1,809,827,829,1;                                                 831P    795
144,809,1,0,831;                                                     833P    796
128,1,1,1,1,0,0,1,0,0,0.,0.,1.,1.,0.,0.,1.,1.,1.,1.,1.,1.,2.95,      835P    797
-23.,16.4,9.2,-23.,16.4,2.95,-14.,16.4,9.2,-14.,16.4,0.,1.,0.,       835P    798
1.;                                                                  835P    799
126,1,1,1,0,1,0,0.,0.,1.,1.,1.,1.,0.,1.,0.,0.,0.,0.,0.,1.,0.,        837P    800
0.,1.;                                                               837P    801
110,2.95,-14.,16.4,2.95,-23.,16.4;                                   839P    802
126,1,1,1,0,1,0,0.,0.,1.,1.,1.,1.,0.,0.,0.,1.,0.,0.,0.,1.,0.,        841P    803
0.,1.;                                                               841P    804
110,2.95,-23.,16.4,9.2,-23.,16.4;                                    843P    805
126,1,1,1,0,1,0,0.,0.,1.,1.,1.,1.,1.,0.,0.,1.,1.,0.,0.,1.,0.,        845P    806
0.,1.;                                                               845P    807
110,9.2,-23.,16.4,9.2,-14.,16.4;                                     847P    808
126,1,1,1,0,1,0,0.,0.,1.,1.,1.,1.,1.,1.,0.,0.,1.,0.,0.,1.,0.,        849P    809
0.,1.;                                                               849P    810
110,9.2,-14.,16.4,2.95,-14.,16.4;                                    851P    811
102,4,837,841,845,849;                                               853P    812
102,4,839,843,847,851;                                               855P    813
142,1,835,853,855,1;                                                 857P    814
144,835,1,0,857;                                                     859P    815
128,1,1,1,1,0,0,1,0,0,0.,0.,1.,1.,0.,0.,1.,1.,1.,1.,1.,1.,2.95,      861P    816
-23.,17.2,2.95,-23.,16.4,9.2,-23.,17.2,9.2,-23.,16.4,0.,1.,0.,       861P    817
1.;                                                                  861P    818
126,1,1,1,0,1,0,0.,0.,1.,1.,1.,1.,1.,1.,0.,0.,1.,0.,0.,1.,0.,        863P    819
0.,1.;                                                               863P    820
110,9.2,-23.,16.4,9.2,-23.,17.2;                                     865P    821
126,1,1,1,0,1,0,0.,0.,1.,1.,1.,1.,0.,1.,0.,0.,0.,0.,0.,1.,0.,        867P    822
0.,1.;                                                               867P    823
110,9.2,-23.,17.2,2.95,-23.,17.2;                                    869P    824
126,1,1,1,0,1,0,0.,0.,1.,1.,1.,1.,0.,0.,0.,1.,0.,0.,0.,1.,0.,        871P    825
0.,1.;                                                               871P    826
110,2.95,-23.,17.2,2.95,-23.,16.4;                                   873P    827
126,1,1,1,0,1,0,0.,0.,1.,1.,1.,1.,1.,0.,0.,1.,1.,0.,0.,1.,0.,        875P    828
0.,1.;                                                               875P    829
110,2.95,-23.,16.4,9.2,-23.,16.4;                                    877P    830
102,4,863,867,871,875;                                               879P    831
102,4,865,869,873,877;                                               881P    832
142,1,861,879,881,1;                                                 883P    833
144,861,1,0,883;                                                     885P    834
128,1,1,1,1,0,0,1,0,0,0.,0.,1.,1.,0.,0.,1.,1.,1.,1.,1.,1.,9.25,      887P    835
-23.,4.8,9.25,-23.,5.6,9.25,-14.,4.8,9.25,-14.,5.6,0.,1.,0.,1.;      887P    836
126,1,1,1,0,1,0,0.,0.,1.,1.,1.,1.,0.,1.,0.,0.,0.,0.,0.,1.,0.,        889P    837
0.,1.;                                                               889P    838
110,9.25,-14.,4.8,9.25,-23.,4.8;                                     891P    839
126,1,1,1,0,1,0,0.,0.,1.,1.,1.,1.,0.,0.,0.,1.,0.,0.,0.,1.,0.,        893P    840
0.,1.;                                                               893P    841
110,9.25,-23.,4.8,9.25,-23.,5.6;                                     895P    842
126,1,1,1,0,1,0,0.,0.,1.,1.,1.,1.,1.,0.,0.,1.,1.,0.,0.,1.,0.,        897P    843
0.,1.;                                                               897P    844
110,9.25,-23.,5.6,9.25,-14.,5.6;                                     899P    845
126,1,1,1,0,1,0,0.,0.,1.,1.,1.,1.,1.,1.,0.,0.,1.,0.,0.,1.,0.,        901P    846
0.,1.;                                                               901P    847
110,9.25,-14.,5.6,9.25,-14.,4.8;                                     903P    848
102,4,889,893,897,901;                                               905P    849
102,4,891,895,899,903;                                               907P    850
142,1,887,905,907,1;                                                 909P    851
144,887,1,0,909;                                                     911P    852
128,1,1,1,1,0,0,1,0,0,0.,0.,1.,1.,0.,0.,1.,1.,1.,1.,1.,1.,9.25,      913P    853
-23.,5.6,2.95,-23.,5.6,9.25,-14.,5.6,2.95,-14.,5.6,0.,1.,0.,1.;      913P    854
126,1,1,1,0,1,0,0.,0.,1.,1.,1.,1.,0.,1.,0.,0.,0.,0.,0.,1.,0.,        915P    855
0.,1.;                                                               915P    856
110,9.25,-14.,5.6,9.25,-23.,5.6;                                     917P    857
126,1,1,1,0,1,0,0.,0.,1.,1.,1.,1.,0.,0.,0.,1.,0.,0.,0.,1.,0.,        919P    858
0.,1.;                                                               919P    859
110,9.25,-23.,5.6,2.95,-23.,5.6;                                     921P    860
126,1,1,1,0,1,0,0.,0.,1.,1.,1.,1.,1.,0.,0.,1.,1.,0.,0.,1.,0.,        923P    861
0.,1.;                                                               923P    862
110,2.95,-23.,5.6,2.95,-14.,5.6;                                     925P    863
126,1,1,1,0,1,0,0.,0.,1.,1.,1.,1.,1.,1.,0.,0.,1.,0.,0.,1.,0.,        927P    864
0.,1.;                                                               927P    865
110,2.95,-14.,5.6,9.25,-14.,5.6;                                     929P    866
102,4,915,919,923,927;                                               931P    867
102,4,917,921,925,929;                                               933P    868
142,1,913,931,933,1;                                                 935P    869
144,913,1,0,935;                                                     937P    870
128,1,1,1,1,0,0,1,0,0,0.,0.,1.,1.,0.,0.,1.,1.,1.,1.,1.,1.,2.95,      939P    871
-23.,5.6,2.95,-23.,4.8,2.95,-14.,5.6,2.95,-14.,4.8,0.,1.,0.,1.;      939P    872
126,1,1,1,0,1,0,0.,0.,1.,1.,1.,1.,0.,1.,0.,0.,0.,0.,0.,1.,0.,        941P    873
0.,1.;                                                               941P    874
110,2.95,-14.,5.6,2.95,-23.,5.6;                                     943P    875
126,1,1,1,0,1,0,0.,0.,1.,1.,1.,1.,0.,0.,0.,1.,0.,0.,0.,1.,0.,        945P    876
0.,1.;                                                               945P    877
110,2.95,-23.,5.6,2.95,-23.,4.8;                                     947P    878
126,1,1,1,0,1,0,0.,0.,1.,1.,1.,1.,1.,0.,0.,1.,1.,0.,0.,1.,0.,        949P    879
0.,1.;                                                               949P    880
110,2.95,-23.,4.8,2.95,-14.,4.8;                                     951P    881
126,1,1,1,0,1,0,0.,0.,1.,1.,1.,1.,1.,1.,0.,0.,1.,0.,0.,1.,0.,        953P    882
0.,1.;                                                               953P    883
110,2.95,-14.,4.8,2.95,-14.,5.6;                                     955P    884
102,4,941,945,949,953;                                               957P    885
102,4,943,947,951,955;                                               959P    886
142,1,939,957,959,1;                                                 961P    887
144,939,1,0,961;                                                     963P    888
128,1,1,1,1,0,0,1,0,0,0.,0.,1.,1.,0.,0.,1.,1.,1.,1.,1.,1.,2.95,      965P    889
-23.,4.8,9.25,-23.,4.8,2.95,-14.,4.8,9.25,-14.,4.8,0.,1.,0.,1.;      965P    890
126,1,1,1,0,1,0,0.,0.,1.,1.,1.,1.,0.,1.,0.,0.,0.,0.,0.,1.,0.,        967P    891
0.,1.;                                                               967P    892
110,2.95,-14.,4.8,2.95,-23.,4.8;                                     969P    893
126,1,1,1,0,1,0,0.,0.,1.,1.,1.,1.,0.,0.,0.,1.,0.,0.,0.,1.,0.,        971P    894
0.,1.;                                                               971P    895
110,2.95,-23.,4.8,9.25,-23.,4.8;                                     973P    896
126,1,1,1,0,1,0,0.,0.,1.,1.,1.,1.,1.,0.,0.,1.,1.,0.,0.,1.,0.,        975P    897
0.,1.;                                                               975P    898
110,9.25,-23.,4.8,9.25,-14.,4.8;                                     977P    899
126,1,1,1,0,1,0,0.,0.,1.,1.,1.,1.,1.,1.,0.,0.,1.,0.,0.,1.,0.,        979P    900
0.,1.;                                                               979P    901
110,9.25,-14.,4.8,2.95,-14.,4.8;                                     981P    902
102,4,967,971,975,979;                                               983P    903
102,4,969,973,977,981;                                               985P    904
142,1,965,983,985,1;                                                 987P    905
144,965,1,0,987;                                                     989P    906
128,1,1,1,1,0,0,1,0,0,0.,0.,1.,1.,0.,0.,1.,1.,1.,1.,1.,1.,2.95,      991P    907
-23.,5.6,2.95,-23.,4.8,9.25,-23.,5.6,9.25,-23.,4.8,0.,1.,0.,1.;      991P    908
126,1,1,1,0,1,0,0.,0.,1.,1.,1.,1.,1.,1.,0.,0.,1.,0.,0.,1.,0.,        993P    909
0.,1.;                                                               993P    910
110,9.25,-23.,4.8,9.25,-23.,5.6;                                     995P    911
126,1,1,1,0,1,0,0.,0.,1.,1.,1.,1.,0.,1.,0.,0.,0.,0.,0.,1.,0.,        997P    912
0.,1.;                                                               997P    913
110,9.25,-23.,5.6,2.95,-23.,5.6;                                     999P    914
126,1,1,1,0,1,0,0.,0.,1.,1.,1.,1.,0.,0.,0.,1.,0.,0.,0.,1.,0.,       1001P    915
0.,1.;                                                              1001P    916
110,2.95,-23.,5.6,2.95,-23.,4.8;                                    1003P    917
126,1,1,1,0,1,0,0.,0.,1.,1.,1.,1.,1.,0.,0.,1.,1.,0.,0.,1.,0.,       1005P    918
0.,1.;                                                              1005P    919
110,2.95,-23.,4.8,9.25,-23.,4.8;                                    1007P    920
102,4,993,997,1001,1005;                                            1009P    921
102,4,995,999,1003,1007;                                            1011P    922
142,1,991,1009,1011,1;                                              1013P    923
144,991,1,0,1013;                                                   1015P    924
128,1,1,1,1,0,0,1,0,0,0.,0.,1.,1.,0.,0.,1.,1.,1.,1.,1.,1.,-9.5,     1017P    925
-23.,7.9,-9.5,-23.,14.3,-9.5,-14.,7.9,-9.5,-14.,14.3,0.,1.,0.,      1017P    926
1.;                                                                 1017P    927
126,1,1,1,0,1,0,0.,0.,1.,1.,1.,1.,0.,1.,0.,0.,0.,0.,0.,1.,0.,       1019P    928
0.,1.;                                                              1019P    929
110,-9.5,-14.,7.9,-9.5,-23.,7.9;                                    1021P    930
126,1,1,1,0,1,0,0.,0.,1.,1.,1.,1.,0.,0.,0.,1.,0.,0.,0.,1.,0.,       1023P    931
0.,1.;                                                              1023P    932
110,-9.5,-23.,7.9,-9.5,-23.,14.3;                                   1025P    933
126,1,1,1,0,1,0,0.,0.,1.,1.,1.,1.,1.,0.,0.,1.,1.,0.,0.,1.,0.,       1027P    934
0.,1.;                                                              1027P    935
110,-9.5,-23.,14.3,-9.5,-14.,14.3;                                  1029P    936
126,1,1,1,0,1,0,0.,0.,1.,1.,1.,1.,1.,1.,0.,0.,1.,0.,0.,1.,0.,       1031P    937
0.,1.;                                                              1031P    938
110,-9.5,-14.,14.3,-9.5,-14.,7.9;                                   1033P    939
102,4,1019,1023,1027,1031;                                          1035P    940
102,4,1021,1025,1029,1033;                                          1037P    941
142,1,1017,1035,1037,1;                                             1039P    942
144,1017,1,0,1039;                                                  1041P    943
128,1,1,1,1,0,0,1,0,0,0.,0.,1.,1.,0.,0.,1.,1.,1.,1.,1.,1.,-9.5,     1043P    944
-23.,14.3,-10.3,-23.,14.3,-9.5,-14.,14.3,-10.3,-14.,14.3,0.,1.,     1043P    945
0.,1.;                                                              1043P    946
126,1,1,1,0,1,0,0.,0.,1.,1.,1.,1.,0.,1.,0.,0.,0.,0.,0.,1.,0.,       1045P    947
0.,1.;                                                              1045P    948
110,-9.5,-14.,14.3,-9.5,-23.,14.3;                                  1047P    949
126,1,1,1,0,1,0,0.,0.,1.,1.,1.,1.,0.,0.,0.,1.,0.,0.,0.,1.,0.,       1049P    950
0.,1.;                                                              1049P    951
110,-9.5,-23.,14.3,-10.3,-23.,14.3;                                 1051P    952
126,1,1,1,0,1,0,0.,0.,1.,1.,1.,1.,1.,0.,0.,1.,1.,0.,0.,1.,0.,       1053P    953
0.,1.;                                                              1053P    954
110,-10.3,-23.,14.3,-10.3,-14.,14.3;                                1055P    955
126,1,1,1,0,1,0,0.,0.,1.,1.,1.,1.,1.,1.,0.,0.,1.,0.,0.,1.,0.,       1057P    956
0.,1.;                                                              1057P    957
110,-10.3,-14.,14.3,-9.5,-14.,14.3;                                 1059P    958
102,4,1045,1049,1053,1057;                                          1061P    959
102,4,1047,1051,1055,1059;                                          1063P    960
142,1,1043,1061,1063,1;                                             1065P    961
144,1043,1,0,1065;                                                  1067P    962
128,1,1,1,1,0,0,1,0,0,0.,0.,1.,1.,0.,0.,1.,1.,1.,1.,1.,1.,          1069P    963
-10.3,-23.,14.3,-10.3,-23.,7.9,-10.3,-14.,14.3,-10.3,-14.,7.9,      1069P    964
0.,1.,0.,1.;                                                        1069P    965
126,1,1,1,0,1,0,0.,0.,1.,1.,1.,1.,0.,1.,0.,0.,0.,0.,0.,1.,0.,       1071P    966
0.,1.;                                                              1071P    967
110,-10.3,-14.,14.3,-10.3,-23.,14.3;                                1073P    968
126,1,1,1,0,1,0,0.,0.,1.,1.,1.,1.,0.,0.,0.,1.,0.,0.,0.,1.,0.,       1075P    969
0.,1.;                                                              1075P    970
110,-10.3,-23.,14.3,-10.3,-23.,7.9;                                 1077P    971
126,1,1,1,0,1,0,0.,0.,1.,1.,1.,1.,1.,0.,0.,1.,1.,0.,0.,1.,0.,       1079P    972
0.,1.;                                                              1079P    973
110,-10.3,-23.,7.9,-10.3,-14.,7.9;                                  1081P    974
126,1,1,1,0,1,0,0.,0.,1.,1.,1.,1.,1.,1.,0.,0.,1.,0.,0.,1.,0.,       1083P    975
0.,1.;                                                              1083P    976
110,-10.3,-14.,7.9,-10.3,-14.,14.3;                                 1085P    977
102,4,1071,1075,1079,1083;                                          1087P    978
102,4,1073,1077,1081,1085;                                          1089P    979
142,1,1069,1087,1089,1;                                             1091P    980
144,1069,1,0,1091;                                                  1093P    981
128,1,1,1,1,0,0,1,0,0,0.,0.,1.,1.,0.,0.,1.,1.,1.,1.,1.,1.,          1095P    982
-10.3,-23.,7.9,-9.5,-23.,7.9,-10.3,-14.,7.9,-9.5,-14.,7.9,0.,       1095P    983
1.,0.,1.;                                                           1095P    984
126,1,1,1,0,1,0,0.,0.,1.,1.,1.,1.,0.,1.,0.,0.,0.,0.,0.,1.,0.,       1097P    985
0.,1.;                                                              1097P    986
110,-10.3,-14.,7.9,-10.3,-23.,7.9;                                  1099P    987
126,1,1,1,0,1,0,0.,0.,1.,1.,1.,1.,0.,0.,0.,1.,0.,0.,0.,1.,0.,       1101P    988
0.,1.;                                                              1101P    989
110,-10.3,-23.,7.9,-9.5,-23.,7.9;                                   1103P    990
126,1,1,1,0,1,0,0.,0.,1.,1.,1.,1.,1.,0.,0.,1.,1.,0.,0.,1.,0.,       1105P    991
0.,1.;                                                              1105P    992
110,-9.5,-23.,7.9,-9.5,-14.,7.9;                                    1107P    993
126,1,1,1,0,1,0,0.,0.,1.,1.,1.,1.,1.,1.,0.,0.,1.,0.,0.,1.,0.,       1109P    994
0.,1.;                                                              1109P    995
110,-9.5,-14.,7.9,-10.3,-14.,7.9;                                   1111P    996
102,4,1097,1101,1105,1109;                                          1113P    997
102,4,1099,1103,1107,1111;                                          1115P    998
142,1,1095,1113,1115,1;                                             1117P    999
144,1095,1,0,1117;                                                  1119P   1000
128,1,1,1,1,0,0,1,0,0,0.,0.,1.,1.,0.,0.,1.,1.,1.,1.,1.,1.,          1121P   1001
-10.3,-23.,14.3,-10.3,-23.,7.9,-9.5,-23.,14.3,-9.5,-23.,7.9,0.,     1121P   1002
1.,0.,1.;                                                           1121P   1003
126,1,1,1,0,1,0,0.,0.,1.,1.,1.,1.,1.,1.,0.,0.,1.,0.,0.,1.,0.,       1123P   1004
0.,1.;                                                              1123P   1005
110,-9.5,-23.,7.9,-9.5,-23.,14.3;                                   1125P   1006
126,1,1,1,0,1,0,0.,0.,1.,1.,1.,1.,0.,1.,0.,0.,0.,0.,0.,1.,0.,       1127P   1007
0.,1.;                                                              1127P   1008
110,-9.5,-23.,14.3,-10.3,-23.,14.3;                                 1129P   1009
126,1,1,1,0,1,0,0.,0.,1.,1.,1.,1.,0.,0.,0.,1.,0.,0.,0.,1.,0.,       1131P   1010
0.,1.;                                                              1131P   1011
110,-10.3,-23.,14.3,-10.3,-23.,7.9;                                 1133P   1012
126,1,1,1,0,1,0,0.,0.,1.,1.,1.,1.,1.,0.,0.,1.,1.,0.,0.,1.,0.,       1135P   1013
0.,1.;                                                              1135P   1014
110,-10.3,-23.,7.9,-9.5,-23.,7.9;                                   1137P   1015
102,4,1123,1127,1131,1135;                                          1139P   1016
102,4,1125,1129,1133,1137;                                          1141P   1017
142,1,1121,1139,1141,1;                                             1143P   1018
144,1121,1,0,1143;                                                  1145P   1019
128,1,1,1,1,0,0,1,0,0,0.,0.,1.,1.,0.,0.,1.,1.,1.,1.,1.,1.,          1147P   1020
-14.927629233,2.935,9.962430208,-14.927628301,5.465,                1147P   1021
9.962430208,-14.927629233,2.935,12.492430208,-14.927628301,         1147P   1022
5.465,12.492430208,0.,1.,0.,1.;                                     1147P   1023
126,32,2,1,0,1,0,0.,0.,0.,0.0625,0.0625,0.125,0.125,0.1875,         1149P   1024
0.1875,0.25,0.25,0.3125,0.3125,0.375,0.375,0.4375,0.4375,0.5,       1149P   1025
0.5,0.5625,0.5625,0.625,0.625,0.6875,0.6875,0.75,0.75,0.8125,       1149P   1026
0.8125,0.875,0.875,0.9375,0.9375,1.,1.,1.,1.,1.,1.,1.,1.,1.,1.,     1149P   1027
1.,1.,1.,1.,1.,1.,1.,1.,1.,1.,1.,1.,1.,1.,1.,1.,1.,1.,1.,1.,1.,     1149P   1028
1.,1.,1.,1.,1.,0.5,0.994071146,0.,0.451338239,0.994071146,0.,       1149P   1029
0.403611501,0.984577708,0.,0.355884763,0.975084269,0.,              1149P   1030
0.310927158,0.95646222,0.,0.265969553,0.93784017,0.,                1149P   1031
0.225508778,0.910805144,0.,0.185048003,0.883770119,0.,              1149P   1032
0.150638942,0.849361058,0.,0.116229881,0.814951997,0.,              1149P   1033
0.089194856,0.774491222,0.,0.06215983,0.734030447,0.,               1149P   1034
0.04353778,0.689072842,0.,0.024915731,0.644115237,0.,               1149P   1035
0.015422292,0.596388499,0.,0.005928854,0.548661761,0.,              1149P   1036
0.005928854,0.5,0.,0.005928854,0.451338239,0.,0.015422292,          1149P   1037
0.403611501,0.,0.024915731,0.355884763,0.,0.04353778,               1149P   1038
0.310927158,0.,0.06215983,0.265969553,0.,0.089194856,               1149P   1039
0.225508778,0.,0.116229881,0.185048003,0.,0.150638942,              1149P   1040
0.150638942,0.,0.185048003,0.116229881,0.,0.225508778,              1149P   1041
0.089194856,0.,0.265969553,0.06215983,0.,0.310927158,               1149P   1042
0.04353778,0.,0.355884763,0.024915731,0.,0.403611501,               1149P   1043
0.015422292,0.,0.451338239,0.005928854,0.,0.5,0.005928854,0.,       1149P   1044
0.,1.,0.,0.,-1.;                                                    1149P   1045
124,7.03080498101422E-015,-3.6836942386464E-007,                    1151P   1046
0.999999999999932,-26.1550574276042,-3.63494789807037E-011,         1151P   1047
-0.999999999999932,-3.6836942386464E-007,8.40000413529911,1.,       1151P   1048
-3.63494789781626E-011,-7.04419501764363E-015,26.1550589749094;     1151P   1049
100,11.227430208,-14.927628767,4.2,-13.677628767,4.2,               1153P   1050
-16.177628767,4.2;                                                  1153P   1051
126,32,2,1,0,1,0,0.,0.,0.,0.0625,0.0625,0.125,0.125,0.1875,         1155P   1052
0.1875,0.25,0.25,0.3125,0.3125,0.375,0.375,0.4375,0.4375,0.5,       1155P   1053
0.5,0.5625,0.5625,0.625,0.625,0.6875,0.6875,0.75,0.75,0.8125,       1155P   1054
0.8125,0.875,0.875,0.9375,0.9375,1.,1.,1.,1.,1.,1.,1.,1.,1.,1.,     1155P   1055
1.,1.,1.,1.,1.,1.,1.,1.,1.,1.,1.,1.,1.,1.,1.,1.,1.,1.,1.,1.,1.,     1155P   1056
1.,1.,1.,1.,1.,0.5,0.005928854,0.,0.548661761,0.005928854,0.,       1155P   1057
0.596388499,0.015422292,0.,0.644115237,0.024915731,0.,              1155P   1058
0.689072842,0.04353778,0.,0.734030447,0.06215983,0.,                1155P   1059
0.774491222,0.089194856,0.,0.814951997,0.116229881,0.,              1155P   1060
0.849361058,0.150638942,0.,0.883770119,0.185048003,0.,              1155P   1061
0.910805144,0.225508778,0.,0.93784017,0.265969553,0.,               1155P   1062
0.95646222,0.310927158,0.,0.975084269,0.355884763,0.,               1155P   1063
0.984577708,0.403611501,0.,0.994071146,0.451338239,0.,              1155P   1064
0.994071146,0.5,0.,0.994071146,0.548661761,0.,0.984577708,          1155P   1065
0.596388499,0.,0.975084269,0.644115237,0.,0.95646222,               1155P   1066
0.689072842,0.,0.93784017,0.734030447,0.,0.910805144,               1155P   1067
0.774491222,0.,0.883770119,0.814951997,0.,0.849361058,              1155P   1068
0.849361058,0.,0.814951997,0.883770119,0.,0.774491222,              1155P   1069
0.910805144,0.,0.734030447,0.93784017,0.,0.689072842,               1155P   1070
0.95646222,0.,0.644115237,0.975084269,0.,0.596388499,               1155P   1071
0.984577708,0.,0.548661761,0.994071146,0.,0.5,0.994071146,0.,       1155P   1072
0.,1.,0.,0.,-1.;                                                    1155P   1073
124,-7.0307997912821E-015,3.6836942386464E-007,                     1157P   1074
0.999999999999932,-26.1550605219076,3.63635673707072E-011,          1157P   1075
0.999999999999932,-3.6836942386464E-007,4.13638510470645E-006,      1157P   1076
-1.,3.63635673681661E-011,-7.04419501764363E-015,                   1157P   1077
-3.70019855847235;                                                  1157P   1078
100,11.227430208,-14.927628767,4.2,-13.677628767,4.2,               1159P   1079
-16.177628767,4.2;                                                  1159P   1080
102,2,1149,1155;                                                    1161P   1081
102,2,1153,1159;                                                    1163P   1082
142,1,1147,1161,1163,1;                                             1165P   1083
144,1147,1,0,1165;                                                  1167P   1084
110,-14.927628735,4.286477187,11.2,-1014.927628735,4.286845556,     1169P   1085
11.2;                                                               1169P   1086
110,-15.,0.286477213,11.2,-53.927628735,0.286491553,11.2;           1171P   1087
120,1169,1171,0.,6.28318530717959;                                  1173P   1088
126,1,1,1,0,1,0,0.,0.,1.,1.,1.,1.,1.,3.141592654,0.,7.6E-008,       1175P   1089
3.141592654,0.,0.,1.,0.,0.,1.;                                      1175P   1090
110,-53.927625788,8.286491553,11.2,-15.,8.286477213,11.2;           1177P   1091
126,1,1,1,0,1,0,0.,0.,1.,1.,1.,1.,7.6E-008,3.141592654,0.,0.,       1179P   1092
6.283185307,0.,0.,1.,0.,0.,1.;                                      1179P   1093
124,-1.23908819712629E-016,-6.12323399573677E-017,-1.,-3.8,1.,      1181P   1094
1.85141159669997E-016,-1.23908819712629E-016,19.2864772133616,      1181P   1095
1.85141159669997E-016,-1.,6.12323399573677E-017,                    1181P   1096
15.4864772133616;                                                   1181P   1097
100,11.2,-15.,4.286477213,-11.,4.286477213,-19.,4.286477213;        1183P   1098
126,1,1,1,0,1,0,0.,0.,1.,1.,1.,1.,0.,6.283185307,0.,1.,             1185P   1099
6.283185307,0.,0.,1.,0.,0.,1.;                                      1185P   1100
110,-15.,0.286477213,11.2,-53.927628735,0.286491553,11.2;           1187P   1101
126,1,1,1,0,1,0,0.,0.,1.,1.,1.,1.,1.,6.283185307,0.,1.,             1189P   1102
3.141592654,0.,0.,1.,0.,0.,1.;                                      1189P   1103
124,-3.6836942386464E-007,-7.04418984625371E-015,                   1191P   1104
0.999999999999932,-65.1276471264902,-0.999999999999932,             1191P   1105
1.40385983892792E-014,-3.6836942386464E-007,-49.6411315823517,      1191P   1106
-1.40385958481804E-014,-1.,-7.04419501764363E-015,                  1191P   1107
15.4864915531085;                                                   1191P   1108
100,11.2,-53.927627261,4.286491553,-49.927627261,4.286491553,       1193P   1109
-57.927627261,4.286491553;                                          1193P   1110
102,4,1175,1179,1185,1189;                                          1195P   1111
102,4,1177,1183,1187,1193;                                          1197P   1112
142,1,1173,1195,1197,1;                                             1199P   1113
144,1173,1,0,1199;                                                  1201P   1114
128,1,1,1,1,0,0,1,0,0,0.,0.,1.,1.,0.,0.,1.,1.,1.,1.,1.,1.,          1203P   1115
-53.879628735,-9.713506973,7.152,-61.975628735,-9.713506973,        1203P   1116
7.152,-53.879628735,-9.713506973,15.248,-61.975628735,              1203P   1117
-9.713506973,15.248,0.,1.,0.,1.;                                    1203P   1118
126,32,2,1,0,1,0,0.,0.,0.,0.0625,0.0625,0.125,0.125,0.1875,         1205P   1119
0.1875,0.25,0.25,0.3125,0.3125,0.375,0.375,0.4375,0.4375,0.5,       1205P   1120
0.5,0.5625,0.5625,0.625,0.625,0.6875,0.6875,0.75,0.75,0.8125,       1205P   1121
0.8125,0.875,0.875,0.9375,0.9375,1.,1.,1.,1.,1.,1.,1.,1.,1.,1.,     1205P   1122
1.,1.,1.,1.,1.,1.,1.,1.,1.,1.,1.,1.,1.,1.,1.,1.,1.,1.,1.,1.,1.,     1205P   1123
1.,1.,1.,1.,1.,0.994071146,0.5,0.,0.994071146,0.548661761,0.,       1205P   1124
0.984577708,0.596388499,0.,0.975084269,0.644115237,0.,              1205P   1125
0.95646222,0.689072842,0.,0.93784017,0.734030447,0.,                1205P   1126
0.910805144,0.774491222,0.,0.883770119,0.814951997,0.,              1205P   1127
0.849361058,0.849361058,0.,0.814951997,0.883770119,0.,              1205P   1128
0.774491222,0.910805144,0.,0.734030447,0.93784017,0.,               1205P   1129
0.689072842,0.95646222,0.,0.644115237,0.975084269,0.,               1205P   1130
0.596388499,0.984577708,0.,0.548661761,0.994071146,0.,0.5,          1205P   1131
0.994071146,0.,0.451338239,0.994071146,0.,0.403611501,              1205P   1132
0.984577708,0.,0.355884763,0.975084269,0.,0.310927158,              1205P   1133
0.95646222,0.,0.265969553,0.93784017,0.,0.225508778,                1205P   1134
0.910805144,0.,0.185048003,0.883770119,0.,0.150638942,              1205P   1135
0.849361058,0.,0.116229881,0.814951997,0.,0.089194856,              1205P   1136
0.774491222,0.,0.06215983,0.734030447,0.,0.04353778,                1205P   1137
0.689072842,0.,0.024915731,0.644115237,0.,0.015422292,              1205P   1138
0.596388499,0.,0.005928854,0.548661761,0.,0.005928854,0.5,0.,       1205P   1139
0.,1.,0.,0.,-1.;                                                    1205P   1140
124,-1.,2.06876529682361E-015,2.19122997673835E-015,                1207P   1141
-115.855257469359,2.19122997673835E-015,-6.12323399573722E-017,     1207P   1142
1.,-20.9135069734124,2.06876529682361E-015,1.,                      1207P   1143
6.12323399573677E-017,20.9135069734127;                             1207P   1144
100,11.2,-57.927628735,-9.713506973,-53.927628735,-9.713506973,     1209P   1145
-61.927628735,-9.713506973;                                         1209P   1146
126,32,2,1,0,1,0,0.,0.,0.,0.0625,0.0625,0.125,0.125,0.1875,         1211P   1147
0.1875,0.25,0.25,0.3125,0.3125,0.375,0.375,0.4375,0.4375,0.5,       1211P   1148
0.5,0.5625,0.5625,0.625,0.625,0.6875,0.6875,0.75,0.75,0.8125,       1211P   1149
0.8125,0.875,0.875,0.9375,0.9375,1.,1.,1.,1.,1.,1.,1.,1.,1.,1.,     1211P   1150
1.,1.,1.,1.,1.,1.,1.,1.,1.,1.,1.,1.,1.,1.,1.,1.,1.,1.,1.,1.,1.,     1211P   1151
1.,1.,1.,1.,1.,0.005928854,0.5,0.,0.005928854,0.451338239,0.,       1211P   1152
0.015422292,0.403611501,0.,0.024915731,0.355884763,0.,              1211P   1153
0.04353778,0.310927158,0.,0.06215983,0.265969553,0.,                1211P   1154
0.089194856,0.225508778,0.,0.116229881,0.185048003,0.,              1211P   1155
0.150638942,0.150638942,0.,0.185048003,0.116229881,0.,              1211P   1156
0.225508778,0.089194856,0.,0.265969553,0.06215983,0.,               1211P   1157
0.310927158,0.04353778,0.,0.355884763,0.024915731,0.,               1211P   1158
0.403611501,0.015422292,0.,0.451338239,0.005928854,0.,0.5,          1211P   1159
0.005928854,0.,0.548661761,0.005928854,0.,0.596388499,              1211P   1160
0.015422292,0.,0.644115237,0.024915731,0.,0.689072842,              1211P   1161
0.04353778,0.,0.734030447,0.06215983,0.,0.774491222,                1211P   1162
0.089194856,0.,0.814951997,0.116229881,0.,0.849361058,              1211P   1163
0.150638942,0.,0.883770119,0.185048003,0.,0.910805144,              1211P   1164
0.225508778,0.,0.93784017,0.265969553,0.,0.95646222,                1211P   1165
0.310927158,0.,0.975084269,0.355884763,0.,0.984577708,              1211P   1166
0.403611501,0.,0.994071146,0.451338239,0.,0.994071146,0.5,0.,       1211P   1167
0.,1.,0.,0.,-1.;                                                    1211P   1168
124,1.,-1.61571553321109E-014,2.19122997673835E-015,                1213P   1169
-1.81403364458077E-013,-2.19122997673835E-015,                      1213P   1170
6.12323399574031E-017,1.,-20.9135069734127,                         1213P   1171
-1.61571553321109E-014,-1.,6.12323399573677E-017,                   1213P   1172
1.4864930265865;                                                    1213P   1173
100,11.2,-57.927628735,-9.713506973,-53.927628735,-9.713506973,     1215P   1174
-61.927628735,-9.713506973;                                         1215P   1175
102,2,1205,1211;                                                    1217P   1176
102,2,1209,1215;                                                    1219P   1177
142,1,1203,1217,1219,1;                                             1221P   1178
144,1203,1,0,1221;                                                  1223P   1179
128,24,96,3,3,0,0,1,0,0,1.57079595842547,1.57079595842547,          1225P   1180
1.57079595842547,1.57079595842547,1.76714554532101,                 1225P   1181
1.76714554532101,1.76714554532101,1.96349513221655,                 1225P   1182
1.96349513221655,1.96349513221655,2.15984471911209,                 1225P   1183
2.15984471911209,2.15984471911209,2.35619430600763,                 1225P   1184
2.35619430600763,2.35619430600763,2.55254389290317,                 1225P   1185
2.55254389290317,2.55254389290317,2.74889347979871,                 1225P   1186
2.74889347979871,2.74889347979871,2.94524306669425,                 1225P   1187
2.94524306669425,2.94524306669425,3.14159265358979,                 1225P   1188
3.14159265358979,3.14159265358979,3.14159265358979,                 1225P   1189
-3.14159265358979,-3.14159265358979,-3.14159265358979,              1225P   1190
-3.14159265358979,-2.94524311274043,-2.94524311274043,              1225P   1191
-2.94524311274043,-2.74889357189107,-2.74889357189107,              1225P   1192
-2.74889357189107,-2.55254403104171,-2.55254403104171,              1225P   1193
-2.55254403104171,-2.35619449019234,-2.35619449019234,              1225P   1194
-2.35619449019234,-2.15984494934298,-2.15984494934298,              1225P   1195
-2.15984494934298,-1.96349540849362,-1.96349540849362,              1225P   1196
-1.96349540849362,-1.76714586764426,-1.76714586764426,              1225P   1197
-1.76714586764426,-1.5707963267949,-1.5707963267949,                1225P   1198
-1.5707963267949,-1.37444678594553,-1.37444678594553,               1225P   1199
-1.37444678594553,-1.17809724509617,-1.17809724509617,              1225P   1200
-1.17809724509617,-0.98174770424681,-0.98174770424681,              1225P   1201
-0.98174770424681,-0.785398163397448,-0.785398163397448,            1225P   1202
-0.785398163397448,-0.589048622548086,-0.589048622548086,           1225P   1203
-0.589048622548086,-0.392699081698724,-0.392699081698724,           1225P   1204
-0.392699081698724,-0.196349540849362,-0.196349540849362,           1225P   1205
-0.196349540849362,0.,0.,0.,0.196349540849362,                      1225P   1206
0.196349540849362,0.196349540849362,0.392699081698724,              1225P   1207
0.392699081698724,0.392699081698724,0.589048622548086,              1225P   1208
0.589048622548086,0.589048622548086,0.785398163397448,              1225P   1209
0.785398163397448,0.785398163397448,0.98174770424681,               1225P   1210
0.98174770424681,0.98174770424681,1.17809724509617,                 1225P   1211
1.17809724509617,1.17809724509617,1.37444678594553,                 1225P   1212
1.37444678594553,1.37444678594553,1.5707963267949,                  1225P   1213
1.5707963267949,1.5707963267949,1.76714586764426,                   1225P   1214
1.76714586764426,1.76714586764426,1.96349540849362,                 1225P   1215
1.96349540849362,1.96349540849362,2.15984494934298,                 1225P   1216
2.15984494934298,2.15984494934298,2.35619449019234,                 1225P   1217
2.35619449019234,2.35619449019234,2.55254403104171,                 1225P   1218
2.55254403104171,2.55254403104171,2.74889357189107,                 1225P   1219
2.74889357189107,2.74889357189107,2.94524311274043,                 1225P   1220
2.94524311274043,2.94524311274043,3.14159265358979,                 1225P   1221
3.14159265358979,3.14159265358979,3.14159265358979,1.,1.,1.,1.,     1225P   1222
1.,1.,1.,1.,1.,1.,1.,1.,1.,1.,1.,1.,1.,1.,1.,1.,1.,1.,1.,1.,1.,     1225P   1223
1.,1.,1.,1.,1.,1.,1.,1.,1.,1.,1.,1.,1.,1.,1.,1.,1.,1.,1.,1.,1.,     1225P   1224
1.,1.,1.,1.,1.,1.,1.,1.,1.,1.,1.,1.,1.,1.,1.,1.,1.,1.,1.,1.,1.,     1225P   1225
1.,1.,1.,1.,1.,1.,1.,1.,1.,1.,1.,1.,1.,1.,1.,1.,1.,1.,1.,1.,1.,     1225P   1226
1.,1.,1.,1.,1.,1.,1.,1.,1.,1.,1.,1.,1.,1.,1.,1.,1.,1.,1.,1.,1.,     1225P   1227
1.,1.,1.,1.,1.,1.,1.,1.,1.,1.,1.,1.,1.,1.,1.,1.,1.,1.,1.,1.,1.,     1225P   1228
1.,1.,1.,1.,1.,1.,1.,1.,1.,1.,1.,1.,1.,1.,1.,1.,1.,1.,1.,1.,1.,     1225P   1229
1.,1.,1.,1.,1.,1.,1.,1.,1.,1.,1.,1.,1.,1.,1.,1.,1.,1.,1.,1.,1.,     1225P   1230
1.,1.,1.,1.,1.,1.,1.,1.,1.,1.,1.,1.,1.,1.,1.,1.,1.,1.,1.,1.,1.,     1225P   1231
1.,1.,1.,1.,1.,1.,1.,1.,1.,1.,1.,1.,1.,1.,1.,1.,1.,1.,1.,1.,1.,     1225P   1232
1.,1.,1.,1.,1.,1.,1.,1.,1.,1.,1.,1.,1.,1.,1.,1.,1.,1.,1.,1.,1.,     1225P   1233
1.,1.,1.,1.,1.,1.,1.,1.,1.,1.,1.,1.,1.,1.,1.,1.,1.,1.,1.,1.,1.,     1225P   1234
1.,1.,1.,1.,1.,1.,1.,1.,1.,1.,1.,1.,1.,1.,1.,1.,1.,1.,1.,1.,1.,     1225P   1235
1.,1.,1.,1.,1.,1.,1.,1.,1.,1.,1.,1.,1.,1.,1.,1.,1.,1.,1.,1.,1.,     1225P   1236
1.,1.,1.,1.,1.,1.,1.,1.,1.,1.,1.,1.,1.,1.,1.,1.,1.,1.,1.,1.,1.,     1225P   1237
1.,1.,1.,1.,1.,1.,1.,1.,1.,1.,1.,1.,1.,1.,1.,1.,1.,1.,1.,1.,1.,     1225P   1238
1.,1.,1.,1.,1.,1.,1.,1.,1.,1.,1.,1.,1.,1.,1.,1.,1.,1.,1.,1.,1.,     1225P   1239
1.,1.,1.,1.,1.,1.,1.,1.,1.,1.,1.,1.,1.,1.,1.,1.,1.,1.,1.,1.,1.,     1225P   1240
1.,1.,1.,1.,1.,1.,1.,1.,1.,1.,1.,1.,1.,1.,1.,1.,1.,1.,1.,1.,1.,     1225P   1241
1.,1.,1.,1.,1.,1.,1.,1.,1.,1.,1.,1.,1.,1.,1.,1.,1.,1.,1.,1.,1.,     1225P   1242
1.,1.,1.,1.,1.,1.,1.,1.,1.,1.,1.,1.,1.,1.,1.,1.,1.,1.,1.,1.,1.,     1225P   1243
1.,1.,1.,1.,1.,1.,1.,1.,1.,1.,1.,1.,1.,1.,1.,1.,1.,1.,1.,1.,1.,     1225P   1244
1.,1.,1.,1.,1.,1.,1.,1.,1.,1.,1.,1.,1.,1.,1.,1.,1.,1.,1.,1.,1.,     1225P   1245
1.,1.,1.,1.,1.,1.,1.,1.,1.,1.,1.,1.,1.,1.,1.,1.,1.,1.,1.,1.,1.,     1225P   1246
1.,1.,1.,1.,1.,1.,1.,1.,1.,1.,1.,1.,1.,1.,1.,1.,1.,1.,1.,1.,1.,     1225P   1247
1.,1.,1.,1.,1.,1.,1.,1.,1.,1.,1.,1.,1.,1.,1.,1.,1.,1.,1.,1.,1.,     1225P   1248
1.,1.,1.,1.,1.,1.,1.,1.,1.,1.,1.,1.,1.,1.,1.,1.,1.,1.,1.,1.,1.,     1225P   1249
1.,1.,1.,1.,1.,1.,1.,1.,1.,1.,1.,1.,1.,1.,1.,1.,1.,1.,1.,1.,1.,     1225P   1250
1.,1.,1.,1.,1.,1.,1.,1.,1.,1.,1.,1.,1.,1.,1.,1.,1.,1.,1.,1.,1.,     1225P   1251
1.,1.,1.,1.,1.,1.,1.,1.,1.,1.,1.,1.,1.,1.,1.,1.,1.,1.,1.,1.,1.,     1225P   1252
1.,1.,1.,1.,1.,1.,1.,1.,1.,1.,1.,1.,1.,1.,1.,1.,1.,1.,1.,1.,1.,     1225P   1253
1.,1.,1.,1.,1.,1.,1.,1.,1.,1.,1.,1.,1.,1.,1.,1.,1.,1.,1.,1.,1.,     1225P   1254
1.,1.,1.,1.,1.,1.,1.,1.,1.,1.,1.,1.,1.,1.,1.,1.,1.,1.,1.,1.,1.,     1225P   1255
1.,1.,1.,1.,1.,1.,1.,1.,1.,1.,1.,1.,1.,1.,1.,1.,1.,1.,1.,1.,1.,     1225P   1256
1.,1.,1.,1.,1.,1.,1.,1.,1.,1.,1.,1.,1.,1.,1.,1.,1.,1.,1.,1.,1.,     1225P   1257
1.,1.,1.,1.,1.,1.,1.,1.,1.,1.,1.,1.,1.,1.,1.,1.,1.,1.,1.,1.,1.,     1225P   1258
1.,1.,1.,1.,1.,1.,1.,1.,1.,1.,1.,1.,1.,1.,1.,1.,1.,1.,1.,1.,1.,     1225P   1259
1.,1.,1.,1.,1.,1.,1.,1.,1.,1.,1.,1.,1.,1.,1.,1.,1.,1.,1.,1.,1.,     1225P   1260
1.,1.,1.,1.,1.,1.,1.,1.,1.,1.,1.,1.,1.,1.,1.,1.,1.,1.,1.,1.,1.,     1225P   1261
1.,1.,1.,1.,1.,1.,1.,1.,1.,1.,1.,1.,1.,1.,1.,1.,1.,1.,1.,1.,1.,     1225P   1262
1.,1.,1.,1.,1.,1.,1.,1.,1.,1.,1.,1.,1.,1.,1.,1.,1.,1.,1.,1.,1.,     1225P   1263
1.,1.,1.,1.,1.,1.,1.,1.,1.,1.,1.,1.,1.,1.,1.,1.,1.,1.,1.,1.,1.,     1225P   1264
1.,1.,1.,1.,1.,1.,1.,1.,1.,1.,1.,1.,1.,1.,1.,1.,1.,1.,1.,1.,1.,     1225P   1265
1.,1.,1.,1.,1.,1.,1.,1.,1.,1.,1.,1.,1.,1.,1.,1.,1.,1.,1.,1.,1.,     1225P   1266
1.,1.,1.,1.,1.,1.,1.,1.,1.,1.,1.,1.,1.,1.,1.,1.,1.,1.,1.,1.,1.,     1225P   1267
1.,1.,1.,1.,1.,1.,1.,1.,1.,1.,1.,1.,1.,1.,1.,1.,1.,1.,1.,1.,1.,     1225P   1268
1.,1.,1.,1.,1.,1.,1.,1.,1.,1.,1.,1.,1.,1.,1.,1.,1.,1.,1.,1.,1.,     1225P   1269
1.,1.,1.,1.,1.,1.,1.,1.,1.,1.,1.,1.,1.,1.,1.,1.,1.,1.,1.,1.,1.,     1225P   1270
1.,1.,1.,1.,1.,1.,1.,1.,1.,1.,1.,1.,1.,1.,1.,1.,1.,1.,1.,1.,1.,     1225P   1271
1.,1.,1.,1.,1.,1.,1.,1.,1.,1.,1.,1.,1.,1.,1.,1.,1.,1.,1.,1.,1.,     1225P   1272
1.,1.,1.,1.,1.,1.,1.,1.,1.,1.,1.,1.,1.,1.,1.,1.,1.,1.,1.,1.,1.,     1225P   1273
1.,1.,1.,1.,1.,1.,1.,1.,1.,1.,1.,1.,1.,1.,1.,1.,1.,1.,1.,1.,1.,     1225P   1274
1.,1.,1.,1.,1.,1.,1.,1.,1.,1.,1.,1.,1.,1.,1.,1.,1.,1.,1.,1.,1.,     1225P   1275
1.,1.,1.,1.,1.,1.,1.,1.,1.,1.,1.,1.,1.,1.,1.,1.,1.,1.,1.,1.,1.,     1225P   1276
1.,1.,1.,1.,1.,1.,1.,1.,1.,1.,1.,1.,1.,1.,1.,1.,1.,1.,1.,1.,1.,     1225P   1277
1.,1.,1.,1.,1.,1.,1.,1.,1.,1.,1.,1.,1.,1.,1.,1.,1.,1.,1.,1.,1.,     1225P   1278
1.,1.,1.,1.,1.,1.,1.,1.,1.,1.,1.,1.,1.,1.,1.,1.,1.,1.,1.,1.,1.,     1225P   1279
1.,1.,1.,1.,1.,1.,1.,1.,1.,1.,1.,1.,1.,1.,1.,1.,1.,1.,1.,1.,1.,     1225P   1280
1.,1.,1.,1.,1.,1.,1.,1.,1.,1.,1.,1.,1.,1.,1.,1.,1.,1.,1.,1.,1.,     1225P   1281
1.,1.,1.,1.,1.,1.,1.,1.,1.,1.,1.,1.,1.,1.,1.,1.,1.,1.,1.,1.,1.,     1225P   1282
1.,1.,1.,1.,1.,1.,1.,1.,1.,1.,1.,1.,1.,1.,1.,1.,1.,1.,1.,1.,1.,     1225P   1283
1.,1.,1.,1.,1.,1.,1.,1.,1.,1.,1.,1.,1.,1.,1.,1.,1.,1.,1.,1.,1.,     1225P   1284
1.,1.,1.,1.,1.,1.,1.,1.,1.,1.,1.,1.,1.,1.,1.,1.,1.,1.,1.,1.,1.,     1225P   1285
1.,1.,1.,1.,1.,1.,1.,1.,1.,1.,1.,1.,1.,1.,1.,1.,1.,1.,1.,1.,1.,     1225P   1286
1.,1.,1.,1.,1.,1.,1.,1.,1.,1.,1.,1.,1.,1.,1.,1.,1.,1.,1.,1.,1.,     1225P   1287
1.,1.,1.,1.,1.,1.,1.,1.,1.,1.,1.,1.,1.,1.,1.,1.,1.,1.,1.,1.,1.,     1225P   1288
1.,1.,1.,1.,1.,1.,1.,1.,1.,1.,1.,1.,1.,1.,1.,1.,1.,1.,1.,1.,1.,     1225P   1289
1.,1.,1.,1.,1.,1.,1.,1.,1.,1.,1.,1.,1.,1.,1.,1.,1.,1.,1.,1.,1.,     1225P   1290
1.,1.,1.,1.,1.,1.,1.,1.,1.,1.,1.,1.,1.,1.,1.,1.,1.,1.,1.,1.,1.,     1225P   1291
1.,1.,1.,1.,1.,1.,1.,1.,1.,1.,1.,1.,1.,1.,1.,1.,1.,1.,1.,1.,1.,     1225P   1292
1.,1.,1.,1.,1.,1.,1.,1.,1.,1.,1.,1.,1.,1.,1.,1.,1.,1.,1.,1.,1.,     1225P   1293
1.,1.,1.,1.,1.,1.,1.,1.,1.,1.,1.,1.,1.,1.,1.,1.,1.,1.,1.,1.,1.,     1225P   1294
1.,1.,1.,1.,1.,1.,1.,1.,1.,1.,1.,1.,1.,1.,1.,1.,1.,1.,1.,1.,1.,     1225P   1295
1.,1.,1.,1.,1.,1.,1.,1.,1.,1.,1.,1.,1.,1.,1.,1.,1.,1.,1.,1.,1.,     1225P   1296
1.,1.,1.,1.,1.,1.,1.,1.,1.,1.,1.,1.,1.,1.,1.,1.,1.,1.,1.,1.,1.,     1225P   1297
1.,1.,1.,1.,1.,1.,1.,1.,1.,1.,1.,1.,1.,1.,1.,1.,1.,1.,1.,1.,1.,     1225P   1298
1.,1.,1.,1.,1.,1.,1.,1.,1.,1.,1.,1.,1.,1.,1.,1.,1.,1.,1.,1.,1.,     1225P   1299
1.,1.,1.,1.,1.,1.,1.,1.,1.,1.,1.,1.,1.,1.,1.,1.,1.,1.,1.,1.,1.,     1225P   1300
1.,1.,1.,1.,1.,1.,1.,1.,1.,1.,1.,1.,1.,1.,1.,1.,1.,1.,1.,1.,1.,     1225P   1301
1.,1.,1.,1.,1.,1.,1.,1.,1.,1.,1.,1.,1.,1.,1.,1.,1.,1.,1.,1.,1.,     1225P   1302
1.,1.,1.,1.,1.,1.,1.,1.,1.,1.,1.,1.,1.,1.,1.,1.,1.,1.,1.,1.,1.,     1225P   1303
1.,1.,1.,1.,1.,1.,1.,1.,1.,1.,1.,1.,1.,1.,1.,1.,1.,1.,1.,1.,1.,     1225P   1304
1.,1.,1.,1.,1.,1.,1.,1.,1.,1.,1.,1.,1.,1.,1.,1.,1.,1.,1.,1.,1.,     1225P   1305
1.,1.,1.,1.,1.,1.,1.,1.,1.,1.,1.,1.,1.,1.,1.,1.,1.,1.,1.,1.,1.,     1225P   1306
1.,1.,1.,1.,1.,1.,1.,1.,1.,1.,1.,1.,1.,1.,1.,1.,1.,1.,1.,1.,1.,     1225P   1307
1.,1.,1.,1.,1.,1.,1.,1.,1.,1.,1.,1.,1.,1.,1.,1.,1.,1.,1.,1.,1.,     1225P   1308
1.,1.,1.,1.,1.,1.,1.,1.,1.,1.,1.,1.,1.,1.,1.,1.,1.,1.,1.,1.,1.,     1225P   1309
1.,1.,1.,1.,1.,1.,1.,1.,1.,1.,1.,1.,1.,1.,1.,1.,1.,1.,1.,1.,1.,     1225P   1310
1.,1.,1.,1.,1.,1.,1.,1.,1.,1.,1.,1.,1.,1.,1.,1.,1.,1.,1.,1.,1.,     1225P   1311
1.,1.,1.,1.,1.,1.,1.,1.,1.,1.,1.,1.,1.,1.,1.,1.,1.,1.,1.,1.,1.,     1225P   1312
1.,1.,1.,1.,1.,1.,1.,1.,1.,1.,1.,1.,1.,1.,1.,1.,1.,1.,1.,1.,1.,     1225P   1313
1.,1.,1.,1.,1.,1.,1.,1.,1.,1.,1.,1.,1.,1.,1.,1.,1.,1.,1.,1.,1.,     1225P   1314
1.,1.,1.,1.,1.,1.,1.,1.,1.,1.,1.,1.,1.,1.,1.,1.,1.,1.,1.,1.,1.,     1225P   1315
1.,1.,1.,1.,1.,1.,1.,1.,1.,1.,1.,1.,1.,1.,1.,1.,1.,1.,1.,1.,1.,     1225P   1316
1.,1.,1.,1.,1.,1.,1.,1.,1.,1.,1.,1.,1.,1.,1.,1.,1.,1.,1.,1.,1.,     1225P   1317
1.,1.,1.,1.,1.,1.,1.,1.,1.,1.,1.,1.,1.,1.,1.,1.,1.,1.,1.,1.,1.,     1225P   1318
1.,1.,1.,1.,1.,1.,1.,1.,1.,1.,1.,1.,1.,1.,1.,1.,1.,1.,1.,1.,1.,     1225P   1319
1.,1.,1.,1.,1.,1.,1.,1.,1.,1.,1.,1.,1.,1.,1.,1.,1.,1.,1.,1.,1.,     1225P   1320
1.,1.,1.,1.,1.,1.,1.,1.,1.,1.,1.,1.,1.,1.,1.,1.,1.,1.,1.,1.,1.,     1225P   1321
1.,1.,1.,1.,1.,1.,1.,1.,1.,1.,1.,1.,1.,1.,1.,1.,1.,1.,1.,1.,1.,     1225P   1322
1.,1.,1.,1.,1.,1.,1.,1.,1.,1.,1.,1.,1.,1.,1.,1.,1.,1.,1.,1.,1.,     1225P   1323
1.,1.,1.,1.,1.,1.,1.,1.,1.,1.,1.,1.,1.,1.,1.,1.,1.,1.,1.,1.,1.,     1225P   1324
1.,1.,1.,1.,1.,1.,1.,1.,1.,1.,1.,1.,1.,1.,1.,1.,1.,1.,1.,1.,1.,     1225P   1325
1.,1.,1.,1.,1.,1.,1.,1.,1.,1.,1.,1.,1.,1.,1.,1.,1.,1.,1.,1.,1.,     1225P   1326
1.,1.,1.,1.,1.,1.,1.,1.,1.,1.,1.,1.,1.,1.,1.,1.,1.,1.,1.,1.,1.,     1225P   1327
1.,1.,1.,1.,1.,1.,1.,1.,1.,1.,1.,1.,1.,1.,1.,1.,1.,1.,1.,1.,1.,     1225P   1328
1.,1.,1.,1.,1.,1.,1.,1.,1.,1.,1.,1.,1.,1.,1.,1.,1.,1.,1.,1.,1.,     1225P   1329
1.,1.,1.,1.,1.,1.,1.,1.,1.,1.,1.,1.,1.,1.,1.,1.,1.,1.,1.,1.,1.,     1225P   1330
1.,1.,1.,1.,1.,1.,1.,1.,1.,1.,1.,1.,1.,1.,1.,1.,1.,1.,1.,1.,1.,     1225P   1331
1.,1.,1.,1.,1.,1.,1.,1.,1.,1.,1.,1.,1.,1.,1.,1.,1.,1.,1.,1.,1.,     1225P   1332
1.,1.,1.,1.,1.,1.,1.,1.,1.,1.,1.,1.,1.,1.,1.,1.,1.,1.,1.,1.,1.,     1225P   1333
1.,1.,1.,1.,1.,1.,1.,1.,1.,1.,1.,1.,1.,1.,1.,1.,1.,1.,1.,1.,1.,     1225P   1334
1.,1.,1.,1.,1.,1.,1.,1.,1.,1.,1.,1.,1.,1.,1.,1.,1.,1.,1.,1.,1.,     1225P   1335
1.,1.,1.,1.,1.,1.,1.,1.,1.,1.,1.,1.,1.,1.,1.,1.,1.,1.,1.,1.,1.,     1225P   1336
1.,1.,1.,1.,1.,1.,1.,1.,1.,1.,1.,1.,1.,1.,1.,1.,1.,1.,1.,1.,1.,     1225P   1337
1.,1.,1.,1.,1.,1.,-53.927628735,0.286491553,11.2,-53.927628735,     1225P   1338
0.286491553,11.2,-53.927628735,0.286491553,11.2,-53.927628735,      1225P   1339
0.286491553,11.2,-53.927628735,0.286491553,11.2,-53.927628735,      1225P   1340
0.286491553,11.2,-53.927628735,0.286491553,11.2,-53.927628735,      1225P   1341
0.286491553,11.2,-53.927628735,0.286491553,11.2,-53.927628735,      1225P   1342
0.286491553,11.2,-53.927628735,0.286491553,11.2,-53.927628735,      1225P   1343
0.286491553,11.2,-53.927628735,0.286491553,11.2,-53.927628735,      1225P   1344
0.286491553,11.2,-53.927628735,0.286491553,11.2,-53.927628735,      1225P   1345
0.286491553,11.2,-53.927628735,0.286491553,11.2,-53.927628735,      1225P   1346
0.286491553,11.2,-53.927628735,0.286491553,11.2,-53.927628735,      1225P   1347
0.286491553,11.2,-53.927628735,0.286491553,11.2,-53.927628735,      1225P   1348
0.286491553,11.2,-53.927628735,0.286491553,11.2,-53.927628735,      1225P   1349
0.286491553,11.2,-53.927628735,0.286491553,11.2,-53.927628735,      1225P   1350
0.286491553,10.938200612,-53.927628735,0.286491553,                 1225P   1351
10.938200612,-53.927628735,0.286491553,10.938200612,                1225P   1352
-53.927628735,0.286491553,10.938200612,-53.927628735,               1225P   1353
0.286491553,10.938200612,-53.927628735,0.286491553,                 1225P   1354
10.938200612,-53.927628735,0.286491553,10.938200612,                1225P   1355
-53.927628735,0.286491553,10.938200612,-53.927628735,               1225P   1356
0.286491553,10.938200612,-53.927628735,0.286491553,                 1225P   1357
10.938200612,-53.927628735,0.286491553,10.938200612,                1225P   1358
-53.927628735,0.286491553,10.938200612,-53.927628735,               1225P   1359
0.286491553,10.938200612,-53.927628735,0.286491553,                 1225P   1360
10.938200612,-53.927628735,0.286491553,10.938200612,                1225P   1361
-53.927628735,0.286491553,10.938200612,-53.927628735,               1225P   1362
0.286491553,10.938200612,-53.927628735,0.286491553,                 1225P   1363
10.938200612,-53.927628735,0.286491553,10.938200612,                1225P   1364
-53.927628735,0.286491553,10.938200612,-53.927628735,               1225P   1365
0.286491553,10.938200612,-53.927628735,0.286491553,                 1225P   1366
10.938200612,-53.927628735,0.286491553,10.938200612,                1225P   1367
-53.927628735,0.286491553,10.938200612,-53.927628735,               1225P   1368
0.286491553,10.938200612,-53.927628725,0.312275905,                 1225P   1369
10.676407698,-53.929316307,0.312275905,10.676407698,                1225P   1370
-53.931003848,0.312109698,10.676407698,-53.932659004,               1225P   1371
0.311780467,10.676407698,-53.93431416,0.311451237,10.676407698,     1225P   1372
-53.935936849,0.310959,10.676407698,-53.937495972,0.31031319,       1225P   1373
10.676407698,-53.939055095,0.309667381,10.676407698,                1225P   1374
-53.940550574,0.308868031,10.676407698,-53.941953748,               1225P   1375
0.307930461,10.676407698,-53.943356922,0.306992891,                 1225P   1376
10.676407698,-53.94466772,0.305917147,10.676407698,                 1225P   1377
-53.945861021,0.304723846,10.676407698,-53.947054322,               1225P   1378
0.303530546,10.676407698,-53.948130067,0.302219747,                 1225P   1379
10.676407698,-53.949067637,0.300816574,10.676407698,                1225P   1380
-53.950005208,0.299413401,10.676407698,-53.950804558,               1225P   1381
0.297917922,10.676407698,-53.951450368,0.296358799,                 1225P   1382
10.676407698,-53.952096178,0.294799677,10.676407698,                1225P   1383
-53.952588416,0.293176988,10.676407698,-53.952917647,               1225P   1384
0.291521832,10.676407698,-53.953246878,0.289866676,                 1225P   1385
10.676407698,-53.953413086,0.288179135,10.676407698,                1225P   1386
-53.953413086,0.286491553,10.676407698,-53.927628706,               1225P   1387
0.363350431,10.419638712,-53.932659109,0.363350433,                 1225P   1388
10.419638712,-53.937689388,0.362854996,10.419638712,                1225P   1389
-53.942623134,0.361873615,10.419638712,-53.947556879,               1225P   1390
0.360892233,10.419638712,-53.952393848,0.359424956,                 1225P   1391
10.419638712,-53.957041334,0.357499906,10.419638712,                1225P   1392
-53.961688821,0.355574855,10.419638712,-53.966146597,               1225P   1393
0.353192126,10.419638712,-53.970329225,0.350397385,                 1225P   1394
10.419638712,-53.974511853,0.347602644,10.419638712,                1225P   1395
-53.978419126,0.344396029,10.419638712,-53.981976159,               1225P   1396
0.340838997,10.419638712,-53.985533192,0.337281966,                 1225P   1397
10.419638712,-53.988739808,0.333374694,10.419638712,                1225P   1398
-53.991534551,0.329192067,10.419638712,-53.994329293,               1225P   1399
0.32500944,10.419638712,-53.996712024,0.320551665,10.419638712,     1225P   1400
-53.998637077,0.315904179,10.419638712,-54.000562129,               1225P   1401
0.311256693,10.419638712,-54.002029407,0.306419725,                 1225P   1402
10.419638712,-54.003010791,0.30148598,10.419638712,                 1225P   1403
-54.003992174,0.296552235,10.419638712,-54.004487613,               1225P   1404
0.291521956,10.419638712,-54.004487613,0.286491553,                 1225P   1405
10.419638712,-53.927628688,0.414424958,10.162869726,                1225P   1406
-53.936001911,0.414424961,10.162869726,-53.944374928,               1225P   1407
0.413600294,10.162869726,-53.952587263,0.411966762,                 1225P   1408
10.162869726,-53.960799599,0.41033323,10.162869726,                 1225P   1409
-53.968850846,0.407890913,10.162869726,-53.976586697,               1225P   1410
0.404686621,10.162869726,-53.984322548,0.401482329,                 1225P   1411
10.162869726,-53.99174262,0.397516221,10.162869726,                 1225P   1412
-53.998704702,0.392864308,10.162869726,-54.005666784,               1225P   1413
0.388212396,10.162869726,-54.012170532,0.38287491,10.162869726,     1225P   1414
-54.018091296,0.376954148,10.162869726,-54.024012061,               1225P   1415
0.371033386,10.162869726,-54.029349549,0.36452964,10.162869726,     1225P   1416
-54.034001464,0.35756756,10.162869726,-54.038653379,                1225P   1417
0.350605479,10.162869726,-54.04261949,0.343185408,10.162869726,     1225P   1418
-54.045823785,0.335449559,10.162869726,-54.04902808,                1225P   1419
0.327713709,10.162869726,-54.051470399,0.319662463,                 1225P   1420
10.162869726,-54.053103934,0.311450128,10.162869726,                1225P   1421
-54.05473747,0.303237794,10.162869726,-54.05556214,0.294864777,     1225P   1422
10.162869726,-54.05556214,0.286491553,10.162869726,                 1225P   1423
-53.927628659,0.490787135,9.911137367,-53.940999777,0.49078714,     1225P   1424
9.911137367,-53.954370565,0.489470237,9.911137367,                  1225P   1425
-53.967484761,0.486861665,9.911137367,-53.980598957,                1225P   1426
0.484253094,9.911137367,-53.993455914,0.480352983,9.911137367,      1225P   1427
-54.005809217,0.475236081,9.911137367,-54.01816252,0.470119179,     1225P   1428
9.911137367,-54.03001156,0.46378574,9.911137367,-54.041129239,      1225P   1429
0.456357147,9.911137367,-54.052246919,0.448928555,9.911137367,      1225P   1430
-54.062632689,0.440405177,9.911137367,-54.072087499,                1225P   1431
0.430950371,9.911137367,-54.081542309,0.421495565,9.911137367,      1225P   1432
-54.090065691,0.411109797,9.911137367,-54.097494287,0.39999212,     1225P   1433
9.911137367,-54.104922884,0.388874443,9.911137367,                  1225P   1434
-54.111256328,0.377025406,9.911137367,-54.116373234,                1225P   1435
0.364672105,9.911137367,-54.12149014,0.352318803,9.911137367,       1225P   1436
-54.125390256,0.339461848,9.911137367,-54.127998832,                1225P   1437
0.326347653,9.911137367,-54.130607408,0.313233458,9.911137367,      1225P   1438
-54.131924316,0.299862671,9.911137367,-54.131924316,                1225P   1439
0.286491553,9.911137367,-53.927628623,0.590973423,9.669266271,      1225P   1440
-53.947556919,0.59097343,9.669266271,-53.967484723,0.58901072,      1225P   1441
9.669266271,-53.987030104,0.585122908,9.669266271,                  1225P   1442
-54.006575486,0.581235097,9.669266271,-54.025737477,                1225P   1443
0.575422377,9.669266271,-54.044148824,0.567796153,9.669266271,      1225P   1444
-54.062560171,0.560169929,9.669266271,-54.080219964,                1225P   1445
0.550730579,9.669266271,-54.09678974,0.539659014,9.669266271,       1225P   1446
-54.113359515,0.52858745,9.669266271,-54.128838454,0.515884219,     1225P   1447
9.669266271,-54.14292989,0.501792788,9.669266271,-54.157021326,     1225P   1448
0.487701357,9.669266271,-54.169724563,0.472222423,9.669266271,      1225P   1449
-54.180796134,0.455652652,9.669266271,-54.191867704,0.43908288,     1225P   1450
9.669266271,-54.201307061,0.421423091,9.669266271,                  1225P   1451
-54.208933292,0.403011746,9.669266271,-54.216559522,                1225P   1452
0.384600402,9.669266271,-54.222372249,0.365438413,9.669266271,      1225P   1453
-54.226260068,0.345893033,9.669266271,-54.230147887,                1225P   1454
0.326347653,9.669266271,-54.232110605,0.30641985,9.669266271,       1225P   1455
-54.232110605,0.286491553,9.669266271,-53.927628586,                1225P   1456
0.691159711,9.427395175,-53.954114061,0.691159721,9.427395175,      1225P   1457
-53.980598882,0.688551203,9.427395175,-54.006575448,                1225P   1458
0.683384152,9.427395175,-54.032552014,0.6782171,9.427395175,        1225P   1459
-54.05801904,0.670491771,9.427395175,-54.082488431,0.660356225,     1225P   1460
9.427395175,-54.106957822,0.650220679,9.427395175,                  1225P   1461
-54.130428369,0.637675418,9.427395175,-54.15245024,0.622960882,     1225P   1462
9.427395175,-54.174472111,0.608246345,9.427395175,                  1225P   1463
-54.195044218,0.59136326,9.427395175,-54.213772281,0.572635205,     1225P   1464
9.427395175,-54.232500343,0.553907149,9.427395175,                  1225P   1465
-54.249383436,0.533335048,9.427395175,-54.26409798,0.511313183,     1225P   1466
9.427395175,-54.278812525,0.489291317,9.427395175,                  1225P   1467
-54.291357794,0.465820775,9.427395175,-54.301493349,                1225P   1468
0.441351387,9.427395175,-54.311628904,0.416882,9.427395175,         1225P   1469
-54.319354243,0.391414977,9.427395175,-54.324521304,                1225P   1470
0.365438413,9.427395175,-54.329688365,0.339461849,9.427395175,      1225P   1471
-54.332296893,0.312977028,9.427395175,-54.332296893,                1225P   1472
0.286491553,9.427395175,-53.92762854,0.815165157,9.195397303,       1225P   1473
-53.962230155,0.81516517,9.195397303,-53.996830915,0.811757304,     1225P   1474
9.195397303,-54.030767671,0.805006875,9.195397303,                  1225P   1475
-54.064704428,0.798256446,9.195397303,-54.097975502,                1225P   1476
0.788163787,9.195397303,-54.129943229,0.774922331,9.195397303,      1225P   1477
-54.161910956,0.761680875,9.195397303,-54.192573755,                1225P   1478
0.745291278,9.195397303,-54.221343951,0.726067657,9.195397303,      1225P   1479
-54.250114146,0.706844037,9.195397303,-54.276990315,                1225P   1480
0.684787344,9.195397303,-54.301457356,0.660320312,9.195397303,      1225P   1481
-54.325924397,0.635853281,9.195397303,-54.3479811,0.60897712,       1225P   1482
9.195397303,-54.367204731,0.580206931,9.195397303,                  1225P   1483
-54.386428362,0.551436743,9.195397303,-54.402817971,0.52077395,     1225P   1484
9.195397303,-54.416059438,0.488806227,9.195397303,                  1225P   1485
-54.429300906,0.456838505,9.195397303,-54.439393577,                1225P   1486
0.423567435,9.195397303,-54.446144019,0.389630681,9.195397303,      1225P   1487
-54.45289446,0.355693927,9.195397303,-54.456302339,0.321093168,     1225P   1488
9.195397303,-54.456302339,0.286491553,9.195397303,                  1225P   1489
-53.927628486,0.960613104,8.977719068,-53.971749649,0.96061312,     1225P   1490
8.977719068,-54.015869722,0.956267688,8.977719068,                  1225P   1491
-54.059143112,0.94766009,8.977719068,-54.102416502,0.939052492,     1225P   1492
8.977719068,-54.144841068,0.926183154,8.977719068,                  1225P   1493
-54.185603711,0.909298728,8.977719068,-54.226366355,                1225P   1494
0.892414301,8.977719068,-54.265465061,0.87151562,8.977719068,       1225P   1495
-54.302150473,0.847003224,8.977719068,-54.338835884,                1225P   1496
0.822490828,8.977719068,-54.373106188,0.794365928,8.977719068,      1225P   1497
-54.404304567,0.763167561,8.977719068,-54.435502946,                1225P   1498
0.731969193,8.977719068,-54.463627858,0.6976989,8.977719068,        1225P   1499
-54.488140267,0.661013498,8.977719068,-54.512652677,                1225P   1500
0.624328095,8.977719068,-54.533551372,0.585229397,8.977719068,      1225P   1501
-54.550435814,0.544466759,8.977719068,-54.567320256,                1225P   1502
0.503704122,8.977719068,-54.580189609,0.46127956,8.977719068,       1225P   1503
-54.588797223,0.418006174,8.977719068,-54.597404837,                1225P   1504
0.374732787,8.977719068,-54.601750285,0.330612716,8.977719068,      1225P   1505
-54.601750285,0.286491553,8.977719068,-53.927628433,                1225P   1506
1.106061051,8.760040832,-53.981269144,1.106061071,8.760040832,      1225P   1507
-54.03490853,1.100778071,8.760040832,-54.087518553,1.090313304,     1225P   1508
8.760040832,-54.140128576,1.079848538,8.760040832,                  1225P   1509
-54.191706633,1.064202522,8.760040832,-54.241264194,                1225P   1510
1.043675124,8.760040832,-54.290821754,1.023147727,8.760040832,      1225P   1511
-54.338356367,0.997739962,8.760040832,-54.382956995,0.96793879,     1225P   1512
8.760040832,-54.427557622,0.938137619,8.760040832,-54.46922206,     1225P   1513
0.903944513,8.760040832,-54.507151777,0.866014809,8.760040832,      1225P   1514
-54.545081495,0.828085106,8.760040832,-54.579274616,                1225P   1515
0.786420681,8.760040832,-54.609075804,0.741820064,8.760040832,      1225P   1516
-54.638876993,0.697219447,8.760040832,-54.664284774,                1225P   1517
0.649684844,8.760040832,-54.68481219,0.600127291,8.760040832,       1225P   1518
-54.705339606,0.550569738,8.760040832,-54.720985641,                1225P   1519
0.498991686,8.760040832,-54.731450427,0.446381667,8.760040832,      1225P   1520
-54.741915213,0.393771648,8.760040832,-54.747198232,                1225P   1521
0.340132264,8.760040832,-54.747198232,0.286491553,8.760040832,      1225P   1522
-53.927628371,1.272944306,8.556692998,-53.992191568,1.27294433,     1225P   1523
8.556692998,-54.056753171,1.266585589,8.556692998,                  1225P   1524
-54.120075808,1.253989955,8.556692998,-54.183398445,1.24139432,     1225P   1525
8.556692998,-54.245478985,1.222562415,8.556692998,                  1225P   1526
-54.305127608,1.197855166,8.556692998,-54.364776231,                1225P   1527
1.173147916,8.556692998,-54.421989987,1.142566545,8.556692998,      1225P   1528
-54.475672332,1.106697167,8.556692998,-54.529354676,                1225P   1529
1.070827789,8.556692998,-54.579502954,1.029672178,8.556692998,      1225P   1530
-54.625156037,0.984019112,8.556692998,-54.67080912,0.938366047,     1225P   1531
8.556692998,-54.711964749,0.888217783,8.556692998,                  1225P   1532
-54.747834147,0.834535452,8.556692998,-54.783703545,                1225P   1533
0.780853121,8.556692998,-54.814284937,0.723639376,8.556692998,      1225P   1534
-54.838992208,0.663990762,8.556692998,-54.863699479,                1225P   1535
0.604342149,8.556692998,-54.882531408,0.542261615,8.556692998,      1225P   1536
-54.895127066,0.478938983,8.556692998,-54.907722723,0.41561635,     1225P   1537
8.556692998,-54.914081488,0.35105475,8.556692998,-54.914081488,     1225P   1538
0.286491553,8.556692998,-53.927628303,1.458064428,8.371572875,      1225P   1539
-54.004307586,1.458064457,8.371572875,-54.080984977,1.45051242,     1225P   1540
8.371572875,-54.156190894,1.435553058,8.371572875,                  1225P   1541
-54.231396811,1.420593696,8.371572875,-54.305127536,                1225P   1542
1.398227749,8.371572875,-54.375969965,1.368883877,8.371572875,      1225P   1543
-54.446812393,1.339540005,8.371572875,-54.514763022,1.30321966,     1225P   1544
8.371572875,-54.578519526,1.260618947,8.371572875,-54.64227603,     1225P   1545
1.218018235,8.371572875,-54.701835256,1.169139262,8.371572875,      1225P   1546
-54.756055707,1.11491883,8.371572875,-54.810276158,1.060698399,     1225P   1547
8.371572875,-54.859155153,1.001139191,8.371572875,                  1225P   1548
-54.901755889,0.937382703,8.371572875,-54.944356625,                1225P   1549
0.873626215,8.371572875,-54.980676996,0.8056756,8.371572875,        1225P   1550
-55.010020894,0.734833182,8.371572875,-55.039364792,                1225P   1551
0.663990764,8.371572875,-55.061730766,0.590260047,8.371572875,      1225P   1552
-55.076690155,0.515054136,8.371572875,-55.091649545,                1225P   1553
0.439848224,8.371572875,-55.09920161,0.363170836,8.371572875,       1225P   1554
-55.09920161,0.286491553,8.371572875,-53.927628235,1.643184551,     1225P   1555
8.186452753,-54.016423605,1.643184583,8.186452753,                  1225P   1556
-54.105216782,1.63443925,8.186452753,-54.19230598,1.617116161,      1225P   1557
8.186452753,-54.279395177,1.599793071,8.186452753,                  1225P   1558
-54.364776087,1.573893083,8.186452753,-54.446812321,                1225P   1559
1.539912589,8.186452753,-54.528848556,1.505932095,8.186452753,      1225P   1560
-54.607536057,1.463872775,8.186452753,-54.68136672,1.414540727,     1225P   1561
8.186452753,-54.755197383,1.36520868,8.186452753,-54.824167557,     1225P   1562
1.308606345,8.186452753,-54.886955377,1.245818548,8.186452753,      1225P   1563
-54.949743196,1.183030752,8.186452753,-55.006345557,                1225P   1564
1.114060599,8.186452753,-55.055677631,1.040229954,8.186452753,      1225P   1565
-55.105009706,0.966399309,8.186452753,-55.147069055,                1225P   1566
0.887711823,8.186452753,-55.181049579,0.805675602,8.186452753,      1225P   1567
-55.215030104,0.72363938,8.186452753,-55.240930123,0.638258479,     1225P   1568
8.186452753,-55.258253245,0.551169288,8.186452753,                  1225P   1569
-55.275576366,0.464080097,8.186452753,-55.284321732,                1225P   1570
0.375286923,8.186452753,-55.284321732,0.286491553,8.186452753,      1225P   1571
-53.92762816,1.846532386,8.019569498,-54.029732618,1.846532423,     1225P   1572
8.019569498,-54.131834554,1.836476296,8.019569498,-54.23197711,     1225P   1573
1.816556737,8.019569498,-54.332119665,1.796637177,8.019569498,      1225P   1574
-54.430297887,1.766855171,8.019569498,-54.524630117,                1225P   1575
1.727781513,8.019569498,-54.618962346,1.688707855,8.019569498,      1225P   1576
-54.709443918,1.640344477,8.019569498,-54.794340685,                1225P   1577
1.583618299,8.019569498,-54.879237452,1.526892121,8.019569498,      1225P   1578
-54.958545215,1.461805949,8.019569498,-55.030743983,                1225P   1579
1.389607208,8.019569498,-55.102942751,1.317408467,8.019569498,      1225P   1580
-55.168028952,1.238100727,8.019569498,-55.224755161,                1225P   1581
1.153203981,8.019569498,-55.28148137,1.068307235,8.019569498,       1225P   1582
-55.329844782,0.977825681,8.019569498,-55.368918475,                1225P   1583
0.883493466,8.019569498,-55.407992168,0.789161251,8.019569498,      1225P   1584
-55.43777421,0.69098304,8.019569498,-55.457693806,0.590840492,      1225P   1585
8.019569498,-55.477613402,0.490697944,8.019569498,                  1225P   1586
-55.487669567,0.388596011,8.019569498,-55.487669567,                1225P   1587
0.286491553,8.019569498,-53.92762808,2.064210621,7.874121551,       1225P   1588
-54.043979548,2.064210664,7.874121551,-54.160328143,                1225P   1589
2.052751368,7.874121551,-54.274443958,2.030052359,7.874121551,      1225P   1590
-54.388559773,2.007353351,7.874121551,-54.500437163,                1225P   1591
1.973415752,7.874121551,-54.607931916,1.928890002,7.874121551,      1225P   1592
-54.715426668,1.884364253,7.874121551,-54.818533466,                1225P   1593
1.829252555,7.874121551,-54.915276191,1.764611165,7.874121551,      1225P   1594
-55.012018916,1.699969775,7.874121551,-55.102392784,1.62580189,     1225P   1595
7.874121551,-55.184665711,1.543528993,7.874121551,                  1225P   1596
-55.266938638,1.461256096,7.874121551,-55.341106557,                1225P   1597
1.370882255,7.874121551,-55.405747982,1.274139554,7.874121551,      1225P   1598
-55.470389408,1.177396853,7.874121551,-55.525501144,                1225P   1599
1.074290075,7.874121551,-55.570026933,0.966795339,7.874121551,      1225P   1600
-55.614552723,0.859300603,7.874121551,-55.648490363,                1225P   1601
0.747423225,7.874121551,-55.671189413,0.633307419,7.874121551,      1225P   1602
-55.693888464,0.519191612,7.874121551,-55.705347803,                1225P   1603
0.402843021,7.874121551,-55.705347803,0.286491553,7.874121551,      1225P   1604
-53.927628,2.281888857,7.728673604,-54.058226478,2.281888905,       1225P   1605
7.728673604,-54.188821733,2.26902644,7.728673604,-54.316910806,     1225P   1606
2.243547982,7.728673604,-54.44499988,2.218069524,7.728673604,       1225P   1607
-54.570576439,2.179976333,7.728673604,-54.691233714,                1225P   1608
2.129998492,7.728673604,-54.81189099,2.080020651,7.728673604,       1225P   1609
-54.927623014,2.018160633,7.728673604,-55.036211698,                1225P   1610
1.945604031,7.728673604,-55.144800381,1.873047428,7.728673604,      1225P   1611
-55.246240352,1.78979783,7.728673604,-55.338587439,1.697450777,     1225P   1612
7.728673604,-55.430934526,1.605103724,7.728673604,                  1225P   1613
-55.514184162,1.503663784,7.728673604,-55.586740804,                1225P   1614
1.395075127,7.728673604,-55.659297446,1.286486471,7.728673604,      1225P   1615
-55.721157507,1.170754469,7.728673604,-55.771135392,                1225P   1616
1.050097212,7.728673604,-55.821113277,0.929439955,7.728673604,      1225P   1617
-55.859206515,0.80386341,7.728673604,-55.88468502,0.675774346,      1225P   1618
7.728673604,-55.910163526,0.547685281,7.728673604,                  1225P   1619
-55.923026038,0.417090032,7.728673604,-55.923026038,                1225P   1620
0.286491553,7.728673604,-53.927627914,2.513886728,7.604668158,      1225P   1621
-54.073410622,2.513886781,7.604668158,-54.21918973,2.499528843,     1225P   1622
7.604668158,-54.362171272,2.471088094,7.604668158,                  1225P   1623
-54.505152815,2.442647345,7.604668158,-54.645329722,                1225P   1624
2.400125191,7.604668158,-54.780015397,2.344336601,7.604668158,      1225P   1625
-54.914701072,2.288548012,7.604668158,-55.043888855,                1225P   1626
2.219495745,7.604668158,-55.165102764,2.13850324,7.604668158,       1225P   1627
-55.286316674,2.057510735,7.604668158,-55.399550717,                1225P   1628
1.964581998,7.604668158,-55.502634677,1.861498075,7.604668158,      1225P   1629
-55.605718637,1.758414153,7.604668158,-55.698647416,                1225P   1630
1.645180145,7.604668158,-55.779639966,1.523966265,7.604668158,      1225P   1631
-55.860632515,1.402752385,7.604668158,-55.929684829,                1225P   1632
1.273564628,7.604668158,-55.985473469,1.138878973,7.604668158,      1225P   1633
-56.041262108,1.004193319,7.604668158,-56.083784314,                1225P   1634
0.864016428,7.604668158,-56.112225115,0.721034896,7.604668158,      1225P   1635
-56.140665917,0.578053363,7.604668158,-56.155023909,                1225P   1636
0.432274261,7.604668158,-56.155023909,0.286491553,7.604668158,      1225P   1637
-53.927627825,2.755757824,7.50448187,-54.089240962,2.755757883,     1225P   1638
7.50448187,-54.25085011,2.739840828,7.50448187,-54.409357906,       1225P   1639
2.70831172,7.50448187,-54.567865702,2.676782612,7.50448187,         1225P   1640
-54.723264309,2.629643011,7.50448187,-54.872575396,2.567796382,     1225P   1641
7.50448187,-55.021886483,2.505949753,7.50448187,-55.165102666,      1225P   1642
2.429399155,7.50448187,-55.299479099,2.339611738,7.50448187,        1225P   1643
-55.433855533,2.24982432,7.50448187,-55.559385571,2.146804523,      1225P   1644
7.50448187,-55.673663338,2.032526799,7.50448187,-55.787941104,      1225P   1645
1.918249075,7.50448187,-55.890960947,1.792719074,7.50448187,        1225P   1646
-55.980748414,1.658342674,7.50448187,-56.070535881,1.523966274,     1225P   1647
7.50448187,-56.147086531,1.380750119,7.50448187,-56.208933215,      1225P   1648
1.231439055,7.50448187,-56.270779899,1.082127991,7.50448187,        1225P   1649
-56.317919558,0.926729401,7.50448187,-56.349448724,0.768221616,     1225P   1650
7.50448187,-56.38097789,0.609713832,7.50448187,-56.396895005,       1225P   1651
0.44810469,7.50448187,-56.396895005,0.286491553,7.50448187,         1225P   1652
-53.927627736,2.99762892,7.404295582,-54.105071303,2.997628985,     1225P   1653
7.404295582,-54.282510489,2.980152812,7.404295582,                  1225P   1654
-54.456544539,2.945535346,7.404295582,-54.63057859,2.910917879,     1225P   1655
7.404295582,-54.801198897,2.859160831,7.404295582,                  1225P   1656
-54.965135396,2.791256163,7.404295582,-55.129071894,                1225P   1657
2.723351494,7.404295582,-55.286316477,2.639302565,7.404295582,      1225P   1658
-55.433855434,2.540720235,7.404295582,-55.581394391,                1225P   1659
2.442137905,7.404295582,-55.719220425,2.329027049,7.404295582,      1225P   1660
-55.844691998,2.203555523,7.404295582,-55.970163571,                1225P   1661
2.078083996,7.404295582,-56.083274477,1.940258003,7.404295582,      1225P   1662
-56.181856862,1.792719083,7.404295582,-56.280439246,                1225P   1663
1.645180162,7.404295582,-56.364488233,1.487935611,7.404295582,      1225P   1664
-56.432392962,1.323999137,7.404295582,-56.50029769,1.160062663,     1225P   1665
7.404295582,-56.552054802,0.989442375,7.404295582,                  1225P   1666
-56.586672333,0.815408337,7.404295582,-56.621289863,0.6413743,      1225P   1667
7.404295582,-56.638766101,0.46393512,7.404295582,-56.638766101,     1225P   1668
0.286491553,7.404295582,-53.927627643,3.249361279,7.327933405,      1225P   1669
-54.121547059,3.249361351,7.327933405,-54.315461686,                1225P   1670
3.230262494,7.327933405,-54.505655007,3.192430754,7.327933405,      1225P   1671
-54.695848328,3.154599014,7.327933405,-54.882310935,                1225P   1672
3.098036262,7.327933405,-55.061469135,3.023826564,7.327933405,      1225P   1673
-55.240627334,2.949616866,7.327933405,-55.412472265,                1225P   1674
2.857763892,7.327933405,-55.573710392,2.750028074,7.327933405,      1225P   1675
-55.734948518,2.642292257,7.327933405,-55.885571865,                1225P   1676
2.518678922,7.327933405,-56.022693624,2.381557214,7.327933405,      1225P   1677
-56.159815383,2.244435505,7.327933405,-56.283428772,                1225P   1678
2.093812204,7.327933405,-56.39116465,1.932574117,7.327933405,       1225P   1679
-56.498900527,1.771336031,7.327933405,-56.590753564,                1225P   1680
1.599491134,7.327933405,-56.664963328,1.420332962,7.327933405,      1225P   1681
-56.739173092,1.241174789,7.327933405,-56.795735913,                1225P   1682
1.054712202,7.327933405,-56.833567723,0.864518896,7.327933405,      1225P   1683
-56.871399533,0.674325589,7.327933405,-56.890498461,                1225P   1684
0.480410969,7.327933405,-56.890498461,0.286491553,7.327933405,      1225P   1685
-53.927627549,3.506130265,7.276858878,-54.138352459,                1225P   1686
3.506130343,7.276858878,-54.349072166,3.485376336,7.276858878,      1225P   1687
-54.55574807,3.444266012,7.276858878,-54.762423973,3.403155688,     1225P   1688
7.276858878,-54.965045852,3.34169108,7.276858878,-55.159730306,     1225P   1689
3.261050202,7.276858878,-55.35441476,3.180409323,7.276858878,       1225P   1690
-55.541152161,3.080596164,7.276858878,-55.716363548,                1225P   1691
2.963523716,7.276858878,-55.891574934,2.846451269,7.276858878,      1225P   1692
-56.055251641,2.712125324,7.276858878,-56.204256682,                1225P   1693
2.563120339,7.276858878,-56.353261722,2.414115353,7.276858878,      1225P   1694
-56.487587727,2.250438696,7.276858878,-56.604660239,                1225P   1695
2.075227352,7.276858878,-56.721732751,1.900016009,7.276858878,      1225P   1696
-56.821545979,1.713278645,7.276858878,-56.902186929,1.51859422,     1225P   1697
7.276858878,-56.982827879,1.323909796,7.276858878,                  1225P   1698
-57.044292563,1.12128794,7.276858878,-57.085402963,0.914612052,     1225P   1699
7.276858878,-57.126513363,0.707936163,7.276858878,                  1225P   1700
-57.147267447,0.497216463,7.276858878,-57.147267447,                1225P   1701
0.286491553,7.276858878,-53.927627454,3.762899251,7.225784352,      1225P   1702
-54.155157859,3.762899335,7.225784352,-54.382682646,                1225P   1703
3.740490179,7.225784352,-54.605841133,3.696101271,7.225784352,      1225P   1704
-54.828999619,3.651712362,7.225784352,-55.047780769,                1225P   1705
3.585345898,7.225784352,-55.257991477,3.498273839,7.225784352,      1225P   1706
-55.468202186,3.411201781,7.225784352,-55.669832057,                1225P   1707
3.303428435,7.225784352,-55.859016704,3.177019359,7.225784352,      1225P   1708
-56.048201351,3.050610282,7.225784352,-56.224931417,                1225P   1709
2.905571726,7.225784352,-56.385819739,2.744683463,7.225784352,      1225P   1710
-56.546708061,2.5837952,7.225784352,-56.691746682,2.407065187,      1225P   1711
7.225784352,-56.818155829,2.217880587,7.225784352,                  1225P   1712
-56.944564975,2.028695987,7.225784352,-57.052338395,                1225P   1713
1.827066155,7.225784352,-57.139410531,1.616855479,7.225784352,      1225P   1714
-57.226482667,1.406644803,7.225784352,-57.292849212,                1225P   1715
1.187863677,7.225784352,-57.337238202,0.964705207,7.225784352,      1225P   1716
-57.381627193,0.741546737,7.225784352,-57.404036433,                1225P   1717
0.514021958,7.225784352,-57.404036433,0.286491553,7.225784352,      1225P   1718
-53.927627358,4.024692165,7.2,-54.172292073,4.024692255,7.2,        1225P   1719
-54.416950747,4.000595565,7.2,-54.656914314,3.952863924,7.2,        1225P   1720
-54.896877881,3.905132283,7.2,-55.132134473,3.833768053,7.2,        1225P   1721
-55.358175222,3.740138982,7.2,-55.58421597,3.646509912,7.2,         1225P   1722
-55.801029697,3.530620631,7.2,-56.004461004,3.394692245,7.2,        1225P   1723
-56.207892312,3.258763859,7.2,-56.397931139,3.10280309,7.2,         1225P   1724
-56.57093525,2.929799042,7.2,-56.743939361,2.756794995,7.2,         1225P   1725
-56.899900201,2.566756225,7.2,-57.035828662,2.363324968,7.2,        1225P   1726
-57.171757123,2.15989371,7.2,-57.287646483,1.943080026,7.2,         1225P   1727
-57.381275637,1.717039312,7.2,-57.474904791,1.490998598,7.2,        1225P   1728
-57.546269108,1.255742032,7.2,-57.594000837,1.015778483,7.2,        1225P   1729
-57.641732566,0.775814934,7.2,-57.665829347,0.531156268,7.2,        1225P   1730
-57.665829347,0.286491553,7.2,-53.927627261,4.286491553,7.2,        1225P   1731
-54.18942671,4.28649165,7.2,-54.451219696,4.260707382,7.2,          1225P   1732
-54.707988758,4.209632926,7.2,-54.964757821,4.15855847,7.2,         1225P   1733
-55.216490263,4.082196351,7.2,-55.458361443,3.982010106,7.2,        1225P   1734
-55.700232624,3.881823861,7.2,-55.932230581,3.757818445,7.2,        1225P   1735
-56.149908901,3.612370514,7.2,-56.367587221,3.466922583,7.2,        1225P   1736
-56.570935139,3.300039331,7.2,-56.756055338,3.114919199,7.2,        1225P   1737
-56.941175538,2.929799067,7.2,-57.108058866,2.726451211,7.2,        1225P   1738
-57.253506877,2.508772945,7.2,-57.398954888,2.291094678,7.2,        1225P   1739
-57.52296039,2.059096766,7.2,-57.623146724,1.817225623,7.2,         1225P   1740
-57.723333058,1.575354479,7.2,-57.79969527,1.323622066,7.2,         1225P   1741
-57.85076982,1.066853022,7.2,-57.901844371,0.810083978,7.2,         1225P   1742
-57.927628735,0.548291002,7.2,-57.927628735,0.286491553,7.2,        1225P   1743
-53.927627165,4.548290941,7.2,-54.206561348,4.548291044,7.2,        1225P   1744
-54.485488644,4.5208192,7.2,-54.759063202,4.466401929,7.2,          1225P   1745
-55.032637761,4.411984657,7.2,-55.300846052,4.330624649,7.2,        1225P   1746
-55.558547665,4.22388123,7.2,-55.816249277,4.11713781,7.2,          1225P   1747
-56.063431465,3.985016259,7.2,-56.295356798,3.830048783,7.2,        1225P   1748
-56.527282131,3.675081307,7.2,-56.743939138,3.497275571,7.2,        1225P   1749
-56.941175427,3.300039355,7.2,-57.138411715,3.102803139,7.2,        1225P   1750
-57.316217531,2.886146197,7.2,-57.471185092,2.654220922,7.2,        1225P   1751
-57.626152653,2.422295646,7.2,-57.758274296,2.175113506,7.2,        1225P   1752
-57.865017811,1.917411933,7.2,-57.971761325,1.659710361,7.2,        1225P   1753
-58.053121432,1.391502099,7.2,-58.107538804,1.117927561,7.2,        1225P   1754
-58.161956176,0.844353022,7.2,-58.189428122,0.565425736,7.2,        1225P   1755
-58.189428122,0.286491553,7.2,-53.927627068,4.810083855,            1225P   1756
7.225784352,-54.223695562,4.810083964,7.225784352,                  1225P   1757
-54.519756745,4.780924586,7.225784352,-54.810136384,                1225P   1758
4.723164582,7.225784352,-55.100516022,4.665404578,7.225784352,      1225P   1759
-55.385199756,4.579046804,7.225784352,-55.658731409,                1225P   1760
4.465746373,7.225784352,-55.932263061,4.352445941,7.225784352,      1225P   1761
-56.194629105,4.212208454,7.225784352,-56.440801098,                1225P   1762
4.047721669,7.225784352,-56.686973091,3.883234884,7.225784352,      1225P   1763
-56.91693886,3.694506935,7.225784352,-57.126290938,3.485154934,     1225P   1764
7.225784352,-57.335643016,3.275802934,7.225784352,                  1225P   1765
-57.524371049,3.045837235,7.225784352,-57.688857925,                1225P   1766
2.799665302,7.225784352,-57.853344801,2.553493369,7.225784352,      1225P   1767
-57.993582384,2.291127377,7.225784352,-58.106882917,                1225P   1768
2.017595767,7.225784352,-58.220183449,1.744064156,7.225784352,      1225P   1769
-58.306541327,1.459380454,7.225784352,-58.364301438,                1225P   1770
1.169000836,7.225784352,-58.42206155,0.878621219,7.225784352,       1225P   1771
-58.451221037,0.582560046,7.225784352,-58.451221037,                1225P   1772
0.286491553,7.225784352,-53.927626974,5.066852841,7.276858878,      1225P   1773
-54.240500962,5.066852956,7.276858878,-54.553367225,                1225P   1774
5.036038428,7.276858878,-54.860229447,4.97499984,7.276858878,       1225P   1775
-55.167091668,4.913961252,7.276858878,-55.467934673,                1225P   1776
4.822701622,7.276858878,-55.75699258,4.702970011,7.276858878,       1225P   1777
-56.046050487,4.583238399,7.276858878,-56.323309001,                1225P   1778
4.435040726,7.276858878,-56.583454254,4.261217311,7.276858878,      1225P   1779
-56.843599508,4.087393897,7.276858878,-57.086618636,                1225P   1780
3.887953337,7.276858878,-57.307853995,3.666718059,7.276858878,      1225P   1781
-57.529089355,3.445482781,7.276858878,-57.728530004,                1225P   1782
3.202463726,7.276858878,-57.902353515,2.942318537,7.276858878,      1225P   1783
-58.076177025,2.682173347,7.276858878,-58.2243748,2.404914888,      1225P   1784
7.276858878,-58.344106518,2.115857025,7.276858878,                  1225P   1785
-58.463838237,1.826799163,7.276858878,-58.555097977,                1225P   1786
1.525956191,7.276858878,-58.616136678,1.219093992,7.276858878,      1225P   1787
-58.677175379,0.912231793,7.276858878,-58.707990023,                1225P   1788
0.599365541,7.276858878,-58.707990023,0.286491553,7.276858878,      1225P   1789
-53.927626879,5.323621827,7.327933405,-54.257306362,                1225P   1790
5.323621949,7.327933405,-54.586977705,5.29115227,7.327933405,       1225P   1791
-54.910322509,5.226835098,7.327933405,-55.233667314,                1225P   1792
5.162517926,7.327933405,-55.55066959,5.06635644,7.327933405,        1225P   1793
-55.855253752,4.940193648,7.327933405,-56.159837913,                1225P   1794
4.814030857,7.327933405,-56.451988897,4.657872997,7.327933405,      1225P   1795
-56.726107411,4.474712953,7.327933405,-57.000225924,                1225P   1796
4.291552909,7.327933405,-57.256298412,4.081399739,7.327933405,      1225P   1797
-57.489417053,3.848281184,7.327933405,-57.722535694,                1225P   1798
3.615162629,7.327933405,-57.932688959,3.359090218,7.327933405,      1225P   1799
-58.115849104,3.084971772,7.327933405,-58.299009249,                1225P   1800
2.810853325,7.327933405,-58.455167216,2.518702399,7.327933405,      1225P   1801
-58.58133012,2.214118284,7.327933405,-58.707493024,1.909534169,     1225P   1802
7.327933405,-58.803654626,1.592531929,7.327933405,                  1225P   1803
-58.867971918,1.269187148,7.327933405,-58.932289209,                1225P   1804
0.945842367,7.327933405,-58.964759009,0.616171036,7.327933405,      1225P   1805
-58.964759009,0.286491553,7.327933405,-53.927626786,                1225P   1806
5.575354187,7.404295582,-54.273782117,5.575354314,7.404295582,      1225P   1807
-54.619928902,5.541261952,7.404295582,-54.959432977,                1225P   1808
5.473730507,7.404295582,-55.298937052,5.406199061,7.404295582,      1225P   1809
-55.631781629,5.305231871,7.404295582,-55.951587491,5.17276405,     1225P   1810
7.404295582,-56.271393353,5.040296228,7.404295582,                  1225P   1811
-56.578144685,4.876334325,7.404295582,-56.865962368,                1225P   1812
4.684020793,7.404295582,-57.153780051,4.491707261,7.404295582,      1225P   1813
-57.422649852,4.271051612,7.404295582,-57.667418679,                1225P   1814
4.026282875,7.404295582,-57.912187506,3.781514138,7.404295582,      1225P   1815
-58.132843254,3.512644419,7.404295582,-58.325156892,                1225P   1816
3.224826806,7.404295582,-58.51747053,2.937009194,7.404295582,       1225P   1817
-58.681432546,2.630257922,7.404295582,-58.813900486,                1225P   1818
2.310452109,7.404295582,-58.946368425,1.990646296,7.404295582,      1225P   1819
-59.047335737,1.657801757,7.404295582,-59.114867308,                1225P   1820
1.318297706,7.404295582,-59.182398879,0.978793656,7.404295582,      1225P   1821
-59.216491368,0.632646884,7.404295582,-59.216491368,                1225P   1822
0.286491553,7.404295582,-53.927626697,5.817225283,7.50448187,       1225P   1823
-54.289612458,5.817225416,7.50448187,-54.651589282,5.781573937,     1225P   1824
7.50448187,-55.006619611,5.710954133,7.50448187,-55.361649939,      1225P   1825
5.640334328,7.50448187,-55.709716216,5.534749691,7.50448187,        1225P   1826
-56.04414749,5.39622383,7.50448187,-56.378578764,5.257697969,       1225P   1827
7.50448187,-56.699358496,5.086237735,7.50448187,-57.000338703,      1225P   1828
4.88512929,7.50448187,-57.301318909,4.684020846,7.50448187,         1225P   1829
-57.582484706,4.453274138,7.50448187,-57.838447339,4.197311598,     1225P   1830
7.50448187,-58.094409973,3.941349059,7.50448187,-58.325156785,      1225P   1831
3.660183348,7.50448187,-58.52626534,3.359203215,7.50448187,         1225P   1832
-58.727373895,3.058223083,7.50448187,-58.898834248,2.737443414,     1225P   1833
7.50448187,-59.037360232,2.403012191,7.50448187,-59.175886216,      1225P   1834
2.068580968,7.50448187,-59.281470982,1.72051473,7.50448187,         1225P   1835
-59.352090917,1.365484427,7.50448187,-59.422710852,1.010454124,     1225P   1836
7.50448187,-59.458362464,0.648477314,7.50448187,-59.458362464,      1225P   1837
0.286491553,7.50448187,-53.927626608,6.059096379,7.604668158,       1225P   1838
-54.305442799,6.059096518,7.604668158,-54.683249662,                1225P   1839
6.021885921,7.604668158,-55.053806244,5.948177759,7.604668158,      1225P   1840
-55.424362827,5.874469596,7.604668158,-55.787650804,                1225P   1841
5.764267511,7.604668158,-56.13670749,5.619683611,7.604668158,       1225P   1842
-56.485764175,5.475099711,7.604668158,-56.820572308,                1225P   1843
5.296141145,7.604668158,-57.134715038,5.086237788,7.604668158,      1225P   1844
-57.448857768,4.876334431,7.604668158,-57.74231956,4.635496664,     1225P   1845
7.604668158,-58.009476,4.368340322,7.604668158,-58.27663244,        1225P   1846
4.101183981,7.604668158,-58.517470315,3.807722277,7.604668158,      1225P   1847
-58.727373788,3.493579624,7.604668158,-58.93727726,3.179436971,     1225P   1848
7.604668158,-59.11623595,2.844628905,7.604668158,-59.260819979,     1225P   1849
2.495572273,7.604668158,-59.405404008,2.14651564,7.604668158,       1225P   1850
-59.515606226,1.783227703,7.604668158,-59.589314525,                1225P   1851
1.412671148,7.604668158,-59.663022825,1.042114593,7.604668158,      1225P   1852
-59.70023356,0.664307744,7.604668158,-59.70023356,0.286491553,      1225P   1853
7.604668158,-53.927626523,6.29109425,7.728673604,-54.320626942,     1225P   1854
6.291094394,7.728673604,-54.713617659,6.252388324,7.728673604,      1225P   1855
-55.09906671,6.17571787,7.728673604,-55.484515762,6.099047416,      1225P   1856
7.728673604,-55.862404086,5.984416369,7.728673604,                  1225P   1857
-56.225489172,5.83402172,7.728673604,-56.588574257,5.683627071,     1225P   1858
7.728673604,-56.936838148,5.497476257,7.728673604,                  1225P   1859
-57.263606105,5.279136997,7.728673604,-57.590374061,                1225P   1860
5.060797738,7.728673604,-57.895629925,4.810280831,7.728673604,      1225P   1861
-58.173523238,4.53238762,7.728673604,-58.451416551,4.25449441,      1225P   1862
7.728673604,-58.70193357,3.949238639,7.728673604,-58.92027295,      1225P   1863
3.622470762,7.728673604,-59.13861233,3.295702886,7.728673604,       1225P   1864
-59.324763272,2.947439064,7.728673604,-59.475158055,                1225P   1865
2.584354034,7.728673604,-59.625552838,2.221269004,7.728673604,      1225P   1866
-59.740184024,1.843380721,7.728673604,-59.81685462,1.457931698,     1225P   1867
7.728673604,-59.893525216,1.072482675,7.728673604,                  1225P   1868
-59.932231431,0.679491973,7.728673604,-59.932231431,                1225P   1869
0.286491553,7.728673604,-53.927626443,6.508772485,7.874121551,      1225P   1870
-54.334873873,6.508772635,7.874121551,-54.742111248,                1225P   1871
6.468663397,7.874121551,-55.141533558,6.389213493,7.874121551,      1225P   1872
-55.540955869,6.30976359,7.874121551,-55.932543362,6.19097695,      1225P   1873
7.874121551,-56.308790971,6.03513021,7.874121551,-56.685038579,     1225P   1874
5.879283469,7.874121551,-57.045927696,5.686384335,7.874121551,      1225P   1875
-57.384541611,5.460129863,7.874121551,-57.723155526,                1225P   1876
5.233875392,7.874121551,-58.039477493,4.974276771,7.874121551,      1225P   1877
-58.327444966,4.686309405,7.874121551,-58.615412438,                1225P   1878
4.398342039,7.874121551,-58.875011175,4.082020167,7.874121551,      1225P   1879
-59.101265771,3.743406335,7.874121551,-59.327520368,                1225P   1880
3.404792504,7.874121551,-59.520419635,3.043903458,7.874121551,      1225P   1881
-59.676266514,2.667655907,7.874121551,-59.832113393,                1225P   1882
2.291408356,7.874121551,-59.950900177,1.899820906,7.874121551,      1225P   1883
-60.030350228,1.500398625,7.874121551,-60.109800278,                1225P   1884
1.100976343,7.874121551,-60.149909667,0.693738983,7.874121551,      1225P   1885
-60.149909667,0.286491553,7.874121551,-53.927626362,                1225P   1886
6.726450721,8.019569498,-54.349120803,6.726450876,8.019569498,      1225P   1887
-54.770604837,6.684938469,8.019569498,-55.184000407,                1225P   1888
6.602709116,8.019569498,-55.597395976,6.520479763,8.019569498,      1225P   1889
-56.002682638,6.397537531,8.019569498,-56.392092769,                1225P   1890
6.236238699,8.019569498,-56.781502901,6.074939867,8.019569498,      1225P   1891
-57.155017244,5.875292413,8.019569498,-57.505477117,                1225P   1892
5.641122729,8.019569498,-57.85593699,5.406953045,8.019569498,       1225P   1893
-58.183325062,5.138272712,8.019569498,-58.481366694,4.84023119,     1225P   1894
8.019569498,-58.779408326,4.542189667,8.019569498,-59.04808878,     1225P   1895
4.214801695,8.019569498,-59.282258593,3.864341908,8.019569498,      1225P   1896
-59.516428406,3.513882121,8.019569498,-59.716075998,                1225P   1897
3.140367852,8.019569498,-59.877374973,2.75095778,8.019569498,       1225P   1898
-60.038673948,2.361547708,8.019569498,-60.16161633,1.956261091,     1225P   1899
8.019569498,-60.243845835,1.542865552,8.019569498,-60.32607534,     1225P   1900
1.129470012,8.019569498,-60.367587902,0.707985994,8.019569498,      1225P   1901
-60.367587902,0.286491553,8.019569498,-53.927626287,                1225P   1902
6.929798555,8.186452753,-54.362429816,6.929798716,8.186452753,      1225P   1903
-54.797222609,6.886975515,8.186452753,-55.223671537,                1225P   1904
6.802149692,8.186452753,-55.650120465,6.717323869,8.186452753,      1225P   1905
-56.068204438,6.590499619,8.186452753,-56.469910565,                1225P   1906
6.424107623,8.186452753,-56.871616692,6.257715627,8.186452753,      1225P   1907
-57.256925105,6.051764115,8.186452753,-57.618451082,5.8102003,      1225P   1908
8.186452753,-57.979977059,5.568636486,8.186452753,-58.31770272,     1225P   1909
5.291472316,8.186452753,-58.6251553,4.984019849,8.186452753,        1225P   1910
-58.93260788,4.676567382,8.186452753,-59.209772175,4.338841823,     1225P   1911
8.186452753,-59.451336122,3.977315935,8.186452753,-59.69290007,     1225P   1912
3.615790048,8.186452753,-59.898851725,3.23048171,8.186452753,       1225P   1913
-60.065243868,2.828775644,8.186452753,-60.231636012,                1225P   1914
2.427069579,8.186452753,-60.358460416,2.008985652,8.186452753,      1225P   1915
-60.443286396,1.582536755,8.186452753,-60.528112376,                1225P   1916
1.156087859,8.186452753,-60.570935737,0.721295082,8.186452753,      1225P   1917
-60.570935737,0.286491553,8.186452753,-53.927626219,                1225P   1918
7.114918678,8.371572875,-54.374545834,7.114918842,8.371572875,      1225P   1919
-54.821454415,7.070902345,8.371572875,-55.259786623,                1225P   1920
6.983712795,8.371572875,-55.698118831,6.896523244,8.371572875,      1225P   1921
-56.127852989,6.766164953,8.371572875,-56.540752921,                1225P   1922
6.595136335,8.371572875,-56.953652854,6.424107717,8.371572875,      1225P   1923
-57.34969814,6.21241723,8.371572875,-57.721298276,5.964122081,      1225P   1924
8.371572875,-58.092898413,5.715826931,8.371572875,                  1225P   1925
-58.440035021,5.430939399,8.371572875,-58.75605497,5.114919567,     1225P   1926
8.371572875,-59.072074919,4.798899735,8.371572875,                  1225P   1927
-59.356962579,4.451763231,8.371572875,-59.605257865,                1225P   1928
4.080163186,8.371572875,-59.853553151,3.708563142,8.371572875,      1225P   1929
-60.065243784,3.312517933,8.371572875,-60.236272554,                1225P   1930
2.899618064,8.371572875,-60.407301324,2.486718195,8.371572875,      1225P   1931
-60.537659774,2.056984084,8.371572875,-60.624849486,                1225P   1932
1.618651908,8.371572875,-60.712039197,1.180319732,8.371572875,      1225P   1933
-60.756055859,0.733411168,8.371572875,-60.756055859,                1225P   1934
0.286491553,8.371572875,-53.927626151,7.3000388,8.556692998,        1225P   1935
-54.386661853,7.300038969,8.556692998,-54.84568622,7.254829175,     1225P   1936
8.556692998,-55.295901708,7.165275898,8.556692998,                  1225P   1937
-55.746117197,7.07572262,8.556692998,-56.18750154,6.941830287,      1225P   1938
8.556692998,-56.611595278,6.766165047,8.556692998,                  1225P   1939
-57.035689016,6.590499806,8.556692998,-57.442471175,                1225P   1940
6.373070344,8.556692998,-57.82414547,6.118043861,8.556692998,       1225P   1941
-58.205819766,5.863017377,8.556692998,-58.562367323,                1225P   1942
5.570406483,8.556692998,-58.88695464,5.245819285,8.556692998,       1225P   1943
-59.211541957,4.921232088,8.556692998,-59.504152982,                1225P   1944
4.564684639,8.556692998,-59.759179607,4.183010437,8.556692998,      1225P   1945
-60.014206231,3.801336236,8.556692998,-60.231635843,                1225P   1946
3.394554157,8.556692998,-60.407301239,2.970460483,8.556692998,      1225P   1947
-60.582966636,2.54636681,8.556692998,-60.716859132,2.104982516,     1225P   1948
8.556692998,-60.806412575,1.654767061,8.556692998,                  1225P   1949
-60.895966019,1.204551606,8.556692998,-60.941175982,                1225P   1950
0.745527255,8.556692998,-60.941175982,0.286491553,8.556692998,      1225P   1951
-53.92762609,7.466922055,8.760040832,-54.397584277,7.466922229,     1225P   1952
8.760040832,-54.867530861,7.420636694,8.760040832,                  1225P   1953
-55.328458964,7.328952548,8.760040832,-55.789387066,                1225P   1954
7.237268403,8.760040832,-56.241273892,7.10019018,8.760040832,       1225P   1955
-56.675458692,6.920345088,8.760040832,-57.109643493,                1225P   1956
6.740499996,8.760040832,-57.526104795,6.517896927,8.760040832,      1225P   1957
-57.916860807,6.256802237,8.760040832,-58.30761682,5.995707548,     1225P   1958
8.760040832,-58.672648217,5.696134148,8.760040832,-59.0049589,      1225P   1959
5.363823588,8.760040832,-59.337269582,5.031513028,8.760040832,      1225P   1960
-59.636843116,4.666481741,8.760040832,-59.89793795,4.275725825,     1225P   1961
8.760040832,-60.159032783,3.884969909,8.760040832,                  1225P   1962
-60.381636005,3.468508689,8.760040832,-60.561481257,                1225P   1963
3.034323955,8.760040832,-60.74132651,2.60013922,8.760040832,        1225P   1964
-60.878404898,2.148252445,8.760040832,-60.970089214,                1225P   1965
1.687324376,8.760040832,-61.061773529,1.226396308,8.760040832,      1225P   1966
-61.108059237,0.756449741,8.760040832,-61.108059237,                1225P   1967
0.286491553,8.760040832,-53.927626036,7.612370002,8.977719068,      1225P   1968
-54.407103772,7.612370179,8.977719068,-54.886569669,                1225P   1969
7.565147077,8.977719068,-55.356834404,7.471605763,8.977719068,      1225P   1970
-55.82709914,7.378064449,8.977719068,-56.288139458,7.238209548,     1225P   1971
8.977719068,-56.731119175,7.054721485,8.977719068,                  1225P   1972
-57.174098892,6.871233421,8.977719068,-57.598996101,6.64412127,     1225P   1973
8.977719068,-57.997667329,6.377737804,8.977719068,                  1225P   1974
-58.396338558,6.111354339,8.977719068,-58.768764089,                1225P   1975
5.805712733,8.977719068,-59.10780611,5.466670837,8.977719068,       1225P   1976
-59.446848131,5.127628941,8.977719068,-59.752489874,                1225P   1977
4.755203522,8.977719068,-60.018873486,4.356532392,8.977719068,      1225P   1978
-60.285257099,3.957861261,8.977719068,-60.512369407,                1225P   1979
3.532964136,8.977719068,-60.695857633,3.089984486,8.977719068,      1225P   1980
-60.87934586,2.647004837,8.977719068,-61.01920093,2.185964571,      1225P   1981
8.977719068,-61.112742418,1.71569987,8.977719068,-61.206283905,     1225P   1982
1.245435168,8.977719068,-61.253507184,0.765969289,8.977719068,      1225P   1983
-61.253507184,0.286491553,8.977719068,-53.927625982,                1225P   1984
7.757817949,9.195397303,-54.416623266,7.757818129,9.195397303,      1225P   1985
-54.905608476,7.70965746,9.195397303,-55.385209845,7.614258977,     1225P   1986
9.195397303,-55.864811214,7.518860494,9.195397303,                  1225P   1987
-56.335005024,7.376228915,9.195397303,-56.786779657,                1225P   1988
7.189097881,9.195397303,-57.238554291,7.001966847,9.195397303,      1225P   1989
-57.671887407,6.770345612,9.195397303,-58.078473851,                1225P   1990
6.498673371,9.195397303,-58.485060296,6.227001129,9.195397303,      1225P   1991
-58.864879962,5.915291317,9.195397303,-59.210653321,                1225P   1992
5.569518085,9.195397303,-59.55642668,5.223744854,9.195397303,       1225P   1993
-59.868136632,4.843925303,9.195397303,-60.139809023,                1225P   1994
4.437338958,9.195397303,-60.411481414,4.030752614,9.195397303,      1225P   1995
-60.643102809,3.597419583,9.195397303,-60.830234009,                1225P   1996
3.145645018,9.195397303,-61.01736521,2.693870454,9.195397303,       1225P   1997
-61.159996962,2.223676697,9.195397303,-61.255395622,                1225P   1998
1.744075363,9.195397303,-61.350794282,1.264474029,9.195397303,      1225P   1999
-61.398955131,0.775488837,9.195397303,-61.398955131,                1225P   2000
0.286491553,9.195397303,-53.927625937,7.881823395,9.427395175,      1225P   2001
-54.42473936,7.881823578,9.427395175,-54.921840509,7.832863562,     1225P   2002
9.427395175,-55.409402068,7.735881701,9.427395175,                  1225P   2003
-55.896963628,7.63889984,9.427395175,-56.374961486,7.493900932,     1225P   2004
9.427395175,-56.834234455,7.303663987,9.427395175,                  1225P   2005
-57.293507425,7.113427043,9.427395175,-57.734032793,                1225P   2006
6.877961472,9.427395175,-58.147367562,6.601780146,9.427395175,      1225P   2007
-58.560702331,6.325598821,9.427395175,-58.946826059,                1225P   2008
6.008715401,9.427395175,-59.298338396,5.657203193,9.427395175,      1225P   2009
-59.649850733,5.305690985,9.427395175,-59.966734296,                1225P   2010
4.919567374,9.427395175,-60.242915774,4.506232707,9.427395175,      1225P   2011
-60.519097251,4.09289804,9.427395175,-60.754562985,3.652372758,     1225P   2012
9.427395175,-60.944800098,3.193099858,9.427395175,                  1225P   2013
-61.135037212,2.733826959,9.427395175,-61.280036296,                1225P   2014
2.255829155,9.427395175,-61.377018337,1.768267631,9.427395175,      1225P   2015
-61.474000377,1.280706107,9.427395175,-61.522960576,                1225P   2016
0.783604976,9.427395175,-61.522960576,0.286491553,9.427395175,      1225P   2017
-53.9276259,7.982009683,9.669266271,-54.431296502,7.982009869,      1225P   2018
9.669266271,-54.934954668,7.932404045,9.669266271,                  1225P   2019
-55.428947412,7.834142944,9.669266271,-55.922940156,                1225P   2020
7.735881843,9.669266271,-56.407243049,7.588970325,9.669266271,      1225P   2021
-56.872574062,7.396224059,9.669266271,-57.337905076,                1225P   2022
7.203477793,9.669266271,-57.784241198,6.964906311,9.669266271,      1225P   2023
-58.203028062,6.685082013,9.669266271,-58.621814927,                1225P   2024
6.405257716,9.669266271,-59.013031823,6.084194442,9.669266271,      1225P   2025
-59.369180787,5.72804561,9.669266271,-59.725329751,5.371896777,     1225P   2026
9.669266271,-60.046393169,4.980679999,9.669266271,-60.32621762,     1225P   2027
4.561893238,9.669266271,-60.606042072,4.143106476,9.669266271,      1225P   2028
-60.844613718,3.696770442,9.669266271,-61.037360156,3.2314395,      1225P   2029
9.669266271,-61.230106593,2.766108557,9.669266271,-61.37701829,     1225P   2030
2.281805719,9.669266271,-61.475279573,1.787813011,9.669266271,      1225P   2031
-61.573540855,1.293820303,9.669266271,-61.623146865,                1225P   2032
0.790162155,9.669266271,-61.623146865,0.286491553,9.669266271,      1225P   2033
-53.927625863,8.082195971,9.911137367,-54.437853644,                1225P   2034
8.082196159,9.911137367,-54.948068826,8.031944528,9.911137367,      1225P   2035
-55.448492756,7.932404187,9.911137367,-55.948916685,                1225P   2036
7.832863846,9.911137367,-56.439524612,7.684039719,9.911137367,      1225P   2037
-56.910913669,7.488784131,9.911137367,-57.382302727,                1225P   2038
7.293528543,9.911137367,-57.834449602,7.05185115,9.911137367,       1225P   2039
-58.258688563,6.768383881,9.911137367,-58.682927523,                1225P   2040
6.484916611,9.911137367,-59.079237588,6.159673484,9.911137367,      1225P   2041
-59.440023178,5.798888027,9.911137367,-59.800808768,5.43810257,     1225P   2042
9.911137367,-60.126052041,5.041792625,9.911137367,                  1225P   2043
-60.409519467,4.617553769,9.911137367,-60.692986892,                1225P   2044
4.193314913,9.911137367,-60.934664452,3.741168126,9.911137367,      1225P   2045
-61.129920214,3.269779141,9.911137367,-61.325175975,                1225P   2046
2.798390155,9.911137367,-61.474000283,2.307782283,9.911137367,      1225P   2047
-61.573540809,1.80735839,9.911137367,-61.673081334,1.306934498,     1225P   2048
9.911137367,-61.723333153,0.796719334,9.911137367,                  1225P   2049
-61.723333153,0.286491553,9.911137367,-53.927625835,                1225P   2050
8.158558148,10.162869726,-54.442851509,8.158558338,                 1225P   2051
10.162869726,-54.958064463,8.10781447,10.162869726,                 1225P   2052
-55.463390253,8.007299091,10.162869726,-55.968716043,               1225P   2053
7.906783711,10.162869726,-56.46412968,7.756501789,10.162869726,     1225P   2054
-56.94013619,7.559333591,10.162869726,-57.4161427,7.362165393,      1225P   2055
10.162869726,-57.872718542,7.118120669,10.162869726,                1225P   2056
-58.3011131,6.83187672,10.162869726,-58.729507658,6.54563277,       1225P   2057
10.162869726,-59.129699745,6.217203751,10.162869726,                1225P   2058
-59.494019381,5.852884249,10.162869726,-59.858339016,               1225P   2059
5.488564748,10.162869726,-60.186768183,5.088372782,                 1225P   2060
10.162869726,-60.47301229,4.65997833,10.162869726,                  1225P   2061
-60.759256397,4.231583877,10.162869726,-61.003301289,               1225P   2062
3.775008124,10.162869726,-61.200469663,3.299001687,                 1225P   2063
10.162869726,-61.397638036,2.82299525,10.162869726,                 1225P   2064
-61.54792014,2.327581669,10.162869726,-61.648435706,                1225P   2065
1.822255916,10.162869726,-61.748951272,1.316930162,                 1225P   2066
10.162869726,-61.799695329,0.801717228,10.162869726,                1225P   2067
-61.799695329,0.286491553,10.162869726,-53.927625816,               1225P   2068
8.209632675,10.419638712,-54.446194311,8.209632866,                 1225P   2069
10.419638712,-54.964750003,8.158559769,10.419638712,                1225P   2070
-55.473354383,8.057392238,10.419638712,-55.981958762,               1225P   2071
7.956224707,10.419638712,-56.480586678,7.804967746,                 1225P   2072
10.419638712,-56.959681552,7.606520306,10.419638712,                1225P   2073
-57.438776426,7.408072867,10.419638712,-57.898314565,               1225P   2074
7.162444764,10.419638712,-58.329488577,6.874343643,                 1225P   2075
10.419638712,-58.760662589,6.586242523,10.419638712,                1225P   2076
-59.163451151,6.255682632,10.419638712,-59.530134518,5.8889994,     1225P   2077
10.419638712,-59.896817885,5.522316168,10.419638712,                1225P   2078
-60.227377924,5.119527728,10.419638712,-60.515479203,               1225P   2079
4.688353822,10.419638712,-60.803580483,4.257179916,                 1225P   2080
10.419638712,-61.049208755,3.797641868,10.419638712,                1225P   2081
-61.247656371,3.318547067,10.419638712,-61.446103987,               1225P   2082
2.839452266,10.419638712,-61.597361132,2.340824406,                 1225P   2083
10.419638712,-61.69852885,1.832220064,10.419638712,                 1225P   2084
-61.799696568,1.323615721,10.419638712,-61.850769856,               1225P   2085
0.805060048,10.419638712,-61.850769856,0.286491553,                 1225P   2086
10.419638712,-53.927625797,8.260707202,10.676407698,                1225P   2087
-54.449537113,8.260707394,10.676407698,-54.971435543,               1225P   2088
8.209305067,10.676407698,-55.483318512,8.107485385,                 1225P   2089
10.676407698,-55.995201482,8.005665704,10.676407698,                1225P   2090
-56.497043676,7.853433702,10.676407698,-56.979226914,               1225P   2091
7.653707022,10.676407698,-57.461410152,7.453980341,                 1225P   2092
10.676407698,-57.923910588,7.206768858,10.676407698,                1225P   2093
-58.357864054,6.916810567,10.676407698,-58.791817521,               1225P   2094
6.626852275,10.676407698,-59.197202557,6.294161514,                 1225P   2095
10.676407698,-59.566249656,5.925114551,10.676407698,                1225P   2096
-59.935296755,5.556067589,10.676407698,-60.267987665,               1225P   2097
5.150682675,10.676407698,-60.557946116,4.716729315,                 1225P   2098
10.676407698,-60.847904568,4.282775955,10.676407698,                1225P   2099
-61.095116221,3.820275611,10.676407698,-61.294843079,               1225P   2100
3.338092446,10.676407698,-61.494569937,2.855909282,                 1225P   2101
10.676407698,-61.646802124,2.354067144,10.676407698,                1225P   2102
-61.748621994,1.842184212,10.676407698,-61.850441864,               1225P   2103
1.33030128,10.676407698,-61.901844383,0.808402869,10.676407698,     1225P   2104
-61.901844383,0.286491553,10.676407698,-53.927625788,               1225P   2105
8.286491553,10.938200612,-54.451224686,8.286491746,                 1225P   2106
10.938200612,-54.974810656,8.234923212,10.938200612,                1225P   2107
-55.488348782,8.132774299,10.938200612,-56.001886907,               1225P   2108
8.030625387,10.938200612,-56.505351791,7.877901149,                 1225P   2109
10.938200612,-56.989094152,7.677528659,10.938200612,                1225P   2110
-57.472836512,7.477156169,10.938200612,-57.936832427,               1225P   2111
7.229145337,10.938200612,-58.372189067,6.938249475,                 1225P   2112
10.938200612,-58.807545707,6.647353613,10.938200612,                1225P   2113
-59.214241542,6.313587108,10.938200612,-59.584481942,               1225P   2114
5.943346845,10.938200612,-59.954722342,5.573106581,                 1225P   2115
10.938200612,-60.288488997,5.166410869,10.938200612,                1225P   2116
-60.579385019,4.731054336,10.938200612,-60.870281041,               1225P   2117
4.295697803,10.938200612,-61.118292045,3.83170198,10.938200612,     1225P   2118
-61.318664713,3.347959693,10.938200612,-61.519037381,               1225P   2119
2.864217406,10.938200612,-61.671761805,2.360752578,                 1225P   2120
10.938200612,-61.773910906,1.847214491,10.938200612,                1225P   2121
-61.876060007,1.333676403,10.938200612,-61.927628735,               1225P   2122
0.810090451,10.938200612,-61.927628735,0.286491553,                 1225P   2123
10.938200612,-53.927625788,8.286491553,11.2,-54.451224686,          1225P   2124
8.286491746,11.2,-54.974810656,8.234923212,11.2,-55.488348782,      1225P   2125
8.132774299,11.2,-56.001886907,8.030625387,11.2,-56.505351791,      1225P   2126
7.877901149,11.2,-56.989094152,7.677528659,11.2,-57.472836512,      1225P   2127
7.477156169,11.2,-57.936832427,7.229145337,11.2,-58.372189067,      1225P   2128
6.938249475,11.2,-58.807545707,6.647353613,11.2,-59.214241542,      1225P   2129
6.313587108,11.2,-59.584481942,5.943346845,11.2,-59.954722342,      1225P   2130
5.573106581,11.2,-60.288488997,5.166410869,11.2,-60.579385019,      1225P   2131
4.731054336,11.2,-60.870281041,4.295697803,11.2,-61.118292045,      1225P   2132
3.83170198,11.2,-61.318664713,3.347959693,11.2,-61.519037381,       1225P   2133
2.864217406,11.2,-61.671761805,2.360752578,11.2,-61.773910906,      1225P   2134
1.847214491,11.2,-61.876060007,1.333676403,11.2,-61.927628735,      1225P   2135
0.810090451,11.2,-61.927628735,0.286491553,11.2,-53.927625788,      1225P   2136
8.286491553,11.461799388,-54.451224686,8.286491746,                 1225P   2137
11.461799388,-54.974810656,8.234923212,11.461799388,                1225P   2138
-55.488348782,8.132774299,11.461799388,-56.001886907,               1225P   2139
8.030625387,11.461799388,-56.505351791,7.877901149,                 1225P   2140
11.461799388,-56.989094152,7.677528659,11.461799388,                1225P   2141
-57.472836512,7.477156169,11.461799388,-57.936832427,               1225P   2142
7.229145337,11.461799388,-58.372189067,6.938249475,                 1225P   2143
11.461799388,-58.807545707,6.647353613,11.461799388,                1225P   2144
-59.214241542,6.313587108,11.461799388,-59.584481942,               1225P   2145
5.943346845,11.461799388,-59.954722342,5.573106581,                 1225P   2146
11.461799388,-60.288488997,5.166410869,11.461799388,                1225P   2147
-60.579385019,4.731054336,11.461799388,-60.870281041,               1225P   2148
4.295697803,11.461799388,-61.118292045,3.83170198,11.461799388,     1225P   2149
-61.318664713,3.347959693,11.461799388,-61.519037381,               1225P   2150
2.864217406,11.461799388,-61.671761805,2.360752578,                 1225P   2151
11.461799388,-61.773910906,1.847214491,11.461799388,                1225P   2152
-61.876060007,1.333676403,11.461799388,-61.927628735,               1225P   2153
0.810090451,11.461799388,-61.927628735,0.286491553,                 1225P   2154
11.461799388,-53.927625797,8.260707202,11.723592302,                1225P   2155
-54.449537113,8.260707394,11.723592302,-54.971435543,               1225P   2156
8.209305067,11.723592302,-55.483318512,8.107485385,                 1225P   2157
11.723592302,-55.995201482,8.005665704,11.723592302,                1225P   2158
-56.497043676,7.853433702,11.723592302,-56.979226914,               1225P   2159
7.653707022,11.723592302,-57.461410152,7.453980341,                 1225P   2160
11.723592302,-57.923910588,7.206768858,11.723592302,                1225P   2161
-58.357864054,6.916810567,11.723592302,-58.791817521,               1225P   2162
6.626852275,11.723592302,-59.197202557,6.294161514,                 1225P   2163
11.723592302,-59.566249656,5.925114551,11.723592302,                1225P   2164
-59.935296755,5.556067589,11.723592302,-60.267987665,               1225P   2165
5.150682675,11.723592302,-60.557946116,4.716729315,                 1225P   2166
11.723592302,-60.847904568,4.282775955,11.723592302,                1225P   2167
-61.095116221,3.820275611,11.723592302,-61.294843079,               1225P   2168
3.338092446,11.723592302,-61.494569937,2.855909282,                 1225P   2169
11.723592302,-61.646802124,2.354067144,11.723592302,                1225P   2170
-61.748621994,1.842184212,11.723592302,-61.850441864,               1225P   2171
1.33030128,11.723592302,-61.901844383,0.808402869,11.723592302,     1225P   2172
-61.901844383,0.286491553,11.723592302,-53.927625816,               1225P   2173
8.209632675,11.980361288,-54.446194311,8.209632866,                 1225P   2174
11.980361288,-54.964750003,8.158559769,11.980361288,                1225P   2175
-55.473354383,8.057392238,11.980361288,-55.981958762,               1225P   2176
7.956224707,11.980361288,-56.480586678,7.804967746,                 1225P   2177
11.980361288,-56.959681552,7.606520306,11.980361288,                1225P   2178
-57.438776426,7.408072867,11.980361288,-57.898314565,               1225P   2179
7.162444764,11.980361288,-58.329488577,6.874343643,                 1225P   2180
11.980361288,-58.760662589,6.586242523,11.980361288,                1225P   2181
-59.163451151,6.255682632,11.980361288,-59.530134518,5.8889994,     1225P   2182
11.980361288,-59.896817885,5.522316168,11.980361288,                1225P   2183
-60.227377924,5.119527728,11.980361288,-60.515479203,               1225P   2184
4.688353822,11.980361288,-60.803580483,4.257179916,                 1225P   2185
11.980361288,-61.049208755,3.797641868,11.980361288,                1225P   2186
-61.247656371,3.318547067,11.980361288,-61.446103987,               1225P   2187
2.839452266,11.980361288,-61.597361132,2.340824406,                 1225P   2188
11.980361288,-61.69852885,1.832220064,11.980361288,                 1225P   2189
-61.799696568,1.323615721,11.980361288,-61.850769856,               1225P   2190
0.805060048,11.980361288,-61.850769856,0.286491553,                 1225P   2191
11.980361288,-53.927625835,8.158558148,12.237130274,                1225P   2192
-54.442851509,8.158558338,12.237130274,-54.958064463,               1225P   2193
8.10781447,12.237130274,-55.463390253,8.007299091,12.237130274,     1225P   2194
-55.968716043,7.906783711,12.237130274,-56.46412968,                1225P   2195
7.756501789,12.237130274,-56.94013619,7.559333591,12.237130274,     1225P   2196
-57.4161427,7.362165393,12.237130274,-57.872718542,7.118120669,     1225P   2197
12.237130274,-58.3011131,6.83187672,12.237130274,-58.729507658,     1225P   2198
6.54563277,12.237130274,-59.129699745,6.217203751,12.237130274,     1225P   2199
-59.494019381,5.852884249,12.237130274,-59.858339016,               1225P   2200
5.488564748,12.237130274,-60.186768183,5.088372782,                 1225P   2201
12.237130274,-60.47301229,4.65997833,12.237130274,                  1225P   2202
-60.759256397,4.231583877,12.237130274,-61.003301289,               1225P   2203
3.775008124,12.237130274,-61.200469663,3.299001687,                 1225P   2204
12.237130274,-61.397638036,2.82299525,12.237130274,                 1225P   2205
-61.54792014,2.327581669,12.237130274,-61.648435706,                1225P   2206
1.822255916,12.237130274,-61.748951272,1.316930162,                 1225P   2207
12.237130274,-61.799695329,0.801717228,12.237130274,                1225P   2208
-61.799695329,0.286491553,12.237130274,-53.927625863,               1225P   2209
8.082195971,12.488862633,-54.437853644,8.082196159,                 1225P   2210
12.488862633,-54.948068826,8.031944528,12.488862633,                1225P   2211
-55.448492756,7.932404187,12.488862633,-55.948916685,               1225P   2212
7.832863846,12.488862633,-56.439524612,7.684039719,                 1225P   2213
12.488862633,-56.910913669,7.488784131,12.488862633,                1225P   2214
-57.382302727,7.293528543,12.488862633,-57.834449602,               1225P   2215
7.05185115,12.488862633,-58.258688563,6.768383881,12.488862633,     1225P   2216
-58.682927523,6.484916611,12.488862633,-59.079237588,               1225P   2217
6.159673484,12.488862633,-59.440023178,5.798888027,                 1225P   2218
12.488862633,-59.800808768,5.43810257,12.488862633,                 1225P   2219
-60.126052041,5.041792625,12.488862633,-60.409519467,               1225P   2220
4.617553769,12.488862633,-60.692986892,4.193314913,                 1225P   2221
12.488862633,-60.934664452,3.741168126,12.488862633,                1225P   2222
-61.129920214,3.269779141,12.488862633,-61.325175975,               1225P   2223
2.798390155,12.488862633,-61.474000283,2.307782283,                 1225P   2224
12.488862633,-61.573540809,1.80735839,12.488862633,                 1225P   2225
-61.673081334,1.306934498,12.488862633,-61.723333153,               1225P   2226
0.796719334,12.488862633,-61.723333153,0.286491553,                 1225P   2227
12.488862633,-53.9276259,7.982009683,12.730733729,                  1225P   2228
-54.431296502,7.982009869,12.730733729,-54.934954668,               1225P   2229
7.932404045,12.730733729,-55.428947412,7.834142944,                 1225P   2230
12.730733729,-55.922940156,7.735881843,12.730733729,                1225P   2231
-56.407243049,7.588970325,12.730733729,-56.872574062,               1225P   2232
7.396224059,12.730733729,-57.337905076,7.203477793,                 1225P   2233
12.730733729,-57.784241198,6.964906311,12.730733729,                1225P   2234
-58.203028062,6.685082013,12.730733729,-58.621814927,               1225P   2235
6.405257716,12.730733729,-59.013031823,6.084194442,                 1225P   2236
12.730733729,-59.369180787,5.72804561,12.730733729,                 1225P   2237
-59.725329751,5.371896777,12.730733729,-60.046393169,               1225P   2238
4.980679999,12.730733729,-60.32621762,4.561893238,12.730733729,     1225P   2239
-60.606042072,4.143106476,12.730733729,-60.844613718,               1225P   2240
3.696770442,12.730733729,-61.037360156,3.2314395,12.730733729,      1225P   2241
-61.230106593,2.766108557,12.730733729,-61.37701829,                1225P   2242
2.281805719,12.730733729,-61.475279573,1.787813011,                 1225P   2243
12.730733729,-61.573540855,1.293820303,12.730733729,                1225P   2244
-61.623146865,0.790162155,12.730733729,-61.623146865,               1225P   2245
0.286491553,12.730733729,-53.927625937,7.881823395,                 1225P   2246
12.972604825,-54.42473936,7.881823578,12.972604825,                 1225P   2247
-54.921840509,7.832863562,12.972604825,-55.409402068,               1225P   2248
7.735881701,12.972604825,-55.896963628,7.63889984,12.972604825,     1225P   2249
-56.374961486,7.493900932,12.972604825,-56.834234455,               1225P   2250
7.303663987,12.972604825,-57.293507425,7.113427043,                 1225P   2251
12.972604825,-57.734032793,6.877961472,12.972604825,                1225P   2252
-58.147367562,6.601780146,12.972604825,-58.560702331,               1225P   2253
6.325598821,12.972604825,-58.946826059,6.008715401,                 1225P   2254
12.972604825,-59.298338396,5.657203193,12.972604825,                1225P   2255
-59.649850733,5.305690985,12.972604825,-59.966734296,               1225P   2256
4.919567374,12.972604825,-60.242915774,4.506232707,                 1225P   2257
12.972604825,-60.519097251,4.09289804,12.972604825,                 1225P   2258
-60.754562985,3.652372758,12.972604825,-60.944800098,               1225P   2259
3.193099858,12.972604825,-61.135037212,2.733826959,                 1225P   2260
12.972604825,-61.280036296,2.255829155,12.972604825,                1225P   2261
-61.377018337,1.768267631,12.972604825,-61.474000377,               1225P   2262
1.280706107,12.972604825,-61.522960576,0.783604976,                 1225P   2263
12.972604825,-61.522960576,0.286491553,12.972604825,                1225P   2264
-53.927625982,7.757817949,13.204602697,-54.416623266,               1225P   2265
7.757818129,13.204602697,-54.905608476,7.70965746,13.204602697,     1225P   2266
-55.385209845,7.614258977,13.204602697,-55.864811214,               1225P   2267
7.518860494,13.204602697,-56.335005024,7.376228915,                 1225P   2268
13.204602697,-56.786779657,7.189097881,13.204602697,                1225P   2269
-57.238554291,7.001966847,13.204602697,-57.671887407,               1225P   2270
6.770345612,13.204602697,-58.078473851,6.498673371,                 1225P   2271
13.204602697,-58.485060296,6.227001129,13.204602697,                1225P   2272
-58.864879962,5.915291317,13.204602697,-59.210653321,               1225P   2273
5.569518085,13.204602697,-59.55642668,5.223744854,13.204602697,     1225P   2274
-59.868136632,4.843925303,13.204602697,-60.139809023,               1225P   2275
4.437338958,13.204602697,-60.411481414,4.030752614,                 1225P   2276
13.204602697,-60.643102809,3.597419583,13.204602697,                1225P   2277
-60.830234009,3.145645018,13.204602697,-61.01736521,                1225P   2278
2.693870454,13.204602697,-61.159996962,2.223676697,                 1225P   2279
13.204602697,-61.255395622,1.744075363,13.204602697,                1225P   2280
-61.350794282,1.264474029,13.204602697,-61.398955131,               1225P   2281
0.775488837,13.204602697,-61.398955131,0.286491553,                 1225P   2282
13.204602697,-53.927626036,7.612370002,13.422280932,                1225P   2283
-54.407103772,7.612370179,13.422280932,-54.886569669,               1225P   2284
7.565147077,13.422280932,-55.356834404,7.471605763,                 1225P   2285
13.422280932,-55.82709914,7.378064449,13.422280932,                 1225P   2286
-56.288139458,7.238209548,13.422280932,-56.731119175,               1225P   2287
7.054721485,13.422280932,-57.174098892,6.871233421,                 1225P   2288
13.422280932,-57.598996101,6.64412127,13.422280932,                 1225P   2289
-57.997667329,6.377737804,13.422280932,-58.396338558,               1225P   2290
6.111354339,13.422280932,-58.768764089,5.805712733,                 1225P   2291
13.422280932,-59.10780611,5.466670837,13.422280932,                 1225P   2292
-59.446848131,5.127628941,13.422280932,-59.752489874,               1225P   2293
4.755203522,13.422280932,-60.018873486,4.356532392,                 1225P   2294
13.422280932,-60.285257099,3.957861261,13.422280932,                1225P   2295
-60.512369407,3.532964136,13.422280932,-60.695857633,               1225P   2296
3.089984486,13.422280932,-60.87934586,2.647004837,13.422280932,     1225P   2297
-61.01920093,2.185964571,13.422280932,-61.112742418,1.71569987,     1225P   2298
13.422280932,-61.206283905,1.245435168,13.422280932,                1225P   2299
-61.253507184,0.765969289,13.422280932,-61.253507184,               1225P   2300
0.286491553,13.422280932,-53.92762609,7.466922055,13.639959168,     1225P   2301
-54.397584277,7.466922229,13.639959168,-54.867530861,               1225P   2302
7.420636694,13.639959168,-55.328458964,7.328952548,                 1225P   2303
13.639959168,-55.789387066,7.237268403,13.639959168,                1225P   2304
-56.241273892,7.10019018,13.639959168,-56.675458692,                1225P   2305
6.920345088,13.639959168,-57.109643493,6.740499996,                 1225P   2306
13.639959168,-57.526104795,6.517896927,13.639959168,                1225P   2307
-57.916860807,6.256802237,13.639959168,-58.30761682,                1225P   2308
5.995707548,13.639959168,-58.672648217,5.696134148,                 1225P   2309
13.639959168,-59.0049589,5.363823588,13.639959168,                  1225P   2310
-59.337269582,5.031513028,13.639959168,-59.636843116,               1225P   2311
4.666481741,13.639959168,-59.89793795,4.275725825,13.639959168,     1225P   2312
-60.159032783,3.884969909,13.639959168,-60.381636005,               1225P   2313
3.468508689,13.639959168,-60.561481257,3.034323955,                 1225P   2314
13.639959168,-60.74132651,2.60013922,13.639959168,                  1225P   2315
-60.878404898,2.148252445,13.639959168,-60.970089214,               1225P   2316
1.687324376,13.639959168,-61.061773529,1.226396308,                 1225P   2317
13.639959168,-61.108059237,0.756449741,13.639959168,                1225P   2318
-61.108059237,0.286491553,13.639959168,-53.927626151,7.3000388,     1225P   2319
13.843307002,-54.386661853,7.300038969,13.843307002,                1225P   2320
-54.84568622,7.254829175,13.843307002,-55.295901708,                1225P   2321
7.165275898,13.843307002,-55.746117197,7.07572262,13.843307002,     1225P   2322
-56.18750154,6.941830287,13.843307002,-56.611595278,                1225P   2323
6.766165047,13.843307002,-57.035689016,6.590499806,                 1225P   2324
13.843307002,-57.442471175,6.373070344,13.843307002,                1225P   2325
-57.82414547,6.118043861,13.843307002,-58.205819766,                1225P   2326
5.863017377,13.843307002,-58.562367323,5.570406483,                 1225P   2327
13.843307002,-58.88695464,5.245819285,13.843307002,                 1225P   2328
-59.211541957,4.921232088,13.843307002,-59.504152982,               1225P   2329
4.564684639,13.843307002,-59.759179607,4.183010437,                 1225P   2330
13.843307002,-60.014206231,3.801336236,13.843307002,                1225P   2331
-60.231635843,3.394554157,13.843307002,-60.407301239,               1225P   2332
2.970460483,13.843307002,-60.582966636,2.54636681,13.843307002,     1225P   2333
-60.716859132,2.104982516,13.843307002,-60.806412575,               1225P   2334
1.654767061,13.843307002,-60.895966019,1.204551606,                 1225P   2335
13.843307002,-60.941175982,0.745527255,13.843307002,                1225P   2336
-60.941175982,0.286491553,13.843307002,-53.927626219,               1225P   2337
7.114918678,14.028427125,-54.374545834,7.114918842,                 1225P   2338
14.028427125,-54.821454415,7.070902345,14.028427125,                1225P   2339
-55.259786623,6.983712795,14.028427125,-55.698118831,               1225P   2340
6.896523244,14.028427125,-56.127852989,6.766164953,                 1225P   2341
14.028427125,-56.540752921,6.595136335,14.028427125,                1225P   2342
-56.953652854,6.424107717,14.028427125,-57.34969814,6.21241723,     1225P   2343
14.028427125,-57.721298276,5.964122081,14.028427125,                1225P   2344
-58.092898413,5.715826931,14.028427125,-58.440035021,               1225P   2345
5.430939399,14.028427125,-58.75605497,5.114919567,14.028427125,     1225P   2346
-59.072074919,4.798899735,14.028427125,-59.356962579,               1225P   2347
4.451763231,14.028427125,-59.605257865,4.080163186,                 1225P   2348
14.028427125,-59.853553151,3.708563142,14.028427125,                1225P   2349
-60.065243784,3.312517933,14.028427125,-60.236272554,               1225P   2350
2.899618064,14.028427125,-60.407301324,2.486718195,                 1225P   2351
14.028427125,-60.537659774,2.056984084,14.028427125,                1225P   2352
-60.624849486,1.618651908,14.028427125,-60.712039197,               1225P   2353
1.180319732,14.028427125,-60.756055859,0.733411168,                 1225P   2354
14.028427125,-60.756055859,0.286491553,14.028427125,                1225P   2355
-53.927626287,6.929798555,14.213547247,-54.362429816,               1225P   2356
6.929798716,14.213547247,-54.797222609,6.886975515,                 1225P   2357
14.213547247,-55.223671537,6.802149692,14.213547247,                1225P   2358
-55.650120465,6.717323869,14.213547247,-56.068204438,               1225P   2359
6.590499619,14.213547247,-56.469910565,6.424107623,                 1225P   2360
14.213547247,-56.871616692,6.257715627,14.213547247,                1225P   2361
-57.256925105,6.051764115,14.213547247,-57.618451082,5.8102003,     1225P   2362
14.213547247,-57.979977059,5.568636486,14.213547247,                1225P   2363
-58.31770272,5.291472316,14.213547247,-58.6251553,4.984019849,      1225P   2364
14.213547247,-58.93260788,4.676567382,14.213547247,                 1225P   2365
-59.209772175,4.338841823,14.213547247,-59.451336122,               1225P   2366
3.977315935,14.213547247,-59.69290007,3.615790048,14.213547247,     1225P   2367
-59.898851725,3.23048171,14.213547247,-60.065243868,                1225P   2368
2.828775644,14.213547247,-60.231636012,2.427069579,                 1225P   2369
14.213547247,-60.358460416,2.008985652,14.213547247,                1225P   2370
-60.443286396,1.582536755,14.213547247,-60.528112376,               1225P   2371
1.156087859,14.213547247,-60.570935737,0.721295082,                 1225P   2372
14.213547247,-60.570935737,0.286491553,14.213547247,                1225P   2373
-53.927626362,6.726450721,14.380430502,-54.349120803,               1225P   2374
6.726450876,14.380430502,-54.770604837,6.684938469,                 1225P   2375
14.380430502,-55.184000407,6.602709116,14.380430502,                1225P   2376
-55.597395976,6.520479763,14.380430502,-56.002682638,               1225P   2377
6.397537531,14.380430502,-56.392092769,6.236238699,                 1225P   2378
14.380430502,-56.781502901,6.074939867,14.380430502,                1225P   2379
-57.155017244,5.875292413,14.380430502,-57.505477117,               1225P   2380
5.641122729,14.380430502,-57.85593699,5.406953045,14.380430502,     1225P   2381
-58.183325062,5.138272712,14.380430502,-58.481366694,               1225P   2382
4.84023119,14.380430502,-58.779408326,4.542189667,14.380430502,     1225P   2383
-59.04808878,4.214801695,14.380430502,-59.282258593,                1225P   2384
3.864341908,14.380430502,-59.516428406,3.513882121,                 1225P   2385
14.380430502,-59.716075998,3.140367852,14.380430502,                1225P   2386
-59.877374973,2.75095778,14.380430502,-60.038673948,                1225P   2387
2.361547708,14.380430502,-60.16161633,1.956261091,14.380430502,     1225P   2388
-60.243845835,1.542865552,14.380430502,-60.32607534,                1225P   2389
1.129470012,14.380430502,-60.367587902,0.707985994,                 1225P   2390
14.380430502,-60.367587902,0.286491553,14.380430502,                1225P   2391
-53.927626443,6.508772485,14.525878449,-54.334873873,               1225P   2392
6.508772635,14.525878449,-54.742111248,6.468663397,                 1225P   2393
14.525878449,-55.141533558,6.389213493,14.525878449,                1225P   2394
-55.540955869,6.30976359,14.525878449,-55.932543362,6.19097695,     1225P   2395
14.525878449,-56.308790971,6.03513021,14.525878449,                 1225P   2396
-56.685038579,5.879283469,14.525878449,-57.045927696,               1225P   2397
5.686384335,14.525878449,-57.384541611,5.460129863,                 1225P   2398
14.525878449,-57.723155526,5.233875392,14.525878449,                1225P   2399
-58.039477493,4.974276771,14.525878449,-58.327444966,               1225P   2400
4.686309405,14.525878449,-58.615412438,4.398342039,                 1225P   2401
14.525878449,-58.875011175,4.082020167,14.525878449,                1225P   2402
-59.101265771,3.743406335,14.525878449,-59.327520368,               1225P   2403
3.404792504,14.525878449,-59.520419635,3.043903458,                 1225P   2404
14.525878449,-59.676266514,2.667655907,14.525878449,                1225P   2405
-59.832113393,2.291408356,14.525878449,-59.950900177,               1225P   2406
1.899820906,14.525878449,-60.030350228,1.500398625,                 1225P   2407
14.525878449,-60.109800278,1.100976343,14.525878449,                1225P   2408
-60.149909667,0.693738983,14.525878449,-60.149909667,               1225P   2409
0.286491553,14.525878449,-53.927626523,6.29109425,14.671326396,     1225P   2410
-54.320626942,6.291094394,14.671326396,-54.713617659,               1225P   2411
6.252388324,14.671326396,-55.09906671,6.17571787,14.671326396,      1225P   2412
-55.484515762,6.099047416,14.671326396,-55.862404086,               1225P   2413
5.984416369,14.671326396,-56.225489172,5.83402172,14.671326396,     1225P   2414
-56.588574257,5.683627071,14.671326396,-56.936838148,               1225P   2415
5.497476257,14.671326396,-57.263606105,5.279136997,                 1225P   2416
14.671326396,-57.590374061,5.060797738,14.671326396,                1225P   2417
-57.895629925,4.810280831,14.671326396,-58.173523238,               1225P   2418
4.53238762,14.671326396,-58.451416551,4.25449441,14.671326396,      1225P   2419
-58.70193357,3.949238639,14.671326396,-58.92027295,3.622470762,     1225P   2420
14.671326396,-59.13861233,3.295702886,14.671326396,                 1225P   2421
-59.324763272,2.947439064,14.671326396,-59.475158055,               1225P   2422
2.584354034,14.671326396,-59.625552838,2.221269004,                 1225P   2423
14.671326396,-59.740184024,1.843380721,14.671326396,                1225P   2424
-59.81685462,1.457931698,14.671326396,-59.893525216,                1225P   2425
1.072482675,14.671326396,-59.932231431,0.679491973,                 1225P   2426
14.671326396,-59.932231431,0.286491553,14.671326396,                1225P   2427
-53.927626608,6.059096379,14.795331842,-54.305442799,               1225P   2428
6.059096518,14.795331842,-54.683249662,6.021885921,                 1225P   2429
14.795331842,-55.053806244,5.948177759,14.795331842,                1225P   2430
-55.424362827,5.874469596,14.795331842,-55.787650804,               1225P   2431
5.764267511,14.795331842,-56.13670749,5.619683611,14.795331842,     1225P   2432
-56.485764175,5.475099711,14.795331842,-56.820572308,               1225P   2433
5.296141145,14.795331842,-57.134715038,5.086237788,                 1225P   2434
14.795331842,-57.448857768,4.876334431,14.795331842,                1225P   2435
-57.74231956,4.635496664,14.795331842,-58.009476,4.368340322,       1225P   2436
14.795331842,-58.27663244,4.101183981,14.795331842,                 1225P   2437
-58.517470315,3.807722277,14.795331842,-58.727373788,               1225P   2438
3.493579624,14.795331842,-58.93727726,3.179436971,14.795331842,     1225P   2439
-59.11623595,2.844628905,14.795331842,-59.260819979,                1225P   2440
2.495572273,14.795331842,-59.405404008,2.14651564,14.795331842,     1225P   2441
-59.515606226,1.783227703,14.795331842,-59.589314525,               1225P   2442
1.412671148,14.795331842,-59.663022825,1.042114593,                 1225P   2443
14.795331842,-59.70023356,0.664307744,14.795331842,                 1225P   2444
-59.70023356,0.286491553,14.795331842,-53.927626697,                1225P   2445
5.817225283,14.89551813,-54.289612458,5.817225416,14.89551813,      1225P   2446
-54.651589282,5.781573937,14.89551813,-55.006619611,                1225P   2447
5.710954133,14.89551813,-55.361649939,5.640334328,14.89551813,      1225P   2448
-55.709716216,5.534749691,14.89551813,-56.04414749,5.39622383,      1225P   2449
14.89551813,-56.378578764,5.257697969,14.89551813,                  1225P   2450
-56.699358496,5.086237735,14.89551813,-57.000338703,4.88512929,     1225P   2451
14.89551813,-57.301318909,4.684020846,14.89551813,                  1225P   2452
-57.582484706,4.453274138,14.89551813,-57.838447339,                1225P   2453
4.197311598,14.89551813,-58.094409973,3.941349059,14.89551813,      1225P   2454
-58.325156785,3.660183348,14.89551813,-58.52626534,3.359203215,     1225P   2455
14.89551813,-58.727373895,3.058223083,14.89551813,                  1225P   2456
-58.898834248,2.737443414,14.89551813,-59.037360232,                1225P   2457
2.403012191,14.89551813,-59.175886216,2.068580968,14.89551813,      1225P   2458
-59.281470982,1.72051473,14.89551813,-59.352090917,1.365484427,     1225P   2459
14.89551813,-59.422710852,1.010454124,14.89551813,                  1225P   2460
-59.458362464,0.648477314,14.89551813,-59.458362464,                1225P   2461
0.286491553,14.89551813,-53.927626786,5.575354187,14.995704418,     1225P   2462
-54.273782117,5.575354314,14.995704418,-54.619928902,               1225P   2463
5.541261952,14.995704418,-54.959432977,5.473730507,                 1225P   2464
14.995704418,-55.298937052,5.406199061,14.995704418,                1225P   2465
-55.631781629,5.305231871,14.995704418,-55.951587491,               1225P   2466
5.17276405,14.995704418,-56.271393353,5.040296228,14.995704418,     1225P   2467
-56.578144685,4.876334325,14.995704418,-56.865962368,               1225P   2468
4.684020793,14.995704418,-57.153780051,4.491707261,                 1225P   2469
14.995704418,-57.422649852,4.271051612,14.995704418,                1225P   2470
-57.667418679,4.026282875,14.995704418,-57.912187506,               1225P   2471
3.781514138,14.995704418,-58.132843254,3.512644419,                 1225P   2472
14.995704418,-58.325156892,3.224826806,14.995704418,                1225P   2473
-58.51747053,2.937009194,14.995704418,-58.681432546,                1225P   2474
2.630257922,14.995704418,-58.813900486,2.310452109,                 1225P   2475
14.995704418,-58.946368425,1.990646296,14.995704418,                1225P   2476
-59.047335737,1.657801757,14.995704418,-59.114867308,               1225P   2477
1.318297706,14.995704418,-59.182398879,0.978793656,                 1225P   2478
14.995704418,-59.216491368,0.632646884,14.995704418,                1225P   2479
-59.216491368,0.286491553,14.995704418,-53.927626879,               1225P   2480
5.323621827,15.072066595,-54.257306362,5.323621949,                 1225P   2481
15.072066595,-54.586977705,5.29115227,15.072066595,                 1225P   2482
-54.910322509,5.226835098,15.072066595,-55.233667314,               1225P   2483
5.162517926,15.072066595,-55.55066959,5.06635644,15.072066595,      1225P   2484
-55.855253752,4.940193648,15.072066595,-56.159837913,               1225P   2485
4.814030857,15.072066595,-56.451988897,4.657872997,                 1225P   2486
15.072066595,-56.726107411,4.474712953,15.072066595,                1225P   2487
-57.000225924,4.291552909,15.072066595,-57.256298412,               1225P   2488
4.081399739,15.072066595,-57.489417053,3.848281184,                 1225P   2489
15.072066595,-57.722535694,3.615162629,15.072066595,                1225P   2490
-57.932688959,3.359090218,15.072066595,-58.115849104,               1225P   2491
3.084971772,15.072066595,-58.299009249,2.810853325,                 1225P   2492
15.072066595,-58.455167216,2.518702399,15.072066595,                1225P   2493
-58.58133012,2.214118284,15.072066595,-58.707493024,                1225P   2494
1.909534169,15.072066595,-58.803654626,1.592531929,                 1225P   2495
15.072066595,-58.867971918,1.269187148,15.072066595,                1225P   2496
-58.932289209,0.945842367,15.072066595,-58.964759009,               1225P   2497
0.616171036,15.072066595,-58.964759009,0.286491553,                 1225P   2498
15.072066595,-53.927626974,5.066852841,15.123141122,                1225P   2499
-54.240500962,5.066852956,15.123141122,-54.553367225,               1225P   2500
5.036038428,15.123141122,-54.860229447,4.97499984,15.123141122,     1225P   2501
-55.167091668,4.913961252,15.123141122,-55.467934673,               1225P   2502
4.822701622,15.123141122,-55.75699258,4.702970011,15.123141122,     1225P   2503
-56.046050487,4.583238399,15.123141122,-56.323309001,               1225P   2504
4.435040726,15.123141122,-56.583454254,4.261217311,                 1225P   2505
15.123141122,-56.843599508,4.087393897,15.123141122,                1225P   2506
-57.086618636,3.887953337,15.123141122,-57.307853995,               1225P   2507
3.666718059,15.123141122,-57.529089355,3.445482781,                 1225P   2508
15.123141122,-57.728530004,3.202463726,15.123141122,                1225P   2509
-57.902353515,2.942318537,15.123141122,-58.076177025,               1225P   2510
2.682173347,15.123141122,-58.2243748,2.404914888,15.123141122,      1225P   2511
-58.344106518,2.115857025,15.123141122,-58.463838237,               1225P   2512
1.826799163,15.123141122,-58.555097977,1.525956191,                 1225P   2513
15.123141122,-58.616136678,1.219093992,15.123141122,                1225P   2514
-58.677175379,0.912231793,15.123141122,-58.707990023,               1225P   2515
0.599365541,15.123141122,-58.707990023,0.286491553,                 1225P   2516
15.123141122,-53.927627068,4.810083855,15.174215648,                1225P   2517
-54.223695562,4.810083964,15.174215648,-54.519756745,               1225P   2518
4.780924586,15.174215648,-54.810136384,4.723164582,                 1225P   2519
15.174215648,-55.100516022,4.665404578,15.174215648,                1225P   2520
-55.385199756,4.579046804,15.174215648,-55.658731409,               1225P   2521
4.465746373,15.174215648,-55.932263061,4.352445941,                 1225P   2522
15.174215648,-56.194629105,4.212208454,15.174215648,                1225P   2523
-56.440801098,4.047721669,15.174215648,-56.686973091,               1225P   2524
3.883234884,15.174215648,-56.91693886,3.694506935,15.174215648,     1225P   2525
-57.126290938,3.485154934,15.174215648,-57.335643016,               1225P   2526
3.275802934,15.174215648,-57.524371049,3.045837235,                 1225P   2527
15.174215648,-57.688857925,2.799665302,15.174215648,                1225P   2528
-57.853344801,2.553493369,15.174215648,-57.993582384,               1225P   2529
2.291127377,15.174215648,-58.106882917,2.017595767,                 1225P   2530
15.174215648,-58.220183449,1.744064156,15.174215648,                1225P   2531
-58.306541327,1.459380454,15.174215648,-58.364301438,               1225P   2532
1.169000836,15.174215648,-58.42206155,0.878621219,15.174215648,     1225P   2533
-58.451221037,0.582560046,15.174215648,-58.451221037,               1225P   2534
0.286491553,15.174215648,-53.927627165,4.548290941,15.2,            1225P   2535
-54.206561348,4.548291044,15.2,-54.485488644,4.5208192,15.2,        1225P   2536
-54.759063202,4.466401929,15.2,-55.032637761,4.411984657,15.2,      1225P   2537
-55.300846052,4.330624649,15.2,-55.558547665,4.22388123,15.2,       1225P   2538
-55.816249277,4.11713781,15.2,-56.063431465,3.985016259,15.2,       1225P   2539
-56.295356798,3.830048783,15.2,-56.527282131,3.675081307,15.2,      1225P   2540
-56.743939138,3.497275571,15.2,-56.941175427,3.300039355,15.2,      1225P   2541
-57.138411715,3.102803139,15.2,-57.316217531,2.886146197,15.2,      1225P   2542
-57.471185092,2.654220922,15.2,-57.626152653,2.422295646,15.2,      1225P   2543
-57.758274296,2.175113506,15.2,-57.865017811,1.917411933,15.2,      1225P   2544
-57.971761325,1.659710361,15.2,-58.053121432,1.391502099,15.2,      1225P   2545
-58.107538804,1.117927561,15.2,-58.161956176,0.844353022,15.2,      1225P   2546
-58.189428122,0.565425736,15.2,-58.189428122,0.286491553,15.2,      1225P   2547
-53.927627261,4.286491553,15.2,-54.18942671,4.28649165,15.2,        1225P   2548
-54.451219696,4.260707382,15.2,-54.707988758,4.209632926,15.2,      1225P   2549
-54.964757821,4.15855847,15.2,-55.216490263,4.082196351,15.2,       1225P   2550
-55.458361443,3.982010106,15.2,-55.700232624,3.881823861,15.2,      1225P   2551
-55.932230581,3.757818445,15.2,-56.149908901,3.612370514,15.2,      1225P   2552
-56.367587221,3.466922583,15.2,-56.570935139,3.300039331,15.2,      1225P   2553
-56.756055338,3.114919199,15.2,-56.941175538,2.929799067,15.2,      1225P   2554
-57.108058866,2.726451211,15.2,-57.253506877,2.508772945,15.2,      1225P   2555
-57.398954888,2.291094678,15.2,-57.52296039,2.059096766,15.2,       1225P   2556
-57.623146724,1.817225623,15.2,-57.723333058,1.575354479,15.2,      1225P   2557
-57.79969527,1.323622066,15.2,-57.85076982,1.066853022,15.2,        1225P   2558
-57.901844371,0.810083978,15.2,-57.927628735,0.548291002,15.2,      1225P   2559
-57.927628735,0.286491553,15.2,-53.927627358,4.024692165,15.2,      1225P   2560
-54.172292073,4.024692255,15.2,-54.416950747,4.000595565,15.2,      1225P   2561
-54.656914314,3.952863924,15.2,-54.896877881,3.905132283,15.2,      1225P   2562
-55.132134473,3.833768053,15.2,-55.358175222,3.740138982,15.2,      1225P   2563
-55.58421597,3.646509912,15.2,-55.801029697,3.530620631,15.2,       1225P   2564
-56.004461004,3.394692245,15.2,-56.207892312,3.258763859,15.2,      1225P   2565
-56.397931139,3.10280309,15.2,-56.57093525,2.929799042,15.2,        1225P   2566
-56.743939361,2.756794995,15.2,-56.899900201,2.566756225,15.2,      1225P   2567
-57.035828662,2.363324968,15.2,-57.171757123,2.15989371,15.2,       1225P   2568
-57.287646483,1.943080026,15.2,-57.381275637,1.717039312,15.2,      1225P   2569
-57.474904791,1.490998598,15.2,-57.546269108,1.255742032,15.2,      1225P   2570
-57.594000837,1.015778483,15.2,-57.641732566,0.775814934,15.2,      1225P   2571
-57.665829347,0.531156268,15.2,-57.665829347,0.286491553,15.2,      1225P   2572
-53.927627454,3.762899251,15.174215648,-54.155157859,               1225P   2573
3.762899335,15.174215648,-54.382682646,3.740490179,                 1225P   2574
15.174215648,-54.605841133,3.696101271,15.174215648,                1225P   2575
-54.828999619,3.651712362,15.174215648,-55.047780769,               1225P   2576
3.585345898,15.174215648,-55.257991477,3.498273839,                 1225P   2577
15.174215648,-55.468202186,3.411201781,15.174215648,                1225P   2578
-55.669832057,3.303428435,15.174215648,-55.859016704,               1225P   2579
3.177019359,15.174215648,-56.048201351,3.050610282,                 1225P   2580
15.174215648,-56.224931417,2.905571726,15.174215648,                1225P   2581
-56.385819739,2.744683463,15.174215648,-56.546708061,2.5837952,     1225P   2582
15.174215648,-56.691746682,2.407065187,15.174215648,                1225P   2583
-56.818155829,2.217880587,15.174215648,-56.944564975,               1225P   2584
2.028695987,15.174215648,-57.052338395,1.827066155,                 1225P   2585
15.174215648,-57.139410531,1.616855479,15.174215648,                1225P   2586
-57.226482667,1.406644803,15.174215648,-57.292849212,               1225P   2587
1.187863677,15.174215648,-57.337238202,0.964705207,                 1225P   2588
15.174215648,-57.381627193,0.741546737,15.174215648,                1225P   2589
-57.404036433,0.514021958,15.174215648,-57.404036433,               1225P   2590
0.286491553,15.174215648,-53.927627549,3.506130265,                 1225P   2591
15.123141122,-54.138352459,3.506130343,15.123141122,                1225P   2592
-54.349072166,3.485376336,15.123141122,-54.55574807,                1225P   2593
3.444266012,15.123141122,-54.762423973,3.403155688,                 1225P   2594
15.123141122,-54.965045852,3.34169108,15.123141122,                 1225P   2595
-55.159730306,3.261050202,15.123141122,-55.35441476,                1225P   2596
3.180409323,15.123141122,-55.541152161,3.080596164,                 1225P   2597
15.123141122,-55.716363548,2.963523716,15.123141122,                1225P   2598
-55.891574934,2.846451269,15.123141122,-56.055251641,               1225P   2599
2.712125324,15.123141122,-56.204256682,2.563120339,                 1225P   2600
15.123141122,-56.353261722,2.414115353,15.123141122,                1225P   2601
-56.487587727,2.250438696,15.123141122,-56.604660239,               1225P   2602
2.075227352,15.123141122,-56.721732751,1.900016009,                 1225P   2603
15.123141122,-56.821545979,1.713278645,15.123141122,                1225P   2604
-56.902186929,1.51859422,15.123141122,-56.982827879,                1225P   2605
1.323909796,15.123141122,-57.044292563,1.12128794,15.123141122,     1225P   2606
-57.085402963,0.914612052,15.123141122,-57.126513363,               1225P   2607
0.707936163,15.123141122,-57.147267447,0.497216463,                 1225P   2608
15.123141122,-57.147267447,0.286491553,15.123141122,                1225P   2609
-53.927627643,3.249361279,15.072066595,-54.121547059,               1225P   2610
3.249361351,15.072066595,-54.315461686,3.230262494,                 1225P   2611
15.072066595,-54.505655007,3.192430754,15.072066595,                1225P   2612
-54.695848328,3.154599014,15.072066595,-54.882310935,               1225P   2613
3.098036262,15.072066595,-55.061469135,3.023826564,                 1225P   2614
15.072066595,-55.240627334,2.949616866,15.072066595,                1225P   2615
-55.412472265,2.857763892,15.072066595,-55.573710392,               1225P   2616
2.750028074,15.072066595,-55.734948518,2.642292257,                 1225P   2617
15.072066595,-55.885571865,2.518678922,15.072066595,                1225P   2618
-56.022693624,2.381557214,15.072066595,-56.159815383,               1225P   2619
2.244435505,15.072066595,-56.283428772,2.093812204,                 1225P   2620
15.072066595,-56.39116465,1.932574117,15.072066595,                 1225P   2621
-56.498900527,1.771336031,15.072066595,-56.590753564,               1225P   2622
1.599491134,15.072066595,-56.664963328,1.420332962,                 1225P   2623
15.072066595,-56.739173092,1.241174789,15.072066595,                1225P   2624
-56.795735913,1.054712202,15.072066595,-56.833567723,               1225P   2625
0.864518896,15.072066595,-56.871399533,0.674325589,                 1225P   2626
15.072066595,-56.890498461,0.480410969,15.072066595,                1225P   2627
-56.890498461,0.286491553,15.072066595,-53.927627736,               1225P   2628
2.99762892,14.995704418,-54.105071303,2.997628985,14.995704418,     1225P   2629
-54.282510489,2.980152812,14.995704418,-54.456544539,               1225P   2630
2.945535346,14.995704418,-54.63057859,2.910917879,14.995704418,     1225P   2631
-54.801198897,2.859160831,14.995704418,-54.965135396,               1225P   2632
2.791256163,14.995704418,-55.129071894,2.723351494,                 1225P   2633
14.995704418,-55.286316477,2.639302565,14.995704418,                1225P   2634
-55.433855434,2.540720235,14.995704418,-55.581394391,               1225P   2635
2.442137905,14.995704418,-55.719220425,2.329027049,                 1225P   2636
14.995704418,-55.844691998,2.203555523,14.995704418,                1225P   2637
-55.970163571,2.078083996,14.995704418,-56.083274477,               1225P   2638
1.940258003,14.995704418,-56.181856862,1.792719083,                 1225P   2639
14.995704418,-56.280439246,1.645180162,14.995704418,                1225P   2640
-56.364488233,1.487935611,14.995704418,-56.432392962,               1225P   2641
1.323999137,14.995704418,-56.50029769,1.160062663,14.995704418,     1225P   2642
-56.552054802,0.989442375,14.995704418,-56.586672333,               1225P   2643
0.815408337,14.995704418,-56.621289863,0.6413743,14.995704418,      1225P   2644
-56.638766101,0.46393512,14.995704418,-56.638766101,                1225P   2645
0.286491553,14.995704418,-53.927627825,2.755757824,14.89551813,     1225P   2646
-54.089240962,2.755757883,14.89551813,-54.25085011,2.739840828,     1225P   2647
14.89551813,-54.409357906,2.70831172,14.89551813,-54.567865702,     1225P   2648
2.676782612,14.89551813,-54.723264309,2.629643011,14.89551813,      1225P   2649
-54.872575396,2.567796382,14.89551813,-55.021886483,                1225P   2650
2.505949753,14.89551813,-55.165102666,2.429399155,14.89551813,      1225P   2651
-55.299479099,2.339611738,14.89551813,-55.433855533,2.24982432,     1225P   2652
14.89551813,-55.559385571,2.146804523,14.89551813,                  1225P   2653
-55.673663338,2.032526799,14.89551813,-55.787941104,                1225P   2654
1.918249075,14.89551813,-55.890960947,1.792719074,14.89551813,      1225P   2655
-55.980748414,1.658342674,14.89551813,-56.070535881,                1225P   2656
1.523966274,14.89551813,-56.147086531,1.380750119,14.89551813,      1225P   2657
-56.208933215,1.231439055,14.89551813,-56.270779899,                1225P   2658
1.082127991,14.89551813,-56.317919558,0.926729401,14.89551813,      1225P   2659
-56.349448724,0.768221616,14.89551813,-56.38097789,0.609713832,     1225P   2660
14.89551813,-56.396895005,0.44810469,14.89551813,-56.396895005,     1225P   2661
0.286491553,14.89551813,-53.927627914,2.513886728,14.795331842,     1225P   2662
-54.073410622,2.513886781,14.795331842,-54.21918973,                1225P   2663
2.499528843,14.795331842,-54.362171272,2.471088094,                 1225P   2664
14.795331842,-54.505152815,2.442647345,14.795331842,                1225P   2665
-54.645329722,2.400125191,14.795331842,-54.780015397,               1225P   2666
2.344336601,14.795331842,-54.914701072,2.288548012,                 1225P   2667
14.795331842,-55.043888855,2.219495745,14.795331842,                1225P   2668
-55.165102764,2.13850324,14.795331842,-55.286316674,                1225P   2669
2.057510735,14.795331842,-55.399550717,1.964581998,                 1225P   2670
14.795331842,-55.502634677,1.861498075,14.795331842,                1225P   2671
-55.605718637,1.758414153,14.795331842,-55.698647416,               1225P   2672
1.645180145,14.795331842,-55.779639966,1.523966265,                 1225P   2673
14.795331842,-55.860632515,1.402752385,14.795331842,                1225P   2674
-55.929684829,1.273564628,14.795331842,-55.985473469,               1225P   2675
1.138878973,14.795331842,-56.041262108,1.004193319,                 1225P   2676
14.795331842,-56.083784314,0.864016428,14.795331842,                1225P   2677
-56.112225115,0.721034896,14.795331842,-56.140665917,               1225P   2678
0.578053363,14.795331842,-56.155023909,0.432274261,                 1225P   2679
14.795331842,-56.155023909,0.286491553,14.795331842,-53.927628,     1225P   2680
2.281888857,14.671326396,-54.058226478,2.281888905,                 1225P   2681
14.671326396,-54.188821733,2.26902644,14.671326396,                 1225P   2682
-54.316910806,2.243547982,14.671326396,-54.44499988,                1225P   2683
2.218069524,14.671326396,-54.570576439,2.179976333,                 1225P   2684
14.671326396,-54.691233714,2.129998492,14.671326396,                1225P   2685
-54.81189099,2.080020651,14.671326396,-54.927623014,                1225P   2686
2.018160633,14.671326396,-55.036211698,1.945604031,                 1225P   2687
14.671326396,-55.144800381,1.873047428,14.671326396,                1225P   2688
-55.246240352,1.78979783,14.671326396,-55.338587439,                1225P   2689
1.697450777,14.671326396,-55.430934526,1.605103724,                 1225P   2690
14.671326396,-55.514184162,1.503663784,14.671326396,                1225P   2691
-55.586740804,1.395075127,14.671326396,-55.659297446,               1225P   2692
1.286486471,14.671326396,-55.721157507,1.170754469,                 1225P   2693
14.671326396,-55.771135392,1.050097212,14.671326396,                1225P   2694
-55.821113277,0.929439955,14.671326396,-55.859206515,               1225P   2695
0.80386341,14.671326396,-55.88468502,0.675774346,14.671326396,      1225P   2696
-55.910163526,0.547685281,14.671326396,-55.923026038,               1225P   2697
0.417090032,14.671326396,-55.923026038,0.286491553,                 1225P   2698
14.671326396,-53.92762808,2.064210621,14.525878449,                 1225P   2699
-54.043979548,2.064210664,14.525878449,-54.160328143,               1225P   2700
2.052751368,14.525878449,-54.274443958,2.030052359,                 1225P   2701
14.525878449,-54.388559773,2.007353351,14.525878449,                1225P   2702
-54.500437163,1.973415752,14.525878449,-54.607931916,               1225P   2703
1.928890002,14.525878449,-54.715426668,1.884364253,                 1225P   2704
14.525878449,-54.818533466,1.829252555,14.525878449,                1225P   2705
-54.915276191,1.764611165,14.525878449,-55.012018916,               1225P   2706
1.699969775,14.525878449,-55.102392784,1.62580189,14.525878449,     1225P   2707
-55.184665711,1.543528993,14.525878449,-55.266938638,               1225P   2708
1.461256096,14.525878449,-55.341106557,1.370882255,                 1225P   2709
14.525878449,-55.405747982,1.274139554,14.525878449,                1225P   2710
-55.470389408,1.177396853,14.525878449,-55.525501144,               1225P   2711
1.074290075,14.525878449,-55.570026933,0.966795339,                 1225P   2712
14.525878449,-55.614552723,0.859300603,14.525878449,                1225P   2713
-55.648490363,0.747423225,14.525878449,-55.671189413,               1225P   2714
0.633307419,14.525878449,-55.693888464,0.519191612,                 1225P   2715
14.525878449,-55.705347803,0.402843021,14.525878449,                1225P   2716
-55.705347803,0.286491553,14.525878449,-53.92762816,                1225P   2717
1.846532386,14.380430502,-54.029732618,1.846532423,                 1225P   2718
14.380430502,-54.131834554,1.836476296,14.380430502,                1225P   2719
-54.23197711,1.816556737,14.380430502,-54.332119665,                1225P   2720
1.796637177,14.380430502,-54.430297887,1.766855171,                 1225P   2721
14.380430502,-54.524630117,1.727781513,14.380430502,                1225P   2722
-54.618962346,1.688707855,14.380430502,-54.709443918,               1225P   2723
1.640344477,14.380430502,-54.794340685,1.583618299,                 1225P   2724
14.380430502,-54.879237452,1.526892121,14.380430502,                1225P   2725
-54.958545215,1.461805949,14.380430502,-55.030743983,               1225P   2726
1.389607208,14.380430502,-55.102942751,1.317408467,                 1225P   2727
14.380430502,-55.168028952,1.238100727,14.380430502,                1225P   2728
-55.224755161,1.153203981,14.380430502,-55.28148137,                1225P   2729
1.068307235,14.380430502,-55.329844782,0.977825681,                 1225P   2730
14.380430502,-55.368918475,0.883493466,14.380430502,                1225P   2731
-55.407992168,0.789161251,14.380430502,-55.43777421,0.69098304,     1225P   2732
14.380430502,-55.457693806,0.590840492,14.380430502,                1225P   2733
-55.477613402,0.490697944,14.380430502,-55.487669567,               1225P   2734
0.388596011,14.380430502,-55.487669567,0.286491553,                 1225P   2735
14.380430502,-53.927628235,1.643184551,14.213547247,                1225P   2736
-54.016423605,1.643184583,14.213547247,-54.105216782,               1225P   2737
1.63443925,14.213547247,-54.19230598,1.617116161,14.213547247,      1225P   2738
-54.279395177,1.599793071,14.213547247,-54.364776087,               1225P   2739
1.573893083,14.213547247,-54.446812321,1.539912589,                 1225P   2740
14.213547247,-54.528848556,1.505932095,14.213547247,                1225P   2741
-54.607536057,1.463872775,14.213547247,-54.68136672,                1225P   2742
1.414540727,14.213547247,-54.755197383,1.36520868,14.213547247,     1225P   2743
-54.824167557,1.308606345,14.213547247,-54.886955377,               1225P   2744
1.245818548,14.213547247,-54.949743196,1.183030752,                 1225P   2745
14.213547247,-55.006345557,1.114060599,14.213547247,                1225P   2746
-55.055677631,1.040229954,14.213547247,-55.105009706,               1225P   2747
0.966399309,14.213547247,-55.147069055,0.887711823,                 1225P   2748
14.213547247,-55.181049579,0.805675602,14.213547247,                1225P   2749
-55.215030104,0.72363938,14.213547247,-55.240930123,                1225P   2750
0.638258479,14.213547247,-55.258253245,0.551169288,                 1225P   2751
14.213547247,-55.275576366,0.464080097,14.213547247,                1225P   2752
-55.284321732,0.375286923,14.213547247,-55.284321732,               1225P   2753
0.286491553,14.213547247,-53.927628303,1.458064428,                 1225P   2754
14.028427125,-54.004307586,1.458064457,14.028427125,                1225P   2755
-54.080984977,1.45051242,14.028427125,-54.156190894,                1225P   2756
1.435553058,14.028427125,-54.231396811,1.420593696,                 1225P   2757
14.028427125,-54.305127536,1.398227749,14.028427125,                1225P   2758
-54.375969965,1.368883877,14.028427125,-54.446812393,               1225P   2759
1.339540005,14.028427125,-54.514763022,1.30321966,14.028427125,     1225P   2760
-54.578519526,1.260618947,14.028427125,-54.64227603,                1225P   2761
1.218018235,14.028427125,-54.701835256,1.169139262,                 1225P   2762
14.028427125,-54.756055707,1.11491883,14.028427125,                 1225P   2763
-54.810276158,1.060698399,14.028427125,-54.859155153,               1225P   2764
1.001139191,14.028427125,-54.901755889,0.937382703,                 1225P   2765
14.028427125,-54.944356625,0.873626215,14.028427125,                1225P   2766
-54.980676996,0.8056756,14.028427125,-55.010020894,0.734833182,     1225P   2767
14.028427125,-55.039364792,0.663990764,14.028427125,                1225P   2768
-55.061730766,0.590260047,14.028427125,-55.076690155,               1225P   2769
0.515054136,14.028427125,-55.091649545,0.439848224,                 1225P   2770
14.028427125,-55.09920161,0.363170836,14.028427125,                 1225P   2771
-55.09920161,0.286491553,14.028427125,-53.927628371,                1225P   2772
1.272944306,13.843307002,-53.992191568,1.27294433,13.843307002,     1225P   2773
-54.056753171,1.266585589,13.843307002,-54.120075808,               1225P   2774
1.253989955,13.843307002,-54.183398445,1.24139432,13.843307002,     1225P   2775
-54.245478985,1.222562415,13.843307002,-54.305127608,               1225P   2776
1.197855166,13.843307002,-54.364776231,1.173147916,                 1225P   2777
13.843307002,-54.421989987,1.142566545,13.843307002,                1225P   2778
-54.475672332,1.106697167,13.843307002,-54.529354676,               1225P   2779
1.070827789,13.843307002,-54.579502954,1.029672178,                 1225P   2780
13.843307002,-54.625156037,0.984019112,13.843307002,                1225P   2781
-54.67080912,0.938366047,13.843307002,-54.711964749,                1225P   2782
0.888217783,13.843307002,-54.747834147,0.834535452,                 1225P   2783
13.843307002,-54.783703545,0.780853121,13.843307002,                1225P   2784
-54.814284937,0.723639376,13.843307002,-54.838992208,               1225P   2785
0.663990762,13.843307002,-54.863699479,0.604342149,                 1225P   2786
13.843307002,-54.882531408,0.542261615,13.843307002,                1225P   2787
-54.895127066,0.478938983,13.843307002,-54.907722723,               1225P   2788
0.41561635,13.843307002,-54.914081488,0.35105475,13.843307002,      1225P   2789
-54.914081488,0.286491553,13.843307002,-53.927628433,               1225P   2790
1.106061051,13.639959168,-53.981269144,1.106061071,                 1225P   2791
13.639959168,-54.03490853,1.100778071,13.639959168,                 1225P   2792
-54.087518553,1.090313304,13.639959168,-54.140128576,               1225P   2793
1.079848538,13.639959168,-54.191706633,1.064202522,                 1225P   2794
13.639959168,-54.241264194,1.043675124,13.639959168,                1225P   2795
-54.290821754,1.023147727,13.639959168,-54.338356367,               1225P   2796
0.997739962,13.639959168,-54.382956995,0.96793879,13.639959168,     1225P   2797
-54.427557622,0.938137619,13.639959168,-54.46922206,                1225P   2798
0.903944513,13.639959168,-54.507151777,0.866014809,                 1225P   2799
13.639959168,-54.545081495,0.828085106,13.639959168,                1225P   2800
-54.579274616,0.786420681,13.639959168,-54.609075804,               1225P   2801
0.741820064,13.639959168,-54.638876993,0.697219447,                 1225P   2802
13.639959168,-54.664284774,0.649684844,13.639959168,                1225P   2803
-54.68481219,0.600127291,13.639959168,-54.705339606,                1225P   2804
0.550569738,13.639959168,-54.720985641,0.498991686,                 1225P   2805
13.639959168,-54.731450427,0.446381667,13.639959168,                1225P   2806
-54.741915213,0.393771648,13.639959168,-54.747198232,               1225P   2807
0.340132264,13.639959168,-54.747198232,0.286491553,                 1225P   2808
13.639959168,-53.927628486,0.960613104,13.422280932,                1225P   2809
-53.971749649,0.96061312,13.422280932,-54.015869722,                1225P   2810
0.956267688,13.422280932,-54.059143112,0.94766009,13.422280932,     1225P   2811
-54.102416502,0.939052492,13.422280932,-54.144841068,               1225P   2812
0.926183154,13.422280932,-54.185603711,0.909298728,                 1225P   2813
13.422280932,-54.226366355,0.892414301,13.422280932,                1225P   2814
-54.265465061,0.87151562,13.422280932,-54.302150473,                1225P   2815
0.847003224,13.422280932,-54.338835884,0.822490828,                 1225P   2816
13.422280932,-54.373106188,0.794365928,13.422280932,                1225P   2817
-54.404304567,0.763167561,13.422280932,-54.435502946,               1225P   2818
0.731969193,13.422280932,-54.463627858,0.6976989,13.422280932,      1225P   2819
-54.488140267,0.661013498,13.422280932,-54.512652677,               1225P   2820
0.624328095,13.422280932,-54.533551372,0.585229397,                 1225P   2821
13.422280932,-54.550435814,0.544466759,13.422280932,                1225P   2822
-54.567320256,0.503704122,13.422280932,-54.580189609,               1225P   2823
0.46127956,13.422280932,-54.588797223,0.418006174,13.422280932,     1225P   2824
-54.597404837,0.374732787,13.422280932,-54.601750285,               1225P   2825
0.330612716,13.422280932,-54.601750285,0.286491553,                 1225P   2826
13.422280932,-53.92762854,0.815165157,13.204602697,                 1225P   2827
-53.962230155,0.81516517,13.204602697,-53.996830915,                1225P   2828
0.811757304,13.204602697,-54.030767671,0.805006875,                 1225P   2829
13.204602697,-54.064704428,0.798256446,13.204602697,                1225P   2830
-54.097975502,0.788163787,13.204602697,-54.129943229,               1225P   2831
0.774922331,13.204602697,-54.161910956,0.761680875,                 1225P   2832
13.204602697,-54.192573755,0.745291278,13.204602697,                1225P   2833
-54.221343951,0.726067657,13.204602697,-54.250114146,               1225P   2834
0.706844037,13.204602697,-54.276990315,0.684787344,                 1225P   2835
13.204602697,-54.301457356,0.660320312,13.204602697,                1225P   2836
-54.325924397,0.635853281,13.204602697,-54.3479811,0.60897712,      1225P   2837
13.204602697,-54.367204731,0.580206931,13.204602697,                1225P   2838
-54.386428362,0.551436743,13.204602697,-54.402817971,               1225P   2839
0.52077395,13.204602697,-54.416059438,0.488806227,13.204602697,     1225P   2840
-54.429300906,0.456838505,13.204602697,-54.439393577,               1225P   2841
0.423567435,13.204602697,-54.446144019,0.389630681,                 1225P   2842
13.204602697,-54.45289446,0.355693927,13.204602697,                 1225P   2843
-54.456302339,0.321093168,13.204602697,-54.456302339,               1225P   2844
0.286491553,13.204602697,-53.927628586,0.691159711,                 1225P   2845
12.972604825,-53.954114061,0.691159721,12.972604825,                1225P   2846
-53.980598882,0.688551203,12.972604825,-54.006575448,               1225P   2847
0.683384152,12.972604825,-54.032552014,0.6782171,12.972604825,      1225P   2848
-54.05801904,0.670491771,12.972604825,-54.082488431,                1225P   2849
0.660356225,12.972604825,-54.106957822,0.650220679,                 1225P   2850
12.972604825,-54.130428369,0.637675418,12.972604825,                1225P   2851
-54.15245024,0.622960882,12.972604825,-54.174472111,                1225P   2852
0.608246345,12.972604825,-54.195044218,0.59136326,12.972604825,     1225P   2853
-54.213772281,0.572635205,12.972604825,-54.232500343,               1225P   2854
0.553907149,12.972604825,-54.249383436,0.533335048,                 1225P   2855
12.972604825,-54.26409798,0.511313183,12.972604825,                 1225P   2856
-54.278812525,0.489291317,12.972604825,-54.291357794,               1225P   2857
0.465820775,12.972604825,-54.301493349,0.441351387,                 1225P   2858
12.972604825,-54.311628904,0.416882,12.972604825,-54.319354243,     1225P   2859
0.391414977,12.972604825,-54.324521304,0.365438413,                 1225P   2860
12.972604825,-54.329688365,0.339461849,12.972604825,                1225P   2861
-54.332296893,0.312977028,12.972604825,-54.332296893,               1225P   2862
0.286491553,12.972604825,-53.927628623,0.590973423,                 1225P   2863
12.730733729,-53.947556919,0.59097343,12.730733729,                 1225P   2864
-53.967484723,0.58901072,12.730733729,-53.987030104,                1225P   2865
0.585122908,12.730733729,-54.006575486,0.581235097,                 1225P   2866
12.730733729,-54.025737477,0.575422377,12.730733729,                1225P   2867
-54.044148824,0.567796153,12.730733729,-54.062560171,               1225P   2868
0.560169929,12.730733729,-54.080219964,0.550730579,                 1225P   2869
12.730733729,-54.09678974,0.539659014,12.730733729,                 1225P   2870
-54.113359515,0.52858745,12.730733729,-54.128838454,                1225P   2871
0.515884219,12.730733729,-54.14292989,0.501792788,12.730733729,     1225P   2872
-54.157021326,0.487701357,12.730733729,-54.169724563,               1225P   2873
0.472222423,12.730733729,-54.180796134,0.455652652,                 1225P   2874
12.730733729,-54.191867704,0.43908288,12.730733729,                 1225P   2875
-54.201307061,0.421423091,12.730733729,-54.208933292,               1225P   2876
0.403011746,12.730733729,-54.216559522,0.384600402,                 1225P   2877
12.730733729,-54.222372249,0.365438413,12.730733729,                1225P   2878
-54.226260068,0.345893033,12.730733729,-54.230147887,               1225P   2879
0.326347653,12.730733729,-54.232110605,0.30641985,12.730733729,     1225P   2880
-54.232110605,0.286491553,12.730733729,-53.927628659,               1225P   2881
0.490787135,12.488862633,-53.940999777,0.49078714,12.488862633,     1225P   2882
-53.954370565,0.489470237,12.488862633,-53.967484761,               1225P   2883
0.486861665,12.488862633,-53.980598957,0.484253094,                 1225P   2884
12.488862633,-53.993455914,0.480352983,12.488862633,                1225P   2885
-54.005809217,0.475236081,12.488862633,-54.01816252,                1225P   2886
0.470119179,12.488862633,-54.03001156,0.46378574,12.488862633,      1225P   2887
-54.041129239,0.456357147,12.488862633,-54.052246919,               1225P   2888
0.448928555,12.488862633,-54.062632689,0.440405177,                 1225P   2889
12.488862633,-54.072087499,0.430950371,12.488862633,                1225P   2890
-54.081542309,0.421495565,12.488862633,-54.090065691,               1225P   2891
0.411109797,12.488862633,-54.097494287,0.39999212,12.488862633,     1225P   2892
-54.104922884,0.388874443,12.488862633,-54.111256328,               1225P   2893
0.377025406,12.488862633,-54.116373234,0.364672105,                 1225P   2894
12.488862633,-54.12149014,0.352318803,12.488862633,                 1225P   2895
-54.125390256,0.339461848,12.488862633,-54.127998832,               1225P   2896
0.326347653,12.488862633,-54.130607408,0.313233458,                 1225P   2897
12.488862633,-54.131924316,0.299862671,12.488862633,                1225P   2898
-54.131924316,0.286491553,12.488862633,-53.927628688,               1225P   2899
0.414424958,12.237130274,-53.936001911,0.414424961,                 1225P   2900
12.237130274,-53.944374928,0.413600294,12.237130274,                1225P   2901
-53.952587263,0.411966762,12.237130274,-53.960799599,               1225P   2902
0.41033323,12.237130274,-53.968850846,0.407890913,12.237130274,     1225P   2903
-53.976586697,0.404686621,12.237130274,-53.984322548,               1225P   2904
0.401482329,12.237130274,-53.99174262,0.397516221,12.237130274,     1225P   2905
-53.998704702,0.392864308,12.237130274,-54.005666784,               1225P   2906
0.388212396,12.237130274,-54.012170532,0.38287491,12.237130274,     1225P   2907
-54.018091296,0.376954148,12.237130274,-54.024012061,               1225P   2908
0.371033386,12.237130274,-54.029349549,0.36452964,12.237130274,     1225P   2909
-54.034001464,0.35756756,12.237130274,-54.038653379,                1225P   2910
0.350605479,12.237130274,-54.04261949,0.343185408,12.237130274,     1225P   2911
-54.045823785,0.335449559,12.237130274,-54.04902808,                1225P   2912
0.327713709,12.237130274,-54.051470399,0.319662463,                 1225P   2913
12.237130274,-54.053103934,0.311450128,12.237130274,                1225P   2914
-54.05473747,0.303237794,12.237130274,-54.05556214,0.294864777,     1225P   2915
12.237130274,-54.05556214,0.286491553,12.237130274,                 1225P   2916
-53.927628706,0.363350431,11.980361288,-53.932659109,               1225P   2917
0.363350433,11.980361288,-53.937689388,0.362854996,                 1225P   2918
11.980361288,-53.942623134,0.361873615,11.980361288,                1225P   2919
-53.947556879,0.360892233,11.980361288,-53.952393848,               1225P   2920
0.359424956,11.980361288,-53.957041334,0.357499906,                 1225P   2921
11.980361288,-53.961688821,0.355574855,11.980361288,                1225P   2922
-53.966146597,0.353192126,11.980361288,-53.970329225,               1225P   2923
0.350397385,11.980361288,-53.974511853,0.347602644,                 1225P   2924
11.980361288,-53.978419126,0.344396029,11.980361288,                1225P   2925
-53.981976159,0.340838997,11.980361288,-53.985533192,               1225P   2926
0.337281966,11.980361288,-53.988739808,0.333374694,                 1225P   2927
11.980361288,-53.991534551,0.329192067,11.980361288,                1225P   2928
-53.994329293,0.32500944,11.980361288,-53.996712024,                1225P   2929
0.320551665,11.980361288,-53.998637077,0.315904179,                 1225P   2930
11.980361288,-54.000562129,0.311256693,11.980361288,                1225P   2931
-54.002029407,0.306419725,11.980361288,-54.003010791,               1225P   2932
0.30148598,11.980361288,-54.003992174,0.296552235,11.980361288,     1225P   2933
-54.004487613,0.291521956,11.980361288,-54.004487613,               1225P   2934
0.286491553,11.980361288,-53.927628725,0.312275905,                 1225P   2935
11.723592302,-53.929316307,0.312275905,11.723592302,                1225P   2936
-53.931003848,0.312109698,11.723592302,-53.932659004,               1225P   2937
0.311780467,11.723592302,-53.93431416,0.311451237,11.723592302,     1225P   2938
-53.935936849,0.310959,11.723592302,-53.937495972,0.31031319,       1225P   2939
11.723592302,-53.939055095,0.309667381,11.723592302,                1225P   2940
-53.940550574,0.308868031,11.723592302,-53.941953748,               1225P   2941
0.307930461,11.723592302,-53.943356922,0.306992891,                 1225P   2942
11.723592302,-53.94466772,0.305917147,11.723592302,                 1225P   2943
-53.945861021,0.304723846,11.723592302,-53.947054322,               1225P   2944
0.303530546,11.723592302,-53.948130067,0.302219747,                 1225P   2945
11.723592302,-53.949067637,0.300816574,11.723592302,                1225P   2946
-53.950005208,0.299413401,11.723592302,-53.950804558,               1225P   2947
0.297917922,11.723592302,-53.951450368,0.296358799,                 1225P   2948
11.723592302,-53.952096178,0.294799677,11.723592302,                1225P   2949
-53.952588416,0.293176988,11.723592302,-53.952917647,               1225P   2950
0.291521832,11.723592302,-53.953246878,0.289866676,                 1225P   2951
11.723592302,-53.953413086,0.288179135,11.723592302,                1225P   2952
-53.953413086,0.286491553,11.723592302,-53.927628735,               1225P   2953
0.286491553,11.461799388,-53.927628735,0.286491553,                 1225P   2954
11.461799388,-53.927628735,0.286491553,11.461799388,                1225P   2955
-53.927628735,0.286491553,11.461799388,-53.927628735,               1225P   2956
0.286491553,11.461799388,-53.927628735,0.286491553,                 1225P   2957
11.461799388,-53.927628735,0.286491553,11.461799388,                1225P   2958
-53.927628735,0.286491553,11.461799388,-53.927628735,               1225P   2959
0.286491553,11.461799388,-53.927628735,0.286491553,                 1225P   2960
11.461799388,-53.927628735,0.286491553,11.461799388,                1225P   2961
-53.927628735,0.286491553,11.461799388,-53.927628735,               1225P   2962
0.286491553,11.461799388,-53.927628735,0.286491553,                 1225P   2963
11.461799388,-53.927628735,0.286491553,11.461799388,                1225P   2964
-53.927628735,0.286491553,11.461799388,-53.927628735,               1225P   2965
0.286491553,11.461799388,-53.927628735,0.286491553,                 1225P   2966
11.461799388,-53.927628735,0.286491553,11.461799388,                1225P   2967
-53.927628735,0.286491553,11.461799388,-53.927628735,               1225P   2968
0.286491553,11.461799388,-53.927628735,0.286491553,                 1225P   2969
11.461799388,-53.927628735,0.286491553,11.461799388,                1225P   2970
-53.927628735,0.286491553,11.461799388,-53.927628735,               1225P   2971
0.286491553,11.461799388,-53.927628735,0.286491553,11.2,            1225P   2972
-53.927628735,0.286491553,11.2,-53.927628735,0.286491553,11.2,      1225P   2973
-53.927628735,0.286491553,11.2,-53.927628735,0.286491553,11.2,      1225P   2974
-53.927628735,0.286491553,11.2,-53.927628735,0.286491553,11.2,      1225P   2975
-53.927628735,0.286491553,11.2,-53.927628735,0.286491553,11.2,      1225P   2976
-53.927628735,0.286491553,11.2,-53.927628735,0.286491553,11.2,      1225P   2977
-53.927628735,0.286491553,11.2,-53.927628735,0.286491553,11.2,      1225P   2978
-53.927628735,0.286491553,11.2,-53.927628735,0.286491553,11.2,      1225P   2979
-53.927628735,0.286491553,11.2,-53.927628735,0.286491553,11.2,      1225P   2980
-53.927628735,0.286491553,11.2,-53.927628735,0.286491553,11.2,      1225P   2981
-53.927628735,0.286491553,11.2,-53.927628735,0.286491553,11.2,      1225P   2982
-53.927628735,0.286491553,11.2,-53.927628735,0.286491553,11.2,      1225P   2983
-53.927628735,0.286491553,11.2,-53.927628735,0.286491553,11.2,      1225P   2984
1.57079595842547,3.14159265358979,-3.14159265358979,                1225P   2985
3.14159265358979;                                                   1225P   2986
126,1,1,1,0,1,0,0.,0.,1.,1.,1.,1.,3.141592654,-3.141592654,0.,      1227P   2987
3.141592654,0.,0.,0.,1.,0.,0.,1.;                                   1227P   2988
124,1.,-1.61571553321109E-014,2.19122997673835E-015,                1229P   2989
-1.8736220117248E-014,-2.19122997673835E-015,                       1229P   2990
6.12323399574031E-017,1.,-10.9135084468907,                         1229P   2991
-1.61571553321109E-014,-1.,6.12323399573677E-017,                   1229P   2992
11.4864915531085;                                                   1229P   2993
100,11.2,-57.927628735,0.286491553,-53.927628735,0.286491553,       1231P   2994
-61.927628735,0.286491553;                                          1231P   2995
126,1,1,1,0,1,0,0.,0.,1.,1.,1.,1.,3.141592654,0.,0.,                1233P   2996
3.141592654,3.141592654,0.,0.,1.,0.,0.,1.;                          1233P   2997
124,-1.,2.06876529682361E-015,2.19122997673835E-015,                1235P   2998
-115.855257469359,2.19122997673835E-015,-6.12323399573722E-017,     1235P   2999
1.,-10.9135084468904,2.06876529682361E-015,1.,                      1235P   3000
6.12323399573677E-017,10.9135084468907;                             1235P   3001
100,11.2,-57.927628735,0.286491553,-53.927628735,0.286491553,       1237P   3002
-61.927628735,0.286491553;                                          1237P   3003
126,1,1,1,0,1,0,0.,0.,1.,1.,1.,1.,3.141592654,3.141592654,0.,       1239P   3004
1.570795958,3.141592654,0.,0.,1.,0.,0.,1.;                          1239P   3005
126,1,1,1,0,1,0,0.,0.,1.,1.,1.,1.,1.570795958,3.141592654,0.,       1241P   3006
1.570795958,0.,0.,0.,1.,0.,0.,1.;                                   1241P   3007
124,-3.6836942386464E-007,6.12375113468331E-017,                    1243P   3008
-0.999999999999932,-42.7276471264918,-0.999999999999932,            1243P   3009
1.40385957952408E-014,3.6836942386464E-007,-49.6411398338268,       1243P   3010
1.40385958481804E-014,1.,6.12323399573677E-017,                     1243P   3011
6.91350844689155;                                                   1243P   3012
100,11.2,-53.927627261,4.286491553,-49.927627261,4.286491553,       1245P   3013
-57.927627261,4.286491553;                                          1245P   3014
126,1,1,1,0,1,0,0.,0.,1.,1.,1.,1.,1.570795958,0.,0.,                1247P   3015
1.570795958,-3.141592654,0.,0.,1.,0.,0.,1.;                         1247P   3016
124,3.6836942386464E-007,-6.12324852036113E-017,                    1249P   3017
-0.999999999999932,-42.7276073959138,0.999999999999932,             1249P   3018
-3.94295001617179E-016,3.6836942386464E-007,58.21411468857,         1249P   3019
-3.94295054556738E-016,-1.,6.12323399573677E-017,                   1249P   3020
15.4864915531092;                                                   1249P   3021
100,11.2,-53.927627261,4.286491553,-49.927627261,4.286491553,       1251P   3022
-57.927627261,4.286491553;                                          1251P   3023
102,5,1227,1233,1239,1241,1247;                                     1253P   3024
102,4,1231,1237,1245,1251;                                          1255P   3025
142,1,1225,1253,1255,1;                                             1257P   3026
144,1225,1,0,1257;                                                  1259P   3027
110,-57.927628735,0.286491553,11.2,-57.927628735,                   1261P   3028
-999.713508447,11.2;                                                1261P   3029
110,-53.927628735,0.286491553,11.2,-53.927628735,-9.713506973,      1263P   3030
11.2;                                                               1263P   3031
120,1261,1263,0.,6.28318530717959;                                  1265P   3032
126,1,1,1,0,1,0,0.,0.,1.,1.,1.,1.,1.,3.141592654,0.,0.,             1267P   3033
3.141592654,0.,0.,1.,0.,0.,1.;                                      1267P   3034
110,-61.927628735,-9.713506973,11.2,-61.927628735,0.286491553,      1269P   3035
11.2;                                                               1269P   3036
126,1,1,1,0,1,0,0.,0.,1.,1.,1.,1.,0.,3.141592654,0.,0.,             1271P   3037
6.283185307,0.,0.,1.,0.,0.,1.;                                      1271P   3038
124,-1.,2.06876529682361E-015,-2.19122997673835E-015,               1273P   3039
-115.855257469359,2.19122997673835E-015,-6.12323399573722E-017,     1273P   3040
-1.,11.4864915531096,-2.06876529682361E-015,-1.,                    1273P   3041
6.12323399573677E-017,11.4864915531093;                             1273P   3042
100,11.2,-57.927628735,0.286491553,-53.927628735,0.286491553,       1275P   3043
-61.927628735,0.286491553;                                          1275P   3044
126,1,1,1,0,1,0,0.,0.,1.,1.,1.,1.,0.,6.283185307,0.,1.,             1277P   3045
6.283185307,0.,0.,1.,0.,0.,1.;                                      1277P   3046
110,-53.927628735,0.286491553,11.2,-53.927628735,-9.713506973,      1279P   3047
11.2;                                                               1279P   3048
126,1,1,1,0,1,0,0.,0.,1.,1.,1.,1.,1.,6.283185307,0.,1.,             1281P   3049
3.141592654,0.,0.,1.,0.,0.,1.;                                      1281P   3050
124,1.,-1.61571553321109E-014,2.19122997673835E-015,                1283P   3051
-1.81403364458077E-013,-2.19122997673835E-015,                      1283P   3052
6.12323399574031E-017,1.,-20.9135069734127,                         1283P   3053
-1.61571553321109E-014,-1.,6.12323399573677E-017,                   1283P   3054
1.4864930265865;                                                    1283P   3055
100,11.2,-57.927628735,-9.713506973,-53.927628735,-9.713506973,     1285P   3056
-61.927628735,-9.713506973;                                         1285P   3057
102,4,1267,1271,1277,1281;                                          1287P   3058
102,4,1269,1275,1279,1285;                                          1289P   3059
142,1,1265,1287,1289,1;                                             1291P   3060
144,1265,1,0,1291;                                                  1293P   3061
S      1G      4D   1294P   3061                                        T      1
