:020000040800F2
:10000000000002202D020108717D0108797D0108A0
:100010009D7D0108A57D0108AD7D0108000000005F
:100020000000000000000000000000009D760108B4
:100030009902010800000000B1760108ED7901087D
:100040009902010899020108990201089902010820
:100050009902010899020108350C0108590C0108A0
:100060007D0C0108A10C0108C50C010899020108CA
:10007000653E0108990201088D3D010899020108B9
:100080001D3E0108453D0108990201089902010839
:10009000990201089902010899020108E90C010876
:1000A00099020108990201089D7B01089902010843
:1000B00099020108990201089902010899020108B0
:1000C00099020108990201089902010899020108A0
:1000D000990201086D3C0108853C01089D3C01081E
:1000E000450D0108990201089902010899020108C9
:1000F0009902010899020108990201089902010870
:100100009902010899020108A977010899020108DA
:10011000B53C0108CD3C010899020108990201088B
:10012000990201089902010899020108990201083F
:10013000990201089902010899020108990201082F
:10014000990201089902010899020108990201081F
:10015000D53D010899020108FD3C0108E53C010874
:1001600099020108990201089902010899020108FF
:1001700099020108990201089902010899020108EF
:0C01800099020108990201080000000823
:1001900070B44C1E4A2C2CD8DFE804F03C3C3C3CAC
:1001A0002B2B2B2B26263C262626262626262626C5
:1001B0002626262B27272727272727273C262626BC
:1001C00026262B26273D3C2B3C27273D2B2B26265E
:1001D0003C3C3C3C3C263C3C263C2B2B2626262B00
:1001E0002B2B2626263C3C00CAB144698569AC42CB
:1001F00002DB002070BC704704EB44050669013443
:10020000AD00446174190CD071556260A360204642
:1002100070BC70471AB1002BE7D11846EAE71046C8
:10022000E8E72046E6E700BF30B443698469A342AB
:1002300009DA03EB430405690133A40043612B1978
:1002400001D001B112B9002030BC70470020285500
:1002500059609A60184630BC704700BF2DE9F041E4
:10026000C5680446884617462B780E4617E0562B7D
:1002700022D04B2B2DD1236B0135002F03F1060328
:10028000E56023630CBF1B211E210022134620467C
:10029000FFF77EFF3060D0B1E5682B78061D722B2A
:1002A000E5D1236B0135002F03F10903E5602363DA
:1002B0000CBF19211C21E8E7236B0135002F03F146
:1002C0000903E56023630CBF1A211D21DDE7BDE8AA
:1002D000F081BFB9462B15D1464513D01D241E20F1
:1002E0001C2108E01B2A10D0192A00D1197003F133
:1002F0000408464506D0D8F800301A781A2AF1D1F9
:100300001C70F4E73046BDE8F0811870EFE700BFDD
:1003100010B4C4682378522B0A4610D04F2B03D058
:1003200008465DF8044B7047036B033303632021D9
:100330000134C46000235DF8044BFFF729BF036B51
:10034000023303631F21F3E72DE9F0410F46C16833
:100350000C782E2C804627D00B462E2C14D15C789E
:10036000303C092C10D89C78A4F13002092A03F102
:10037000020017D8DD1C2B4601351C78A4F130068D
:10038000092EF8D92E2CEAD05A1AC8F80C3040465B
:10039000FFF74AFF3A4603464B214046BDE8F0418D
:1003A000FFF7F6BE0346D8E74B78A3F16102192A9E
:1003B0000AD88A1C134601321C78A4F1610019285E
:1003C000F8D95F2CF6D0C8E75F2BC5D1F1E700BFA5
:1003D0002DE9F003C2681378532B03D00020BDE849
:1003E000F0037047531CC3605378ABB1931CC360D8
:1003F00053785F2B52D10021036A9942EED2836A6F
:10040000C26901338362BDE8F00352F821007047EE
:10041000A3F14102192A46D9826812076AD4002939
:100420006AD13F4A02F1C40502E01C32AA42D5D08B
:1004300014789C42F9D15569002D6AD043698469CA
:10044000D2F81880A34262DA03EB4307D0F810C059
:10045000BF0001331CEB070643615FD04FF0180962
:100460000CF8079037467560C6F80880C762002907
:100470004AD0D5681269016BA34211440163ADDA19
:1004800003EB43010469013389004361631843D0DE
:100490001820605418465D609A60A0E7A3F130050B
:1004A000EAB2092AB4D8002212E002EBC20103EB3F
:1004B0008103A3F130018A4290D8C2681378541C9A
:1004C0001BB1C46013785F2B12D0A3F130050A462C
:1004D000E9B2A3F141040929E4B2E6D9192C3FF6A7
:1004E0007DAF02EBC20103EB8103A3F13701E2E729
:1004F000013181E7012194E7C2681178433901296C
:100500008CBF002101218CE755689268B3E7002772
:10051000ACE784694369AAE7184660E73746A5E770
:100520001CE5030870B50D46D0F80011FF290446FC
:1005300006D04A1CC4F80021655484F8045170BDEB
:100540000026D0F80831D0F80C2180F8FF609847D9
:10055000D4F8203131465A1CC4F820210122C4F8B5
:100560000021655484F8045170BD00BF70B4026866
:1005700013786E2B054618D00026A3F13002092A05
:1005800018D82A680020013200EB80042A6003EBAF
:10059000440412F8013BA3F130010929A4F1300011
:1005A000F2D906B1404270BC7047531C03605378C7
:1005B0000126E2E70020F4E743698269934210B51F
:1005C00013DA03EB43020169920001338C18436193
:1005D00008D040238B540C30FFF7C8FF23466060DF
:1005E000184610BD2346184610BD0023184610BDFE
:1005F00010B5C3681A785F2A04460BD06E2A06D05D
:100600000C30FFF7B3FFE3681A785F2A06D04FF08B
:10061000FF3010BD00200133E36010BD0130FAE768
:1006200038B5C3681A78542A044601D0002038BD72
:100630000133C360FFF7DCFF051EF7DBA16A6369C6
:10064000A26901319342A162F0DA03EB430221690E
:100650000133920063618B18E8D005248C545D60EF
:10066000184638BD08B5C3681A785F2A01D0012042
:1006700008BD013340F80C3FFFF778FFC043C00FBF
:1006800008BD00BF70B504460C30FFF76FFF061EB3
:1006900032DDE56863685B1B9E422FDCA268AB1904
:1006A0005207E36015D4092E0CDD284614490822B0
:1006B0000EF0C8FD30B92B7A2E2B10D05F2B0ED048
:1006C000242B0CD0294632462046FFF7ADFDE062D0
:1006D00070BDAA5D242A04BF0133E360E3E76B7AAF
:1006E0004E2BEFD1236B074916339E1B2663204602
:1006F0001522FFF799FDEAE7002070BD0020E6E72C
:10070000840C0408900C040838B5044629B9C36861
:100710001A7832B15A1CC2601978682912D0762929
:1007200001D0002038BD04F10C052846FFF71EFF5C
:10073000E3681A785F2AF4D10133E3602846FFF7B3
:1007400015FF03E004F10C00FFF710FFE3681A78CF
:100750005F2AE6D10133E360012038BDD0F81031C3
:100760000246C3B15A680B68906870B102782F2AAC
:100770000DD1002B04DC09E002782F2A07D143B108
:100780008068013B0028F7D17047704701D00020F6
:1007900070474068704701211846C2F81811704729
:1007A00038B50C46054691B323784A2B27D8DFE8A5
:1007B00003F02E26262626302E2B2B26262626260E
:1007C000262626262626262626262E2626262626C1
:1007D0002626262626262626262E262626262626B1
:1007E0002626262E2B26262626262626262626269C
:1007F000262E262626262E262E26262E2E00284675
:100800006168FFF7CDFF18B9A468002CCCD1002097
:1008100038BD2846211DFFF7A1FF0028F7D0037837
:100820002F2BF4D138BD00BFF0B553689468013365
:100830000B44A34283B015460E46074613D8EC6816
:100840000CB103B0F0BD95E80900324639461844B2
:100850000EF0CEFC95E80C003244D4546B681E4474
:100860006E6003B0F0BDD268002AEAD11CB9022B39
:100870004FF0020402D96400A342FCD82868214644
:1008800031F022FE034610B12860AC60D7E728683B
:10089000019331F029FA019B2B6001226B60AB6060
:1008A000EA60CEE72DE9F041C3681A784C2A054684
:1008B00002D00020BDE8F0815A1CC26059785F293F
:1008C0003AD05A290DD10132EA602846002100F0C1
:1008D000F3FDEA681378452BEBD10132EA60BDE8FD
:1008E000F08100F003FA07460028E2D00378272BB6
:1008F00033D0E9680B786E2B28D04FF03B08452B9E
:1009000034D0002BD5D04B1C01E0002CD1D0EB60B3
:100910001E4613F8014B452CF7D1721A2846FFF7F3
:1009200083FC3A46034641462846FFF731FCEA6815
:100930001378452BBDD1D0E79A1CC2609B785A2B07
:10094000C1D0452B4FF00000B3D1C6E74A1CEA6086
:100950004B784FF03C081146D1E743681A7C002AD7
:10096000C7D05A682B6B9B1A2B63C2E70022D5E7CE
:10097000F0B5C168C76A0B78493B012B83B00446C8
:100980001ED84A1CC2604B78452B45D002AE0021D0
:1009900046F8041D493B0F2B35D8DFE803F02F2F15
:1009A0003414343434343434343434343408013288
:1009B000E260204601F06CFAE3681A78452A27D0F5
:1009C000002003B0F0BD2046FFF76CFF054620462F
:1009D0002F212A460023002DF2D0FFF7D9FB3060EB
:1009E00000F108060028EBD0E2681378452BD1D13E
:1009F0000198E7620132E26003B0F0BD2046FFF7E4
:100A0000B7FF0546E3E7204600F070F90546DEE74C
:100A10000133E3600546DAE702310022C160134684
:100A20002F2103B0BDE8F040FFF7B2BB2DE9F04144
:100A3000C26813784C3B82B005460E2B6DD8DFE8B8
:100A400003F02C6C316C6C6C6C176C2C6C6C6C6CDB
:100A5000080001320021C26000F02EFDEB68197819
:100A60004529064600F0D180002002B0BDE8F081A3
:100A70005378742B69D00021FFF7AAFCEB681B7830
:100A8000492B044650D12846FFF772FF2246034601
:100A900004212846FFF77CFB01E001F0BBF802B01F
:100AA000BDE8F0810132C26001A90122FFF7D6FB47
:100AB00007460028D8D028460021FFF729FCEB681C
:100AC0001C7880460026002C00F08E80442C00F01C
:100AD0008280A4F13002D2B2092A5CD9A4F1610269
:100AE000D2B2192A57D9432C55D0552C53D04C2C5F
:100AF00051D0532C00F08480492C7AD0542C00F033
:100B0000B380452C00F0D8804D2C6DD1002E6BD0D9
:100B10005A1CEA605C781346D5E701F07BF8EB6875
:100B20001B78492B044603D0204602B0BDE8F08173
:100B3000002899D02B6A6A6A934295DAEA69591CAF
:100B400042F82300284629629EE702326549C260C6
:100B50000322FFF769FB0446284601F05BF82246B2
:100B6000034601212846FFF713FB2A6BEB6803328B
:100B70002A631B78492B0446D6D100283FF474AF72
:100B80002B6A6A6A9342BFF66FAFEA69591C42F852
:100B90002300296277E7284601F03CF8CEB1012115
:100BA000324603462846FFF7F3FA0646EB68532C15
:100BB0001C7888D0452C8CD0B6B12B6A6A6A9342D7
:100BC00012DAEA6942F823605A1CEB682A621C7840
:100BD00079E70646EAE75B7803F0DF03542BDAD1C6
:100BE000284600F083F8D9E70020386002B0BDE85D
:100BF000F081002EF8D02846FFF7BAFE0421CFE797
:100C000028460121FFF7E4FBC8E75A1CEA605A783E
:100C1000732A3DD0642A2BD04FF0FF372846FFF7C8
:100C200005FF044620B10378442B01D0462B29D17F
:100C30007B1C25D06B69AA69934213DA03EB43024C
:100C40002969013392006B618B1803D045208854C9
:100C50009F605C60284632460221FFF799FA02B095
:100C6000BDE8F0810023F5E72846FFF7D9FC95E7BA
:100C70000233EB602846FFF7BBFC071ECEDAF3E633
:100C80002346E7E72846FFF7EDFC0028D0D1EBE646
:100C90000233EB602846FFF7E5FC00283FF4E4AEA2
:100CA000284611490E22FFF7BFFA324603460221B9
:100CB0002846FFF76DFAF2E63E60002E3FF4D4AE10
:100CC000B8F1000F04D0019BC8F80430CDF80480BF
:100CD000EB681A78452A7FF4C7AE0133EB600198C0
:100CE000DDE600BFB80C0408A80C0408F0B5C26823
:100CF0001378722B83B0044654D0562B52D04B2B12
:100D000050D0A3F130014A297DD8DFE811F0A200CC
:100D1000A200A200A200A200A200A200A200A200C3
:100D2000A2007C007C007C007C007C007C007C00BD
:100D3000A7007C00CF00FF007C00DC00F2007C00FC
:100D40007C007C007C007C007101A200C101A70135
:100D50007C00B401CE01EF0107027C007C007C0026
:100D60007C00A2007C007C007C007C007C007C007D
:100D700018021802180218021802180218021802A3
:100D8000180218027C0018021802180218027C00CF
:100D90007C007C0018021802890018021802180250
:100DA00018021802204601A90022FFF757FA05464B
:100DB00048B32046FFF79AFF286020B302781F3A15
:100DC000012A23D9019AF2B1236A616A8B421ADAA5
:100DD000E16941F8232001985D1C256203B0F0BD54
:100DE000204601F055F84121024600232046FFF736
:100DF000CFF9019038B1E3681A7822B15A1CE26049
:100E00001B78452B1AD0002003B0F0BD019A416831
:100E100042602B6801932960019A002AD4D1F2E73D
:100E20000132E2602046FFF72DFC28210246002314
:100E30002046FFF7ADF901900028E4D0236A626AEA
:100E40009342E0DAE269591C42F8230001982162DA
:100E5000DAE72046FFF7EAFD0190EDE7511CE1607B
:100E600053785F2B00F07982303B092B00F27E82B1
:100E70000A460132E2601378303B092BF9D9521A45
:100E80002046FFF7D1F90546002830D0E1680B78FD
:100E90005F2B2CD10131E1602046FFF727FF2A4666
:100EA00003462A212046FFF773F9D5E70132E260B5
:100EB0002046FFF71BFF2521024600232046FFF7AF
:100EC00067F90190B8E7531CE3605378592B04BFCE
:100ED0000232E2600121204600F0D0FA01462046AD
:100EE000FFF716FAE3681A78452A00F03C820020E2
:100EF000B2E70132E2602046FFF7F8FE2621024603
:100F000000232046FFF744F9019095E7531CE36066
:100F10005378002B3FF477AF931CE3605378463B44
:100F2000302B3FF670AF01A151F823F045120008B5
:100F3000070E0008070E0008070E0008070E00083D
:100F4000070E0008070E0008070E0008070E00082D
:100F5000070E0008070E0008070E0008070E00081D
:100F6000070E0008E10D0008070E0008070E000834
:100F7000070E0008070E0008070E0008070E0008FD
:100F8000070E0008070E0008070E0008070E0008ED
:100F9000070E0008070E000839120008070E0008A7
:100FA000070E000811120008E9110008C11100081D
:100FB000070E00089911000869110008070E0008C3
:100FC000070E0008070E0008070E00081D13000892
:100FD000070E000807130008070E0008070E000898
:100FE000E3120008E10D0008070E0008AB1200082C
:100FF0000132E2602046FFF779FE01AE0746314636
:1010000020460122FFF72AF9054600283FF46FAF7A
:101010002046FFF76BFE286000283FF468AFB5421A
:1010200015D00178A1F11F02012A40F2A7812929D8
:101030000DD0019A002A3FF45AAF236A616A8B42AD
:10104000BFF655AFE169581C41F8232020623A46AB
:1010500020462B21019BFFF79BF8FDE60132E26061
:101060002046FFF743FE2221024600232046FFF7D9
:101070008FF80190E0E60132E2602046FFF736FE8D
:101080002321024600232046FFF782F80190D3E691
:101090000132E2602046FFF729FE242102460023A8
:1010A0002046FFF775F80190C6E65378A3F13002A9
:1010B000092A05D95F2B03D0413B192B00F2668129
:1010C00020460021FFF784F9E36801901B78492B43
:1010D00005467FF499AE2046FFF74AFC2A460346B0
:1010E00004212046FFF754F80190A5E62046FFF7BB
:1010F00097FAE36801901B78492B7FF49DAE002896
:101100003FF481AE236A626A9342BFF67CAEE26925
:10111000591C42F82300019D2162DCE70132E260A4
:101120002046FFF7AFFA01902046FFF7DFFD2121AF
:101130000246019B2046FFF72BF801907CE661698F
:10114000A069A34D613B03EB8303814205EB83035D
:10115000C0F2F680002318465B685968236B0132A1
:101160000B44E26023634FE66369A269934280F215
:10117000F68003EB43022169920001338818636112
:1011800000F02181934D27238B542B4645605A68EC
:10119000236B1344236337E66369A269934280F2A9
:1011A000DE8003EB430221699200013388186361FA
:1011B00000F00981884D27238B542B464560E6E7D4
:1011C0006369A269934280F2CA8003EB43022169FA
:1011D000920001338818636100F0F5807F4D27236A
:1011E0008B542B464560D2E76369A269934280F233
:1011F000B68003EB430221699200013388186361D2
:1012000000F0E180764D27238B542B464560BEE7E6
:101210006369A269934280F2A28003EB43022169D1
:10122000920001338818636100F0CD806D4D272353
:101230008B542B464560AAE720466B490422FEF7F3
:10124000F3FFE1E56369A1698B4280F2AB8021691C
:1012500003EB4305013301EB850563612C23019505
:101260002B709378303B092B8CBF002301232B81FB
:10127000002B40F099802046FFF738FD6860019B05
:101280005B68002B3FF4BFAD04F10C00FFF76EF973
:10129000E3681A7832B15A1CE2601A78B2F173032B
:1012A0005A425A4101984281AEE593785F2B00F093
:1012B00081802046FFF780F90546002D00F08180EF
:1012C000E3681A785F2A7FF412AE0133E3602046A8
:1012D000FFF70CFD2A4603462D212046FEF758FF56
:1012E000BAE56369A269934239DA03EB43022169E3
:1012F000920001338818636165D03C4D27238B54DD
:101300002B46456043E72046FFF7F0FC49210246A3
:1013100000232046FEF73CFF01908DE56369A2693A
:1013200093421CDA03EB43022169920001338818CF
:10133000636148D02E4D27238B542B46456026E70A
:1013400001EB4100256901318000616129183CD021
:1013500027262E5408464B60FFE600259AE5002319
:1013600018465B6813E70133E36075E5204600F03B
:101370008FFD054600287FF489ADB8E501994268E4
:1013800041602B68019311782A6050E62046FFF7F0
:101390004DFB019000283FF436AD0378182B7FF405
:1013A0004DAD31E5002559E704F10C00FFF7DEF8FB
:1013B000019D60E70332E260204600F069FD0546CA
:1013C0007BE7284648E54368E1E64B680846C4E603
:1013D000E0E503084CE8030824E80308E8E703080D
:1013E00010E80308FCE70308BC0C040838E803080D
:1013F00060E8030870B582B00023C16801930B78E0
:1014000004464BB3452B27D02E2B25D001AE17E039
:101410004F2B17D02046FFF769FC05462E212046AA
:101420002A460023C5B1FEF7B3FE3060A0B1E168E3
:101430000B7800F1080643B1452B06D02E2B04D0C3
:10144000522BE5D14B78452BE4D1019B23B19A680F
:101450002AB1184602B070BD002002B070BD5968B4
:1014600008782728F5D14968087C0928F1D148680F
:10147000216B091A216318465A60EBE770B5C368FF
:101480001A784A2A04460DD071B90D462046FFF756
:10149000B1FF034670B120462A462921BDE87040BD
:1014A000FEF776BE0133C3602046FFF71FFC0546FA
:1014B0000028EBD1002070BD2DE9F047C3681A78F1
:1014C000472A05460E4634D0542A32D0FFF7AEFAEA
:1014D000044658B316B1AB68DB071FD5EB681B7821
:1014E00023B3452B22D021460B78042BA3F11C02F9
:1014F00000F0A480C0F0A080042A00F29D8049681A
:101500000029F1D12846FFF7B9FF224603460321FF
:101510002846BDE8F047FEF73BBE64682378A3F198
:101520001C02042AF9D9022B00F06E812046BDE886
:10153000F087296B01F114022A631A78542A05D026
:10154000472A00F0ED800020BDE8F0875A1CEA60D1
:101550005A78002AF7D09A1CEA605B78433B332B19
:10156000F1D801A252F823F0751A000847150008B7
:10157000471500085F1A000847150008491A0008B7
:10158000331A00081D1A00084715000847150008FF
:1015900047150008471500084715000847150008BB
:1015A0004715000847150008071A0008ED1900083C
:1015B00047150008D31900089719000847150008B7
:1015C000471500084715000847150008471500088B
:1015D000471500084715000847150008471500087B
:1015E000471500084715000863190008471500084B
:1015F000471500084715000847150008AD190008F1
:10160000471500084715000847150008471500084A
:10161000471500084715000847150008471500083A
:10162000471500084715000847150008471500082A
:10163000471500083D190008002163E74B68002B9F
:1016400000F0F4801A78013A322A00F2EF8001A10A
:1016500051F822F025180008251800082D18000858
:101660002D1800082D1800082D180008391600083C
:10167000391600082D1800082D1800082D1800082C
:101680002D1800082D1800082D1800082D18000826
:101690002D1800082D1800082D1800082D18000816
:1016A0002D1800082D1800082D1800082D18000806
:1016B0002D1800082D1800082D1800082D180008F6
:1016C0002D1800082D1800082D1800082D180008E6
:1016D0002D1800082D1800082D1800082D180008D6
:1016E0002D1800082D1800082D1800082D180008C6
:1016F0002D1800082D1800082D1800082D180008B6
:101700002D1800082D1800082D1800082D180008A5
:101710002D1800082D1800082D180008391600088B
:101720005A1CEA605A78002A3FF40DAF9A1CEA600E
:101730005A78413A312A3FF606AF01A151F822F01A
:10174000F918000847150008471500084715000854
:1017500047150008471500084715000847150008F9
:1017600047150008471500084715000847150008E9
:1017700047150008471500084715000847150008D9
:1017800047150008DB180008471500081119000864
:1017900047150008C5180008471500084715000838
:1017A00047150008471500084715000847150008A9
:1017B0004715000847150008471500084715000899
:1017C0004715000847150008471500084715000889
:1017D0004715000847150008471500084715000879
:1017E0004715000847150008471500084715000869
:1017F0004715000847150008471500084715000859
:101800004715000831180008A3681A781C3A042A02
:1018100004D85B681A781C3A042AFAD9A3602046D7
:10182000BDE8F0879B68002B7FF40CAF012169E6CF
:1018300005F10C00FEF79AFE01287FF784AEEB68F5
:101840001A78002A3FF47FAE5E1CEE601B785F2B97
:101850007FF479AE471E4FF000084FF03F09337810
:10186000002B3FF470AE242B00F024810024335D64
:1018700023B1242B02D00134BC42F8DB3146284688
:101880002246FEF7D1FCEE6826443F1BEE6000289E
:101890003FF459AEB8F1000F00F0298142460346EB
:1018A0003E212846FEF774FC804600283FF44BAEEC
:1018B000002FD4DC284642463D210023BDE8F047F6
:1018C000FEF766BC2846FFF7B1F813210246002355
:1018D0002846BDE8F047FEF75BBC2846FFF7A6F8B0
:1018E00004462846FEF768FE22460346162128468F
:1018F000BDE8F047FEF74CBC28460021FFF7DCFDB1
:101900001721024600232846BDE8F047FEF740BCF9
:101910009A7828460021002A00F0EB80DA1CEA6061
:101920009B786E2B40F0E580FFF7C6FD482102460C
:1019300000232846BDE8F047FEF72ABC284676215A
:10194000FEF7E2FE00283FF4FEAD28460021FFF737
:10195000B3FD1021024600232846BDE8F047FEF7FC
:1019600017BC28460021FEF7CFFE00283FF4EBAD60
:1019700028460021FEF7C8FE00283FF4E4AD2846C3
:101980000021FFF799FD1121024600232846BDE8FA
:10199000F047FEF7FDBB2846FFF748F81521024641
:1019A00000232846BDE8F047FEF7F2BB2846682131
:1019B000FEF7AAFE00283FF4C6AD28460021FFF737
:1019C0007BFD0F21024600232846BDE8F047FEF7C5
:1019D000DFBB0F3129632846FFF788F9092102464A
:1019E00000232846BDE8F047FEF7D2BB0A31296341
:1019F0002846FFF77BF90A21024600232846BDE866
:101A0000F047FEF7C5BB2846FFF770F90D210246E7
:101A100000232846BDE8F047FEF7BABB2846FFF78B
:101A200065F91221024600232846BDE8F047FEF77B
:101A3000AFBB2846FFF75AF90C210246002328467F
:101A4000BDE8F047FEF7A4BB2846FEF7EFFF1421E0
:101A5000024600232846BDE8F047FEF799BB28461A
:101A6000FFF744F90E21024600232846BDE8F0475F
:101A7000FEF78EBB2846FFF739F9044605F10C0046
:101A8000FEF774FD0028FFF65EADEA6811785F2965
:101A90007FF459AD0132EA602846FFF727F92B6B36
:101AA000591D29630246234628460B21BDE8F0470D
:101AB000FEF76EBB7378532B27D05F2B23D0242BDC
:101AC0007FF441AD1C466B69AA6993421FDA2A690B
:101AD000581C03EB4301686112EB810017D002F838
:101AE00021904460EE680236023FEE60D2E6804606
:101AF000DEE6FFF7E1FC4721024600232846BDE869
:101B0000F047FEF745BB2E24DDE72F24DBE7EB682B
:101B10000233EB6017E500BF2DE9F041C3681F7881
:101B200080465FB35A1CC26058781F7818B19A1C5F
:101B3000C8F80C205878762F41D1A0F13004E3B2D8
:101B4000092B1CD84046FEF79DFDD8F81430D8F874
:101B50001820934201462FDA03EB4302D8F8100015
:101B600001339200C8F81430831825D021B33225F0
:101B700085545C6099601846BDE8F0813846244E73
:101B80003D24002304E0BA4213D90C46A34213D0EB
:101B9000E21A02EBD27203EB62010A0106EB020CBD
:101BA000B5582A789742EED16A78904216D0824290
:101BB000EBD84B1CA342EBD10020BDE8F081632F92
:101BC000DDD17628DBD14046FFF790F8332102467D
:101BD00000234046BDE8F041FEF7DABAD8F81430E9
:101BE000D8F818209342E7DA03EB4302D8F8101034
:101BF00001339200C8F814308B1806D03120885475
:101C0000C3F804C01846BDE8F0811846BDE8F0816D
:101C100074E80308F8B5C2681378A3F13001092904
:101C200004462ED9A3F16101192933D9A3F1430147
:101C3000012971D94C2B00F08780552B40F08F8003
:101C400053786C2B30D0742B40F08980531CC360C8
:101C50005178742900F0C38042294FF0000517D154
:101C60000133E3602046FEF70DFD2A4603464A2174
:101C70002046FEF78DFAE3681A78422A0546EFD02F
:101C800006E0FEF7FFFCE368197805464229E7D035
:101C90002846F8BDFFF740FF054610B10378312B09
:101CA0005FD0E3681978F1E7531CC36051786C2961
:101CB000D2D10232C260FFF79DFBE36806460028DE
:101CC00000F0E18019784529C6D10133E360204650
:101CD000FEF78EFC0028C0F29C806369A2699342E3
:101CE00080F2978003EB43022169920001338D1843
:101CF000636100F08E8044238B546E60A860236A79
:101D0000626A934280F28580E26942F823505A1C4D
:101D1000E36822621978B9E7C06A00283CD00178EC
:101D2000002937D1216B83680B4423631178432941
:101D300078D0442973D15378303B052B4DD8DFE858
:101D400003F0482D464C4C4A0132C260FEF79AFC23
:101D5000054620B12046FEF785FC0028A1D10020D1
:101D6000F8BD4368226B9E681868484932440732C0
:101D700022630DF097FA002893D12046FEF782FCEB
:101D80002A46034635212046FEF702FAE368054657
:101D900019787BE71829C5D01946C8E70227616979
:101DA000A569931CA942E36037DA01EB4105266976
:101DB0000131AD00616171192FD070B34FF0080C83
:101DC00006F805C00D460F71886091785EE703271D
:101DD000E5E70127E3E70427E1E7002558E70232BA
:101DE000C260FEF705FC002813DB6369A269934219
:101DF0000FDA03EB43022169920001338D1863610E
:101E000007D046238B546860236A626A9342FFF6C8
:101E10007BAFE3680025197838E70025D5E713463E
:101E2000002533E75378313B042BD6D801A151F874
:101E300023F000BF7B1E0008491E0008831E000817
:101E4000DB1D00087F1E000802276169A569931C3D
:101E5000A942E360E1DA01EB410526690131AD00F9
:101E600061617119D9D00028D7D04FF0070C06F85E
:101E700005C00D460F718860A7E70127E5E7042735
:101E8000E3E70327E1E705461978FFE6C40C0408F9
:101E90002DE9F041C1680B784C2B044600F09E8080
:101EA000542B00F09F80732B57D0662B2DD0A3F1BD
:101EB0003002092A0DD82046FFF7ACFE054600285F
:101EC00000F08380E3681B78492B00F0A380BDE815
:101ED000F0816F2B7CD0692B00F0A780742B17D179
:101EE0004B786C2B14D1FEF701FFE16805460231F7
:101EF000E1602046452100F0A9F92A460346302139
:101F00002046BDE8F041FEF743B94B78702B40D036
:101F10002046FFF701FE0546002856D00678312EF0
:101F200064D0322E2BD0332E4FD10027E3681A789D
:101F30005F2A00F00D812046FFF7AAFF03462FB16C
:101F40001A4620463721FEF723F9034620462A4643
:101F50003521BDE8F041FEF71BB94B78722B00F03C
:101F6000DE80702BD4D10231C160FFF791FF49218F
:101F7000024600232046BDE8F041FEF709B9436858
:101F80000027032B21D8DFE813F056003F019A0009
:101F90005E008B1CC3608B78542B00F0D580FEF75D
:101FA00027FB451C11D06369A26993420DDA03EB4C
:101FB000430221690133920063618B1805D006202A
:101FC00088545D601846BDE8F0810020BDE8F081CE
:101FD0004B786E2B9CD10231C1606CE7BDE8F041BB
:101FE000FEF760BCBDE8F041FEF71ABBD0F80480F4
:101FF000236BD8F80820D8F800708F49023A1344B0
:10200000236338460DF04EF9002800F0A980D8F877
:102010000C30B6E72046FEF7ABFC2A460346042107
:102020002046BDE8F041FEF7B3B84B786C2B7FF447
:102030006FAF00255BE720462A4634210023BDE828
:10204000F041FEF7A5B838467C490DF02BF9002881
:1020500000F08A803B786E2BB7D17B78772B01D04C
:10206000612BB2D15F21204600F0F0F806462046F1
:10207000FEF73CFEE1680B78452B074600F0A9808F
:10208000702B00F0B580692B9FD14B786C2B9CD1C5
:102090002046FFF7FDFE03463A4620463A21FEF76A
:1020A00077F83246034639212046FEF771F82A4672
:1020B000034638212046BDE8F041FEF769B86B6859
:1020C0001B685A78632A62D02046FFF7E1FE8046FB
:1020D00038465B490DF0E6F8002852D03846594999
:1020E0000DF0E0F828B1384657490DF0DBF800282C
:1020F0006AD12046FFF78EFDE3681B78492B064620
:102100006BD04246334620463721FEF741F82A4637
:10211000034636212046BDE8F041FEF739B80231CA
:10212000C160FEF7E3FD05462046FFF773FDE16859
:10213000097849290646204636D02A4633460121E9
:10214000BDE8F041FEF724B80331C16000252AE75D
:102150000133E3602046452100F078F80346EEE6BF
:102160002046FEF7C3FDF0E62046FFF791FE064647
:102170002046FFF78DFE07462046FFF789FE0346FF
:102180008AE72046452100F061F80646B9E71B784A
:10219000A3F16302012A02D9723B012B94D8204695
:1021A000FEF7A4FD804693E7FEF7E2FB32460346C6
:1021B00004212046FDF7ECFF2A4603460121204674
:1021C000BDE8F041FDF7E4BF2046FFF761FE06469B
:1021D00097E70131E16000235EE72046FEF7C8FB88
:1021E0003246034604212046FDF7D2FF064688E723
:1021F0004B78692B7FF4E9AE0231E160204645213E
:1022000000F024F8034647E72FB13B78702B06D047
:102210006D2B04D00027332E7FF48DAE86E67A78BE
:102220009A42F7D1E3681A785F2A01D00127F2E7D2
:102230000133E3600027EEE770110408D40C0408B2
:10224000C80C0408CC0C0408D00C0408F0B5C36812
:102250000F46197883B00022B9420446019218BF94
:1022600001AE0AD11BE0FDF793FF306000F10806D4
:1022700068B1E3681A78BA420CD02046FFF708FE2E
:1022800005462E2120462A460023002DEBD10020B2
:1022900003B0F0BD01980133E36003B0F0BD01333A
:1022A000C3602E21134603B0BDE8F040FDF770BFB8
:1022B0002DE9F041044608460D460CF031FF48B3C5
:1022C000D4F800112F184FF0000809E00B46BD426A
:1022D00001F10101C4F80011E65484F8046119D039
:1022E000FF2915F8016BF1D1D4F8083184F8FF808B
:1022F000D4F80C2120469847D4F820310133C4F893
:10230000203100230121BD42C4F80011E65484F8B5
:102310000461E5D1BDE8F0812DE9F04F137897B065
:10232000154604460E464B2B01F28C81DFE813F074
:102330008804A803A8031F03F804E00461051A0336
:102340000803E102BA0293026C022E020702E001C6
:10235000B90192016B0144011D01F600CF00A800F4
:1023600080006B006B006B004C004C004C004C007C
:102370004C004C004C00ED08ED084C004C00BF0830
:102380000F09B30742072507E2062507AE06AE068A
:10239000650915093E0998085B0547053B053605A3
:1023A00075067006700631063106FA05EF05E1057F
:1023B000B0058905710823084A088A09C807EE078D
:1023C00061040C04D503B504D4F8142116AB002124
:1023D00043F8402DD4F810210795C4F81431089122
:1023E00009926A682046314602F02CFA089B23B90C
:1023F00031462A46204602F031FA069BC4F81431D1
:1024000017B0BDE8F08FD0F814713A46002FDDD038
:10241000916841B951680978A1F11900022805D8DD
:102420008B4201F04F851268002AF1D13A46CDE780
:102430009768D2F80490002FE2D00025D0F8001160
:10244000A84609E00B4601310135AF42C4F800113E
:10245000E65484F80461D3D0FF2919F80560F1D15E
:10246000D4F8083184F8FF80D4F80C21204698472E
:10247000D4F820310133C4F8203101210023E3E7EF
:10248000D64FD0F8001107F1110A4FF000090AE009
:102490000B4601315745C4F8001104F8038084F855
:1024A000048101F00882FF2917F8018FF0D1D4F8D8
:1024B000083184F8FF90D4F80C2120469847D4F8CE
:1024C00020310133C4F8203101210023E2E7C44F59
:1024D000D0F8001107F1150A4FF000090AE00B4689
:1024E00001315745C4F8001104F8038084F80481D1
:1024F00001F0EC80FF2917F8018FF0D1D4F80831F2
:1025000084F8FF90D4F80C2120469847D4F8203165
:102510000133C4F8203101210023E2E7B14FD0F8A4
:10252000001107F1190A4FF000090AE00B460131CA
:102530005745C4F8001104F8038084F8048101F0C1
:10254000B480FF2917F8018FF0D1D4F8083184F84E
:10255000FF90D4F80C2120469847D4F8203101335D
:10256000C4F8203101210023E2E79F4FD0F8001189
:1025700007F1160A4FF000090AE00B4601315745F2
:10258000C4F8001104F8038084F8048101F0D780B6
:10259000FF2917F8018FF0D1D4F8083184F8FF90A3
:1025A000D4F80C2120469847D4F820310133C4F8E0
:1025B000203101210023E2E78C4FD0F8001107F110
:1025C000130A4FF000090AE00B4601315745C4F8E1
:1025D000001104F8038084F8048101F0A980FF2928
:1025E00017F8018FF0D1D4F8083184F8FF90D4F8AF
:1025F0000C2120469847D4F820310133C4F820310B
:1026000001210023E2E77A4FD0F8001107F10F0A09
:102610004FF000090AE00B4601315745C4F800119C
:1026200004F8038084F8048101F09080FF2917F8F2
:10263000018FF0D1D4F8083184F8FF90D4F80C2140
:1026400020469847D4F820310133C4F820310121C5
:102650000023E2E7674FD0F8001107F11A0A4FF0A4
:1026600000090AE00B4601315745C4F8001104F88F
:10267000038084F8048101F01180FF2917F8018F8D
:10268000F0D1D4F8083184F8FF90D4F80C2120461A
:102690009847D4F820310133C4F8203101210023B8
:1026A000E2E7554FD0F8001107F1110A4FF0000989
:1026B0000AE00B4601315745C4F8001104F80380C5
:1026C00084F8048101F0A580FF2917F8018FF0D16B
:1026D000D4F8083184F8FF90D4F80C2120469847AC
:1026E000D4F820310133C4F8203101210023E2E77E
:1026F000424FD0F8001107F1150A4FF000090AE027
:102700000B4601315745C4F8001104F8038084F8E2
:10271000048101F07780FF2917F8018FF0D1D4F8F8
:10272000083184F8FF90D4F80C2120469847D4F85B
:1027300020310133C4F8203101210023E2E7304F7A
:10274000D0F8001107F1100A4FF000090AE00B461B
:1027500001315745C4F8001104F8038084F804815E
:1027600001F04980FF2917F8018FF0D1D4F8083122
:1027700084F8FF90D4F80C2120469847D4F82031F3
:102780000133C4F8203101210023E2E71D4FD0F8C6
:10279000001107F1120A4FF000090AE00B4601315F
:1027A0005745C4F8001104F8038084F8048101F04F
:1027B0001B80FF2917F8018FF0D1D4F8083184F875
:1027C000FF90D4F80C2120469847D4F820310133EB
:1027D000C4F8203101210023E2E700BF1F0E0408E6
:1027E000070E0408EB0D0408D30D0408BF0D040800
:1027F000AF0D0408930D04087F0D04087B0D040839
:10280000670D0408530D0408C94FD0F8001107F1F3
:102810000D0A4FF000090AE00B4601315745C4F894
:10282000001104F8038084F8048100F0CF87FF29A9
:1028300017F8018FF0D1D4F8083184F8FF90D4F85C
:102840000C2120469847D4F820310133C4F82031B8
:1028500001210023E2E7B74FD0F8001107F1180A71
:102860004FF000090AE00B4601315745C4F800114A
:1028700004F8038084F8048100F07D87FF2917F8AD
:10288000018FF0D1D4F8083184F8FF90D4F80C21EE
:1028900020469847D4F820310133C4F82031012173
:1028A0000023E2E7A44FD0F8001107F1080A4FF027
:1028B00000090AE00B4601315745C4F8001104F83D
:1028C000038084F8048100F04F87FF2917F8018FF7
:1028D000F0D1D4F8083184F8FF90D4F80C212046C8
:1028E0009847D4F820310133C4F820310121002366
:1028F000E2E7924FD0F8001107F10B0A4FF0000900
:102900000AE00B4601315745C4F8001104F8038072
:1029100084F8048100F02187FF2917F8018FF0D196
:10292000D4F8083184F8FF90D4F80C212046984759
:10293000D4F820310133C4F8203101210023E2E72B
:10294000D0F80011FF2901F0C4824A1C7E23C4F88C
:102950000021635484F804313146AA68204601F00E
:1029600071FF4DE53146926801F06CFF48E50022A9
:10297000D0F81431C0F814216F680293002F01F0D1
:10298000038506A9D0F810A10191904694460B4604
:1029900039781A60A1F11C000428C4F814315F6072
:1029A000C3F808C0C3F80CA01A4608F1010803F1E7
:1029B000100340F24C86042901F0338602293DD1F0
:1029C000D7F808B09BF80030452B08BFDBF804B0FF
:1029D0009BF800301C3B042B30D8B8F1040F01F0F9
:1029E0007986019A234602EB081C294632465D4649
:1029F000564664468B469246994603E0B8F1040F6A
:102A000001F067861CE90F0084E80F00A4F11003B1
:102A1000236000230CE94800C9F814414CF80C5C11
:102A20006D682B781C3B042B08F101080CF1100C8D
:102A300004F11004E2D94C4656465D46AA68204689
:102A4000314601F0FFFE3B78042B04BF049BC4F821
:102A50001031B8F1000F0FD0019A474602EB08156C
:102A60004FF02009B04655F8086C013F002E01F0E8
:102A70007784103D002FF6D10299C4F81411BFE4F9
:102A80003146526801F0DEFE16F0040940F0EC8594
:102A90002B4FD4F8001107F1020A0AE00B4601316E
:102AA0005745C4F8001104F8038084F8048100F04D
:102AB000E785FF2917F8018FF0D1D4F8083184F8A1
:102AC000FF90D4F80C2120469847D4F820310133E8
:102AD000C4F8203101210023E2E71A4F5268314641
:102AE00001F0B0FE07F1050AD4F800114FF000091B
:102AF0000AE00B4601315745C4F8001104F8038081
:102B000084F8048100F0B287FF2917F8018FF0D113
:102B1000D4F8083184F8FF90D4F80C212046984767
:102B2000D4F820310133C4F8203101210023E2E739
:102B3000430D04081F0D0408130D0408070D0408B5
:102B4000DF0C0408D70C04085168FDF729FE0028A3
:102B500001F06F854FF0000803782F2B40F0CA87F3
:102B60004368002B00F0C687806808F10108002840
:102B7000F2D16D680195002708F1FF33DFF8CCA38F
:102B80000293B946C4F81C7120463146019A01F0FF
:102B900059FE029BBB4228DDD4F80011DFF8B0B328
:102BA00009E00B46D34501F10101C4F80011E554D9
:102BB00084F8045119D0FF291BF8015FF1D1D4F832
:102BC000083184F8FF90D4F80C2120469847D4F8B7
:102BD00020310133C4F8203100230121D345C4F84A
:102BE0000011E55484F80451E5D101374745C9D1B6
:102BF00006E4D04FD0F8001107F11A0A4FF000098F
:102C00000AE00B4601315745C4F8001104F803806F
:102C100084F8048100F00486FF2917F8018FF0D1B1
:102C2000D4F8083184F8FF90D4F80C212046984756
:102C3000D4F820310133C4F8203101210023E2E728
:102C400016F0040641F0AE819768D2F80490002F88
:102C50003FF4D6ABD0F80011B0460AE00B46013184
:102C60000136B742C4F80011E55484F804513FF42A
:102C7000C7ABFF2919F80650F0D1D4F8083184F811
:102C8000FF80D4F80C2120469847D4F82031013336
:102C9000C4F8203101210023E2E7A74F52683146F2
:102CA00001F0D0FD07F1080AD4F800114FF0000937
:102CB0000AE00B4601315745C4F8001104F80380BF
:102CC00084F8048100F0E586FF2917F8018FF0D120
:102CD000D4F8083184F8FF90D4F80C2120469847A6
:102CE000D4F820310133C4F8203101210023E2E778
:102CF000111DFDF733FD002801F0138003782F2B01
:102D000001F00280D4F810512B68C4F8103102464B
:102D10003146204601F096FDC4F81051FFF770BB14
:102D20000023D0F81481C0F814315768720705D514
:102D30003B781BB9BA68062A01F0BB833A462046A5
:102D4000314601F07FFD94F804313C2B01F02F83D4
:102D5000D4F80031FF2B01F02A82591C3C22C4F820
:102D60000011E25484F804213146AA68204601F09B
:102D700069FD94F804313E2B01F00B83D4F8003147
:102D8000FF2B01F00182591C3E22C4F80011E254CD
:102D900084F80421C4F81481FFF732BB0123C0F882
:102DA0001831FFF72DBBD2F8088098F80030372B88
:102DB00000F05D870123C4F81831FFF721BB576885
:102DC00095683B78312B01F00380332B01F046806E
:102DD0003A46314602F098FB204631462A4602F038
:102DE000CDFBFFF70DBB3146526802F08DFBFFF7BC
:102DF00007BB5768002F40F0D486504DD0F8001123
:102E000005F1040809E00B4601314545C4F80011FD
:102E1000E65484F804613FF4F3AAFF2915F8016F22
:102E2000F1D1D4F8083184F8FF70D4F80C21204691
:102E30009847D4F820310133C4F820310121002310
:102E4000E3E73F4FD0F8001107F10A0A4FF00009FD
:102E50000AE00B4601315745C4F8001104F803801D
:102E600084F8048100F0E885FF2917F8018FF0D17C
:102E7000D4F8083184F8FF90D4F80C212046984704
:102E8000D4F820310133C4F8203101210023E2E7D6
:102E900052682C4906A82FF005FD06A80CF040F951
:102EA00000283FF4ADAA0DF11705D4F800112F1832
:102EB0004FF0000809E00B460131BD42C4F8001193
:102EC000E65484F804613FF49BAAFF2915F8016FCA
:102ED000F1D1D4F8083184F8FF80D4F80C212046D1
:102EE0009847D4F820310133C4F820310121002360
:102EF000E3E7D0F800111579FF2901F0AE804B1CF3
:102F0000C4F80031655484F80451FFF779BA3146AA
:102F1000526801F097FC20463146AA6801F092FC05
:102F2000FFF76EBA084FD0F8001107F10E0A4FF004
:102F300000091AE0330E0408470F0408D70E0408EE
:102F4000C70E0408F40C0408B70E0408690E040840
:102F5000670E04080B4601315745C4F8001104F808
:102F6000038084F8048100F06085FF2917F8018F41
:102F7000F0D1D4F8083184F8FF90D4F80C21204621
:102F80009847D4F820310133C4F8203101210023BF
:102F9000E2E752681178272940F0B4855268177C1F
:102FA0005FB1062F41F27881072F06D1AA68117808
:102FB00019B99168012901F0AD83D4F80011FF29F6
:102FC00001F050814A1C2823C4F80021635484F87E
:102FD00004316A682046314601F034FCD4F80031EF
:102FE000FF2B01F01C81591C2922C4F80011E25466
:102FF00084F804212B783C2B01F00682082F01F085
:10300000E48120463146AA6801F01CFCFFF7F8B9BC
:103010000123C0F81831FFF7F3B993681A78392AF9
:103020007FF4C8AE9F683A783A2A7FF4C3AED5F8E9
:1030300004A0BA49DAF80420D3F804801068D7F85D
:103040000490BD680CF02EF9002801F09082204613
:10305000B349FFF72DF9D8F8043043B12046314683
:10306000424602F08BFA20462021FDF75BFA4A46E1
:103070002046314601F0E6FB002D3FF4C1A9204671
:1030800031462A4602F07AFAFFF7BAB9526812B10D
:10309000314601F0D7FBAB68002B3FF4B1A9D4F85F
:1030A0000071FD2F00F2F986DFF888824FF0000AE8
:1030B00008F1020B394609E00B460131D845C4F846
:1030C0000011E75484F8047100F0FD84FF2918F81A
:1030D000017FF1D1D4F8083184F8FFA0D4F80C2195
:1030E00020469847D4F820310133C4F8203101211B
:1030F0000023E3E7B2F90A30002B40F029866A6822
:10310000884953688B4200F0FB853146204601F028
:1031100099FBD4F80031FF2B01F0F480591C2022D8
:10312000C4F80011E25484F80421B5F90830002BEA
:1031300000F0EB847C4D4FF00008AF1D09E00B461A
:103140000131BD42C4F80011E65484F804613FF433
:1031500057A9FF2915F8016FF1D1D4F8083184F887
:10316000FF80D4F80C2120469847D4F82031013351
:10317000C4F8203101210023E3E716ABD0F8142175
:1031800043F8402DC0F81431AA68D0F810310993E3
:10319000002731460795089701F054FB089B23B997
:1031A00031462A46204601F059FB069BC4F81431EB
:1031B000FFF726B9D0F814B1D0F81031CDF808B027
:1031C00016A9002241F840BD0993029B0191C0F865
:1031D000141107950892002B01F01D835B681B7882
:1031E000193B022B01F21783AB464FF00108029FF7
:1031F00003968A460D4604E07B681B78193B022B38
:103200001DD84FEA081C0DF15809BB68E144A9F12B
:1032100040068BB9B8F1030F00F2DC8797E80F0086
:1032200086E80F0049F8405C01210AEB0C05C4F860
:10323000145108F10108B9603F68002FDCD1039EEA
:10324000DBF808202046314601F0FCFA089B029A80
:10325000C4F814215D46002B7FF4D2A8B8F1010F09
:1032600001F03981019B03EB081757F80C2C08F18A
:10327000FF382046314601F0F1FAB8F1010FA7F10D
:103280001007F2D1D4F81431204631462A1D01F03E
:10329000BBFEFFF7B5B8B30600F1488553681BB114
:1032A00016F0400300F09B8726F06006204631466A
:1032B00005F10802D4F8143101F076FFFFF7A0B849
:1032C0001A4ED0F8001106F10E094FF0000809E07F
:1032D0000B4601314E45C4F80011E75484F80471DF
:1032E00000F0F782FF2916F8017FF1D1D4F80831F8
:1032F00084F8FF80D4F80C2120469847D4F8203178
:103300000133C4F8203101210023E3E7084FD0F84E
:10331000001107F1160A4FF0000918E0D40C040858
:10332000940E040880E60308570E0408370F0408BB
:10333000370E0408670E04080B4601315745C4F8E0
:10334000001104F8038084F8048100F0BB82FF2997
:1033500017F8018FF0D1D4F8083184F8FF90D4F831
:103360000C2120469847D4F820310133C4F820318D
:1033700001210023E2E7D04FD0F8001107F11C0A29
:103380004FF000090AE00B4601315745C4F800111F
:1033900004F8038084F8048100F06183FF2917F8A2
:1033A000018FF0D1D4F8083184F8FF90D4F80C21C3
:1033B00020469847D4F820310133C4F82031012148
:1033C0000023E2E7BD4FD0F8001107F1080A4FF0E3
:1033D00000090AE00B4601315745C4F8001104F812
:1033E000038084F8048100F0B182FF2917F8018F6F
:1033F000F0D1D4F8083184F8FF90D4F80C2120469D
:103400009847D4F820310133C4F82031012100233A
:10341000E2E7AB4FD0F8001107F11D0A4FF00009A9
:103420000AE00B4601315745C4F8001104F8038047
:1034300084F8048100F04083FF2917F8018FF0D150
:10344000D4F8083184F8FF90D4F80C21204698472E
:10345000D4F820310133C4F8203101210023E2E700
:10346000984FD0F8001107F1090A4FF000090AE05F
:103470000B4601315745C4F8001104F8038084F865
:10348000048100F0D481FF2917F8018FF0D1D4F81E
:10349000083184F8FF90D4F80C2120469847D4F8DE
:1034A00020310133C4F8203101210023E2E716F076
:1034B0000406536840F04B835F68D3F80090002FF8
:1034C0003EF49EAFD0F80011B0460AE00B46013141
:1034D0000136B742C4F80011E55484F804513EF4B3
:1034E0008FAFFF2919F80650F0D1D4F8083184F8CD
:1034F000FF80D4F80C2120469847D4F820310133BE
:10350000C4F8203101210023E2E750680378052B3D
:1035100000F00B87232B00F0A5832A789A4200F055
:10352000A183242B7EF450AF16ABD4F8141142685B
:1035300043F8401D0020D4F810110795C4F8143149
:1035400008900991002A7EF44DAFFEF74ABF31463C
:10355000526801F077F9FEF753BF57685A4DD7F814
:103560000890D0F8001105F1080A4FF0000809E0B2
:103570000B4601315545C4F80011E65484F8046146
:1035800000F06381FF2915F8016FF1D1D4F80831FB
:1035900084F8FF80D4F80C2120469847D4F82031D5
:1035A0000133C4F8203101210023E3E7454FD0F86F
:1035B000001107F1090A4FF000090AE00B4601313A
:1035C0005745C4F8001104F8038084F8048100F022
:1035D0003581FF2917F8018FF0D1D4F8083184F82C
:1035E000FF90D4F80C2120469847D4F820310133BD
:1035F000C4F8203101210023E2E75268AF6812B11C
:10360000314601F01FF9D4F80031FF2B00F084841B
:103610005A1C7B25C4F800213146E5543A46204621
:1036200084F8045101F00EF9D4F80011FF2900F0DC
:1036300061844A1C7D23C4F80021635484F804315A
:10364000FEF7DEBE0123C0F81831FEF7D9BE7F6851
:10365000002F00F09986B8F1040F7FF499A9012397
:10366000C4F81831FEF7CCBED4F80011FF2900F0E1
:103670000E874A1C2E23C4F80021635484F80431B9
:10368000D5F8088098F80030452B00F0C18420461A
:103690003146424601F0D6F8FEF7B2BE204631462A
:1036A0006A6801F0CFF8FEF7ABBE204631466A6883
:1036B00001F0C8F8FEF7A4BE070F0408270F04089E
:1036C000E70E0408770E04086B0E0408BD4FAA68C5
:1036D0003146204601F0B6F807F1050AD4F800118A
:1036E0004FF0000909E00B4601315745C4F80011BD
:1036F00004F8038084F8048113D0FF2917F8018FA0
:10370000F1D1D4F8083184F8FF90D4F80C21204688
:103710009847D4F820310133C4F820310121002327
:10372000E3E7204631466A6801F08CF8FEF768BE90
:10373000204631466A6801F085F8FEF761BE2046F2
:1037400031466A6801F07EF8FEF75ABE20463146DF
:103750006A6801F077F8FEF753BE204631466A6882
:1037600001F070F8FEF74CBE204631466A6801F061
:1037700069F8FEF745BE944F6A683146204601F06D
:1037800061F807F1040AD4F800114FF0000909E0CC
:103790000B4601315745C4F8001104F8038084F842
:1037A00004811AD0FF2917F8018FF1D1D4F808311C
:1037B00084F8FF90D4F80C2120469847D4F82031A3
:1037C0000133C4F8203101210023E3E720463146CC
:1037D0006A6801F037F8FEF713BE20463146AA6842
:1037E00001F030F8FEF70CBE204631466A6801F061
:1037F00029F8FEF705BE204631466A6801F022F836
:10380000FEF7FEBD204631466A6801F01BF8FEF760
:10381000F7BD204631466A6801F014F8FEF7F0BDA6
:10382000204631466A6801F00DF8FEF7E9BD2046F2
:1038300031462A1D01F0A4FDFEF7E2BD20463146C7
:10384000AA6800F0FFFFFEF7DBBD7D682B78613BC7
:10385000192B40F2A48205EB090313F8013C202B3D
:103860000CBF09F1FF374F46002F3EF4C9ADD4F825
:1038700000112F444FF0000809E00B460131BD4212
:10388000C4F80011E65484F804613EF4B9ADFF2990
:1038900015F8016BF1D1D4F8083184F8FF80D4F821
:1038A0000C2120469847D4F820310133C4F8203148
:1038B00001210023E3E7204631466A6800F0C2FF99
:1038C000FEF79EBD204631466A6800F0BBFFFEF75A
:1038D00097BD6A683D49013206A82EF0E3FF06A8AD
:1038E0000BF01EFC20B30DF11705D4F800112F18B2
:1038F0004FF0000808E00B460131BD42C4F800114A
:10390000E65484F8046115D0FF2915F8016FF2D14F
:10391000D4F8083184F8FF80D4F80C212046984769
:10392000D4F820310133C4F8203101210023E4E729
:10393000D4F80011FF2900F002834A1C7D23C4F84B
:103940000021635484F80431FEF75ABD3146204EFD
:103950006A68204600F076FF06F10209D4F80011EB
:103960004FF0000808E00B4601314E45C4F8001145
:10397000E75484F8047113D0FF2916F8017FF2D1BF
:10398000D4F8083184F8FF80D4F80C2120469847F9
:10399000D4F820310133C4F8203101210023E4E7B9
:1039A000AA680A49013206A82EF07CFF06A80BF08F
:1039B000B7FB60B30DF11705D4F800112F184FF0C5
:1039C000000810E0FF0D04083B0D0408F40C040887
:1039D000330F04080B460131BD42C4F80011E65410
:1039E00084F8046115D0FF2915F8016FF2D1D4F8DD
:1039F000083184F8FF80D4F80C2120469847D4F889
:103A000020310133C4F8203101210023E4E7D4F848
:103A10000011FF2900F032834A1C7D23C4F80021E5
:103A2000635484F80431FEF7EBBC204631466A68E3
:103A300000F008FFFEF7E4BC31466A68204600F05B
:103A400001FFD4F80011FF2900F08A824A1C2923C3
:103A5000C4F80021635484F80431FEF7D1BC204639
:103A600031466A6800F0EEFEFEF7CABC3146AA682D
:103A7000204600F0E7FED4F80011FF2900F00F8384
:103A80004A1C5D23C4F80021635484F80431FEF716
:103A9000B7BC3146AA68204600F0D4FED4F8001125
:103AA000FF2900F06E824A1C5D23C4F80021635494
:103AB00084F80431FEF7A4BC204631466A6800F061
:103AC000C1FEFEF79DBCAA68D4F820510F462046DF
:103AD000314600F0B7FED4F820319D427EF490AC20
:103AE000D4F80031BB427EF48BAC023FC4F80071C5
:103AF000FEF786BC6D680195B8F1000F7FF43BA816
:103B0000FEF77EBC0027FFF758BAAB4D9846AF1DB5
:103B100009E00B460131BD42C4F80011E65484F8B7
:103B200004613EF46DACFF2915F8016FF1D1D4F8B2
:103B3000083184F8FF80D4F80C2120469847D4F847
:103B400020310133C4F8203101210023E3E7DF688D
:103B5000D3F80890002F3EF453AC0025D0F80011A4
:103B6000A8460AE00B4601310135AF42C4F8001106
:103B7000E65484F804613EF443ACFF2919F805606B
:103B8000F0D1D4F8083184F8FF80D4F80C21204615
:103B90009847D4F820310133C4F8203101210023A3
:103BA000E2E7864DD0F8001105F106094FF0000854
:103BB00008E00B4601314D45C4F80011E65484F885
:103BC000046113D0FF2915F8016FF2D1D4F8083140
:103BD00084F8FF80D4F80C2120469847D4F820318F
:103BE0000133C4F8203101210023E4E73A4606A856
:103BF00073492EF057FE06A80BF092FA20B30DF190
:103C00001705D4F800112F184FF0000808E00B46F4
:103C10000131BD42C4F80011E65484F8046115D0A6
:103C2000FF2915F8016FF2D1D4F8083184F8FF802C
:103C3000D4F80C2120469847D4F820310133C4F839
:103C4000203101210023E4E7D4F80011FF2900F01E
:103C500045844A1C7D23C4F80021635484F8043150
:103C6000FEF7CEBB0546D4F81421FEF7AFBB526871
:103C7000536819684878632800F0E2831178312985
:103C800000F04E8453684F4918680BF00BFBD8F8CE
:103C9000042018B91378032B00F05B8420463146CA
:103CA00001F06CFCD5F804804749D8F804301F684F
:103CB00038460BF0F7FA002800F0228438464149D4
:103CC0000BF0F0FA002840F03D84AB6831469A686A
:103CD000204601F053FC6B681A78312A7EF490ABD1
:103CE0005B689A68012A7EF48BAB5B681B783E2B7D
:103CF0007EF486AB20462921FCF714FCFEF780BB3E
:103D0000D4F80011FFF711BAD4F81C3102E00278A0
:103D10002F2A06D1002B40F376858068013B0028CE
:103D2000F5D10123C4F81831FEF76ABB26F060060E
:103D300008323146D4F8143101F036FA6A68002AA4
:103D40003EF45EAB2046314600F07CFDFEF758BBEA
:103D50001E4FD0F8001107F1050A4FF000090AE0E4
:103D60000B4601315745C4F8001104F8038084F86C
:103D700004813FF4C4A9FF2917F8018FF0D1D4F8CA
:103D8000083184F8FF90D4F80C2120469847D4F8E5
:103D900020310133C4F8203101210023E2E7FF295B
:103DA00000F021844A1C2023C4F80021635484F8C5
:103DB00004317D684FE500BF5F0E0408DF0E040884
:103DC000F40C0408C80C04088C0E04084F0E0408F8
:103DD0007B68C549D3F8008040460BF063FA2B7826
:103DE00010B9032B00F01184372B00F087843A467A
:103DF0002046314601F088FBB8F1000F3EF4ECAFED
:103E00004046BA490BF04EFA002800F03E82404688
:103E1000B7490BF047FA074600287EF4DDAFD4F827
:103E20000031FF2B00F02184581C2827C4F8000122
:103E30003146E7542A46204684F8047100F002FD1A
:103E4000D4F80011FF2900F0FF8329234A1CC4F88D
:103E50000021635484F80431FEF7D2BAD0F800117F
:103E6000FF2900F0AF834A1C2823C4F80021204614
:103E700063543A1D314684F8043101F081FAD4F8D4
:103E80000011FF2900F08D834A1C2923C4F800216A
:103E9000635484F80431FEF79FBF4FF0000804F824
:103EA00007803946D4F80831D4F80C2120469847C9
:103EB000D4F82031C4F8008101334746C4F82031DA
:103EC000FFF7F2B8204631466A6800F0BBFCFEF707
:103ED00097BA0027D0F80831D0F80C2180F8FF708D
:103EE0009847D4F8203101333946C4F820310122F3
:103EF000FEF72CBD0025D4F80831D4F80C2184F845
:103F0000FF5020469847D4F8203101332946C4F8A1
:103F100020310122FFF78EBB00251946D4F80C2171
:103F2000D4F8083184F8FF5020469847D4F820315F
:103F30005A1CC4F820212B460122FFF76ABB00253A
:103F4000D4F80831D4F80C2184F8FF502046984763
:103F5000D4F8203101332946C4F820310122EDE4A0
:103F60000025D4F80831D4F80C2184F8FF502046FD
:103F70009847D4F8203101332946C4F82031012272
:103F800065E50025D4F80831D4F80C2184F8FF50F9
:103F900020469847D4F8203101332946C4F820310F
:103FA000012281E5566897683744BE42BEF428AACC
:103FB0004FF000080DE0D4F80011FF2918D04B1C79
:103FC000C4F80031655484F804510136B7427EF6D6
:103FD00017AABB1B032B3578EDDD5F2DEBD1727873
:103FE0005F2AE8D1B378552B00F050831546E2E7FD
:103FF000D4F8083184F8FF80D4F80C212046984783
:10400000D4F820310133C4F8203100210123D7E74F
:10401000384DD4F8001105F10D0A4FF0000908E001
:104020000B4601315545C4F80011E75484F804717A
:1040300046D0FF2915F8017FF2D1D4F8083184F871
:10404000FF90D4F80C2120469847D4F82031013352
:10405000C4F8203101210023E4E70026D0F808311C
:1040600080F8FF60D0F80C219847D4F82031013354
:10407000C4F8203131460123FEF742BF0025D4F8B1
:104080000831D4F80C2184F8FF5020469847D4F822
:10409000203101332946C4F820310122BDE4002536
:1040A000D4F80831D4F80C2184F8FF502046984702
:1040B000D4F8203101332946C4F820310122E0E44C
:1040C000D8F808200C49013206A82EF0EBFB06A810
:1040D0000BF026F878B30DF11705D4F8001105EBB5
:1040E000000A4FF0000912E0840E0408880E04084C
:1040F00070110408E30C0408F40C04080B460131A9
:104100005545C4F80011E75484F8047115D0FF290F
:1041100015F8017FF2D1D4F8083184F8FF90D4F873
:104120000C2120469847D4F820310133C4F82031BF
:1041300001210023E4E7D4F80011BD4D4FF0000940
:1041400005F1030A08E00B4601315545C4F800119A
:10415000E75484F8047113D0FF2915F8017FF2D1D8
:10416000D4F8083184F8FF90D4F80C212046984701
:10417000D4F820310133C4F8203101210023E4E7D1
:10418000D8F80480FFF783BA00251946D4F80C212B
:10419000D4F8083184F8FF5020469847D4F82031ED
:1041A0005A1CC4F820212B460121FEF7EDBD002743
:1041B0001946D4F80C21D4F8083184F8FF70204651
:1041C0009847D4F820315A1CC4F820213B460121DD
:1041D000FEF7C4BD0123C4F81831FEF711B916AAC1
:1041E000D4F8141142F8401D26F06006C4F81421DA
:1041F0006A68D4F8107108933146204607950997EC
:1042000000F020FB089B069AC4F81421002B7EF4D2
:10421000F7A820462021FCF785F9FFF747B80022D0
:10422000194684F8FF20D4F80831D4F80C21204630
:1042300098472923237084F804312A78D4F8203150
:10424000012101333C2AC4F82031C4F800117EF466
:10425000D5AE2D234A1CC4F80021635484F80431E0
:10426000FEF7CCBE4FF00008D4F80831D4F80C218A
:1042700084F8FF8020469847D4F820310133414626
:10428000C4F820310122FEF79EBE204631462A4660
:1042900000F0D8FAFEF7B4B8D5F8088098F80020F6
:1042A000002A7EF48AAE3C2B00F0908231464246D2
:1042B0002046023F00F0C6FA042F3EF6A1A8DFE830
:1042C00007F01B150F09030020465A49FDF7F0FFC0
:1042D000FEF796B820465849FDF7EAFFFEF790B87A
:1042E00020465649FDF7E4FFFEF78AB820466C21C8
:1042F000FCF718F9FEF784B820467521FCF712F98F
:10430000FEF77EB800261946D4F80C21D4F80831FF
:1043100084F8FF6020469847D4F820315A1CC4F82E
:10432000202133460121FEF7FABE011D2046FCF78D
:1043300015FA80B103782F2B7FF4ECA8D4F81C3148
:1043400005E08068013B30B102782F2A03D1002BB1
:10435000F7DC00F051820123C4F81831FEF750B8A1
:10436000D4F80011FF2900F0BA814B1CC4F80031C9
:10437000204604F8019055F80C2C84F8049141462D
:1043800000F06CFAFEF775BB0123C4F81831FEF794
:1043900037B8D4F80011FF2900F0DC8120224B1C33
:1043A000C4F80031625484F80421FEF7E9BCD4F863
:1043B0000011FF2900F0EA8120224B1CC4F80031D3
:1043C000625484F80421FEF7C5BCD4F80011FF291B
:1043D00000F0EC814A1C5B23C4F80021635484F88C
:1043E00004313146AA68204600F02CFAD4F80011B6
:1043F000FF2900F09F815D234A1CC4F8002163540B
:1044000084F80431FDF7FCBFFF297FF422AF4FF0A1
:104410000008D4F8083184F8FF80D4F80C21204635
:104420009847D4F8203101334146C4F8203110E7D1
:10443000F70C0408A40E0408A00E04089C0E04083F
:104440000978A1F16300012803D9723901293FF6E7
:1044500015AC2046314601F057F820463C21FCF7C8
:1044600061F8AB6820465A68314600F0EBF9204607
:10447000C049FDF71DFFAB68314620469A6800F041
:10448000E1F920462921FCF74DF8FDF7B9BF0027D7
:10449000D4F80831D4F80C2184F8FF7020469847EE
:1044A000D4F8203101333946C4F820310122FFF716
:1044B000E1B87868B0490AF02BFF00287EF43EACE2
:1044C00031462046AA6800F0BDF92046AB49FDF709
:1044D000EFFEFEF75FBC029BFEF7D6BE0025D4F8C8
:1044E0000831D4F80C2184F8FF5020469847D4F8BE
:1044F000203101332946C4F820310122FFF7AABB3D
:1045000020465B21FCF70EF8AB68314620469A68DE
:1045100000F098F920465D21FCF704F8FFF7DBBBBB
:10452000996801297FF4AEAB5B681B783E2B7FF462
:10453000A9AB20462821FBF7F5FF6A68D5F808806B
:10454000FFF7A0BB42462046314600F0DDFFFFF7F3
:10455000BCBB93681B78292B1CBF0123C4F81831FE
:1045600052682046314601F009F8FFF79BBB4246EE
:104570002046314601F002F820463146524600F00E
:10458000C3FF4A462046314600F0F8FF20467C49EA
:10459000FDF78EFE204631462A4600F0EFFFFDF77C
:1045A0002FBF0027D4F80831D4F80C2184F8FF700D
:1045B00020469847D4F8203101333946C4F82031D9
:1045C000012262E44FF00008D0F80831D0F80C2145
:1045D00080F8FF809847D4F8203101334146C4F871
:1045E0002031012240E40025D4F80831D4F80C2110
:1045F00084F8FF5020469847D4F8203101332946EB
:10460000C4F820310122FFF7CEBB6B681A78012A6B
:104610007FF4EDABAA681278292A08BF1D46FFF780
:10462000E6BB16AB059743F848ADC4F81031FEF76A
:1046300005BA314620466A6800F0A0FF204651497D
:10464000FDF736FEFDF7DCBE0025D4F8083184F80E
:10465000FF50D4F80C2120469847D4F8203101337C
:104660002946C4F82031FFF7F0BB84F8FF00194653
:10467000D4F80C21D4F8083120469847D4F82031DA
:104680005A1CC4F820213B46FFF7CEBBF31C9F42C7
:104690007FF6ACAC002104E01546BB4205EB0111EE
:1046A00015D09C4613F8015BA5F13002D0B2092861
:1046B000A5F14109F0D9B9F1050FA5F1610201D8C1
:1046C000373DEAE7052A00F28780573DE5E75F2599
:1046D00071E44C460123C4F81831FDF791BED4F8BB
:1046E000083184F8FF60D4F80C2120469847D4F8AC
:1046F000203101333146C4F8203136E66A6820465D
:10470000314600F03BFF204631463A4600F0FCFEC1
:10471000FDF776BE3B2B7EF450AC53681B78302BF4
:1047200000F08880312B7EF448AC1749FDF7C0FDBE
:10473000FDF766BE0025D4F8083184F8FF50D4F8A0
:104740000C2120469847D4F8203101332946C4F87B
:10475000203150E60025D4F8083184F8FF50D4F811
:104760000C2120469847D4F8203101332946C4F85B
:10477000203113E6540F0408FC0C0408040D04084F
:10478000900E0408D40E0408B00E04080027D4F8D4
:10479000083184F8FF70D4F80C2120469847D4F8EB
:1047A000203101333946C4F8203105E60027D4F81A
:1047B000083184F8FF70D4F80C2120469847D4F8CB
:1047C000203101333946C4F8203103E62D21FBF7AF
:1047D000A9FED5F8088069E567457FF678AF5F2DBB
:1047E0007FF475AFFF293FF6E6ABC9B220466646B7
:1047F000FBF798FEFFF7E9BB406800283FF4ABAD3C
:104800000378FEF787BE7FF48CAA406800287EF408
:1048100079AAFFF786BA31462046AA6800F012F856
:10482000089B0299C4F81411002B7DF4E9AD0B46E6
:10483000FEF72ABD0249FDF73BFDFDF7E1BD00BFD4
:10484000A80E04082AB1D0F818310BB9FDF764BDE1
:1048500070470122C0F81821704700BF1378033B4E
:104860002DE9F0471546044689462A2B00F2D381EC
:10487000DFE813F05200D101D101D101D101D10102
:10488000D101D101D101D101D101D101D101D10198
:10489000D101D101D101D101D101D101D101D10188
:1048A0005D008300A9005D008300A900CE00E60042
:1048B0001D013201440147014A017001D101D101BA
:1048C000D101D1019501D1012B00D94ED0F8003191
:1048D00006F10A0A4FF0000809E01A46013356456E
:1048E000C4F80031A75484F8047100F0B981FF2B9B
:1048F00016F8017FF1D11946D4F80C21D4F808310B
:1049000084F8FF8020469847D4F820310133C4F85A
:10491000203100220123E2E76A68002A00F0D780F4
:10492000D4F81831002B00F0BA81BDE8F087C14DF2
:10493000D0F8001105F109074FF0000809E00B4617
:104940000131BD42C4F80011E65484F8046100F05E
:104950008381FF2915F8016FF1D1D4F8083184F86B
:10496000FF80D4F80C2120469847D4F82031013339
:10497000C4F8203101210023E3E7AF4DD0F8001146
:1049800005F109074FF0000809E00B460131BD426F
:10499000C4F80011E65484F8046100F05F81FF2937
:1049A00015F8016FF1D1D4F8083184F8FF80D4F8FC
:1049B0000C2120469847D4F820310133C4F8203127
:1049C00001210023E3E79D4DD0F80011AF1D4FF00A
:1049D000000809E00B460131BD42C4F80011E6545D
:1049E00084F8046100F02181FF2915F8016FF1D1ED
:1049F000D4F8083184F8FF80D4F80C212046984779
:104A0000D4F820310133C4F8203101210023E3E739
:104A1000D0F80031FF2B00F05981591C2022C4F836
:104A20000011E25484F80421FF2900F03E814A1C61
:104A30002623C4F80021635484F80431BDE8F087CC
:104A4000D0F80031FF2B00F06281591C2022C4F8FD
:104A50000011E25484F80421794D4FF00008AF1C96
:104A600009E00B46BD4201F10101C4F80011E65412
:104A700084F8046119D0FF2915F8016FF1D1D4F839
:104A8000083184F8FF80D4F80C2120469847D4F8E8
:104A900020310133C4F8203100230121BD42C4F884
:104AA0000011E65484F80461E5D1BDE8F087D0F840
:104AB0000011FF2900F01B814A1C2023C4F80021AB
:104AC000635484F80431AA68002A7FF429AF0123D3
:104AD000C4F81831BDE8F08711F004097FF425AF60
:104AE000D0F80011FF2900F04D814A1C2A23C4F898
:104AF0000021635484F80431BDE8F087D0F8001138
:104B000092E7D0F80011A7E74E4DD0F8001105F15B
:104B100008074FF0000809E00B460131BD42C4F818
:104B20000011E65484F8046100F09480FF2915F820
:104B3000016FF1D1D4F8083184F8FF80D4F80C214A
:104B400020469847D4F820310133C4F820310121A0
:104B50000023E3E73C4DD0F8001105F10A074FF0C0
:104B6000000808E00B460131BD42C4F80011E654CC
:104B700084F804616CD0FF2915F8016FF2D1D4F8E4
:104B8000083184F8FF80D4F80C2120469847D4F8E7
:104B900020310133C4F8203101210023E4E790F8EB
:104BA0000431282B0BD0D0F80011FF2900F0DA8057
:104BB0004A1C2023C4F80021635484F804316A6835
:104BC000002A00F0C780D4F81831002B62D01F4DA6
:104BD000D4F80011EF1C4FF0000808E00B4601313B
:104BE000BD42C4F80011E65484F8046149D0FF299D
:104BF00015F8016FF2D1D4F8083184F8FF80D4F8A9
:104C00000C2120469847D4F820310133C4F82031D4
:104C100001210023E4E7D0F81831002B7FF485AEA2
:104C20002A46BDE8F047FDF777BBBDE8F08700BF37
:104C3000970F0408570F0408630F04086F0F040848
:104C4000770F04087B0F0408870F0408930F0408EC
:104C5000BDE8F087BDE8F087BDE8F087BDE8F087E4
:104C60006A68002A7AD0D4F8181161B1FF2B5FD09E
:104C7000591C2922C4F80011E25484F80421BDE82B
:104C8000F087BDE8F08749462046FDF745FBD4F89C
:104C90000031EBE749462046FDF73EFB97E720460B
:104CA0004946BDE8F047FDF737BB0025D4F8083189
:104CB000D4F80C2184F8FF5020469847D4F82031CE
:104CC00001332946C4F820310122B1E600251946F6
:104CD000D0F80C21D0F8083180F8FF509847D4F86C
:104CE00020315A1CC4F820212B46012196E60026CB
:104CF000D0F80831D0F80C2180F8FF609847D4F83C
:104D0000203101333146C4F820310122D5E6002597
:104D10001946D0F80C21D0F8083180F8FF50984798
:104D2000D4F820315A1CC4F820212B4601218DE6ED
:104D300000251946D4F80C21D4F8083184F8FF5026
:104D400020469847D4F820315A1CC4F820212B461D
:104D500001218EE70123C4F8183138E70122C4F895
:104D6000182183E70026D0F80831D0F80C2180F80C
:104D7000FF609847D4F8203101333146C4F8203120
:104D8000012216E7D0F80831D0F80C2180F8FF9006
:104D90009847D4F8203101334946C4F82031012224
:104DA000A4E600BF2DE9F04F144689B005460F4632
:104DB0001E463AB3D0F8183123BB4FF0010802E089
:104DC000D5F81821F2B9A268CAB9626810781EB97C
:104DD000A0F11C03042B12D9E368C4F80880292829
:104DE000D5F81091C5F810310FD02A2818D0022814
:104DF00021D028463946FFF731FDC5F810912468C7
:104E0000002CDDD109B0BDE8F08F394608322368A7
:104E1000284600F0C9F9C5F8109109B0BDE8F08F37
:104E2000394604322368284600F0EEF8C5F81091A0
:104E300009B0BDE8F08F0026D5F81481C5F81461DB
:104E4000526828463946FFF7FDFCC5F8148117F073
:104E5000040823D1684ED5F8001106F1020B09E0D1
:104E60000B4601315E45C5F8001105F803A085F831
:104E700004A11ED0FF2916F801AFF1D1D5F80831F1
:104E800085F8FF80D5F80C2128469847D5F82031C1
:104E90000133C5F8203101210023E3E7D5F80011E3
:104EA000FF291BD04A1C2E23C5F800216B5485F81E
:104EB000043163689C682378452B02D11EE0646846
:104EC00023781C3B042BFAD9394622462846FFF7A3
:104ED000B9FCC5F8109109B0BDE8F08FD5F80831DC
:104EE000D5F80C2185F8FF6028469847D5F8203181
:104EF00001333146C5F820310122D4E73F4ED5F8C1
:104F0000001106F10D0A4FF0000B09E00B460131CC
:104F10005645C5F8001105F8038085F8048113D0C3
:104F2000FF2916F8018FF1D1D5F8083185F8FFB0C7
:104F3000D5F80C2128469847D5F820310133C5F81B
:104F4000203101210023E3E7A2682D49013201A8A5
:104F50002DF0A8FC01A80AF0E3F830B30DF1030628
:104F6000D5F8001106EB000A4FF0000B09E00B46E4
:104F700001315645C5F8001105F8038085F8048114
:104F800015D0FF2916F8018FF1D1D5F8083185F831
:104F9000FFB0D5F80C2128469847D5F820310133C9
:104FA000C5F8203101210023E3E7D5F80011154EA3
:104FB0004FF0000B06F1030A0AE00B46013156459B
:104FC000C5F8001105F8038085F804813FF477AF38
:104FD000FF2916F8018FF0D1D5F8083185F8FFB018
:104FE000D5F80C2128469847D5F820310133C5F86B
:104FF000203101210023E2E7DF0C0408E30C040860
:10500000F40C0408F70C04082DE9F84F99460546FE
:105010000F4690464BB1986880B31B68002BFAD1BD
:105020004A4628463946FFF7BDFED5F80031FF2B2A
:1050300069D0591C2022C5F80011EA5485F80421D2
:10504000FF2900F095804B1C5B22C5F800316A54A3
:1050500085F80421D8F800202AB139462846FFF700
:10506000F1FBD5F80031FF2B70D0591C5D22C5F83B
:105070000011EA5485F80421BDE8F88F5B681B78BD
:105080002A2B00F08680474ED5F8001106F1020A5F
:105090000AE00A46564501F10101C5F8001105F87C
:1050A00002B085F804B11CD0FF2916F801BFF0D179
:1050B0004FF00003D5F80C2185F8FF30D5F80841F2
:1050C0002846A047D5F820210132C5F8202100222A
:1050D00001215645C5F8001105F802B085F804B164
:1050E000E2D139464A4628460023FFF75BFED5F851
:1050F0000011FF2919D04B1C2922C5F800316A5430
:1051000085F8042193E700241946D5F80C21D5F839
:10511000083185F8FF4028469847D5F820315A1CB9
:10512000C5F820212346012184E70024D5F8083161
:1051300085F8FF40D5F80C2128469847D5F820314E
:105140000133C5F8203121460123D5E70024194653
:10515000D5F80C21D5F8083185F8FF402846984746
:10516000D5F820315A1CC5F82021234601217DE7BE
:105170000024D5F8083185F8FF40D5F80C212846E1
:105180009847D5F820310133C5F820312146012355
:105190005AE7034639464A462846FFF703FED5F844
:1051A00000114DE7CF0E04082DE9F0479A46074657
:1051B00088469146002B3BD09B68002B38D1544643
:1051C000012206E016F4606F7AD1246884B3A368E4
:1051D00073BB6068694D0678193EF6B2122EF4D89A
:1051E00002FA06F63540002DECD097F80431202B5A
:1051F0006CD0D7F80031FF2B00F0AD80591C202275
:10520000FF29C7F80011FA5487F8042162D100245D
:10521000D7F8083187F8FF40D7F80C21384698476F
:10522000D7F820310133C7F820312146012352E05D
:105230000023D7F81451C7F8143141463846524676
:10524000FFF7B0FDD7F80011FF2962D04B1C2822D0
:10525000C7F800317A5487F80421D9F8002012B138
:10526000D7F8181191B1FF2B18D05A1C2924C7F870
:1052700000214146FC545246384687F80441012338
:10528000FFF790FDC7F81451BDE8F0873846414656
:10529000FDF742F8D7F80031FF2BE6D1002419467C
:1052A000D7F80C21D7F8083187F8FF4038469847DF
:1052B000D7F820315A1CC7F8202123460122D5E710
:1052C00097F8043103F0FD02282A90D1D7F8001195
:1052D000FF299CD04B1C28220024C7F80031D7F8A6
:1052E00014517A54234687F80421C7F814415246D2
:1052F00038464146FFF756FDD7F80021FF2A19D05E
:10530000511C2923FF29C7F80011BB5487F8043129
:105310009CD10024D7F8083187F8FF40D7F80C213A
:1053200038469847D7F820310133C7F82031214655
:1053300001238CE71146D7F80831D7F80C2187F8FC
:10534000FF4038469847D7F8203101332246C7F846
:1053500020310121D5E700241946D7F80C21D7F8D0
:10536000083187F8FF4038469847D7F820315A1C53
:10537000C7F820212346012141E700BF073104007F
:105380002DE9F041154612681378042B82B00446CB
:105390000E4606D0D0F81831002B3DD002B0BDE843
:1053A000F08102ABD0F8107143F8087D0022C0F8FC
:1053B0001031D0F81481C0F814212B6801935A6879
:1053C000002A6FD0D0F81831002B3FD094F8043168
:1053D000C4F810713C2B69D0D4F80021FF2A4BD0BF
:1053E000531C3C21C4F80031A15484F804112A68EC
:1053F0009268002A52D0D4F8185195B1FF2B29D0C9
:10540000591C3E22C4F80011E25484F80421C4F867
:10541000148102B0BDE8F081FCF77EFF02B0BDE868
:10542000F08131462046FCF777FF94F80421D4F848
:1054300000313E2AE2D1FF2B44D01D460133202209
:10544000C4F80031625584F80421D7E7FCF764FF03
:10545000009FBBE700251946D4F80C21D4F8083189
:1054600084F8FF5020469847D4F820315A1CC4F8DD
:1054700020212B460121C4E700271146D4F808312A
:10548000D4F80C2184F8FF7020469847D4F82031D6
:105490000133C4F820313A460123A2E70122C4F8BF
:1054A0001821ABE70123C0F818318FE7D4F80011B9
:1054B000FF2917D04A1C2023C4F80021635484F824
:1054C00004318BE7194684F8FF50D4F80831D4F83A
:1054D0000C2120469847D4F820310133C4F82031FC
:1054E0000123ACE70027D4F80831D4F80C2184F864
:1054F000FF7020469847D4F8203101333946C4F86C
:1055000020310122D7E700BF2DE9F8431578312D6E
:10551000044608D0D0F818310BB1BDE8F883BDE8D7
:10552000F843FCF7F9BE53689F68D3F80490002F46
:10553000F3D00025D0F80011A84609E00B46013150
:105540000135AF42C4F80011E65484F8046113D069
:10555000FF2919F80560F1D1D4F8083184F8FF80EB
:10556000D4F80C2120469847D4F820310133C4F8F0
:10557000203101210023E3E7BDE8F883F8B5137873
:10558000012B15460F46044614D9302B12D0062B9A
:1055900010D0D0F80031FF2B34D0591C2822C4F889
:1055A0000011E254D4F8183184F80421002633B1F4
:1055B00066B1F8BDD4F818310126002BF8D1394670
:1055C0002A462046FCF7A8FE002EF2D1D4F800119E
:1055D000FF2907D04A1C2923C4F80021635484F80A
:1055E0000431F8BDD4F80831D4F80C2184F8FF60F8
:1055F00020469847D4F8203101333146C4F8203191
:105600000122E8E700261946D4F80C21D4F8083125
:1056100084F8FF609847D4F820315A1CC4F8202140
:1056200033460121BAE700BF2DE9F04FD7B0044659
:1056300005785F2D00AF0E46904672D020467C491B
:10564000082209F065FE78B9237A2E2B05D05F2B4E
:1056500003D0242B01D0814608E0637A442B00F06C
:10566000DF80492B00F098804FF00009204609F0B8
:1056700057FD420083009918890008310A33ADEBC9
:10568000010D23F00703EA4604EB000CADEB030D1C
:105690004FF0110B0023B9F1010FC7F810A0C7F8A4
:1056A0001CD0BA613C60FC607862C7F804C0C7F8DF
:1056B00008B07B613B62BB62FB623B6337D073D354
:1056C000B9F1030F70D8E27AB9F1020F04F10B05BA
:1056D00014BF4FF043094FF042095F2AFD6003D128
:1056E000227B5A2A00F09180284609F019FD2946AC
:1056F00002463846FAF798FD0246494600233846E6
:10570000FAF746FDFC688146204609F009FD23189A
:10571000FB60255C85B1002007F5AE77BD46BDE88E
:10572000F08F43785A2B89D14FF001099EE75F2D06
:1057300041D09946002DEED1B9F1000F63D007F1A9
:1057400034044A4620461121C7F8345187F83851AD
:10575000C7F84451C7F84851C7F85051C7F85451D9
:10576000C7F83C61C7F84081C7F84C51FCF7D4FD3D
:10577000D7F83411D7F83C31D7F84021655420468A
:105780009847D7F84C01D0F1010038BF002007F549
:10579000AE77BD46BDE8F08FA37A5F2B14BF4FF004
:1057A00000094FF0020961E73846FBF79FFAFB68F2
:1057B00081461D78AEE76578621C5A2DFA60B8D133
:1057C000494602343846FC60FBF776FEBB6813F0AE
:1057D000010FFB6881461D7812D19BE75B78A3F12E
:1057E0006102192A38464946A3F1300403D95F2BD8
:1057F00001D0092C11D8FAF7A7FDFB681D78814666
:105800002E2DEBD086E7484686E70D3419463846FC
:10581000FC60FBF751FE02466FE7FB681D7879E7F5
:10582000A37A5F2B0CBF4FF003094FF000091DE76F
:10583000840C04082DE9F0410D4684B017461E463D
:1058400000282ED009B1002A2BD000242949009429
:105850006A46019402940394FFF7E6FE00283ED0C6
:10586000039BDBB14FF00108009C44B3002D33D003
:10587000204609F055FC3B6898421AD2421C21464A
:10588000284609F0B5FC20462CF02EFA2C460EB323
:1058900000232046336004B0BDE8F081DDF80880C5
:1058A000E2E79EB16FF002030020336004B0BDE870
:1058B000F08128462CF018FAC7F80080E7E72EB1EF
:1058C000B8F1010F11D06FF001033360002004B074
:1058D000BDE8F0812046DEE7002FEDD1D7E7009844
:1058E0002CF002FA002EEED1F0E74FF0FF33204605
:1058F0003360D0E72908000808B540B139B1FFF797
:1059000093FE002814BF00206FF0010008BD6FF067
:10591000020008BD81F0004102E000BF83F00043B7
:1059200030B54FEA41044FEA430594EA050F08BF3A
:1059300090EA020F1FBF54EA000C55EA020C7FEAFE
:10594000645C7FEA655C00F0E2804FEA5454D4EB7B
:105950005555B8BF6D420CDD2C4480EA020281EA45
:10596000030382EA000083EA010180EA020281EA7D
:105970000303362D88BF30BD11F0004F4FEA0131CF
:105980004FF4801C4CEA113102D0404261EB4101DE
:1059900013F0004F4FEA03334CEA133302D0524264
:1059A00063EB430394EA050F00F0A780A4F1010420
:1059B000D5F1200E0DDB02FA0EFC22FA05F280185A
:1059C00041F1000103FA0EF2801843FA05F3594140
:1059D0000EE0A5F120050EF1200E012A03FA0EFCBF
:1059E00028BF4CF0020C43FA05F3C01851EBE371E9
:1059F00001F0004507D54FF0000EDCF1000C7EEB06
:105A000000006EEB0101B1F5801F1BD3B1F5001F43
:105A10000CD349085FEA30004FEA3C0C04F1010462
:105A20004FEA445212F5800F80F09A80BCF1004F8B
:105A300008BF5FEA500C50F1000041EB045141EA0D
:105A4000050130BD5FEA4C0C404141EB010111F40E
:105A5000801FA4F10104E9D191F0000F04BF0146B9
:105A60000020B1FA81F308BF2033A3F10B03B3F197
:105A700020020CDA0C3208DD02F1140CC2F10C0227
:105A800001FA0CF021FA02F10CE002F11402D8BF85
:105A9000C2F1200C01FA02F120FA0CFCDCBF41EA51
:105AA0000C019040E41AA2BF01EB0451294330BD20
:105AB0006FEA04041F3C1CDA0C340EDC04F11404FD
:105AC000C4F1200220FA04F001FA02F340EA0300D4
:105AD00021FA04F345EA030130BDC4F10C04C4F11A
:105AE000200220FA02F001FA04F340EA03002946FA
:105AF00030BD21FA04F0294630BD94F0000F83F444
:105B0000801306BF81F480110134013D4EE77FEA26
:105B1000645C18BF7FEA655C29D094EA050F08BF72
:105B200090EA020F05D054EA000C04BF1946104653
:105B300030BD91EA030F1EBF0021002030BD5FEA97
:105B4000545C05D14000494128BF41F0004130BDBF
:105B500014F580043CBF01F5801130BD01F0004513
:105B600045F0FE4141F470014FF0000030BD7FEA86
:105B7000645C1ABF194610467FEA655C1CBF0B4681
:105B8000024650EA013406BF52EA033591EA030F98
:105B900041F4002130BD00BF90F0000F04BF002190
:105BA000704730B54FF4806404F132044FF00005C3
:105BB0004FF0000150E700BF90F0000F04BF00213C
:105BC000704730B54FF4806404F1320410F00045A2
:105BD00048BF40424FF000013EE700BF42004FEA9D
:105BE000E2014FEA31014FEA02701FBF12F07F431A
:105BF00093F07F4F81F06051704792F0000F14BF17
:105C000093F07F4F704730B54FF4607401F000455A
:105C100021F0004120E700BF50EA010208BF7047B1
:105C200030B54FF000050AE050EA010208BF7047A6
:105C300030B511F0004502D5404261EB41014FF40F
:105C4000806404F132045FEA915C3FF4DCAE4FF013
:105C500003025FEADC0C18BF03325FEADC0C18BFFA
:105C6000033202EBDC02C2F1200300FA03FC20FA4B
:105C700002F001FA03FE40EA0E0021FA02F1144498
:105C8000C1E600BF70B54FF0FF0C4CF4E06C1CEAAD
:105C900011541DBF1CEA135594EA0C0F95EA0C0F22
:105CA00000F0DEF82C4481EA030621EA4C5123EA95
:105CB0004C5350EA013518BF52EA033541F48011C4
:105CC00043F4801338D0A0FB02CE4FF00005E1FB77
:105CD00002E506F00042E0FB03E54FF00006E1FBC1
:105CE00003569CF0000F18BF4EF0010EA4F1FF0404
:105CF000B6F5007F64F5407404D25FEA4E0E6D4144
:105D000046EB060642EAC62141EA55514FEAC52054
:105D100040EA5E504FEACE2EB4F1FD0C88BFBCF5D0
:105D2000E06F1ED8BEF1004F08BF5FEA500E50F181
:105D3000000041EB045170BD06F0004646EA010147
:105D400040EA020081EA0301B4EB5C04C2BFD4EB79
:105D50000C0541EA045170BD41F480114FF0000E72
:105D6000013C00F3AB8014F1360FDEBF002001F0E0
:105D7000004170BDC4F10004203C35DA0C341BDC5A
:105D800004F11404C4F1200500FA05F320FA04F02C
:105D900001FA05F240EA020001F0004221F0004160
:105DA00010EBD37021FA04F642EB06015EEA430ED3
:105DB00008BF20EAD37070BDC4F10C04C4F1200503
:105DC00000FA04F320FA05F001FA04F240EA0200B6
:105DD00001F0004110EBD37041F100015EEA430E87
:105DE00008BF20EAD37070BDC4F1200500FA05F2A7
:105DF0004EEA020E20FA04F301FA05F243EA020326
:105E000021FA04F001F0004121FA04F220EA020034
:105E100000EBD3705EEA430E08BF20EAD37070BD7A
:105E200094F0000F0FD101F00046400041EB01015A
:105E300011F4801F08BF013CF7D041EA060195F03C
:105E4000000F18BF704703F00046520043EB0303F6
:105E500013F4801F08BF013DF7D043EA06037047E3
:105E600094EA0C0F0CEA135518BF95EA0C0F0CD0EE
:105E700050EA410618BF52EA4306D1D181EA030134
:105E800001F000414FF0000070BD50EA410606BF2E
:105E90001046194652EA430619D094EA0C0F02D173
:105EA00050EA013613D195EA0C0F05D152EA0336B8
:105EB0001CBF104619460AD181EA030101F00041D6
:105EC00041F0FE4141F470014FF0000070BD41F01F
:105ED000FE4141F4780170BD70B54FF0FF0C4CF4F9
:105EE000E06C1CEA11541DBF1CEA135594EA0C0F18
:105EF00095EA0C0F00F0A7F8A4EB050481EA030E65
:105F000052EA03354FEA013100F088804FEA03334B
:105F10004FF0805545EA131343EA12634FEA022219
:105F200045EA111545EA10654FEA00260EF00041DA
:105F30009D4208BF964244F1FD0404F5407402D22C
:105F40005B084FEA3202B61A65EB03055B084FEABD
:105F500032024FF480104FF4002CB6EB020E75EBBA
:105F6000030E22BFB61A754640EA0C005B084FEAE2
:105F70003202B6EB020E75EB030E22BFB61A75465F
:105F800040EA5C005B084FEA3202B6EB020E75EBAA
:105F9000030E22BFB61A754640EA9C005B084FEA22
:105FA0003202B6EB020E75EB030E22BFB61A75462F
:105FB00040EADC0055EA060E18D04FEA051545EA1E
:105FC00016754FEA06164FEAC30343EA52734FEAC7
:105FD000C2025FEA1C1CC0D111F4801F0BD141EA40
:105FE00000014FF000004FF0004CB6E711F4801FA5
:105FF00004BF01430020B4F1FD0C88BFBCF5E06F85
:106000003FF6AFAEB5EB030C04BFB6EB020C5FEA94
:10601000500C50F1000041EB045170BD0EF0004EE9
:106020004EEA113114EB5C04C2BFD4EB0C0541EA1B
:10603000045170BD41F480114FF0000E013C90E618
:1060400045EA060E8DE60CEA135594EA0C0F08BFDC
:1060500095EA0C0F3FF43BAF94EA0C0F0AD150EADB
:1060600001347FF434AF95EA0C0F7FF425AF10466E
:1060700019462CE795EA0C0F06D152EA03353FF496
:10608000FDAE1046194622E750EA410618BF52EA13
:1060900043067FF4C5AE50EA41047FF40DAF52EAE7
:1060A00043057FF4EBAE12E74FF0FF3C06E000BF84
:1060B0004FF0010C02E000BF4FF0010C4DF804CD91
:1060C0004FEA410C7FEA6C5C4FEA430C18BF7FEA51
:1060D0006C5C1BD001B050EA410C0CBF52EA430C7F
:1060E00091EA030F02BF90EA020F0020704710F1FF
:1060F000000F91EA030F58BF994208BF90422CBF8E
:10610000D8176FEAE37040F0010070474FEA410C86
:106110007FEA6C5C02D150EA013C07D14FEA430CA4
:106120007FEA6C5CD6D152EA033CD3D05DF8040B15
:10613000704700BF8446104662468C461946634647
:1061400000E000BF01B5FFF7B7FF002848BF10F11E
:10615000000F01BD4DF808EDFFF7F4FF0CBF012063
:1061600000205DF808FB00BF4DF808EDFFF7EAFFDF
:1061700034BF012000205DF808FB00BF4DF808ED9A
:10618000FFF7E0FF94BF012000205DF808FB00BF8F
:106190004DF808EDFFF7CEFF94BF012000205DF819
:1061A00008FB00BF4DF808EDFFF7C4FF34BF012026
:1061B00000205DF808FB00BF4FEA410212F5001213
:1061C00015D211D56FF47873B3EB625212D94FEA3E
:1061D000C12343F0004343EA505311F0004F23FA28
:1061E00002F018BF404270474FF00000704750EA7D
:1061F000013005D111F0004008BF6FF0004070473A
:106200004FF00000704700BF4A0011D212F5001293
:1062100011D20DD56FF47873B3EB62520ED44FEAFE
:10622000C12343F0004343EA505323FA02F070477E
:106230004FF00000704750EA013002D14FF0FF30BC
:1062400070474FF0000070474FEA4102B2F1E0435F
:1062500024BFB3F5001CDCF1FE5C0DD901F0004C4D
:106260004FEAC0024CEA5070B2F1004F40EB83009D
:1062700008BF20F00100704711F0804F21D113F1C9
:106280003872BCBF01F00040704741F480114FEA02
:106290005252C2F11802C2F1200C10FA0CF320FA8B
:1062A00002F018BF40F001004FEAC1234FEAD323A8
:1062B00003FA0CFC40EA0C0023FA02F34FEA430312
:1062C000CCE77FEA625307D150EA01331EBF4FF09B
:1062D000FE4040F44000704701F0004040F0FE40B6
:1062E00040F40000704700BF80F0004002E000BFB3
:1062F00081F0004142001FBF5FEA410392EA030FB1
:106300007FEA226C7FEA236C6AD04FEA1262D2EBFA
:106310001363C1BFD218414048404140B8BF5B42FF
:10632000192B88BF704710F0004F40F4000020F098
:106330007F4018BF404211F0004F41F4000121F0AE
:106340007F4118BF494292EA030F3FD0A2F10102F8
:1063500041FA03FC10EB0C00C3F1200301FA03F136
:1063600000F0004302D5494260EB4000B0F5000F59
:1063700013D3B0F1807F06D340084FEA310102F118
:106380000102FE2A51D2B1F1004F40EBC25008BFCA
:1063900020F0010040EA03007047490040EB000094
:1063A00010F4000FA2F10102EDD1B0FA80FCACF1C3
:1063B000080CB2EB0C0200FA0CF0AABF00EBC250C2
:1063C00052421843BCBFD0401843704792F0000FB0
:1063D00081F4000106BF80F400000132013BB5E703
:1063E0004FEA41037FEA226C18BF7FEA236C21D079
:1063F00092EA030F04D092F0000F08BF08467047DE
:1064000090EA010F1CBF0020704712F07F4F04D1AB
:10641000400028BF40F00040704712F100723CBFBE
:1064200000F50000704700F0004343F0FE4040F4E8
:10643000000070477FEA226216BF08467FEA2363A6
:106440000146420206BF5FEA412390EA010F40F491
:10645000800070474FF0000304E000BF10F00043DD
:1064600048BF40425FEA000C08BF704743F09643C4
:1064700001464FF000001CE050EA010208BF7047DF
:106480004FF000030AE000BF50EA010208BF704766
:1064900011F0004302D5404261EB41015FEA010C7B
:1064A00002BF84460146002043F0B64308BFA3F173
:1064B0008053A3F50003BCFA8CF2083AA3EBC25355
:1064C00010DB01FA02FC634400FA02FCC2F1200274
:1064D000BCF1004F20FA02F243EB020008BF20F0AB
:1064E0000100704702F1200201FA02FCC2F1200211
:1064F00050EA4C0021FA02F243EB020008BF20EA06
:10650000DC70704773B96AB9002908BF0028BCBFA6
:1065100000204FF00041C4BF6FF000414FF0FF304A
:1065200001F048B882B0EC462DE9005000F090F838
:10653000DDF804E002B00CBC704700BF4BB942B9B3
:10654000002908BF002802D04FF0FF31084601F0B3
:1065500031B882B0EC462DE9005000F091F8DDF83A
:1065600004E002B00CBC704707EE900AF5EEC07A6A
:10657000F1EE10FA08B503D4BDE8084000F022B8E7
:10658000F1EE677A17EE900A00F01CF8404261EBDA
:10659000410108BD38B50022002304460D46FFF72F
:1065A000E3FD28B920462946BDE8384000F02EB862
:1065B000204605F1004100F029F8404261EB41011D
:1065C00038BD00BF70B5FFF709FB00220D4B044634
:1065D0000D46FFF757FBFFF717FE0646FFF7DCFAFD
:1065E0000022094BFFF74EFB02460B462046294688
:1065F000FFF794F9FFF708FE002242EA0004204664
:10660000314670BD0000F03D0000F04170B5002241
:106610000D4B04460D46FFF735FBFFF7F5FD06462B
:10662000FFF7BAFA0022094BFFF72CFB02460B4694
:1066300020462946FFF772F9FFF7E6FD002242EAFD
:1066400000042046314670BD0000F03D0000F041DE
:106650002DE97043069E14461D468046894600F08B
:10666000ABFF04FB01F300FB0533A4FB00451D4415
:10667000B8EB040469EB0505C6E90045BDE8708385
:106680002DE97043069E1446804689461D4601F05A
:10669000DFF800FB05F504FB0153A0FB04451D4496
:1066A000B8EB040469EB0505C6E90045BDE8708355
:1066B00003685A004CBF43F0004323F000431844E2
:1066C000704700BF2DE9F04F064683B0914621B3D5
:1066D000013901918846002707EB080404EBD474C4
:1066E0006410E50006EB050B5846FFF7E1FF019B40
:1066F0008246A34205F10800304419D0FFF7D8FFC5
:10670000CA4500F1FF3004D9BC420BD004F1FF3878
:10671000E2E7484502D2671CDEE78B46584603B0E5
:10672000BDE8F08F4FF0000B584603B0BDE8F08F86
:10673000CA45E9D8F2E700BF012807D0022807D0F0
:10674000044B00280CBF18460020704702487047D1
:1067500002487047696E0008716E0008796E000883
:1067600030B5274B83B004468D1E002B42D02846FF
:1067700001A9AFF30080034623B32A460199FFF72E
:10678000A1FF054618B3FFF793FF6B68A064012BC8
:1067900012D0002B05F1040028DBFFF789FF00234E
:1067A000E06423650368002B16DBFFF781FF0023FD
:1067B0002061184603B030BD00232361052318462D
:1067C00003B030BD23610923184603B030BD09234F
:1067D0002061184603B030BDC3F30360FFF7ACFF80
:1067E0000028206114BF00230923E2E70123E064AD
:1067F0002365D7E7034B04481B1ADB100193BCE762
:1068000000000000304A0408B83D04080368DA07B5
:1068100010B5044606D49B0700F1480009D500F0E6
:1068200069FC2368590709D51A070ED5DB0613D56D
:1068300010BD00F057FC23685907F5D404F1D000CF
:1068400000F060FC23681A07F0D404F5A87000F08B
:1068500061FC2368DB06EBD404F5E870BDE810406A
:1068600000F09CBC03680BB1184470471846704791
:1068700009207047704700BF70B504460D4608E018
:106880002B6C63610120236921462A46984708281A
:1068900008D12046296CFFF763FF06460028EFD099
:1068A00011F082FB0728FBD13046296CFFF7E2FF8D
:1068B000281D00F00BFC00BF2DE9F0470C1D05461C
:1068C00017460FCCADF5727D03AE0FC60FCC0FC6C9
:1068D0000FCC0FC694E80F0002AC4FF0000ED5F8B5
:1068E0000C80D5F8189086E80F002846216CC4F873
:1068F00000E0FFF735FF002F064614BF0A270927DF
:1069000086B1A06B2A468DE8100247F01001606442
:106910002B460120C04700282FD130460DF5727D4F
:10692000BDE8F087236C6B6121464FF4F0727AA8C2
:1069300008F05EFC2B6929467AAA38469847889B5E
:1069400082468DE810023946636401202A462B46B0
:10695000C04790B920467AA94FF4F07208F048FC7D
:10696000BAF1080F06D12846216CFFF7F9FE092776
:106970000646C5E7BAF1070F04D009200DF5727D70
:10698000BDE8F0873046216CFFF774FF03A800F0E4
:106990009DFB00BF406C7047F0B5CB6B0B640E1DC8
:1069A0000F4604460FCEF9B001AD0FC50FCE0FC58F
:1069B0000FCE0FC596E80F004FF0FF3685E80F00A9
:1069C000009606E0236921466A469847082805464E
:1069D00008D120461099FFF7C3FE0028F2D0092005
:1069E00079B0F0BD6846FFF711FF062DF7D12046BC
:1069F0003946FFF741FF00BF30B4DD6BC1608261F3
:106A000019461D64002230BCFFF756BF70B5C6683A
:106A100043690B6404460D4626B10122FFF74CFF83
:106A200011F0C2FA0369214602202A469847072836
:106A300007D0082803D120462946FFF71DFF11F093
:106A4000B3FA3046296CFFF715FF281D00F03EFB16
:106A5000C26822B1CA6B0A640022FFF72DBF9BE710
:106A6000704700BF08B5836813B1014601209847FD
:106A700008BD00BF10B4042909D8DFE801F00703FE
:106A80000803030001205DF8044B70471BB102208E
:106A90005DF8044B70470F2AF9D800EB82021846C4
:106AA0005368019A1360EEE700B585B00A4603AB60
:106AB000002100930B46FFF7DDFF039805B05DF85A
:106AC00004FB00BF10B4042909D8DFE801F0070374
:106AD0000803030001205DF8044B70471BB102203E
:106AE0005DF8044B70470F2AF9D800EB8202019839
:106AF000016851601846EEE710B584B004AB0C464F
:106B000043F8042D0021009322460B46FFF7DAFFDD
:106B100004B010BDF0B5D36B1364151D07460E46C7
:106B20000FCDADF50F7D17AC0FC40FCD0FC40FCD3A
:106B30000FC495E80F004FF0FF3584E80F0016955D
:106B400010E016A8FFF7D8FF314616A8B8476946E7
:106B500016AA78B9049B08209847052804460AD04D
:106B6000092807D026996846FFF7FAFD6A460C21E6
:106B70000028E6D0092416A8FFF748FE20460DF5A8
:106B80000F7DF0BD2DE9F04F0C46C96C8BB01D4652
:106B90000E1D0B6807939046089600F00309002D20
:106BA00040F089801B02032207938DF825508DF851
:106BB0002420236DB9F1020F08BFA66B13F0010367
:106BC00042D100F00800C0B2039002933768002F52
:106BD0003CD0022D6BD03788B6F802A00436A36CE7
:106BE0002AF0010B40460F219B44FFF75DFF8345D0
:106BF00036D827F001039B440AF0010A07F0010789
:106C0000584547EA4A072CBF00200120012F31D008
:106C100060D3022F20D1336823F000410191B9F1F4
:106C2000000F40F0858030B1039A002A00F08D807B
:106C3000002900F0B080002BC0F28580019B03F199
:106C4000010A06EB8A06C1E700210291022D49DD07
:106C5000FFF70EFE00284BD009200BB0BDE8F08FE7
:106C60000AF0010A07F0010747EA4A07012F4FF02F
:106C70000000CDD1B9F1000F41D1B0B196E80C00C0
:106C8000D70F9A1CE8D004F158010133069100F0A7
:106C9000AD80301DFFF7E6FD3A46014606AB2046C3
:106CA00027F020F9002840F0CF8008368EE7D6F88C
:106CB00004A0083693E7022D3FF77BAF1A0CD7B23A
:106CC0001B0402218DF8252006EB870607938DF81B
:106CD00024106EE7B9F1000F02D0002840F0908038
:106CE000043673E7404607A900F0F0FA0028B3D154
:106CF000029A002A59D108200BB0BDE8F08F404617
:106D00000D21276AFFF7D0FE8742CED1A36A9E42AB
:106D1000CBD13046FFF7CCFC0F2102464046FFF7AF
:106D2000EBFE404622460021FFF7E6FE072094E7EF
:106D300040460D21276AFFF7B7FE874245D03368EA
:106D4000002BBFF67BAF043678E7019919B304F145
:106D5000580CCDF810900595371DDDF80CB0DDF816
:106D60000490654602E0CA4515D0D34638460695DC
:106D7000FFF778FD0022014606AB204627F0B2F867
:106D80000BF1010A04370028EDD0019BDDF81090CB
:106D9000059D5B45D3D140460D21FFF785FE069B3F
:106DA0002062A6626362062057E70F214046FFF784
:106DB0007BFE0E2102464046FFF79EFE40460F2115
:106DC000284AFFF799FE072047E7A36A9E42B6D1FB
:106DD00004220027B3180199A162E762226363636A
:106DE0003368BB421FDB0122029227E740460D2198
:106DF000FFF75AFE2062069B6362A66206202CE71C
:106E00003046FFF755FC04360546A663204627F0BA
:106E1000BFF800283FF420AF40462A460F21FFF775
:106E20006BFE072019E7481C06EB8000FFF740FCCB
:106E30000F2102464046FFF75FFE40463946224694
:106E4000FFF75AFE072008E707460D214046FFF7E7
:106E50002BFE022F2062CED12346069A43F82C2F18
:106E60006362CAE73DA001080023FFF78BBE00BFA5
:106E70000123FFF787BE00BF0223FFF783BE00BFD9
:106E80002DE9F0410446C4B004290BD8DFE801F035
:106E900059030A300E00012B4FEA124596B266D014
:106EA000052B6BD0022044B0BDE8F081002BF9D156
:106EB000102AF7D82368D90600F1D38022AE3046D5
:106EC000019200F075F9A56B019A0023012000FAE8
:106ED00003F1114203D0296846F823100435013329
:106EE000042BF4D13046A56300F058F90020DAE70E
:106EF000032BD7D1150C97B27B19102BD2D823684E
:106F00001E0700F1BF8022AE304600F025F9D4F80C
:106F100038E07F0006EBC5007B1E72465FB1CEEB0A
:106F20000000AEF10402013B52F8041F81505D1CC9
:106F3000F9D10EEB87023046A26300F0EBF8002097
:106F4000B1E7002BAED1A56B96B2012000FA03F198
:106F5000314204D004EB830729687960043501339A
:106F6000102BF3D112F4005075D1A5639BE7721971
:106F7000102A97D80F2D95D8002708E07719202FD1
:106F800090D80F2D69D9374646B30F2D11D82268F6
:106F9000D0070ED522F00101052B2160204600F01C
:106FA0008B8022F0030240F8482B019300F09EF8FA
:106FB000019B17B1226851076CD4012B74D00F2D9F
:106FC00004D822A8019300F099F8019B37B102A8D8
:106FD000019300F09BF8019BC5F11006D4F83880AE
:106FE000002EC44612DD22AA4FEA460C02EBC5066B
:106FF000C8EB06060CF1FF31A8F1040252F8040FA9
:10700000B0500139481CF9D108EB8C0CB7B144AA37
:10701000102D2CBF2846102002EBC0004FEA470875
:10702000A0F5C47008F1FF32614651F8046B40F8D6
:10703000046B013A561CF8D10CEB880C012B1AD0CA
:107040000F2DC4F838C002D822A800F053F817B1A9
:1070500002A800F057F8002025E7102F8CD9103F28
:1070600093E723F01003236004F5E870019200F029
:107070009FF8019A22E70CF10403A36322A800F011
:1070800031F8E8E723F00803236004F5A87000F066
:1070900063F838E7204622F0040240F8D02B019331
:1070A00000F034F8019B88E722A8019300F01EF855
:1070B000019B002F90D191E741F0020140F8481B5D
:1070C000019300F01BF8019B73E700BF00F134014E
:1070D00091E838009C46A6464CF8045D90E8FF0F06
:1070E000E54600BD90EC210B704700BF80EC210B02
:1070F000704700BF90EC200B704700BF80EC200B66
:10710000704700BFD0EC200B704700BFC0EC200BD5
:10711000704700BFF0EC0201F0EC0211F0EC02212C
:10712000F0EC0231F0EC0241F0EC0251F0EC0261C3
:10713000F0EC0271F0EC0281F0EC0291F0EC02A1B3
:10714000F0EC02B1F0EC02C1F0EC02D1F0EC02E1A3
:10715000F0EC02F1704700BFE0EC0201E0EC02113C
:10716000E0EC0221E0EC0231E0EC0241E0EC025103
:10717000E0EC0261E0EC0271E0EC0281E0EC0291F3
:10718000E0EC02A1E0EC02B1E0EC02C1E0EC02D1E3
:10719000E0EC02E1E0EC02F1704700BFB0FC0181DD
:1071A000B0FC0191B0FC01A1B0FC01B1704700BF7F
:1071B000A0FC0181A0FC0191A0FC01A1A0FC01B1F7
:1071C000704700BFEC4600B52DE900502DE9FF1FC8
:1071D0004FF000032DE90C0001A9FFF7DDFBDDF8FE
:1071E00040E012B0704700BFEC4600B52DE90050FA
:1071F0002DE9FF1F4FF000032DE90C0001A9FFF757
:1072000005FCDDF840E012B0704700BFEC4600B569
:107210002DE900502DE9FF1F4FF000032DE90C0070
:1072200001A9FFF715FCDDF840E012B0704700BF80
:10723000EC4600B52DE900502DE9FF1F4FF000038B
:107240002DE90C0001ABFFF7D7FBDDF840E012B0F1
:10725000704700BFEC4600B52DE900502DE9FF1F37
:107260004FF000032DE90C0001AAFFF753FCDDF8F5
:1072700040E012B0704700BF037A1BB9437A43B9AC
:10728000B02070470268013B037213020360100EC6
:1072900070474268013B4372111D1268416003232D
:1072A000037213020360100E704700BF00B585B073
:1072B00003AB002100930C220B46FFF7DBFB039886
:1072C00005B05DF804FB00BFFFF7F0BF2DE9F04308
:1072D000064685B00D464FF000082846FFF7CCFF64
:1072E000B028044600F0AC8020F07F0212F0FF01CD
:1072F00020D000F0F002802A73D0902A36D0A02A45
:1073000042D0B02A56D0C02A00F0828000F0F803A4
:10731000D02B0BD100F00704621C42F4002230464F
:1073200001210523FFF7ACFD0028D6D0092005B0C8
:10733000BDE8F08303AF4FEA80090B460097304663
:107340000D22FFF797FB5FFA89F9039B09F1040906
:1073500060064CBFC9EB03034B4403930021009725
:107360000B4630460D22FFF7ADFBB6E700F00D03EC
:107370000D2BDBD003AF002100F00F0200970B466E
:107380003046FFF777FBE9E7C2434FF47F6302F033
:10739000070243FA02F2010702EA03024FF000017A
:1073A00048BF42F480420B463046FFF769FD002893
:1073B000BCD192E7B12848D0B22851D0B3287CD0B4
:1073C00000F0FC03B42BB1D000F007020132012120
:1073D00042F400220B463046FFF752FD0028A5D1AB
:1073E0007BE72846FFF748FF24022043B0F5004F13
:1073F0009CD004010021A2B20B463046FFF740FDAD
:10740000002893D114F4004F18BF4FF0010864E72F
:10741000C6285ED0C72868D000F0F803C02B77D00C
:10742000C82800F08D80C92880D12846FFF724FFA6
:1074300000F00F03013300F0F00243EA02326EE77E
:10744000B8F1000F6BD0002071E72846FFF714FF5A
:10745000024600283FF46AAF10F0F001BAD065E7A9
:10746000002103AF0D220B4600973046FFF702FBC9
:107470002846FFF701FF02064FF002040CD5039BDC
:1074800000F07F00A040034428460393FFF7F4FE7A
:10749000030604F10704F2D4039B009700F07F0079
:1074A00000FA04F403F5017300211C4430460B4636
:1074B0000D220394FFF706FB0FE72846FFF7DCFEDB
:1074C00000F00F03013300F0F002012143EA023221
:1074D00080E72846FFF7D0FE00F00F03013300F0ED
:1074E000F002032143EA023274E72846FFF7C4FEA4
:1074F000024600283FF41AAF10F0F0037FF416AFF5
:1075000030460421FFF7BCFC00287FF40FAFE4E60F
:1075100000F00F020132032142F420225AE703ACAB
:1075200041460E22434600943046FFF7A3FA0094EA
:10753000304641460F224346FFF7C4FA4046F6E67E
:107540002846FFF799FE00F0F00200F00F0310321A
:10755000013343EA0232E2E600B5C36C85B05A68F3
:1075600003208DF80C00084611020191DA798DF89C
:107570000D20083301A90293FFF7A8FE05B05DF8BE
:1075800004FB00BF08B5FFF79FFE806C08BD00BF7D
:1075900008B5FFF799FEC36CDA7903EB8200083077
:1075A00008BD00BF08B510F0FFFC00BF08B510F023
:1075B000FBFC00BF704700BF00292DE9F00FC0F2AF
:1075C0009F800024002BC0F29680154606460F4689
:1075D000002B3ED18A4257D9B2FA82F34BB1C3F1A4
:1075E000200201FA03F720FA02F29D40174300FA45
:1075F00003F6290CB7FBF1F2330C01FB127CA8B2A5
:1076000043EA0C4700FB02F3BB4209D97F1902F1A0
:10761000FF3C80F00181BB4240F2FE80023A2F44E1
:10762000FF1AB7FBF1F3B6B201FB137146EA014151
:1076300000FB03F0884208D9491903F1FF3780F0B5
:10764000ED80884240F2EA80023B43EA0242002396
:1076500003E08B420AD900231A461046194614B19A
:10766000404261EB4101BDE8F00F7047B3FA83F887
:10767000B8F1000F40F084808B4202D3824200F2C6
:10768000DE8000230122E8E712B90123B3FBF2F503
:10769000B5FA85F2002A39D17F1B280C1FFA85FC28
:1076A0000123B7FBF0F1320C00FB117742EA0747E8
:1076B0000CFB01F2BA4207D97F1901F1FF3802D25F
:1076C000BA4200F2C1804146BF1AB7FBF0F2B6B22F
:1076D00000FB127046EA00400CFB02FC844507D90F
:1076E000401902F1FF3702D2844500F2AB803A46DE
:1076F00042EA0142B1E7E443524263EB430364E7E9
:10770000404261EB41014FF0FF345BE79540C2F12D
:10771000200327FA03F1280C26FA03F39740B1FB64
:10772000F0F81F433B0C00FB18111FFA85FC43EADD
:1077300001410CFB08F38B4206FA02F608D94919FD
:1077400008F1FF3279D28B4277D9A8F10208294497
:10775000C91AB1FBF0F3BFB200FB131147EA0147AE
:107760000CFB03F2BA4207D97F1903F1FF3160D253
:10777000BA425ED9023B2F44BF1A43EA084390E75E
:10778000C8F1200203FA08FC25FA02F343EA0C0CC4
:107790004FEA1C4921FA02F301FA08F720FA02F233
:1077A000B3FBF9F1174309FB11333A0C1FFA8CFBB9
:1077B00042EA03430BFB01FA9A4505FA08F008D99F
:1077C00013EB0C0301F1FF3235D29A4533D902395C
:1077D0006344CAEB0303B3FBF9F209FB1233BFB2F4
:1077E00047EA03470BFB02F9B94508D917EB0C0729
:1077F00002F1FF331BD2B94519D9023A674442EA74
:107800000145A5FB0001C9EB07078F424FF00003BC
:107810000AD305D02A4620E7624601E73B4614E733
:1078200006FA08F68642F5D26A1E002315E71A46C4
:10783000E5E70B46A0E71146CBE7904688E74346CD
:1078400042460AE7023A53E702392F443CE700BFB9
:107850002DE9F00F144605460E46002B43D18A420F
:1078600053D9B2FA82F757B1C7F1200620FA06F6CB
:1078700001FA07F302FA07F41E4300FA07F5210C98
:10788000B6FBF1F22B0C01FB1267A0B243EA0746EC
:1078900000FB02F3B34209D9361902F1FF3780F039
:1078A000F680B34240F2F380023A2644F61AB6FB61
:1078B000F1F3ADB201FB136145EA014100FB03F0B6
:1078C000884208D9091903F1FF3680F0E280884226
:1078D00040F2DF80023B43EA024200231046194691
:1078E000BDE8F00F70478B424AD8B3FA83F6002EFA
:1078F0004DD18B4202D3824200F2D6800023012276
:1079000010461946BDE8F00F704712B90124B4FBC8
:10791000F2F4B4FA84F2002A7CD1091B260CA7B237
:107920000123B1FBF6F02A0C06FB101142EA0141DB
:1079300007FB00F28A4207D9091900F1FF3C02D285
:107940008A4200F2C3806046891AB1FBF6F2ADB2FA
:1079500006FB121145EA014507FB02F7AF4208D9C1
:107960002C1902F1FF3180F09680A74240F29380FB
:10797000023A42EA004210461946BDE8F00F70474D
:1079800000231A4610461946BDE8F00F7047C6F1AD
:10799000200522FA05F4B3401C434FEA144821FAAB
:1079A00005F301FA06F720FA05F5B3FBF8FC2F43BF
:1079B00008FB1C333D0C1FFA84FA45EA03430AFB1B
:1079C0000CF9994502FA06FB04D91B190CF1FF3298
:1079D0006DD39446C9EB0303B3FBF8F508FB1533ED
:1079E000BFB247EA03470AFB05F8B84504D93F1977
:1079F00005F1FF3361D31D4645EA0C4CACFB0B236C
:107A0000C8EB07079F424FF0000549D345D06246B7
:107A10002B4663E79440C2F1200321FA03FC260CB5
:107A200020FA03F301FA02F5BCFBF6F843EA05017C
:107A30000B0C06FB18CCA7B243EA0C4C07FB08F36F
:107A4000634500FA02F509D91CEB040C08F1FF327A
:107A50003AD2634538D9A8F10208A444C3EB0C0C10
:107A6000BCFBF6F389B206FB13CC41EA0C4107FBE1
:107A700003F28A4207D9091903F1FF3022D28A4260
:107A800020D9023B2144891A43EA084349E73A4690
:107A90000CE733461FE70A466BE7B0409042B6D288
:107AA0000CF1FF32002319E73346324616E79945B9
:107AB0008FD9ACF1020C23448CE7B8459BD9023D29
:107AC000274499E70346DEE79046C7E7023821449A
:107AD0003AE700BF80B582B000AF78607B680A4AA1
:107AE0001A600A4807F068F97B680433184607F003
:107AF00009FB0023002B02D0786807F049FC7B6863
:107B000018460837BD4680BDE8EF030818D20308C1
:107B100080B582B000AF78607868FFF7DBFF7868E7
:107B200007F036FC7B6818460837BD4680BD00BFAD
:107B300080B582B000AF78607B68064A1A60002387
:107B4000002B02D0786807F023FC7B6818460837C2
:107B5000BD4680BD90EC030880B582B000AF786070
:107B60007868FFF7E5FF786807F012FC7B68184635
:107B70000837BD4680BD00BF80B584B000AFF86057
:107B8000B9607A603B60044807F016F90023184694
:107B90001037BD4680BD00BF2CD2030880B582B02F
:107BA00000AF78607B681846064964224FF4FA6398
:107BB00010F01EFD7B68044A1A607B68184608377F
:107BC000BD4680BDB4D2030878EC030880B584B00C
:107BD00000AF786007F04CFD174A4FF00003121811
:107BE00043EB010310461946002210F051FE1348E2
:107BF000134909F057F9134B43F61F421A8000232B
:107C00003B73104B1B881B0A9BB2DBB27B730D4B83
:107C10001B88DBB2BB7307F10C03084840211A46EE
:107C2000032309F08FFA05484021074A022309F08F
:107C3000BDFA1037BD4680BD80969800F80A002036
:107C4000801A0600180B0020140B00200000000012
:107C500080B58AB002AF78607B681B680C331B6804
:107C6000786898477B68544A9A65544B1B885448F7
:107C7000194607F00FF8534B1B781B029AB2514B71
:107C80005B7813439BB2FB83FB8B4F48194607F08D
:107C900001F802233B7307F10C034C4840211A46BC
:107CA000012309F04FFA07F11003484840211A4612
:107CB000022309F07BFA3B7C1B029AB27B7C1343C4
:107CC0009BB2BB83BB8BDB109BB29B00BB83BB8B8C
:107CD00007EE103AF8EE477AC7ED067A7B68BA6984
:107CE0001A654FF48053FB8205233B72FB8A1B0A03
:107CF0009BB2DBB27B72FB8ADBB2BB7207F108037B
:107D0000324840211A46032309F01CFA00233B7332
:107D100004233B7307F10C0307F1100200920222C7
:107D200001922A4840211A46012309F073FA7B7C0C
:107D30001B029AB23B7C13439BB2BB82BB8A1846A0
:107D4000FDF73AFF02460B46104619464FF0000277
:107D50001F4BFEF7C1F802460B4610461946FEF7C8
:107D600073FA02467B685A657B689B6DB3F57A7F30
:107D700006DA7B689B6D03F10A027B689A6502E074
:107D80007B68144A9A657B68503313481946012270
:107D900000F068F807F06CFC05A3D3E90023121883
:107DA00043EB010310461946002210F071FD70E705
:107DB00000E1F50500000000B4FBFFFF180B0020F8
:107DC000C4D20308140B0020CCD20308F80A002008
:107DD0000000594018FCFFFF24220020AFF3008070
:107DE00080B483B000AF78607B68044A1A607B6817
:107DF00018460C37BD465DF8047B704790EC0308CD
:107E000080B582B000AF78607B681846FFF7E8FF66
:107E10007B68134A1A607B681A1D7B689A627B68CC
:107E200003F110027B68DA627B6803F11C027B6855
:107E30001A637B68002283F8342079684FF00002CF
:107E40004FF00003C1E910237B68D3E91023796860
:107E5000C1E90E237B6818460837BD4680BD00BFC8
:107E600060EC030880B584B000AFF860B9601346D9
:107E7000FB71FA68FB791046B9681A46002307F0CF
:107E8000DFFC034618461037BD4680BD80B582B082
:107E900000AF78607B68084A1A607B681846FFF775
:107EA00047FE0023002B02D0786807F071FA7B6848
:107EB00018460837BD4680BD60EC030880B582B027
:107EC00000AF78607868FFF7E1FF786807F060FA44
:107ED0007B6818460837BD4680BD00BF80B582B0BC
:107EE00000AF78607B68084A1A607B68184610F01B
:107EF000EDFB0023002B02D0786807F049FA7B687D
:107F000018460837BD4680BD78EC030880B582B0BE
:107F100000AF78607868FFF7E1FF786807F038FA1B
:107F20007B6818460837BD4680BD00BF80B584B069
:107F300002AF786039607B68012B25D13A684FF633
:107F4000FF739A4220D11248FFF728FE10481149CA
:107F5000114A11F07FFF1148012108F03DFF104840
:107F6000FFF74EFF0E480F490B4A11F073FF002335
:107F700000930D480D490A4A0D4B07F013FA0A48C1
:107F80000C49054A11F066FF0837BD4680BD00BFA9
:107F9000980A0020DD7E00080C250020F80A002049
:107FA000200B00208D7E0008680B0020242200207A
:107FB000D4D20308D57A000880B584B000AFF86049
:107FC000B9607A603B607B680C2B04D9064806F0E8
:107FD000F3FE002304E0F868396800F007F8012395
:107FE00018461037BD4680BDE8D2030880B485B07E
:107FF00000AF786039607B689B6A3A6807CA83E89B
:1080000007007B68DB6AFB607B689A6A7B68DA62E0
:108010007B68FA689A627B6893F83430DBB2002B95
:1080200009D07B689B6AFB607B681A6B7B689A62ED
:108030007B68FA681A637B68D3E90E23013243F147
:1080400000037968C1E90E231437BD465DF8047B4F
:10805000704700BF80B500AF01204FF6FF71FFF7FA
:1080600065FF80BD80B582B000AF78607B68184640
:108070001A4964224FF4FA6310F0BAFA7B68184A7E
:108080001A607B680022A3F850207B680022A3F8C6
:1080900052207B680022A3F854207B680022A3F8BA
:1080A00056207B680022A3F858207B680022A3F8A2
:1080B0005A207B680022A3F85C207B680022A3F88A
:1080C0005E207B680022A3F860207B6800225A664D
:1080D0007B6818460837BD4680BD00BF98D30308AB
:1080E000D8EC03080000000080B58AB002AF7860C9
:1080F0000023BB600023FB6000233B6107F0B8FA5C
:108100004DA3D3E90023121843EB0103104619468F
:10811000002210F0BDFB0023FB6147E00623009323
:1081200078683F493F4A404B00F092FA0023BB6118
:1081300029E03D4BBA6933F812309BB21A46DB0096
:10814000D31A9BB299B2384BBA6923F81210BB69A3
:108150009B0007F120010B4453F8182C324BB969EE
:1081600033F811301BB21A44BB699B0007F12001A0
:108170000B4443F8182C2C4BBA69002123F8121039
:10818000BB690133BB61BB69022BD2DD07F070FA1A
:10819000264A4FF00003121843EB0103104619461C
:1081A000002210F075FBFB690133FB61FB69B3F53D
:1081B0007A7FB3DB00237B6116E07B699B0007F1CC
:1081C0002002134453F8183C194A82FB03129211FF
:1081D000DB17D21A7B699B0007F120010B4443F89F
:1081E000182C7B6901337B617B69022BE5DDB96863
:1081F000FA683B690F4806F04DFDBB689AB27B6890
:10820000A3F85020FB689AB27B68A3F852203B6920
:108210009AB27B68A3F854202037BD4680BD00BFCA
:10822000900C00201C000020000D002040420F0098
:10823000D34D6210A8D3030800E1F505000000004B
:1082400080B58CB002AF78600023FB6000233B61F7
:1082500000237B6107F00CFA63A3D3E90023121813
:1082600043EB010310461946002210F011FB0023D6
:10827000FB6000233B6100237B6100237B625FE0A6
:108280000623009378685249524A534B00F0E0F9B4
:1082900000233B6233E0504B3A6A33F812301BB292
:1082A0001846FDF789FC02460B461046194646A3C0
:1082B000D3E90023FDF7E6FC02460B4610461946BB
:1082C000FDF77AFF034699B2434B3A6A23F812103E
:1082D0003B6A9B0007F128010B4453F81C2C3E4BD2
:1082E000396A33F811301BB21A443B6A9B0007F11C
:1082F00028010B4443F81C2C3B6A01333B623B6A68
:10830000022BC8DD0023FB6107E0334BFA69002133
:1083100023F81210FB690133FB61FB69022BF4DDCA
:1083200007F0A6F92D4A4FF00003121843EB0103A2
:1083300010461946002210F0ABFA7B6A01337B62CB
:108340007B6AB3F57A7F9BDB0023BB6116E0BB69D8
:108350009B0007F12802134453F81C3C204A82FB7F
:1083600003129211DB17D21ABB699B0007F1280197
:108370000B4443F81C2CBB690133BB61BB69022B66
:10838000E5DD7B69002B02DA7B695B427B617B69FF
:10839000A3F2D5337B61F9683A697B69114806F02D
:1083A00079FCFB689AB27B68A3F856203B699AB2C5
:1083B0007B68A3F858207B699AB27B68A3F85A209F
:1083C0002837BD4680BD00BF08AC1C5A643BAF3F98
:1083D000AC0C002020000020000D002040420F00C7
:1083E000D34D6210C8D3030800E1F505000000007A
:1083F000B0B58CB002AF78604FF000024FF00003D0
:10840000C7E9042300237B62874B1B6803F0010349
:10841000002B14D1844807F0E9FE0346002B0CBF63
:1084200000230123DBB2002B09D007F021F902461B
:108430000B467E49C1E900237B4807F0EBFE002391
:108440003B622CE00623009378687949794A7A4B9D
:1084500000F0FEF80023FB6110E0774BFA6933F877
:1084600012309BB21A46DB00D31A9BB299B2724B00
:10847000FA6923F81210FB690133FB61FB69022BD7
:10848000EBDD6D4B9B881AB27B68B3F854301BB29E
:10849000D31A7A6A13447B623B6A01333B623B6ABC
:1084A000022BCFDD7B6A654A82FB0312DB17D31AEE
:1084B0007B6207F0DDF8C7E902017B6A18464FEAE4
:1084C000E0715A4BD3E90023D7E90245A21A65EBC4
:1084D000030302FB01F500FB03F42C44A0FB022381
:1084E000E1180B46C7E90423C7E904234F49D7E93C
:1084F0000223C1E90023D7E90401FDF7C5FF07EE18
:10850000100ADFED4F7AC7EE277A17EE900AFEF7D2
:108510002BF802460B46C7E9042307F0A9F80246E8
:108520000B46643243F1000310461946002210F056
:10853000AFF97B68D3F8B0301846FDF74FFB414BDD
:10854000D3E90023FDF706FE0346002B1BD07B6812
:10855000D3F8B4301846FDF741FB3B4BD3E9002379
:10856000FDF7F8FD0346002B0DD07B68D3F8B8303B
:108570001846FDF733FB354BD3E90023FDF7EAFD41
:108580000346002B08D17B68D3ED2E7AFDEEE77A07
:1085900017EE902A7B685A667B685A6E3B691A44CC
:1085A0007B685A667B685A6E48F69F439A4206DD9E
:1085B0007B685B6EA3F50C43A03B7A6853667B68CF
:1085C0005B6E002B06DA7B685B6E03F50C43A03311
:1085D0007A6853667B68D3F8B8301846FDF7FEFA20
:1085E00002460B461949C1E900237B68D3F8B03035
:1085F0001846FDF7F3FA02460B461249C1E900237B
:108600007B68D3F8B4301846FDF7E8FA02460B460B
:108610000D49C1E900237B685A6E7B68C3F8AC2022
:108620002837BD46B0BD00BF400E0020500E0020D0
:10863000900C00201C000020000D002056555555C0
:10864000286B6E4E100D0020180D0020200D00200C
:1086500080B584B000AFF860B9607A603B60B868FC
:10866000002108F0D1F90948796801220AF098FE42
:10867000BB69064839681A460AF028FFB868012124
:1086800008F0C2F91037BD4680BD00BFE40C0020E1
:10869000B0B5A0B002AF78604FF000024FF0000319
:1086A000C7E90C234FF000024FF00003C7E90E2387
:1086B0004FF000024FF00003C7E910234FF0000213
:1086C0004FF00003C7E906234FF000024FF000030C
:1086D000C7E908234FF000024FF00003C7E90A235F
:1086E0000023FB6000233B6100237B610423FB65C7
:1086F0009B4B1B6803F00103002B14D1984807F033
:1087000075FD0346002B0CBF00230123DBB2002BB9
:1087100009D006F0ADFF02460B469249C1E900239D
:108720008F4807F077FD904B1B6803F00103002B87
:1087300014D18D4807F05AFD0346002B0CBF0023CF
:108740000123DBB2002B09D006F092FF02460B4654
:108750008649C1E90023844807F05CFD00237B675C
:108760006EE100233B670AE03B6F9B0007F1780056
:108770000344002243F86C2C3B6F01333B673B6F93
:10878000022BF1DD0023FB6651E00623009378689D
:108790007749784A784BFFF75BFF0023BB661FE001
:1087A000754BBA6E33F812301BB21846FDF704FA57
:1087B00002460B461046194665A3D3E90023FDF790
:1087C00061FA02460B4610461946FDF7F5FC0346D2
:1087D00099B2694BBA6E23F81210BB6E0133BB66B7
:1087E000BB6E022BDCDDFA68634B1B8819B27B6819
:1087F000B3F856301BB2CB1A1344FB603A695E4B98
:108800005B8819B27B68B3F858301BB2CB1A13449B
:108810003B617A69584B9B8819B27B68B3F85A3030
:108820001BB2CB1A13447B61FB6E0133FB66FA6EFD
:10883000FB6D9A42A9DB06F01BFFC7E91401002378
:108840007B6668E07B6E9B0007F178010B4453F870
:108850006C2CFB6D92FBF3F27B6E9B0007F17800B2
:10886000034443F86C2C7B6E9B0007F178010B44AA
:1088700053F86C3C18464FEAE0713A4BD3E90023B9
:10888000D7E91445A21A65EB030302FB01F500FBCF
:1088900003F42C44A0FB0223E1180B46796EC900B7
:1088A00007F1780001444839C1E900237B6EDB0001
:1088B00007F178010B44483BD3E9002310461946E1
:1088C00025A3D3E90023FDF71DFE02460B46796E72
:1088D000C90007F1780001444839C1E900237A68EA
:1088E0007B6E0D33DB001344D3E900017B6EDB00AC
:1088F00007F178021344483BD3E90023121843EBF5
:1089000001037868796E0D31C9000144C1E9002383
:108910007B6E01337B667B6E022B93DD1149D7E9B9
:108920001423C1E9002306F0A3FE02460B4664327D
:1089300043F100031046194600220FF0A9FF06F08C
:1089400097FEC7E9120100233B666CE0AFF300809D
:1089500008AC1C5A643BAF3F00CA9A3B00000000C1
:10896000440E0020580E0020480E0020600E00200B
:10897000AC0C002020000020000D00207A683B6E27
:108980000D33DB001344D3E90001334BD3E900235B
:10899000D7E91245A21A65EB030302FB01F500FBC0
:1089A00003F42C44A0FB0223E1180B46396EC900E6
:1089B00007F1780001446039C1E900233B6EDB0018
:1089C00007F178010B44603BD3E9002310461946B8
:1089D0001FA3D3E90023FDF795FD02460B46396E30
:1089E000C90007F1780001446039C1E900237A68C1
:1089F0003B6E1033DB001344D3E900013B6EDB0018
:108A000007F178021344603BD3E90023121843EBCB
:108A100001037868396E1031C9000144C1E90023AF
:108A20003B6E01333B663B6E022BA7DD06F020FE5A
:108A300002460B460849C1E900237B6F01337B677F
:108A40007B6F022B7FF78DAE7837BD46B0BD00BF80
:108A500000CA9A3B00000000600E0020AFF30080C7
:108A600080B584B000AF7860FF23FB7340480021DD
:108A700007F0CAFF3F48404902220AF091FC3C48F7
:108A8000012107F0C1FF07F10F033A4819460122FF
:108A90000AF086FC3648002107F0B6FF3548374912
:108AA00002220AF07DFC3248012107F0ADFF344874
:108AB000002107F0A9FF2F48324902220AF070FC7A
:108AC0002F48012107F0A0FF07F10F03294819469D
:108AD00001220AF065FC2A48002107F095FF25488D
:108AE000294902220AF05CFC2548012107F08CFF8D
:108AF00007F10F031F48194601220AF051FC2048D4
:108B0000002107F081FF1B48204902220AF048FC9F
:108B10001B48012107F078FF07F10F03154819469C
:108B200001220AF03DFC1648002107F06DFF1148B4
:108B3000174902220AF034FC1148012107F064FFB2
:108B400007F10F030B48194601220AF029FC0C48D3
:108B5000002107F059FF07480E4902220AF020FCC5
:108B60000748012107F050FF1037BD4680BD00BF08
:108B7000900C0020E40C00200000002004000020E5
:108B8000AC0C0020080000200C0000201000002089
:108B9000140000201800002080B582B000AF78607B
:108BA0000F4800210122002307F028FE0D48012173
:108BB0000122012307F022FE0B480121012201239B
:108BC00007F01CFE094801210122012307F016FECF
:108BD0000748084900220AF059F90837BD4680BD08
:108BE000740C0020900C0020AC0C0020C80C00205D
:108BF000E40C002040420F0080B588B002AF7860DE
:108C00007868FFF72DFF0023FB727868FFF76CFA96
:108C10007868FFF715FB0123FB72FB7A002B00F04D
:108C200000817868FFF7E4FB0623009378688A499F
:108C30008A4A8B4BFFF70CFD00237B6110E0884BC9
:108C40007A6933F812309BB21A46DB00D31A9BB212
:108C500099B2834B7A6923F812107B6901337B61E7
:108C60007B69022BEBDD7E4B1B889AB27B68B3F8E5
:108C700050309BB2D31A9BB29AB27B68A3F898206B
:108C8000774B5B889AB27B68B3F852309BB2D31AA9
:108C90009BB29AB27B68A3F89A20714B9B889AB2D8
:108CA0007B68B3F854309BB2D31A9BB29AB27B68FC
:108CB000A3F89C200623009378686A496A4A684BA7
:108CC000FFF7C6FC00233B611FE0654B3A6933F8B0
:108CD00012301BB21846FCF76FFF02460B461046D7
:108CE000194657A3D3E90023FCF7CCFF02460B46F5
:108CF00010461946FDF760FA034699B2584B3A6997
:108D000023F812103B6901333B613B69022BDCDD28
:108D1000534B1B889AB27B68B3F856309BB2D31A78
:108D20009BB29AB27B68A3F89E204D4B5B889AB2A7
:108D30007B68B3F858309BB2D31A9BB29AB27B6867
:108D4000A3F8A020464B9B889AB27B68B3F85A30B0
:108D50009BB2D31A9BB29AB27B68A3F8A220786820
:108D6000FFF796FC0623009378683E493F4A3C4B48
:108D7000FFF76EFC0023FB601FE0394BFA6833F805
:108D800012301BB21846FCF717FF02460B4610467E
:108D900019462DA3D3E90023FCF774FF02460B46C6
:108DA00010461946FDF708FA034699B22C4BFA68AB
:108DB00023F81210FB680133FB60FB68022BDCDD3B
:108DC000274B1A887B68A3F8A420254B5A887B6818
:108DD000A3F8A620224B9A887B68A3F8A820022338
:108DE000009378681F49224A224BFFF731FC214B40
:108DF0001B881BB2002B00DA0733DB109AB21D4B25
:108E00001A801C4B1B889BB212339BB29AB27B68B0
:108E1000A3F8AA207B68983317481946012200F06E
:108E200093F806F025FC0AA3D3E90023121843EBBC
:108E300001031046194600220FF02AFDEDE600BF9F
:108E400008AC1C5A643BAF3F7B14AE47E17AB43F99
:108E5000404B4C0000000000900C00201C00002043
:108E6000000D0020AC0C0020200000202400002079
:108E700028000020080D0020DC210020AFF3008036
:108E800080B582B000AF78607B681846FEF7A8FF17
:108E90007B68134A1A607B681A1D7B68DA647B68FA
:108EA00003F11C027B681A657B6803F134027B685E
:108EB0005A657B68002283F8582079684FF00002D9
:108EC0004FF00003C1E91A237B68D3E91A237968BC
:108ED000C1E918237B6818460837BD4680BD00BF2E
:108EE000C0EC030880B582B000AF78607B6818469C
:108EF000FEF776FF7B68134A1A607B681A1D7B6851
:108F00009A627B6803F110027B68DA627B6803F186
:108F10001C027B681A637B68002283F8342079681E
:108F20004FF000024FF00003C1E910237B68D3E942
:108F300010237968C1E90E237B6818460837BD46BF
:108F400080BD00BFA8EC030880B584B000AFF86016
:108F5000B9601346FB71FA68FB791046B9681A4686
:108F6000002306F06DFC034618461037BD4680BD51
:108F700080B582B000AF78607B68084A1A607B6871
:108F80001846FEF7D5FD0023002B02D0786806F0C6
:108F9000FFF97B6818460837BD4680BDA8EC03087A
:108FA00080B582B000AF78607868FFF7E1FF78683D
:108FB00006F0EEF97B6818460837BD4680BD00BF55
:108FC00080B582B000AF78607B68084A1A607B6821
:108FD0001846FEF7ADFD0023002B02D0786806F09E
:108FE000D7F97B6818460837BD4680BDC0EC03083A
:108FF00080B582B000AF78607868FFF7E1FF7868ED
:1090000006F0C6F97B6818460837BD4680BD00BF2C
:1090100080B582B000AF78607B68084A1A607B68D0
:1090200018460FF053FB0023002B02D0786806F09F
:10903000AFF97B6818460837BD4680BDD8EC0308F9
:1090400080B582B000AF78607868FFF7E1FF78689C
:1090500006F09EF97B6818460837BD4680BD00BF04
:1090600080B584B002AF786039607B68012B4ED147
:109070003A684FF6FF739A4249D12648FEF7F2FF4D
:1090800024482549254A10F0E5FE25483F2107F0F0
:1090900081FB2448002107F07DFB2348122107F0C3
:1090A00079FB2248202107F075FB2148372107F082
:1090B00071FB2048012109F0B1FE1F48FFF7E0FED7
:1090C0001D481E49154A10F0C5FE002300931C4898
:1090D0001C49194A1C4B06F065F919481B490F4AEF
:1090E00010F0B8FE1A48FFF7FDFE194819490B4A5F
:1090F00010F0B0FE0023009317481849144A124B91
:1091000006F050F914481149044A10F0A3FE08373C
:10911000BD4680BD980B0020119000080C25002052
:10912000580C0020740C0020900C0020AC0C002087
:10913000C80C0020E40C0020280D0020C18F00087E
:10914000980D0020DC210020E8D30308D57A000820
:10915000C80D0020718F0008100E0020B4220020DE
:1091600080B584B000AFF860B9607A603B607B681E
:109170000C2B04D9064805F01FFE002304E0F86814
:10918000396800F021F8012318461037BD4680BD2C
:10919000FCD3030880B584B000AFF860B9607A6092
:1091A0003B607B68182B04D9064805F005FE0023B8
:1091B00004E0F868396800F03BF8012318461037DE
:1091C000BD4680BDFCD3030880B485B000AF786095
:1091D00039607B689B6A3A6807CA83E807007B6846
:1091E000DB6AFB607B689A6A7B68DA627B68FA6894
:1091F0009A627B6893F83430DBB2002B09D07B682D
:109200009B6AFB607B681A6B7B689A627B68FA6872
:109210001A637B68D3E90E23013243F100037968B6
:10922000C1E90E231437BD465DF8047B704700BFCB
:10923000B0B485B000AF786039607B68DA6C3B68A9
:1092400014461D460FCD0FC495E8030084E80300C3
:109250007B681B6DFB607B68DA6C7B681A657B68DA
:10926000FA68DA647B6893F85830DBB2002B09D0D7
:109270007B68DB6CFB607B685A6D7B68DA647B68BB
:10928000FA685A657B68D3E91823013243F1000379
:109290007968C1E918231437BD46B0BC704700BFD8
:1092A00080B500AF01204FF6FF71FFF7D9FE80BDFA
:1092B00080B582B000AF78607B68184606496422AA
:1092C0004FF4FA630FF094F97B68044A1A607B68E4
:1092D00018460837BD4680BDACD4030808ED030826
:1092E00080B582B000AF7860786800F089F8083700
:1092F000BD4680BD80B582B000AF78607B681B68DA
:109300000C331B687868984779684FF000024FF07B
:109310000003C1E92823324B1B681A464FEAE27367
:10932000304901FB03F0002101FB02F101442D480B
:10933000A2FB002319440B461046194600220FF0E9
:10934000A7FA7B68E8332848194600F0BBF97B6828
:10935000D3F8E8305B421846FCF72EFC02460B4679
:109360007968C1E92023786800F052F903461A466B
:109370001E4B1A801D4B1B881BB24FF47A7202FBE6
:1093800003F31B4A82FB03129212DB17D31A18460F
:10939000FCF712FC02460B461649C1E900237B6824
:1093A000D3E920237968C1E93823104B1B881AB20E
:1093B0007B68C3F8D8207B68D8330F481946012250
:1093C00000F0A6F906F054F90C4A4FF00003121809
:1093D00043EB01031046194600220FF059FAB0E79B
:1093E000C000002000CA9A3B700F0020001000202F
:1093F00055B39B21680F00204822002080969800DA
:1094000080B584B000AF7860012001210CF098FD98
:10941000012001210CF094FD07F1080318460CF01F
:109420000BFA02233B730123FB730123BB6007F19B
:109430000803194819460CF071F90223BB6007F1C3
:109440000803154819460CF069F913480021012258
:109450000CF044FA1048012101220CF03FFA0120DF
:1094600001210CF08BFD4FF08040032100220023EE
:109470000DF08CFC4FF080404FF0FF310DF07EF886
:109480004FF0804001210DF0AFF8786800F008F847
:109490001037BD4680BD00BF000002400000000044
:1094A00080B582B000AF786072B67B6800229A66A1
:1094B0007B680022DA657B6800221A667B680022DE
:1094C0005A664FF0804000210DF04AF806F0D0F8BF
:1094D00002460B4610461946FCF7A6FB02460B4611
:1094E000104619460AA3D3E90023FCF7F5FC02460F
:1094F0000B4610461946FCF7A7FE02467B68C3F8E8
:10950000D020786800F008F862B60837BD4680BD04
:109510000000000065CDCD41B0B582B000AF7860ED
:1095200006F0A6F802460B4610461946FCF77CFBEF
:1095300002460B461046194633A3D3E90023FCF735
:10954000CBFC02460B4614461D467B68D3F8D03050
:109550001846FCF743FB02460B4620462946FCF71B
:10956000DDF902460B4610461946FCF76DFE024631
:109570007B68C3F8D42006F07BF802460B46104601
:109580001946FCF751FB02460B46104619461EA32E
:10959000D3E90023FCF7A0FC02460B46104619460F
:1095A000FCF752FE02467B68C3F8D0207B68DA6E77
:1095B0007B689A664FF080400CF0EEFF03461A4637
:1095C0007B68DA667B68DA6E7B689B6ED21A7B6892
:1095D0001A657B685B6D7A68126E1A447B681A663E
:1095E0007B689B6D7A68526E1A447B685A667B680A
:1095F0001B6D7A68D26D1A447B68DA650837BD4600
:10960000B0BD00BFAFF300800000000065CDCD41CC
:1096100080B582B000AF78607868FFF77DFF7B6827
:109620001A6D13461B019B1A9B0007EE903AB8EE89
:10963000E77A7B68D3ED356AF3EE007A66EEA77AB7
:1096400087EE277AF1EE007AC7EE277AFDEEE77A09
:1096500017EE903A9BB21BB218460837BD4680BD44
:1096600080B582B000AF78607B681846FEF7B8FB23
:109670007B68134A1A607B681A1D7B681A647B68D2
:1096800003F118027B685A647B6803F12C027B6843
:109690009A647B68002283F84C2079684FF00002BE
:1096A0004FF00003C1E916237B68D3E916237968DC
:1096B000C1E914237B6818460837BD4680BD00BF4A
:1096C000F0EC0308B0B485B000AF786039607B6817
:1096D000012283F84C207B685B6CFB603A68FB6876
:1096E00014461D460FCD0FC42B6823607B680022F3
:1096F00083F84C207B68D3E91623013243F1000341
:109700007968C1E916231437BD46B0BC704700BF65
:1097100080B584B000AFF860B9601346FB71FA6899
:10972000FB791046B9681A46002306F089F803460B
:1097300018461037BD4680BD80B582B000AF786056
:109740007B68084A1A607B681846FEF7F1F9002327
:10975000002B02D0786805F01BFE7B68184608379E
:10976000BD4680BDF0EC030880B582B000AF7860E4
:109770007868FFF7E1FF786805F00AFE7B68184615
:109780000837BD4680BD00BF80B582B000AF7860AD
:109790007B68084A1A607B6818460EF097FF002322
:1097A000002B02D0786805F0F3FD7B681846083777
:1097B000BD4680BD08ED030880B582B000AF78607B
:1097C0007868FFF7E1FF786805F0E2FD7B681846EE
:1097D0000837BD4680BD00BF80B584B002AF786059
:1097E00039607B68012B21D13A684FF6FF739A42AA
:1097F0001CD11048FFF75CFD0E480F490F4A10F0CE
:1098000029FB0F48FFF72CFF0D480E490B4A10F0BB
:1098100021FB002300930C480C49094A0C4B05F02E
:10982000C1FD09480B49054A10F014FB0837BD4635
:1098300080BD00BF680E0020899700080C2500201D
:10984000700F002039970008D00F00206C220020F4
:10985000BCD40308D57A000880B584B000AFF860A6
:10986000B9607A603B607B68142B04D9064805F028
:10987000A3FA002304E0F868396800F007F8012330
:1098800018461037BD4680BDD0D40308B0B485B0AB
:1098900000AF786039607B681A6C3B6814461D46DF
:1098A0000FCD0FC42B6823607B685B6CFB607B680B
:1098B0001A6C7B685A647B68FA681A647B6893F850
:1098C0004C30DBB2002B09D07B681B6CFB607B68E3
:1098D0009A6C7B681A647B68FA689A647B68D3E93F
:1098E0001423013243F100037968C1E914231437CA
:1098F000BD46B0BC704700BF80B500AF01204FF639
:10990000FF71FFF769FF80BD80B582B000AF78605E
:109910007B68184623F02AFA7B684FF0FF325A60C2
:109920007B6818460837BD4680BD00BF80B582B051
:1099300000AF78607B68184623F0F6FA7B6818461B
:109940000837BD4680BD00BF80B582B000AF7860EB
:109950007B6818460A4964224FF4FA630EF048FE09
:109960007B68084A1A607B6800221A657B68A0330E
:109970001846FFF7C9FF7B6818460837BD4680BD0B
:1099800080D5030868ED0308B0B586B004AF7860F1
:109990001F4BD3E900231F49D1E900451E49D1E9F6
:1099A0000001CDE90045CDE90201786800F084FDB1
:1099B0001A4BD3E900231A49D1E900451949D1E9E5
:1099C0000001CDE90045CDE90201786800F0CCFE48
:1099D000154BD3E900231549D1E900451449D1E9D4
:1099E0000001CDE90045CDE90201786801F044F9B4
:1099F0001048322144F6206208F0FCF90E4801219B
:109A00000122002306F0FAFE0837BD46B0BD00BFB4
:109A100060000020680000207000002090000020FE
:109A200098000020A0000020300000203800002016
:109A30004000002098110020A0100020000000002D
:109A40002DE9B04F8AB000AF78629C4B1B681A4674
:109A50004FEAE2739A4901FB03F0002101FB02F196
:109A600008449749A2FB0123C1180B46104619462A
:109A700000220EF00DFF7B6A6C339248194601F00C
:109A8000D1F97B6A88339048194601F0F3F97B6A73
:109A9000A0338E48194601F05DFA7B6AD3F8D830BE
:109AA0001846FCF789F88A4BC3E900017B6AD3F8B2
:109AB000DC301846FCF780F8864BC3E900017B6A6E
:109AC000D3F8B820844B1A607B6AD3F8A820834B64
:109AD0001A607B6AD3F8AC20814B1A607B6AD3F89A
:109AE000B020804B1A607B6AD3F8C4207E4B1A608A
:109AF0007B6AD3F8C0207D4B1A607B6AD3F8BC2008
:109B00007B4B1A607B6AD3F8A4300133062B00F23A
:109B1000A78301A151F823F0359B0008539B00084F
:109B20005B9E0008199F000837A000085DA100088F
:109B3000CDA100086B4B00221A606A4B1A68684B73
:109B40001A60674B1A68654B1A606A4B00221A60EC
:109B500086E369484FF46B7108F0B2FD786A00F053
:109B60004FFE7B6AD3F880301846FCF725F8024692
:109B70000B46104619464FF00002604BFCF7ACF95B
:109B800002460B46104619465D4BC3E90001786A50
:109B900000F0C2FC5B4BD3E90023104619464FF09E
:109BA0000002594BFCF76EF802460B461046194668
:109BB000564BD3E90023FCF78FF902460B461046BB
:109BC0001946FCF7F9FA02464A4B1A60504BD3E9A2
:109BD0000001504BD3E90023FBF7A0FE02460B46E1
:109BE000104619464FF000024FF0804326F04EFB1E
:109BF00004460D46464BD3E90201464BD3E9022306
:109C0000FBF78CFE02460B46104619464FF0000249
:109C10004FF0804326F03AFB02460B462046294689
:109C2000FBF77EFE02460B461046194626F0A8FCBE
:109C3000394BC3E90001384BD3E90023904683F048
:109C40000049364BC3E90089354BD3E900239246DE
:109C500023F0004B504659464FF00002314BFCF7C1
:109C600083FA0346002B0DD0786A00F0D9FE2E4B04
:109C7000D3E9002310461946FCF79EFA02462B4B07
:109C80001A600DE0294B00221A60164B00221A6060
:109C9000144B1A68124B1A60114B1A680F4B1A605A
:109CA0007B6AD3ED3A7AB0EEE77ADFED217AB4EE53
:109CB000E77AF1EE10FA3DD4D2E200BFC0000020F6
:109CC00000CA9A3BB811002058120020F812002058
:109CD00048110020F8100020D0100020281000208B
:109CE0002C10002030100020C8100020CC100020C4
:109CF000BC100020441000209811002000005940A2
:109D0000381100204011002000408F40B00000209A
:109D10000810002018100020981000205810002073
:109D20002811002000000840601000204010002092
:109D30000000164366484FF46B7108F0C1FC65489B
:109D4000012106F061FE7B6AD3F8E8301846FBF784
:109D500045FF614BC3E900017B6AD3F8EC3018463C
:109D6000FBF73CFF5D4BC3E900015C4BD3E90023EB
:109D7000104619464FF00002594BFBF783FF02468D
:109D80000B461046194650A3D3E90023FCF7A4F86C
:109D900002460B4610461946524BC3E90001514B8F
:109DA000D3E90023BA6123F00041F961D7E9060144
:109DB0004FF000024C4BFCF7F5F90346002B00D1A5
:109DC0004EE2484BD3E90023104619464FF00002FB
:109DD000464BFCF781F802460B46786A00F0F4FC2B
:109DE000786A00F099FB424BD3E9002310461946EC
:109DF0004FF000023F4BFBF745FF02460B46104673
:109E000019463D4BD3E90023FCF766F802460B46A2
:109E100010461946FCF7D0F90246384B1A602E4B13
:109E2000D3E900233A6183F000417961D7E9040165
:109E30004FF000022F4BFCF74FF802460B4610463E
:109E400019462F4BC3E90001786A00F0E9FD05F0DF
:109E50000FFC2C4BC3E9000102E27B6AD3F8BC3053
:109E60001B48194608F02CFC7B6AD3F88030184652
:109E7000FBF7A2FE244BC3E900017B6AD3F8B430A0
:109E8000012B03D11D4B214A1A6016E07B6AD3F8DF
:109E9000B430002B03D1194B00221A600DE07B6A0D
:109EA000D3F8B430B3F1FF3F04D1144B4FF47A72BE
:109EB0001A6002E0164804F0EDFE164B1B680548D8
:109EC000194606F0A1FDCBE1182D4454FB210940B1
:109ED00098110020A010002078110020801100208F
:109EE00000806640881100200000084000001840F3
:109EF0004011002000408F40B0000020441000209E
:109F000058100020901100203811002018FCFFFF8D
:109F100090D50308CC100020974840F26C7108F0EF
:109F2000CFFB964BD3E90023104619468EA3D3E905
:109F30000023FCF70FF90346002B35D17B6AB3F8F9
:109F400070301BB21846FBF737FE02460B46104630
:109F500019464FF000028A4BFBF7BEFF02460B4644
:109F600010461946874BC3E90001786A00F0C4F92E
:109F7000854BD3E90023104619464FF00002834B6E
:109F8000FBF780FE02460B4610461946804BD3E98C
:109F90000023FBF7A1FF02460B4610461946FCF7CB
:109FA0000BF902467B4B1A607B4BD3E9002310462A
:109FB00019466DA3D3E90023FCF7CCF80346002B28
:109FC00038D17B6AD3F880301846FBF7F5FD02469E
:109FD0000B46104619464FF00002694BFBF77CFF19
:109FE00002460B46104619466C4BC3E90001786ADD
:109FF00000F002FD786A00F08FFA694BD3E9002384
:10A00000104619464FF00002604BFBF73BFE02463C
:10A010000B4610461946634BD3E90023FBF75CFF60
:10A0200002460B4610461946FCF7C6F80246594B45
:10A030001A6015E114E150484FF46B7108F040FBD1
:10A040005948012106F0E0FC7B6AD3F8E830184655
:10A05000FBF7C4FD554BC3E900017B6AD3F8EC3034
:10A060001846FBF7BBFD524BC3E90001504BD3E947
:10A070000023104619464FF000024E4BFBF702FE3C
:10A0800002460B461046194639A3D3E90023FBF7D5
:10A0900023FF02460B4610461946474BC3E9000111
:10A0A000454BD3E90023BA6023F00041F960D7E9BA
:10A0B00002014FF00002414BFCF774F80346002BFD
:10A0C00000D1CDE03C4BD3E90023104619464FF0B8
:10A0D00000023B4BFBF700FF02460B46786A00F09C
:10A0E00073FB786A00F018FA2D4BD3E90023104671
:10A0F00019464FF00002254BFBF7C4FD02460B4604
:10A1000010461946274BD3E90023FBF7E5FE02462C
:10A110000B4610461946FCF74FF802461D4B1A60D5
:10A12000224BD3E900233A6083F000417960D7E9FC
:10A1300000014FF00002154BFBF7CEFE02460B4626
:10A14000104619461F4BC3E90001786A00F068FC0D
:10A1500005F08EFA1C4BC3E9000181E0064840F28D
:10A160006C7108F0ADFA7BE0000000008087C3400E
:10A17000182D4454FB21094098110020F8100020AC
:10A1800000005940E8100020F010002000408F40EF
:10A1900080000020441000204811002038110020C9
:10A1A00040110020B0000020A010002078110020F5
:10A1B00080110020008066408811002000000840C7
:10A1C0000000184058100020901100203C4840F238
:10A1D0006C7108F075FA7B6AD3F880301846FBF78B
:10A1E000EBFC02460B46104619464FF00002354B79
:10A1F000FBF772FE02460B4610461946324BC3E986
:10A2000000017B6AD3F8B4301846FBF7D5FC2F4B1E
:10A21000C3E900012D4BD3E90023786A00F0D4FA9A
:10A22000786A00F079F92A4BD3E9002310461946E1
:10A230004FF00002274BFBF725FD02460B46104668
:10A240001946254BD3E90023FBF746FE02460B4691
:10A2500010461946FBF7B0FF0246204B1A6000BFBC
:10A260001F4B1A687B6ADA651C4B1A687B6A9A6511
:10A270001C4B1A687B6A1A661B4B1A687B6A5A6603
:10A280001A4B1A687B6A9A667B6A583318481946D3
:10A29000012200F081FE05F0EBF907A3D3E90023CA
:10A2A000121843EB01031046194600220EF0F0FA93
:10A2B000FFF7E1BBAFF30080002D3101000000008B
:10A2C000981100200000594038110020C0100020D3
:10A2D0004011002000408F40B000002044100020BA
:10A2E00040100020281000202C10002030100020EA
:10A2F0006C220020AFF30080B0B582B000AF786070
:10A30000614BD3E90001614BD3E90023FBF706FB66
:10A3100002460B465E49C1E900235E4BD3E90001CA
:10A320005B4BD3E90023FBF7ADFC02460B4610461E
:10A330001946594BD3E90023FBF7F2FA02460B46C4
:10A340005549C1E90023544BD3E90001534BD3E9EC
:10A350000023FBF727FF0346002B06D04F4BD3E922
:10A3600000234D49C1E9002310E04B4BD3E9000124
:10A370004B4BD3E90023FBF7F7FE0346002B05D038
:10A38000474BD3E900234449C1E900233F4BD3E9BC
:10A390000001444BD3E90023FBF7C0FA02460B4609
:10A3A0004149C1E90023414BD3E90001384BD3E9CE
:10A3B0000023FBF767FC02460B4614461D46354B4F
:10A3C000D3E90001344BD3E90023FBF75BFC0246E1
:10A3D0000B4620462946FBF7A3FA02460B461446D5
:10A3E0001D46334BD3E900012F4BD3E90023FBF784
:10A3F00049FC02460B4620462946FBF791FA0246E5
:10A400000B462C49C1E900232A4BD3E90001234B19
:10A41000D3E90023FBF7C6FE0346002B06D01F4BF3
:10A42000D3E900232349C1E9002310E0214BD3E9FC
:10A4300000011B4BD3E90023FBF796FE0346002BDC
:10A4400005D0174BD3E900231A49C1E900230F4B6C
:10A45000D3E900231349C1E9002305F009F908A352
:10A46000D3E90023121843EB0103104619460022DA
:10A470000EF00EFA0837BD46B0BD00BFAFF3008046
:10A4800000E1F50500000000F8100020E8100020B1
:10A49000D810002020110020001100208000002092
:10A4A0008800002008110020E0100020101100207A
:10A4B00018110020F010002080B584B000AFF860C3
:10A4C000C7E900231049D7E90023C1E900230F4B56
:10A4D000D3E9002310461946D7E90623FBF7D2FB40
:10A4E00002460B460A49C1E90023084BD3E9002381
:10A4F000D7E90801FBF7F0FC02460B460549C1E924
:10A5000000231037BD4680BD1011002078000020C8
:10A5100020110020181100202DE9B04382B000AFB7
:10A520007860814BD3E90001804BD3E90023FBF72E
:10A53000F5F902460B467E49C1E900237C4BD3E97D
:10A540000023904623F00049404649464FF0000260
:10A55000784BFBF727FE0346002B0ED0744BD3E954
:10A560000023104619464FF00002734BFBF7D8F951
:10A5700002460B466E49C1E900236D4BD3E9002327
:10A58000144623F00045204629464FF000026A4B4E
:10A59000FBF708FE0346002B0ED0654BD3E90023E2
:10A5A000104619464FF00002644BFBF7B7F902461C
:10A5B0000B465F49C1E90023614BD3E900015C4BC5
:10A5C000D3E90023FBF75EFB02460B461046194613
:10A5D0005C4BD3E90023FBF7A3F902460B4659492C
:10A5E000C1E90023574BD3E90001574BD3E90023BE
:10A5F000FBF7D8FD0346002B06D0534BD3E90023CD
:10A600005049C1E9002310E04E4BD3E900014F4B04
:10A61000D3E90023FBF7A8FD0346002B05D04B4BE5
:10A62000D3E900234749C1E90023404BD3E90001A6
:10A63000474BD3E90023FBF771F902460B46454926
:10A64000C1E90023444BD3E90001394BD3E900238E
:10A65000FBF718FB02460B4614461D46384BD3E960
:10A660000001384BD3E90023FBF70CFB02460B46F5
:10A6700020462946FBF754F902460B4614461D4670
:10A68000364BD3E90001334BD3E90023FBF7FAFA49
:10A6900002460B4620462946FBF742F902460B4686
:10A6A0002F49C1E900232E4BD3E90001264BD3E902
:10A6B0000023FBF777FD0346002B06D0224BD3E99E
:10A6C00000232749C1E9002310E0254BD3E900010D
:10A6D0001E4BD3E90023FBF747FD0346002B05D0B3
:10A6E0001A4BD3E900231E49C1E900230F4BD3E9DC
:10A6F00000231749C1E9002304F0BAFF08A3D3E9F6
:10A700000023121843EB01031046194600220EF0F5
:10A71000BFF80837BD46BDE8B08300BFAFF3008087
:10A7200000E1F5050000000048110020381100206C
:10A73000281100200080664000807640008086401E
:10A740007011002050110020B0000020B80000203F
:10A7500058110020301100206011002068110020E5
:10A7600040110020AFF3008080B584B000AFF860E6
:10A77000C7E900231049D7E90023C1E900230F4BA3
:10A78000D3E9002310461946D7E90623FBF77AFAE6
:10A7900002460B460A49C1E90023084BD3E90023CE
:10A7A000D7E90801FBF798FB02460B460549C1E9CA
:10A7B00000231037BD4680BD60110020A800002096
:10A7C000701100206811002080B584B000AFF860DF
:10A7D000C7E90023084BD3E9002310461946D7E9FF
:10A7E0000023FBF79DF802460B460449C1E900230C
:10A7F0001037BD4680BD00BF381100204811002031
:10A80000B0B584B000AF78606F4BD3E900016F4BF7
:10A81000D3E90023FBF782F802460B46104619469F
:10A820004FF000024FF00003FBF794FC0346002BAF
:10A8300006D067494FF00002664BC1E900231EE0D5
:10A84000614BD3E90201614BD3E90223FBF766F8C0
:10A8500002460B4614461D465B4BD3E900015B4B99
:10A86000D3E90023FBF75AF802460B462046294657
:10A8700025F00AFD02460B465549C1E90023544B19
:10A88000D3E90023104619464FF00002524BFBF764
:10A89000F9F902460B461046194649A3D3E90023AD
:10A8A000FBF71AFB02460B464949C1E90023484B16
:10A8B000D3E90023104619464FF00002464BFBF740
:10A8C0005DFC0346002B14D0414BD3E90023104616
:10A8D00019464FF000024FF00003FBF759FC034606
:10A8E000002B06D03A4BD3E900233949C1E90023B4
:10A8F00029E0374BD3E90023104619464FF00002F8
:10A90000364BFBF74FFC0346002B1CD0304BD3E9F2
:10A910000023104619464FF000024FF00003FBF7EA
:10A9200023FC0346002B0ED0294BD3E9002310460D
:10A9300019464FF000022A4BFAF7F2FF02460B4687
:10A940002349C1E90023224BD3E90001254BD3E978
:10A950000023FAF7E3FF02460B46C7E902231C4B2C
:10A96000D3E900232049C1E90023204B00221A60CB
:10A970001F4B01221A601F4B01221A601A4BD3E9A8
:10A980000023104619464FF00002154BFBF700FC60
:10A990000346002B0ED0144BD3E900231046194672
:10A9A0004FF000020E4BFAF7B9FF02460B460E4974
:10A9B000C1E900231037BD46B0BD00BFAFF3008032
:10A9C000182D4454FB2109400810002018100020C5
:10A9D000381000200000564000806640008066C0AD
:10A9E00000807640381100204811002028100020F7
:10A9F0002C1000203010002080B483B000AF7860AD
:10AA0000054BD3E900230549C1E900230C37BD46B6
:10AA10005DF8047B704700BF38100020481100200B
:10AA2000B0B582B000AF7860834BD3E90001834BAF
:10AA3000D3E90023FAF772FF02460B468049C1E9C9
:10AA400000237F4BD3E900231046194672A3D3E9B4
:10AA50000023FBF789FB0346002B00D0D9E0794B9C
:10AA6000D3E90001764BD3E90023FBF70BF902464B
:10AA70000B4610461946744BD3E90023FAF750FFF2
:10AA800002460B467049C1E900236F4BD3E9000130
:10AA90006E4BD3E90023FBF785FB0346002B06D062
:10AAA0006A4BD3E900236849C1E9002310E0664BF3
:10AAB000D3E90001664BD3E90023FBF755FB0346BE
:10AAC000002B05D0624BD3E900235F49C1E9002385
:10AAD0005A4BD3E900015F4BD3E90023FAF71EFF7D
:10AAE00002460B465C49C1E900235C4BD3E90001F7
:10AAF000534BD3E90023FBF7C5F802460B46144637
:10AB00001D46504BD3E900014F4BD3E90023FBF71F
:10AB1000B9F802460B4620462946FAF701FF0246DD
:10AB20000B4614461D464E4BD3E900014A4BD3E970
:10AB30000023FBF7A7F802460B4620462946FAF702
:10AB4000EFFE02460B464749C1E90023454BD3E9D6
:10AB500000013E4BD3E90023FBF724FB0346002B07
:10AB600006D03A4BD3E900233E49C1E9002310E067
:10AB70003C4BD3E90001364BD3E90023FBF7F4FA51
:10AB80000346002B05D0324BD3E900233549C1E9F8
:10AB90000023344BD3E900231046194620A3D3E900
:10ABA0000023FBF7FFFA0346002B09D02E4B0022AF
:10ABB0001A602E4B01221A602D4B01221A6015E0FB
:10ABC000284BD3E900231046194617A3D3E90023E5
:10ABD000FBF7CAFA0346002B08D0234B01221A6068
:10ABE000224B00221A60224B00221A60134BD3E939
:10ABF00000231849C1E9002304F03AFD0CA3D3E96E
:10AC00000023121843EB01031046194600220DF0F1
:10AC10003FFE0837BD46B0BD7B14AE47E17A943F96
:10AC20007B14AE47E17A743F7B14AE47E17A74BF80
:10AC300000E1F50500000000681000205810002019
:10AC400048100020901000207010002050000020BC
:10AC500058000020781000205010002080100020A4
:10AC60008810002060100020281000202C100020E8
:10AC700030100020AFF3008080B584B000AFF860E2
:10AC8000C7E900231049D7E90023C1E900230F4B8E
:10AC9000D3E9002310461946D7E90623FAF7F2FF55
:10ACA00002460B460A49C1E90023084BD3E90023B9
:10ACB000D7E90801FBF710F902460B460549C1E93F
:10ACC00000231037BD4680BD8010002048000020C2
:10ACD000901000208810002080B582B000AF78600E
:10ACE0007B681846FDF77CF87B68134A1A607B681E
:10ACF00003F108027B681A657B6803F120027B6818
:10AD00005A657B6803F138027B689A657B6800228C
:10AD100083F85C2079684FF000024FF00003C1E92E
:10AD20001A237B68D3E91A237968C1E918237B6861
:10AD300018460837BD4680BD50ED0308B0B582B057
:10AD400000AF78607B681846FDF74AF87B681B4ABD
:10AD50001A607B68083302241D4604E02846FEF78B
:10AD6000D3FD4035013CB4F1FF3FF7D17B6803F1DF
:10AD700008027B68C3F8C8207B6803F148027B683F
:10AD8000C3F8CC207B6803F188027B68C3F8D0202D
:10AD90007B68002283F8D42079684FF000024FF0DE
:10ADA0000003C1E938237B68D3E938237968C1E916
:10ADB00036237B6818460837BD46B0BD38ED03081A
:10ADC00080B582B000AF78607B681846FDF708F860
:10ADD0007B68134A1A607B681A1D7B685A637B681C
:10ADE00003F114027B689A637B6803F124027B6899
:10ADF000DA637B68002283F8402079684FF0000214
:10AE00004FF00003C1E914237B68D3E91423796868
:10AE1000C1E912237B6818460837BD4680BD00BFD4
:10AE200020ED0308B0B485B000AF786039607B686E
:10AE3000012283F858207B681B6DFB603A68FB6831
:10AE400014461D460FCD0FC495E8030084E80300A7
:10AE50007B68002283F858207B68D3E91A230132EB
:10AE600043F100037968C1E91A231437BD46B0BC29
:10AE7000704700BFB0B485B000AF786039607B68C0
:10AE8000012283F85C207B685B6DFB603A68FB689D
:10AE900014461D460FCD0FC495E8030084E8030057
:10AEA0007B68002283F85C207B68D3E91A23013297
:10AEB00043F100037968C1E91A231437BD46B0BCD9
:10AEC000704700BF80B582B000AF786039607A68A3
:10AED0003B681046194622F047FB3B685A687B687E
:10AEE0005A603B689A687B689A603B68DA687B685E
:10AEF000DA603B681A697B681A613B685A697B684B
:10AF00005A613B689A697B689A613B68DA697B6839
:10AF1000DA613B681A6A7B681A623B685A6A7B6826
:10AF20005A623B68D3E90A237968C1E90A233B687E
:10AF3000D3E90C237968C1E90C233B689A6B7B68E1
:10AF40009A633B68DA6B7B68DA637B68184608377C
:10AF5000BD4680BD80B584B000AF786039607B6845
:10AF6000012283F8D4207B68D3F8CC30FB603868AA
:10AF7000F968FFF7A7FF7B68002283F8D4207B687D
:10AF8000D3E93823013243F100037968C1E938235A
:10AF90001037BD4680BD00BF80B584B000AFF860FB
:10AFA000B9601346FB71FA68FB791046B9681A4616
:10AFB000002304F045FC034618461037BD4680BD0B
:10AFC00080B582B000AF78607B68084A1A607B6801
:10AFD0001846FCF7ADFD0023002B02D0786804F082
:10AFE000D7F97B6818460837BD4680BD20ED0308B9
:10AFF00080B582B000AF78607868FFF7E1FF7868CD
:10B0000004F0C6F97B6818460837BD4680BD00BF0E
:10B0100090B583B000AF78607B68104A1A607B6897
:10B020000833002B0BD07B6803F1C8047B6808331E
:10B030009C4204D0403C2046FEF778FCF6E77B6853
:10B040001846FCF775FD0023002B02D0786804F049
:10B050009FF97B6818460C37BD4690BD38ED030854
:10B0600080B582B000AF78607868FFF7D1FF78686C
:10B0700004F08EF97B6818460837BD4680BD00BFD6
:10B0800080B582B000AF78607B68084A1A607B6840
:10B090001846FCF74DFD0023002B02D0786804F021
:10B0A00077F97B6818460837BD4680BD50ED030828
:10B0B00080B582B000AF78607868FFF7E1FF78680C
:10B0C00004F066F97B6818460837BD4680BD00BFAE
:10B0D00080B582B000AF78607B680B4A1A607B68ED
:10B0E000A0331846FEF722FC7B6818460DF0EEFAF6
:10B0F0000023002B02D0786804F04AF97B681846D8
:10B100000837BD4680BD00BF68ED030880B582B03A
:10B1100000AF78607868FFF7DBFF786804F038F9F3
:10B120007B6818460837BD4680BD00BF80B584B037
:10B1300002AF786039607B68012B68D13A684FF6BE
:10B14000FF739A4263D13348112105F023FB324843
:10B15000002106F025FE3148FDF792FE2F483049C8
:10B16000304A0EF077FE002300932F482F492B4AD8
:10B170002F4B04F017F92C482E492A4A0EF06AFE8C
:10B180002D48FFF7A9FD2C482C49264A0EF062FEF7
:10B19000002300932A482B49274A254B04F002F943
:10B1A000274824491F4A0EF055FE2748FFF7C6FDE1
:10B1B000254826491B4A0EF04DFE002300932448E3
:10B1C0002449214A1A4B04F0EDF821481949154A3F
:10B1D0000EF040FE2048FFF7F3FD1F481F49114ABB
:10B1E0000EF038FE002300931D481E491A4A104BEA
:10B1F00004F0D8F81A480F490A4A0EF02BFE1A48F4
:10B20000FEF7A2FB18481949064A0EF023FE08373C
:10B21000BD4680BDA010002098110020B81100206C
:10B22000C18F00080C25002028120020DC210020FE
:10B23000C0D50308D57A00085812002081B0000854
:10B24000C812002090220020F812002011B000083F
:10B25000E01300209421002010140020C1AF00084A
:10B2600068140020FC22002098140020D1B00008AF
:10B2700080B584B000AFF860B9607A603B607B68ED
:10B28000102B04D9064803F097FD002304E0F8686A
:10B29000396800F03BF8012318461037BD4680BDE1
:10B2A000D4D5030880B584B000AFF860B9607A6087
:10B2B0003B607B68402B04D9064803F07DFD0023EA
:10B2C00004E0F868396800F055F801231846103793
:10B2D000BD4680BDD4D5030880B584B000AFF8600A
:10B2E000B9607A603B607B68182B04D9064803F08C
:10B2F00063FD002304E0F868396800F075F8012365
:10B3000018461037BD4680BDD4D5030890B484B02C
:10B3100000AF786039607B685A6B3B6814460FCB8E
:10B3200084E80F007B689B6BFB607B685A6B7B68D3
:10B330009A637B68FA685A637B6893F84030DBB2A3
:10B34000002B09D07B685B6BFB607B68DA6B7B68EA
:10B350005A637B68FA68DA637B68D3E912230132A7
:10B3600043F100037968C1E912231037BD4690BC50
:10B37000704700BF80B584B000AF786039607B68EB
:10B38000D3F8C83018463968FFF79CFD7B68D3F8BE
:10B39000CC30FB607B68D3F8C8207B68C3F8CC2036
:10B3A0007B68FA68C3F8C8207B6893F8D430DBB2B6
:10B3B000002B0DD07B68D3F8C830FB607B68D3F8D6
:10B3C000D0207B68C3F8C8207B68FA68C3F8D02017
:10B3D0007B68D3E93623013243F100037968C1E980
:10B3E00036231037BD4680BDB0B485B000AF78605D
:10B3F00039607B681A6D3B6814461D460FCD0FC43B
:10B4000095E8030084E803007B685B6DFB607B6864
:10B410001A6D7B685A657B68FA681A657B6893F8D1
:10B420005C30DBB2002B09D07B681B6DFB607B6856
:10B430009A6D7B681A657B68FA689A657B68D3E9C0
:10B440001823013243F100037968C1E91823143746
:10B45000BD46B0BC704700BF80B500AF01204FF6BD
:10B46000FF71FFF763FE80BD80B582B000AF7860EA
:10B470007B6818460A4964224FF4FA630DF0B8F865
:10B480007B68084A1A607B68002283F850207B683A
:10B4900000225A657B6818460837BD4680BD00BF4C
:10B4A00084D6030898ED030880B582B000AF7860B9
:10B4B0000D4801210122012305F0A0F90B480121CB
:10B4C0000122012305F09AF90948012101220023F4
:10B4D00005F094F9074801210122012305F08EF9B6
:10B4E0000837BD4680BD00BF88150020C01500206C
:10B4F000DC150020A415002080B598B000AF78605E
:10B500007B681B680C331B68786898476C4B1B681A
:10B510001A464FEAE2736B4901FB03F0002101FB7D
:10B5200002F101446748A2FB002319440B46104670
:10B53000194600220DF0ACF907F14803624819469C
:10B5400000F004F907F108031846FEF7DDF907F1EA
:10B5500008035E481946FFF7FDFCD7E9142310469F
:10B560001946FAF729FE0246594B1A60D7E9142307
:10B57000104619464FF000024FF00003FAF712FE92
:10B580000346002B33D0D7E91423104619464FF059
:10B590000002504BFAF7F2FD0346002B27D04E482D
:10B5A000002105F031FA4D48002105F02DFA04F094
:10B5B0005FF802460B460A3243F100031046194673
:10B5C00000220DF065F94448002105F01DFA4348BA
:10B5D000012105F019FA3E4B1B685A1E3C4B1A60BC
:10B5E0003B4B1B683E48194607F06AF84DE0D7E927
:10B5F0001423104619464FF000024FF00003FAF7EB
:10B60000B3FD0346002B38D0D7E914231046194662
:10B6100027A3D3E90023FAF7BBFD0346002B2CD068
:10B620002D48002105F0F0F92C48002105F0ECF937
:10B6300004F01EF802460B460A3243F1000310469E
:10B64000194600220DF024F92348012105F0DCF908
:10B650002248002105F0D8F91D4B1B685A1C1C4BD1
:10B660001A601B4B1B68002BB8BF5B42FB65FB6D70
:10B670001B48194607F024F807E01748002105F099
:10B68000C3F91648002105F0BFF903F0F1FF0AA342
:10B69000D3E90023121843EB010310461946002298
:10B6A0000DF0F6F807F108031846FEF73FF943E7F7
:10B6B0000000000000408FC080F0FA02000000008F
:10B6C000C000002000CA9A3B981700208016002076
:10B6D0009818002000408F40DC150020C015002085
:10B6E000F8150020AFF3008080B582B000AF78601D
:10B6F0007B681846FCF774FB7B68134A1A607B680A
:10B7000003F108027B689A637B6803F118027B6887
:10B71000DA637B6803F128027B681A647B68002285
:10B7200083F8442079684FF000024FF00003C1E92C
:10B7300014237B68D3E914237968C1E912237B6859
:10B7400018460837BD4680BD80ED030890B484B02C
:10B7500000AF786039607B68012283F844207B6801
:10B76000DB6BFB603A68FB6814460FCB84E80F0084
:10B770007B68002283F844207B68D3E914230132DC
:10B7800043F100037968C1E914231037BD4690BC2A
:10B79000704700BF80B582B000AF78607B68084A10
:10B7A0001A607B681846FCF7C3F90023002B02D00F
:10B7B000786803F0EDFD7B6818460837BD4680BD0C
:10B7C00080ED030880B582B000AF78607868FFF73D
:10B7D000E1FF786803F0DCFD7B6818460837BD465A
:10B7E00080BD00BF80B582B000AF78607B68084A3A
:10B7F0001A607B6818460CF069FF0023002B02D00A
:10B80000786803F0C5FD7B6818460837BD4680BDE3
:10B8100098ED030880B582B000AF78607868FFF7D4
:10B82000E1FF786803F0B4FD7B6818460837BD4631
:10B8300080BD00BF80B584B002AF786039607B689E
:10B84000012B5FD13A684FF6FF739A425AD12F48C5
:10B85000422104F09FFF2E48472104F09BFF2D4812
:10B86000482104F097FF2C484A2104F093FF2B480D
:10B870000E2106F095FA2A48FFF7F6FD28482949D7
:10B88000294A0EF0E7FA2948FFF758FA27482849CD
:10B89000254A0EF0DFFA0023009326482649234A62
:10B8A000264B03F07FFD234825491F4A0EF0D2FAAC
:10B8B0002448FFF719FF234823491B4A0EF0CAFA10
:10B8C00000230093214822491E4A1C4B03F06AFDC5
:10B8D0001E481B49144A0EF0BDFA1E48FCF790FAA8
:10B8E0001C481D49104A0EF0B5FA002300931B486E
:10B8F0001B49184A114B03F055FD184810490A4AD4
:10B900000EF0A8FA0837BD4680BD00BF881500209C
:10B91000A4150020C0150020DC150020F81500201B
:10B9200018160020E5B700080C250020801600201E
:10B9300011B00008681700209421002094D6030855
:10B94000D57A00089817002095B70008F017002056
:10B9500048220020201800208D7E00086818002052
:10B960002422002080B584B000AFF860B9607A600E
:10B970003B607B68102B04D9064803F01DFA0023B6
:10B9800004E0F868396800F007F80123184610371A
:10B99000BD4680BDA8D6030890B484B000AF7860DF
:10B9A00039607B689A6B3B6814460FCB84E80F00C4
:10B9B0007B68DB6BFB607B689A6B7B68DA637B6818
:10B9C000FA689A637B6893F84430DBB2002B09D0A5
:10B9D0007B689B6BFB607B681A6C7B689A637B68F7
:10B9E000FA681A647B68D3E91223013243F1000339
:10B9F0007968C1E912231037BD4690BC704700BF7B
:10BA000080B500AF01204FF6FF71FFF713FF80BD37
:10BA100080B582B000AF78607B6818460E4964221A
:10BA20004FF4FA630CF0E4FD7B680C4A1A607B6803
:10BA3000002283F852207B6893F852207B6883F8B9
:10BA400051207B6893F851207B6883F850207B68F5
:10BA500018460837BD4680BD58D70308B0ED030827
:10BA600080B582B000AF78600A480121012200232E
:10BA700004F0C4FE084801210122002304F0BEFEA8
:10BA8000064801210122002304F0B8FE0837BD4614
:10BA900080BD00BF9C180020B8180020D4180020DA
:10BAA00080B588B000AF786007F10C0322481946D2
:10BAB000FDF708FE7B69002B0CBF00230123DAB2DF
:10BAC0007B6883F85020BB69002B0CBF0023012347
:10BAD000DAB27B6883F85120FB69002B0CBF00238E
:10BAE0000123DAB27B6883F852207B6893F85030E8
:10BAF0001248194604F088FF7B6893F851301048CB
:10BB0000194604F081FF7B6893F852300D481946BE
:10BB100004F07AFF03F0ACFD05A3D3E9002312186B
:10BB200043EB01031046194600220CF0B1FEBBE7BF
:10BB300080F0FA0200000000581900209C18002034
:10BB4000B8180020D418002080B582B000AF78600B
:10BB50007B68084A1A607B6818460CF0B7FD002322
:10BB6000002B02D0786803F013FC7B681846083776
:10BB7000BD4680BDB0ED030880B582B000AF7860EF
:10BB80007868FFF7E1FF786803F002FC7B681846ED
:10BB90000837BD4680BD00BF80B584B002AF786075
:10BBA00039607B68012B2DD13A684FF6FF739A42BA
:10BBB00028D116484C2104F0EDFD15484F2104F022
:10BBC000E9FD1448242104F0E5FD1348FFF720FFA8
:10BBD00011481249124A0EF03DF91248FDF740FD96
:10BBE000104811490E4A0EF035F9002300930F4812
:10BBF0000F490C4A0F4B03F0D5FB0C480E49084A7D
:10BC00000EF028F90837BD4680BD00BF9C18002003
:10BC1000B8180020D4180020F018002049BB0008F4
:10BC20000C2500205819002039970008B819002069
:10BC30006C22002068D70308D57A000880B500AFD1
:10BC400001204FF6FF71FFF7A7FF80BD80B582B0DE
:10BC500000AF78607B681846064964224FF4FA63A7
:10BC60000CF0C6FC7B68044A1A607B6818460837EB
:10BC7000BD4680BD90D70308C8ED030880B582B0EB
:10BC800000AF7860084801210122002304F0B6FDCE
:10BC90000648074905F006F906484FF4E13108F077
:10BCA00005F90837BD4680BD041A0020201A00207F
:10BCB000801A0600E819002080B483B000AF7860D5
:10BCC0000C37BD465DF8047B704700BF80B582B07D
:10BCD00000AF78607B68084A1A607B6818460CF0F1
:10BCE000F5FC0023002B02D0786803F051FB7B6841
:10BCF00018460837BD4680BDC8ED030880B582B040
:10BD000000AF78607868FFF7E1FF786803F040FBE8
:10BD10007B6818460837BD4680BD00BF80B582B03D
:10BD200000AF786039607B68012B18D13A684FF614
:10BD3000FF739A4213D10B48052107F0C9FE0A4848
:10BD40003E2104F027FD0948022105F045F8084886
:10BD5000FFF77CFF06480749074A0EF07BF80837D3
:10BD6000BD4680BDE8190020041A0020201A0020DA
:10BD7000401A0020CDBC00080C25002080B500AF83
:10BD800001204FF6FF71FFF7C9FF80BD80B483B07B
:10BD900000AF786039603B6818460C37BD465DF8E7
:10BDA000047B704780B483B000AF786039607A68F4
:10BDB0003B68134318460C37BD465DF8047B70475B
:10BDC00080B582B000AF78607B681846064964226F
:10BDD0004FF4FA630CF00CFC7B68044A1A607B6831
:10BDE00018460837BD4680BDA0D70308E0ED03081C
:10BDF00080B483B000AF78600C37BD465DF8047B3B
:10BE0000704700BF80B5C6B000AF3B1D186007F596
:10BE10008A7318460EF064FD07F1D80207F58A739D
:10BE2000104688491A4621F0DBFB07F58A7318464D
:10BE30000EF058FD10200821FFF7B4FF034607F16C
:10BE40000C02104619460EF0C7FC07F1CC03184649
:10BE500000F08EF97C484FF0FF326FF0004303F0A2
:10BE600083F807F1DF0378481946012208F088F9C2
:10BE700097F8DF305BB2232B09D0242B40F0688188
:10BE800007F1D80318466F4921F092F96AE107F1EA
:10BE9000D803184620F0A8FF03466C48194602F064
:10BEA000F9FE07F10C0207F1D803104619460EF00F
:10BEB00001FD1AE007F1C803184620F057FF07F10B
:10BEC0000C0207F1C803104619463B2220F054FD2E
:10BED00007F1CC0207F1C8031046194600F056F9E5
:10BEE00007F1C803184621F01FF807F10C0334339B
:10BEF00018460EF021FD0346002BDBD107F1CC03E1
:10BF00001846002100F068F90346184620F06CFF3F
:10BF100002464F4B9A4214BF00230123DBB2002B91
:10BF20004CD007F1CC031846012100F055F9034627
:10BF3000184620F059FF0346184625F0CFFB02466D
:10BF40000B4610461946FAF77FF90346C7F8083141
:10BF500007F1CC031846022100F03EF903461846CB
:10BF600020F042FF0346184625F0B8FB02460B4678
:10BF700010461946FAF768F90346C7F80C3107F17D
:10BF8000CC031846032100F027F90346184620F099
:10BF90002BFF0346184625F0A1FB02460B46104630
:10BFA0001946FAF751F90346C7F8103107F58473BB
:10BFB00028481946012200F01FF9C3E007F1CC031D
:10BFC0001846002100F008F903461846224900F0FF
:10BFD00027F90346002B43D007F1CC031846012173
:10BFE00000F0FAF80346184620F0FEFE0346184615
:10BFF00025F074FB02460B4610461946FAF724F961
:10C000000346C7F8003107F1CC031846022100F0BF
:10C01000E3F80346184620F0E7FE0346184625F0ED
:10C020005DFB02460B4610461946FAF70DF903462A
:10C03000C7F8043107F5807308481946012200F05B
:10C0400003F97FE0B0D70308E8190020B4D703084C
:10C05000D0D70308B4220020D4D70308D822002068
:10C0600007F1CC031846002100F0B6F80346184645
:10C070003D4900F0D5F80346002B62D007F1CC0310
:10C080001846012100F0A8F80346184620F0ACFE3F
:10C090000346184625F022FB02460B461046194679
:10C0A000FAF7D2F80346C7F8E03007F1CC03184698
:10C0B000022100F091F80346184620F095FE034651
:10C0C000184625F00BFB02460B4610461946FAF7B8
:10C0D000BBF80346C7F8E43007F1CC031846032148
:10C0E00000F07AF80346184620F07EFE0346184614
:10C0F00025F0F4FA02460B4610461946FAF7A4F862
:10C100000346C7F8E83007F1CC031846042100F0D5
:10C1100063F80346184620F067FE0346184625F0EC
:10C12000E1FA0346002B0CBF00230123DBB287F8A2
:10C13000EC3007F1E0030D481946012200F098F8B1
:10C1400000E00FE007F1CC03184600F0A5F809E085
:10C1500097F8DF3007F1D8025BB21046194621F09C
:10C1600091F900BF76E600BFD8D70308202300204E
:10C1700080B582B000AF78607B68184600F09AF80E
:10C180007B6818460837BD4680BD00BF80B582B0C9
:10C1900000AF786039607B685A687B689B689A4218
:10C1A0000DD07A687B685B68104619463A6800F0E3
:10C1B000A9F87B685B681A1D7B685A6008E078689C
:10C1C00000F078F90346786819463A6800F0A8F854
:10C1D0000837BD4680BD00BF80B483B000AF786033
:10C1E00039607B681A683B689B00134418460C371B
:10C1F000BD465DF8047B704780B584B000AFF86041
:10C20000B9601346FB71FA68FB791046B9681A46A3
:10C21000002303F015FB034618461037BD4680BDCA
:10C2200080B582B000AF786039607868396820F0F6
:10C23000F9FD0346002B14BF00230123DBB218468F
:10C240000837BD4680BD00BF80B584B000AFF86040
:10C25000B9601346FB71FA68FB791046B9681A4653
:10C26000002303F0EDFA034618461037BD4680BDA3
:10C2700080B584B000AFF860B9601346FB71FA680E
:10C28000FB791046B9681A46002303F0D9FA034631
:10C2900018461037BD4680BD80B582B000AF7860CB
:10C2A0007B681B687868194600F016F90837BD46A8
:10C2B00080BD00BF80B582B000AF78607B68184653
:10C2C00000F022F97B6818460837BD4680BD00BFE4
:10C2D00080B483B000AF78607B6818460C37BD46E9
:10C2E0005DF8047B704700BF80B584B000AFF86094
:10C2F000B9607A60F868B96800F02EF91037BD4669
:10C3000080BD00BF80B584B000AFF860B9607A60CE
:10C31000F868B9687A6800F02BF91037BD4680BD1F
:10C32000B0B58AB000AFF860B9607A60FB685A684F
:10C33000FB689B689A423AD0F968FB685A68FB68C8
:10C340005B68043B084611461A46FFF7DBFFFB68B3
:10C350005B681A1DFB685A6007F11003184679687C
:10C3600021F0B6F807F10803184600F017F9034664
:10C370001968FB685B68A3F10802FB685B68043B13
:10C38000084611461A4600F015F907F10803184649
:10C3900000F028F9024607F110031046194621F073
:10C3A000E3F807F11003184620F0BEFD7CE0F868C2
:10C3B00001213F4A00F022F97862F86800F066F93E
:10C3C00003467B6107F1080207F114031046194682
:10C3D00000F06CF903463B62FB681846796A00F08E
:10C3E0007BF9F861FB69BB61FA683B6A9B00F969FC
:10C3F0000B44104619467A68FFF784FF0023BB619F
:10C40000FB681D6807F10803184600F0C7F80346EB
:10C410001C68FB681846FFF75BFF03462846214669
:10C42000FA6900F06FF9B861BB690433BB6107F1C9
:10C430000803184600F0B2F803461D68FB685C6804
:10C44000FB681846FFF744FF034628462146BA69B1
:10C4500000F058F9B861FB681D68FB685C68FB6810
:10C460001846FFF735FF0346284621461A46FFF7D0
:10C470003BFFF968FB681A68FB689B681846FB6815
:10C480001B68C31A9B10084611461A4600F052F862
:10C49000FB68FA691A60FB68BA695A607B6A9B009C
:10C4A000FA691A44FB689A602837BD46B0BD00BFE0
:10C4B000DCD7030880B584B000AF78607B680433B4
:10C4C00007F10C021046194600F02EF9FB681846D9
:10C4D0001037BD4680BD00BF90B583B000AF786017
:10C4E00039607B685C687B681846FFF7F1FE03469D
:10C4F000386821461A46FFF7F7FE7B683A685A60AB
:10C500000C37BD4690BD00BF80B582B000AF7860EB
:10C51000786800F019F97B6800221A607B680022B5
:10C520005A607B6800229A607B6818460837BD46CF
:10C5300080BD00BF80B584B000AFF860B9607A609C
:10C54000BB68002B05D0FB681846B9687A6800F014
:10C5500007F91037BD4680BD80B582B000AF786066
:10C5600039607868396800F007F90837BD4680BD42
:10C5700080B584B000AFF860B9607A60BB68042011
:10C580001946FFF703FC0346002B03D018467968D1
:10C5900020F09EFF1037BD4680BD00BF80B483B041
:10C5A00000AF78607B6818460C37BD465DF8047BA9
:10C5B000704700BF90B585B000AFF860B9607A6091
:10C5C000F86800F0F1F80446B86800F0EDF80346AA
:10C5D000204619467A6800F0F3F8034618461437E7
:10C5E000BD4690BD80B483B000AF78607B681B68A7
:10C5F00018460C37BD465DF8047B704790B587B090
:10C6000000AFF860B9607A60F86800F007F9044696
:10C61000F86800F0F1F80346E21ABB689A422CBFB2
:10C6200000230123DBB2002B02D0786820F0FCFA53
:10C63000F86800F0E1F80446F86800F0DDF8034619
:10C640003B6107F1100207F108031046194600F09C
:10C65000F7F803461B6823447B61F86800F0CCF8C8
:10C6600002467B699A4206D8F86800F0D7F802467D
:10C670007B699A4204D2F86800F0D0F8034600E0E3
:10C680007B6918461C37BD4690BD00BF80B584B09D
:10C6900000AF78607B6807F10C021046194600F085
:10C6A00043F8FB6818461037BD4680BD90B583B08F
:10C6B00000AF786039607868FFF770FF03461B6849
:10C6C0001C463868FFF76AFF03461B68E31A9B1095
:10C6D00018460C37BD4690BD80B582B000AF78607B
:10C6E00039603B68002B07D07B6818463968002208
:10C6F00000F0BAF8034600E0002318460837BD46AC
:10C7000080BD00BF80B584B000AFF860B9607A60CA
:10C710003B60F868B9687A683B6800F0C3F8034684
:10C7200018461037BD4680BD80B483B000AF786036
:10C7300039603B681A687B681A607B6818460C375A
:10C74000BD465DF8047B704780B582B000AF78606D
:10C75000786800F0B9F87B6818460837BD4680BD98
:10C7600080B584B000AFF860B9607A60B86802F054
:10C770000FFE1037BD4680BD80B582B000AF786037
:10C78000396009E0786800F0ABF80346184600F01D
:10C79000B3F87B6804337B607A683B689A42F1D1D6
:10C7A0000837BD4680BD00BF80B582B000AF78605D
:10C7B000786800F0ABF8034618460837BD4680BDE0
:10C7C000B0B584B000AFF860B9607A60F86800F086
:10C7D000A9F80546B86800F0A5F80446786800F0A6
:10C7E000A1F80346284621461A4600F0A7F803465A
:10C7F00018461037BD46B0BD80B483B000AF786036
:10C800007B685B681A467B681B68D31A9B101846C6
:10C810000C37BD465DF8047B704700BF80B582B021
:10C8200000AF78607B68184600F0A6F8034618460B
:10C8300000F096F8034618460837BD4680BD00BF95
:10C8400080B483B000AF786039607B681A683B6859
:10C850001B689A4201D23B6800E07B6818460C379F
:10C86000BD465DF8047B704780B584B000AFF860CA
:10C87000B9607A60F86800F08BF80246BB689A42AB
:10C880002CBF00230123DBB2002B01D020F082F962
:10C89000BB689B0018460CF0D9FE034618461037BB
:10C8A000BD4680BD80B584B000AFF860B9607A60E5
:10C8B0003B60F868B9687A6800F076F80346184675
:10C8C0001037BD4680BD00BF80B483B000AF786034
:10C8D0007B6818460C37BD465DF8047B704700BF87
:10C8E00080B483B000AF78607B6818460C37BD46D3
:10C8F0005DF8047B704700BF80B582B000AF786000
:10C90000786820F011FB0837BD4680BD80B483B045
:10C9100000AF78607B6818460C37BD465DF8047B35
:10C92000704700BF80B582B000AF78607868FFF7CD
:10C93000EDFF034618460837BD4680BD80B586B07A
:10C9400000AFF860B9607A600023FB75F868B968D9
:10C950007A6800F039F8034618461837BD4680BD9E
:10C9600080B582B000AF7860786800F011F80346B7
:10C9700018460837BD4680BD80B483B000AF7860EC
:10C980007B6818460C37BD465DF8047B704700BFD6
:10C9900080B483B000AF78606FF0404318460C3726
:10C9A000BD465DF8047B704780B584B000AFF86089
:10C9B000B9607A60F868B9687A6800F027F80346C9
:10C9C00018461037BD4680BD80B586B000AFF86010
:10C9D000B9607A60BA68FB68D31A9B107B610CE07F
:10C9E0007B68043B7B60BB68043BBB607868B968CC
:10C9F00020F0BAFD7B69013B7B617B69002BEFDC9A
:10CA00007B6818461837BD4680BD00BF80B586B02C
:10CA100000AFF860B9607A607B687B610DE078698F
:10CA2000FFF75EFF03461846F96800F00FF8FB6851
:10CA30000433FB607B6904337B61FA68BB689A420C
:10CA4000EDD17B6918461837BD4680BD80B582B0F0
:10CA500000AF786039607B6804201946FFF796F9CB
:10CA60000346002B03D01846396820F031FD083703
:10CA7000BD4680BD80B582B000AF78607B68084A53
:10CA80001A607B6818460BF021FE0023002B02D0B1
:10CA9000786802F07DFC7B6818460837BD4680BD8B
:10CAA000E0ED030880B582B000AF78607868FFF7EA
:10CAB000E1FF786802F06CFC7B6818460837BD46D9
:10CAC00080BD00BF80B582B000AF786039607B6800
:10CAD000012B0CD13A684FF6FF739A4207D10548F3
:10CAE000FFF76EF903480449044A0DF0B3F908371B
:10CAF000BD4680BD901A002075CA00080C25002094
:10CB000080B500AF01204FF6FF71FFF7DBFF80BD5E
:10CB100080B582B000AF78607B6818460649642211
:10CB20004FF4FA630BF064FD7B68044A1A607B687B
:10CB300018460837BD4680BDF4D70308F8ED030852
:10CB400080B483B000AF78600C37BD465DF8047BDD
:10CB5000704700BF80B5C8B000AF3B1D186007F13B
:10CB600008031846FCF7D0FE07F58E7318460DF043
:10CB7000B7FE07F58A7207F58E73104624491A46E8
:10CB800020F02EFD07F58E7318460DF0ABFE102039
:10CB90000821FFF707F9034607F148021046194636
:10CBA0000DF01AFE07F584731846FFF7E1FA1948ED
:10CBB0004FF0FF326FF0004302F0D6F907F21B137B
:10CBC00014481946012207F0DBFA97F81B315BB2D3
:10CBD000232B09D0242B40F06B8107F58A7318466C
:10CBE0000B4920F0E5FA6DE107F58A73184620F04D
:10CBF000FBF803460848194602F04CF807F14802D2
:10CC000007F58A73104619460DF054FE21E000BF67
:10CC100004D803085C37002008D8030807F582739E
:10CC2000184620F0A3F807F1480207F58273104672
:10CC300019463B221FF0A0FE07F5847207F58273A8
:10CC400010461946FFF7A2FA07F58273184620F03E
:10CC50006BF907F14803343318460DF06DFE0346B7
:10CC6000002BDBD107F5847318460021FFF7B4FAD7
:10CC70000346184620F0B8F8034607F108021046AC
:10CC8000194620F095FA07F5847318460121FFF73D
:10CC9000A3FA0346184620F0A7F80346184624F0E6
:10CCA00021FD024607F108035A6007F58473184610
:10CCB0000221FFF791FA0346184620F095F8034643
:10CCC000184624F00FFD024607F108039A6107F5A4
:10CCD000847318460321FFF77FFA0346184620F0B5
:10CCE00083F80346184624F0FDFC024607F10803CA
:10CCF0009A6007F5847318460421FFF76DFA03461E
:10CD0000184620F071F80346184624F0EBFC024662
:10CD100007F10803DA6007F5847318460521FFF769
:10CD20005BFA0346184620F05FF80346184624F0E5
:10CD3000D9FC024607F108031A6107F58473184607
:10CD40000621FFF749FA0346184620F04DF803463E
:10CD5000184624F0C7FC024607F10803DA6107F51C
:10CD6000847318460721FFF737FA0346184620F068
:10CD70003BF80346184624F0B5FC024607F10803C9
:10CD80005A6207F5847318460821FFF725FA03460F
:10CD9000184620F029F80346184624F0A3FC024662
:10CDA00007F108035A6107F5847318460921FFF754
:10CDB00013FA0346184620F017F80346184624F0E5
:10CDC0008DFC02460B4607F10801C1E90A2307F56D
:10CDD000847318460A21FFF7FFF90346184620F02E
:10CDE00003F80346184624F079FC02460B4607F187
:10CDF0000801C1E90C2307F5847318460B21FFF7DE
:10CE0000EBF9034618461FF0EFFF0346184624F0DF
:10CE100069FC024607F108039A6307F58473184614
:10CE20000C21FFF7D9F9034618461FF0DDFF034632
:10CE3000184624F057FC024607F10803DA6307F5A9
:10CE4000847318460D21FFF7C7F9034618461FF0F3
:10CE5000CBFF0346184624F045FC024607F10803C1
:10CE60001A6207F1080318481946012200F036F843
:10CE700007F584731846FFF70FFA07F108035B689C
:10CE8000042B04D111481249072207F0E7F907F1F2
:10CE900008035B68052B05D10C480E49072207F0F3
:10CEA000DDF90FE009480C49072207F0D7F909E03E
:10CEB00097F81B3107F58A725BB21046194620F0CD
:10CEC000E1FA00BF73E600BF94210020E8190020BA
:10CED00024D803082CD8030834D8030880B584B0BC
:10CEE00000AFF860B9601346FB71FA68FB79104631
:10CEF000B9681A46002302F0A3FC0346184610370F
:10CF0000BD4680BD80B582B000AF78607B68084ABE
:10CF10001A607B6818460BF0D9FB0023002B02D067
:10CF2000786802F035FA7B6818460837BD4680BD40
:10CF3000F8ED030880B582B000AF78607868FFF73D
:10CF4000E1FF786802F024FA7B6818460837BD468E
:10CF500080BD00BF80B582B000AF786039607B686B
:10CF6000012B0CD13A684FF6FF739A4207D105485E
:10CF7000FFF7CEFD03480449044A0CF06BFF083765
:10CF8000BD4680BDE01A002005CF00080C2500201A
:10CF900080B500AF01204FF6FF71FFF7DBFF80BDCA
:10CFA00080B582B000AF78607B681846064964227D
:10CFB0004FF4FA630BF01CFB7B68044A1A607B6831
:10CFC00018460837BD4680BDF0D8030890EE030828
:10CFD00080B483B000AF78600C37BD465DF8047B49
:10CFE000704700BF0000000080B5BAB000AF7860A5
:10CFF000814801F04FFE07F1D8038048194600F040
:10D00000F5F907F1C8037E48194600F013FA07F155
:10D01000BC037C48194600F031FA07F1B4037A48A2
:10D02000194600F04FFA07F1A00378481946FEF7B9
:10D030008DFB07F194037648194600F067FA07F173
:10D040007C0374481946FDF7EDFE07F16003724852
:10D050001946FDF70FFF07F14C0370481946FCF71E
:10D0600031FB07F108031846FCF74EFC07F10803F3
:10D070006B481946FDF76EFF6A4801F00BFED7F8C2
:10D08000D8301846F8F7AAFD02460B46664801F06C
:10D0900001FED7F8DC301846F8F7A0FD02460B4633
:10D0A000624801F0F7FDD7F8E0301846F8F796FD32
:10D0B00002460B465E4801F0EDFDD7F8E430184615
:10D0C000F8F78CFD02460B465A4801F0E3FD5A483A
:10D0D00001F0E0FDD7F8A0305848194601F0DAFD1C
:10D0E000574801F0D7FDD7F894301846F8F776FD89
:10D0F00002460B46534801F0CDFDD7F8983018464C
:10D10000F8F76CFD02460B464F4801F0C3FD4F484F
:10D1100001F0C0FDB7F87C301BB24D48194601F054
:10D12000B9FDB7F87E301BB24A48194601F0B2FD8E
:10D13000B7F880301BB24848194601F0ABFD4748AC
:10D1400001F0A8FDB7F882301BB24548194601F03E
:10D15000A1FDB7F884301BB24248194601F09AFD90
:10D16000B7F886301BB24048194601F093FD3F489E
:10D1700001F090FDB7F888301BB23D48194601F028
:10D1800089FDB7F88A301BB23A48194601F082FD92
:10D19000B7F88C301BB23848194601F07BFD374890
:10D1A00001F078FDB7F88E301BB23548194601F012
:10D1B00071FD344801F06EFDD7F8903032481946C1
:10D1C00001F068FD02F054FA09A3D3E90023121814
:10D1D00043EB01031046194600220BF059FB07F1FF
:10D1E00008031846FCF7A2FB02E700BFAFF300807C
:10D1F0000065CD1D0000000000D90308981C002028
:10D20000201D0020A81D0020201E0020901E0020B0
:10D21000181F0020901F002030200020D020002068
:10D22000801B002044D903085CD9030874D9030883
:10D230008CD90308A4D90308B8D90308CCD90308AA
:10D24000F0D9030800DA030828DA030850DA0308E3
:10D250005CDA030874DA03088CDA0308A4DA03083A
:10D26000BCDA0308D4DA0308ECDA030804DB0308A9
:10D2700018DB030830DB030848DB030860DB030826
:10D2800074DB030894DB0308CCDB0308AFF30080F6
:10D2900080B582B000AF78607B68084A1A607B680E
:10D2A0001846FAF717FC0023002B02D0786802F02A
:10D2B0006FF87B6818460837BD4680BD38EE030816
:10D2C00080B582B000AF78607868FFF7E1FF7868DA
:10D2D00002F05EF87B6818460837BD4680BD00BF87
:10D2E00080B582B000AF78607B6818460549064A71
:10D2F00000F030F97B68054A1A607B6818460837E9
:10D30000BD4680BD94210020E8DB030810EE030831
:10D3100080B483B000AF786039600C37BD465DF8EB
:10D32000047B704780B582B000AF78607B68184698
:10D33000FAF756FD7B68134A1A607B681A1D7B68F2
:10D340005A637B6803F114027B689A637B6803F17C
:10D3500024027B68DA637B68002283F840207968C6
:10D360004FF000024FF00003C1E914237B68D3E9BA
:10D3700014237968C1E912237B6818460837BD4633
:10D3800080BD00BF78EE030880B582B000AF786042
:10D390007B681846FAF724FD7B68134A1A607B689D
:10D3A0001A1D7B68DA617B6803F10C027B681A62E4
:10D3B0007B6803F114027B685A627B68002283F861
:10D3C000282079684FF000024FF00003C1E90E23D6
:10D3D0007B68D3E90E237968C1E90C237B68184682
:10D3E0000837BD4680BD00BF60EE030890B484B02E
:10D3F00000AF786039607B68012283F840207B6849
:10D400009B6BFB603A68FB6814460FCB84E80F0007
:10D410007B68002283F840207B68D3E91423013223
:10D4200043F100037968C1E914231037BD4690BC6D
:10D43000704700BF90B484B000AF786039607B68FB
:10D44000012283F840207B689B6BFB603A68FB6895
:10D4500014460FCB84E80F007B68002283F840203D
:10D460007B68D3E91423013243F100037968C1E9F1
:10D4700014231037BD4690BC704700BF80B485B000
:10D4800000AF786039607B68012283F834207B68C4
:10D49000DB6AFB603B68FA6807CA83E807007B68C1
:10D4A000002283F834207B68D3E91023013243F152
:10D4B00000037968C1E910231437BD465DF8047B89
:10D4C000704700BF80B485B000AF786039607B687A
:10D4D000012283F828207B681B6AFB603B68FA689E
:10D4E00092E8030083E803007B68002283F8282089
:10D4F0007B68D3E90E23013243F100037968C1E967
:10D500000E231437BD465DF8047B704780B485B0A8
:10D5100000AF786039607B68012283F834207B6833
:10D52000DB6AFB603B68FA6807CA83E807007B6830
:10D53000002283F834207B68D3E91023013243F1C1
:10D5400000037968C1E910231437BD465DF8047BF8
:10D55000704700BF80B584B000AFF860B9607A60F2
:10D56000FB681846B9687A6801F04EFFFB68054A07
:10D570001A60FB6800221A63FB6818461037BD4624
:10D5800080BD00BF38EE030880B582B000AF786080
:10D590007B68084A1A607B681846FFF779FE00230B
:10D5A000002B02D0786801F0F3FE7B68184608373C
:10D5B000BD4680BD10EE030880B582B000AF786034
:10D5C0007868FFF7E1FF786801F0E2FE7B681846B3
:10D5D0000837BD4680BD00BF80B582B000AF78601F
:10D5E0007B68084A1A607B681846FAF7A1FA00239C
:10D5F000002B02D0786801F0CBFE7B681846083714
:10D60000BD4680BD60EE030880B582B000AF786093
:10D610007868FFF7E1FF786801F0BAFE7B6818468A
:10D620000837BD4680BD00BF80B582B000AF7860CE
:10D630007B68084A1A607B681846FAF779FA002373
:10D64000002B02D0786801F0A3FE7B6818460837EB
:10D65000BD4680BD78EE030880B582B000AF78602B
:10D660007868FFF7E1FF786801F092FE7B68184662
:10D670000837BD4680BD00BF80B582B000AF78607E
:10D680007B68084A1A607B6818460BF01FF8002375
:10D69000002B02D0786801F07BFE7B6818460837C3
:10D6A000BD4680BD90EE030880B582B000AF7860C3
:10D6B0007868FFF7E1FF786801F06AFE7B6818463A
:10D6C0000837BD4680BD00BF80B584B002AF78602A
:10D6D00039607B68012B40F0E8803A684FF6FF73B1
:10D6E0009A4240F0E2807248FFF75AFC7048714954
:10D6F000714A0CF0AFFB7148FDF720FB6F48704991
:10D700006D4A0CF0A7FB002300936E486E496B4AEC
:10D710006E4B01F047FE6B486D49674A0CF09AFB6F
:10D720006C48FDF74DFB6B486B49634A0CF092FB6C
:10D730000023009369486A49664A644B01F032FE4F
:10D74000664863495C4A0CF085FB6648FFF7EAFDD2
:10D7500064486549584A0CF07DFB002300936348F8
:10D760006349604A594B01F01DFE60485849524ACE
:10D770000CF070FB5F48FBF7B5FB5E485E494E4A14
:10D780000CF068FB002300935C485D49594A4F4BFD
:10D7900001F008FE59484E49474A0CF05BFB5948D6
:10D7A000FFF7F2FD57485849434A0CF053FB00235A
:10D7B000009356485649534A444B01F0F3FD5348F1
:10D7C00043493D4A0CF046FB5248FDF78DFF514856
:10D7D0005149394A0CF03EFB002300934F48504911
:10D7E0004C4A3A4B01F0DEFD4C483949324A0CF0C4
:10D7F00031FB4C48FAF704FB4A484B492E4A0CF0DF
:10D8000029FB0023009349484949464A2F4B01F020
:10D81000C9FD46482E49284A0CF01CFB4548FBF739
:10D820002FFB44484449244A0CF014FB0023009386
:10D83000424843493F4A254B01F0B4FD3F48244943
:10D840001D4A0CF007FB3F48FDF746FA3D483E49AC
:10D85000194A0CF0FFFA002300933C483C49394A2E
:10D860001A4B01F09FFD39481949134A0CF0F2FA9E
:10D870003848FBF7F5FE374837490F4A0CF0EAFA0B
:10D880000023009335483649324A104B01F08AFD97
:10D8900032480F49084A0CF0DDFA3248FFF720FD04
:10D8A00030483149044A0CF0D5FA0837BD4680BDEE
:10D8B000301B002079D600080C250020801B00209A
:10D8C00011B00008681C002094210020FCDB030834
:10D8D000D57A0008981C0020C1AF0008F01C002079
:10D8E000FC220020201D002029D60008781D0020E1
:10D8F00020230020A81D0020718F0008F01D0020AB
:10D90000B4220020201E0020D9D50008601E00206F
:10D91000D8220020901E002095B70008E81E0020A5
:10D9200048220020181F00208D7E0008601F002064
:10D9300024220020901F0020C18F0008002000201A
:10D94000DC2100203020002081B00008A020002031
:10D9500090220020D020002039970008302100209C
:10D960006C2200206021002089D5000880B584B099
:10D9700000AFF860B9607A603B60FB681B681833E1
:10D980001B68F8683968BA69984701231846103748
:10D99000BD4680BD80B584B000AFF860B9607A60E4
:10D9A000FB681B6814331B68F868B9689847103720
:10D9B000BD4680BD80B582B000AF786039607B68BD
:10D9C0001B6B002B03D07B681B6B386898470837AC
:10D9D000BD4680BD80B584B000AFF860B9607A60A4
:10D9E0003B607B68082B04D9064801F0E5F9002369
:10D9F00004E0F868396800F021F801231846103770
:10DA0000BD4680BD10DC030880B584B000AFF8606F
:10DA1000B9607A603B607B68102B04D9064801F03E
:10DA2000CBF9002304E0F868396800F03BF80123E3
:10DA300018461037BD4680BD10DC030880B485B0A1
:10DA400000AF786039607B68DB693A6892E8030070
:10DA500083E803007B681B6AFB607B68DA697B688C
:10DA60001A627B68FA68DA617B6893F82830DBB267
:10DA7000002B09D07B68DB69FB607B685A6A7B6896
:10DA8000DA617B68FA685A627B68D3E90C23013259
:10DA900043F100037968C1E90C231437BD465DF8F2
:10DAA000047B704790B484B000AF786039607B68C5
:10DAB0005A6B3B6814460FCB84E80F007B689B6B66
:10DAC000FB607B685A6B7B689A637B68FA685A6371
:10DAD0007B6893F84030DBB2002B09D07B685B6B2E
:10DAE000FB607B68DA6B7B685A637B68FA68DA6391
:10DAF0007B68D3E91223013243F100037968C1E95D
:10DB000012231037BD4690BC704700BF80B500AFF0
:10DB100001204FF6FF71FFF7D7FD80BD80B582B0C1
:10DB200000AF78607B680A4A1A600A4801F044F93D
:10DB30007B680433184601F0E5FA0023002B02D07D
:10DB4000786801F025FC7B6818460837BD4680BD23
:10DB500068EF030824DC030880B582B000AF78606A
:10DB60007868FFF7DBFF786801F012FC7B681846E5
:10DB70000837BD4680BD00BF80B584B000AFF860F7
:10DB8000B9607A60FB681846B96840227B6801F08A
:10DB9000E7FDFB68034A1A60FB6818461037BD466C
:10DBA00080BD00BF58EF030880B584B000AFF860B7
:10DBB000B9607A60FB681846B96832227B6801F068
:10DBC000CFFDFB68034A1A60FB6818461037BD4654
:10DBD00080BD00BF48EF030880B584B000AFF86097
:10DBE000B9607A60FB681846B96818227B6801F052
:10DBF000B7FDFB68034A1A60FB6818461037BD463C
:10DC000080BD00BF38EF030880B584B000AFF86076
:10DC1000B9607A60FB681846B96810227B6801F029
:10DC20009FFDFB68034A1A60FB6818461037BD4623
:10DC300080BD00BF28EF030880B584B000AFF86056
:10DC4000B9607A60FB681846B9680C227B6801F0FD
:10DC500087FDFB68034A1A60FB6818461037BD460B
:10DC600080BD00BF18EF030880B584B000AFF86036
:10DC7000B9607A60FB681846B96810227B6801F0C9
:10DC80006FFDFB68034A1A60FB6818461037BD46F3
:10DC900080BD00BF08EF030880B584B000AFF86016
:10DCA000B9607A60FB681846B96814227B6801F095
:10DCB00057FDFB68034A1A60FB6818461037BD46DB
:10DCC00080BD00BFF8EE030880B584B000AFF860F7
:10DCD000B9607A60FB681846B96818227B6801F061
:10DCE0003FFDFB68034A1A60FB6818461037BD46C3
:10DCF00080BD00BFE8EE030880B584B000AFF860D7
:10DD0000B9607A60FB681846B9680C227B6801F03C
:10DD100027FDFB68034A1A60FB6818461037BD46AA
:10DD200080BD00BFD8EE030880B584B000AFF860B6
:10DD3000B9607A60FB681846B96808227B6801F010
:10DD40000FFDFB68034A1A60FB6818461037BD4692
:10DD500080BD00BFC8EE030880B584B000AFF86096
:10DD6000B9607A60FB681846B96810227B6801F0D8
:10DD7000F7FCFB68034A1A60FB6818461037BD467B
:10DD800080BD00BFB8EE030880B584B000AFF86076
:10DD9000B9607A60FB681846B96810227B6801F0A8
:10DDA000DFFCFB68034A1A60FB6818461037BD4663
:10DDB00080BD00BFA8EE030880B582B000AF7860D8
:10DDC00039607B68012B7CD13A684FF6FF739A4229
:10DDD00077D13D4801213D4AFFF7CEFE3A483C4904
:10DDE0003C4A0CF037F83C4802213C4AFFF7DCFE85
:10DDF00039483B49374A0CF02DF83A4803213A4A52
:10DE0000FFF7EAFE37483949324A0CF023F8384820
:10DE10000421384AFFF7F8FE354837492D4A0CF0FF
:10DE200019F836480521364AFFF706FF33483549C9
:10DE3000284A0CF00FF834480621344AFFF714FF43
:10DE400031483349234A0CF005F832480821324A58
:10DE5000FFF722FF2F4831491E4A0BF0FBFF3048E5
:10DE60000921304AFFF730FF2D482F49194A0BF09E
:10DE7000F1FF2E480B212E4AFFF73EFF2B482D497C
:10DE8000144A0BF0E7FF2C480C212C4AFFF74CFFFB
:10DE900029482B490F4A0BF0DDFF2A480D212A4A59
:10DEA000FFF75AFF274829490A4A0BF0D3FF2848B1
:10DEB0000E21284AFFF768FF25482749054A0BF03D
:10DEC000C9FF0837BD4680BD9421002034DC03081B
:10DED00051E300080C250020B821002048DC03088D
:10DEE000F5E20008DC21002058DC030899E2000874
:10DEF0000022002064DC03083DE200082422002008
:10DF000074DC0308E1E100084822002088DC0308F3
:10DF100085E100086C22002094DC030829E1000858
:10DF200090220020A4DC0308CDE00008B4220020E9
:10DF3000B0DC030871E00008D8220020C4DC03082C
:10DF400015E00008FC220020D0DC0308B9DF00083F
:10DF500020230020DCDC03085DDF000880B582B0F0
:10DF600000AF78607B680A4A1A600A4800F024FF14
:10DF70007B681846FFF7D2FD0023002B02D078689B
:10DF800001F006FA7B6818460837BD4680BD00BF21
:10DF9000A8EE0308F4DC030880B582B000AF786017
:10DFA0007868FFF7DBFF786801F0F2F97B681846C4
:10DFB0000837BD4680BD00BF80B582B000AF786035
:10DFC0007B680A4A1A600A4800F0F6FE7B68184629
:10DFD000FFF7A4FD0023002B02D0786801F0D8F9E8
:10DFE0007B6818460837BD4680BD00BFB8EE030801
:10DFF000F4DC030880B582B000AF78607868FFF782
:10E00000DBFF786801F0C4F97B6818460837BD4625
:10E0100080BD00BF80B582B000AF78607B680A4ADF
:10E020001A600A4800F0C8FE7B681846FFF776FDC4
:10E030000023002B02D0786801F0AAF97B6818460B
:10E040000837BD4680BD00BFC8EE0308F4DC0308F6
:10E0500080B582B000AF78607868FFF7DBFF786842
:10E0600001F096F97B6818460837BD4680BD00BFB1
:10E0700080B582B000AF78607B680A4A1A600A48AF
:10E0800000F09AFE7B681846FFF748FD0023002B3E
:10E0900002D0786801F07CF97B6818460837BD46E5
:10E0A00080BD00BFD8EE0308F4DC030880B582B061
:10E0B00000AF78607868FFF7DBFF786801F068F9F7
:10E0C0007B6818460837BD4680BD00BF80B582B06A
:10E0D00000AF78607B680A4A1A600A4800F06CFE5C
:10E0E0007B681846FFF71AFD0023002B02D07868E2
:10E0F00001F04EF97B6818460837BD4680BD00BF69
:10E10000E8EE0308F4DC030880B582B000AF786065
:10E110007868FFF7DBFF786801F03AF97B6818460A
:10E120000837BD4680BD00BF80B582B000AF7860C3
:10E130007B680A4A1A600A4800F03EFE7B6818466F
:10E14000FFF7ECFC0023002B02D0786801F020F9E7
:10E150007B6818460837BD4680BD00BFF8EE03084F
:10E16000F4DC030880B582B000AF78607868FFF710
:10E17000DBFF786801F00CF97B6818460837BD466C
:10E1800080BD00BF80B582B000AF78607B680A4A6E
:10E190001A600A4800F010FE7B681846FFF7BEFCC4
:10E1A0000023002B02D0786801F0F2F87B68184653
:10E1B0000837BD4680BD00BF08EF0308F4DC030844
:10E1C00080B582B000AF78607868FFF7DBFF7868D1
:10E1D00001F0DEF87B6818460837BD4680BD00BFF9
:10E1E00080B582B000AF78607B680A4A1A600A483E
:10E1F00000F0E2FD7B681846FFF790FC0023002B3F
:10E2000002D0786801F0C4F87B6818460837BD462C
:10E2100080BD00BF18EF0308F4DC030880B582B0AE
:10E2200000AF78607868FFF7DBFF786801F0B0F83E
:10E230007B6818460837BD4680BD00BF80B582B0F8
:10E2400000AF78607B680A4A1A600A4800F0B4FDA3
:10E250007B681846FFF762FC0023002B02D0786829
:10E2600001F096F87B6818460837BD4680BD00BFB0
:10E2700028EF0308F4DC030880B582B000AF7860B3
:10E280007868FFF7DBFF786801F082F87B68184652
:10E290000837BD4680BD00BF80B582B000AF786052
:10E2A0007B680A4A1A600A4800F086FD7B681846B7
:10E2B000FFF734FC0023002B02D0786801F068F8E7
:10E2C0007B6818460837BD4680BD00BF38EF03089D
:10E2D000F4DC030880B582B000AF78607868FFF79F
:10E2E000DBFF786801F054F87B6818460837BD46B4
:10E2F00080BD00BF80B582B000AF78607B680A4AFD
:10E300001A600A4800F058FD7B681846FFF706FCC3
:10E310000023002B02D0786801F03AF87B68184699
:10E320000837BD4680BD00BF48EF0308F4DC030892
:10E3300080B582B000AF78607868FFF7DBFF78685F
:10E3400001F026F87B6818460837BD4680BD00BF3F
:10E3500080B582B000AF78607B680A4A1A600A48CC
:10E3600000F02AFD7B681846FFF7D8FB0023002B3E
:10E3700002D0786801F00CF87B6818460837BD4673
:10E3800080BD00BF58EF0308F4DC030880B582B0FD
:10E3900000AF78607868FFF7DBFF786800F0F8FF7F
:10E3A0007B6818460837BD4680BD00BF80B500AF0A
:10E3B00001204FF6FF71FFF7FFFC80BD80B584B0F0
:10E3C00000AFF860B960FA80BB80FB68BA681A6079
:10E3D000FB681A1DB7F906301046194602F0DAF943
:10E3E000FB6803F12002B7F904301046194602F029
:10E3F000D1F9FB68BA69DA63FB684FF0FF321A643F
:10E40000FB684FF0FF325A64FB6818461037BD4670
:10E4100080BD00BF80B584B000AF7860F9703A80ED
:10E42000BB703B881B0A9BB2DBB23B733B88DBB201
:10E430007B73BB78BB737B681968FA7807F10C03B0
:10E44000084611461A46032302F07CFE1037BD46EB
:10E4500080BD00BF80B582B000AF78607B680433B8
:10E46000184601210122002302F0C8F97B682033FD
:10E47000184601210122002302F0C0F90837BD46E9
:10E4800080BD00BF0000000080B582B000AF7860A2
:10E490007B681B681B6804331B687A681268104627
:10E4A000984701F0E5F802460B4610461946F7F783
:10E4B000BBFB02460B46104619460EA3D3E90023C8
:10E4C000F7F72EFA02460B4610461946F8F762F89F
:10E4D00002460B461046194600220AF0D9F97B681D
:10E4E0001B681846024902F0DDFC0837BD4680BDB6
:10E4F000801A06000000000080841E41AFF30080F7
:10E5000080B586B000AF78600B46FB70FB7878680A
:10E51000194640F207220123FFF77CFFFB78786859
:10E5200019464FF402720123FFF774FFFB787868F5
:10E53000194696220023FFF76DFFFB78786819468D
:10E540009722FD23FFF766FFFB7878681946E322E0
:10E550000023FFF75FFFFB7878681946E422042365
:10E56000FFF758FFFB7878681946E5220223FFF78A
:10E5700051FFFB7878681946E6220123FFF74AFF2E
:10E58000FB7878681946E7220323FFF743FFFB78FF
:10E5900078681946F5220223FFF73CFFFB7878687C
:10E5A0001946D9220523FFF735FFFB78786819460D
:10E5B000DB22CE23FFF72EFFFB7878681946DC229A
:10E5C0000323FFF727FFFB7878681946DD22F8233D
:10E5D000FFF720FFFB78786819469F220023FFF79A
:10E5E00019FFFB7878681946A3223C23FFF712FF36
:10E5F000FB7878681946B7220023FFF70BFFFB78FA
:10E6000078681946BB223C23FFF704FFFB78786843
:10E610001946B2220923FFF7FDFEFB7878681946F8
:10E62000CA220923FFF7F6FEFB78786819464FF4F3
:10E63000CC720123FFF7EEFEFB78786819464FF4A1
:10E64000D8721723FFF7E6FEFB787868194640F288
:10E65000AD120023FFF7DEFEFB7878681946FF2233
:10E660000523FFF7D7FEFB78786819464FF48072D0
:10E670000523FFF7CFFEFB787868194640F2991220
:10E680000523FFF7C7FEFB78786819464FF4D3726D
:10E690001B23FFF7BFFEFB78786819464FF4D6724C
:10E6A0003E23FFF7B7FEFB787868194640F2A712C1
:10E6B0001F23FFF7AFFEFB7878681946302200234E
:10E6C000FFF7A8FE0E4A07F10C0310681860928845
:10E6D0009A807B681968FA7807F10C03084611469E
:10E6E0001A46062302F02EFD78617B69002B02DAC0
:10E6F0007868FFF7C9FE7B6918461837BD4680BDAC
:10E7000004DD030880B584B000AF786013460A4684
:10E71000FA70BB7000233B810023BB7202233B7263
:10E7200012237B72BB78BB727B681968FA7807F199
:10E730000803084611461A46032302F003FDF86059
:10E74000FB68002B02DA7868FFF79EFEFB6818462C
:10E750001037BD4680BD00BF80B588B002AF78607D
:10E760000B46FB7000233B7462237B747B68196843
:10E77000FA7807F1100307F10F00009001200190D3
:10E78000084611461A46022302F044FD78617B696F
:10E79000002B0ADA4B2007497A6900F0C1FA786841
:10E7A000FFF772FE786800F04BF8FB7B18461837CD
:10E7B000BD4680BD0CDD030880B584B000AFF860B5
:10E7C0007B600B46FB721346BB72FB7A06EE903AF7
:10E7D000B8EE667ABB7A06EE903AF8EE667A37EED5
:10E7E000277AF0EE007AC7EE277A7B68C3ED007ACD
:10E7F000FB7A07EE903AB8EE677ABB7A06EE903A6B
:10E80000F8EE667A37EE677AFB68D3ED0F7AC7EEDB
:10E81000277A17EE900AF7F7E1F902460B46104601
:10E82000194621F085FB02460B4610461946F7F7BC
:10E830000BFD0246BB691A601037BD4680BD00BFA4
:10E8400080B586B000AF78607B680433184600213D
:10E8500002F0DAF87B6820331846002102F0D4F881
:10E860007B684FF0FF321A647B684FF0FF325A64C6
:10E8700000F0FEFE5EA3D3E90023121843EB010370
:10E880001046194600220AF003F87B682033184628
:10E89000012102F0B9F800F0EBFE55A3D3E9002303
:10E8A000121843EB010310461946002209F0F0FF4D
:10E8B0004FF0FF337B61786829213022FFF722FF78
:10E8C000786100F0D5FE4AA3D3E90023121843EB88
:10E8D000010310461946002209F0DAFF7B69002B7C
:10E8E00005DA4B2044497A6900F01AFA04E04B201B
:10E8F00042497A6900F014FA4FF0FF337B6100233C
:10E900003B6114E078683021FFF7FAFD786100F090
:10E91000AFFE37A3D3E90023121843EB01031046DF
:10E920001946002209F0B4FF3B6901333B617B6962
:10E93000002B02DA3B69092BE4DD7B69002B05DA49
:10E940004B202F497A6900F0EBF94CE04B202D4920
:10E950007A6900F0E5F97B6800225A647B68043329
:10E960001846012102F050F800F082FE20A3D3E9FE
:10E970000023121843EB010310461946002209F048
:10E9800087FF4FF0FF337B610023FB6014E0786862
:10E990002921FFF7B5FD786100F06AFE14A3D3E9E1
:10E9A0000023121843EB010310461946002209F018
:10E9B0006FFFFB680133FB607B69002B02DAFB68A9
:10E9C000092BE4DD7B69002B05DA4B200E497A69BF
:10E9D00000F0A6F907E04B200C497A6900F0A0F995
:10E9E0007B6800221A641837BD4680BDAFF30080F3
:10E9F000002D3101000000002CDD030858DD030864
:10EA000084DD0308A8DD0308CCDD0308F0DD03087E
:10EA100080B586B002AFF860B960FA80BB80FB6851
:10EA200018460D4964224FF4FA6309F0E1FDFB68D2
:10EA30000A4A1A60FB6803F15001B7F90620B7F9DA
:10EA40000430B86900900846B968FFF7B7FCFB6866
:10EA500018461037BD4680BD14DE030878EF030862
:10EA600080B582B000AF78607B6850331846FFF7FE
:10EA7000F1FC0837BD4680BD90B58BB002AF786021
:10EA800079682BA3D3E90023CDE900230846264A61
:10EA90004FF0000300F06CFD7B6850331846FFF721
:10EAA000CFFE7B68503318462921FFF755FE0346F9
:10EAB00007EE103AF8EE477AC7ED047A7B685033D8
:10EAC00018463021FFF748FE034607EE103AF8EEED
:10EAD000477AC7ED057A7B6803F15000D7ED047AD9
:10EAE000FCEEE77A17EE903AD9B2D7ED057AFCEE54
:10EAF000E77A17EE903ADAB207F10C0307F108044F
:10EB00000094FFF759FEFB68BB61BB68FB6107F12E
:10EB1000100306481946012200F00EF87B681846DB
:10EB200000F03CFDBDE700BF00093D00FC220020D5
:10EB300000E1F5050000000080B584B000AFF8608A
:10EB4000B9601346FB71FA68FB791046B9681A463A
:10EB5000002300F075FE034618461037BD4680BD01
:10EB600080B582B000AF78607B68084A1A607B6825
:10EB7000184609F0ABFD0023002B02D0786800F0A6
:10EB800007FC7B6818460837BD4680BD78EF030850
:10EB900080B582B000AF78607868FFF7E1FF7868F1
:10EBA00000F0F6FB7B6818460837BD4680BD00BF05
:10EBB00080B584B002AF786039607B68012B11D1D9
:10EBC0003A684FF6FF739A420CD1084B00930848FD
:10EBD000084905220323FFF71BFF05480649074A9A
:10EBE0000BF038F90837BD4680BD00BF0000C842B1
:10EBF00048230020201A002061EB00080C2500208B
:10EC000080B500AF01204FF6FF71FFF7D1FF80BD47
:10EC100080B582B000AF78607B68064A1A60002336
:10EC2000002B02D0786800F0B3FB7B6818460837E9
:10EC3000BD4680BD90EF030880B582B000AF78601C
:10EC40007868FFF7E5FF786800F0A2FB7B6818465C
:10EC50000837BD4680BD00BF80B582B000AF786088
:10EC60000B46FB7097F90330184609F061F9083735
:10EC7000BD4680BD80B483B000AF78607B68044A35
:10EC80001A607B6818460C37BD465DF8047B7047F8
:10EC900090EF03080FB480B582B000AF1C4B1B6827
:10ECA000002B2FD03B461846FFF7E4FF07F1140373
:10ECB0007B60184B1B68002B05D0164B1B68164851
:10ECC000194601F041FA09F08DFB034683F0010378
:10ECD000DBB2002B05D03B461846396900F0C2FF75
:10ECE0000AE00E4809F0CCFB3B461846396900F0B3
:10ECF000B9FF0A4809F022FC09F060F93B461846C2
:10ED0000FFF786FF0837BD46BDE8804004B0704776
:10ED1000C8000020E02300202CDE0308E4230020AC
:10ED20000EB480B585B000AF78601F4B1B687A6861
:10ED30009A4233DC07F108031846FFF79BFF07F1FF
:10ED40002003FB60194B1B68002B05D0174B1B6879
:10ED50001748194601F0F8F909F044FB034683F01F
:10ED60000103DBB2002B06D007F108031846F9694E
:10ED700000F078FF0BE00F4809F082FB07F1080371
:10ED80001846F96900F06EFF0A4809F0D7FB09F050
:10ED900015F907F108031846FFF73AFF1437BD4687
:10EDA000BDE8804003B07047C8000020E023002089
:10EDB0002CDE0308E423002080B582B000AF786029
:10EDC000074B7A681A6007487968FFF763FF064BBC
:10EDD0001B685A1C044B1A600837BD4680BD00BF33
:10EDE000C400002040DE0308E023002080B582B08C
:10EDF00000AF786039607B68012B07D13A684FF625
:10EE0000FF739A4202D1034809F022FB0837BD463E
:10EE100080BD00BFE423002080B500AF01204FF685
:10EE2000FF71FFF7E3FF80BD0FB480B400AF002394
:10EE30001846BD465DF8047B04B0704780B483B0CB
:10EE400000AF78600C37BD465DF8047B704700BFAB
:10EE50000FB480B400AF00231846BD465DF8047BB4
:10EE600004B070470FB480B400AF00231846BD460D
:10EE70005DF8047B04B0704780B483B000AF786065
:10EE8000002318460C37BD465DF8047B704700BF71
:10EE900080B483B000AF7860002318460C37BD46BD
:10EEA0005DF8047B704700BF0FB480B400AF00234F
:10EEB0001846BD465DF8047B04B070470FB480B4BB
:10EEC00000AF00231846BD465DF8047B04B07047D0
:10EED0000FB480B400AF00231846BD465DF8047B34
:10EEE00004B0704780B483B000AF78607B680A4A92
:10EEF0001A607B6800221A617B6800225A607B6876
:10EF000000229A607B680022DA607B6818460C3722
:10EF1000BD465DF8047B7047A8EF030880B584B058
:10EF200000AFF860C7E9002308F06CFBFB681B68C2
:10EF300010331B68F86898470346002B02D008F08E
:10EF400069FB0EE009F07CFC0246FB689A60FB68F6
:10EF50009968D7E90023C1E90A2308F05BFB09F0AF
:10EF6000F9FB1037BD4680BD80B584B000AFF860B6
:10EF7000C7E9002308F046FBFB681B6818331B68D1
:10EF8000F86898470346002B02D008F043FB0EE0D8
:10EF900009F056FC0246FB68DA60FB68D968D7E9DD
:10EFA0000023C1E90A2308F035FB09F0D3FB103731
:10EFB000BD4680BD80B582B000AF78607B689B683D
:10EFC000002B04D07B689B68184609F045FC7B68E1
:10EFD00000229A607B681B69002B07D07B681B6945
:10EFE0001B681B687A681269104698470837BD4647
:10EFF00080BD00BF80B582B000AF78607B685B6881
:10F00000002B04D07B685B68184609F025FC7B6800
:10F0100000225A607B681B69002B08D07B681B6943
:10F020001B6804331B687A681269104698470837D2
:10F03000BD4680BD80B582B000AF78607B68DB687C
:10F04000002B04D07B68DB68184609F005FC7B6860
:10F050000022DA607B681B69002B08D07B681B6983
:10F060001B6808331B687A6812691046984708378E
:10F07000BD4680BD80B584B000AFF860B9607A60ED
:10F080003B60FB683A68DA60FB687A685A60084B54
:10F090001B68591C064A1160FA689360F868B968E1
:10F0A00000F008F8FB6818461037BD4680BD00BF69
:10F0B000F423002080B582B000AF786039603B68EF
:10F0C0001A687B681A603B687A681A600A4B1B688A
:10F0D000002B0CBF00230123DBB2002B08D0074814
:10F0E000FFF76AFE7B685B6805481946FFF7D2FDAB
:10F0F0000837BD4680BD00BF583700206CDE0308CE
:10F10000A0DE030880B582B000AF78600348FFF747
:10F1100053FE7B6818460837BD4680BDC4DE030831
:10F1200080B485B000AF78600023FB607B68002B63
:10F1300001D100230BE005E0FB680133FB607B6835
:10F1400001337B607B681B78002BF5D1FB68184688
:10F150001437BD465DF8047B704700BF80B485B0AE
:10F1600000AF786039607B68FB603B68002B02D0A1
:10F17000FB68002B01D17B6812E009E03B681A783C
:10F18000FB681A70FB680133FB603B6801333B602E
:10F190003B681B78002BF1D1FB6800221A707B685A
:10F1A00018461437BD465DF8047B704780B487B0BD
:10F1B00000AFF860B9607A60FB68002B01D1FB6892
:10F1C00010E0FB687B6109E0BB68DAB27B691A700A
:10F1D0007B6901337B617B68013B7B607B68002B33
:10F1E000F2D1FB6818461C37BD465DF8047B7047BA
:10F1F00080B487B000AFF860B9607A60FB687B616B
:10F20000BB683B617B69002B02D03B69002B01D1BD
:10F21000002311E00CE03B691A787B691A707B6867
:10F22000013B7B603B6901333B617B6901337B615F
:10F230007B68002BEFD1FB6818461C37BD465DF894
:10F24000047B704780B487B000AFF860B9607A6023
:10F25000FB687B61BB683B6119E07B691A783B699D
:10F260001B789A4202D24FF0FF3314E07B691A7880
:10F270003B691B789A4201D901230CE07B69013379
:10F280007B613B6901333B617B68013B7B607B6851
:10F29000002BE2D1002318461C37BD465DF8047BE5
:10F2A000704700BF80B485B000AF786039607B687C
:10F2B000002B07D13B68002B01D1002301E04FF068
:10F2C000FF331FE03B68002B01D101231AE07B686C
:10F2D0005A1C7A601B78FB733B685A1C3A601B7897
:10F2E000BB73FA7BBB7B9A4202D24FF0FF3309E03B
:10F2F000FA7BBB7B9A4201D9012303E0FB7B002B05
:10F30000E5D1002318461437BD465DF8047B7047ED
:10F3100080B487B000AFF860B9607A60FB68002BFA
:10F3200007D1BB68002B01D1002301E04FF0FF3370
:10F3300027E0BB68002B01D1012322E0FB685A1CA7
:10F34000FA601B78FB75BB685A1CBA601B78BB75EA
:10F350007B68002B01D1002313E07B68013B7B60BD
:10F36000FA7DBB7D9A4202D24FF0FF3309E0FA7D6D
:10F37000BB7D9A4201D9012303E0FB7D002BDDD147
:10F38000002318461C37BD465DF8047B704700BF5C
:10F3900080B483B000AF78600C37BD465DF8047B65
:10F3A000704700BF80B584B000AFF860B9607A6084
:10F3B0003B60FB68043318461049114A0023FFF7ED
:10F3C00059FEFB680F4A1A60FB68BA685A61FB680D
:10F3D0002033184609F03CF8FB683A7E1A77FB6840
:10F3E00001225A77FB683A689A60FB687A689A61EA
:10F3F000FB6818461037BD4680BD00BF203800208E
:10F40000ECDE0308E8EF030880B584B000AFF860D5
:10F41000B9607A60FB68043318461049104A00232B
:10F42000FFF728FEFB680F4A1A60FB68BA685A614A
:10F43000FB682033184609F00BF8FB6800221A77A6
:10F44000FB6801225A77FB687A689A60FB680022A1
:10F450009A61FB6818461037BD4680BD20380020F1
:10F46000ECDE0308E8EF030880B485B000AFF86075
:10F47000B9607A603B60034B18461437BD465DF8AF
:10F48000047B704715CD5B0790B587B002AFF8607D
:10F49000B9607A603B60FB685B7F83F00103DBB29D
:10F4A000002B01D000233DE0FB682033184608F014
:10F4B000E7FFFB689B69002B0FD0FB689B691B680B
:10F4C00008331C68FB689A697B68396A00911046AA
:10F4D000B9681A463B68A04718E0FB681B681C68BF
:10F4E0003B6A5B690093F868B9687A683B68A04733
:10F4F00002460E4B9A420CBF00230123DBB2002BC5
:10F5000004D00B48FFF758FC01230BE0FB682033C5
:10F51000184609F013F8FB689B69002B01D0012302
:10F5200000E0002318461437BD4690BD15CD5B079B
:10F53000F8DE030890B58DB002AFF860B9607A606C
:10F540003B60FB689B69002B0FD0FB689B691B68C5
:10F5500008331C68FB689A693B6807F11001009149
:10F560001046B9681A467B68A0472C37BD4690BD47
:10F5700080B485B000AFF860C7E90023F968D7E927
:10F580000023C1E90E23F968D7E90623C1E9102356
:10F590001437BD465DF8047B704700BFB0B586B038
:10F5A00002AF786006E04FF0FF306FF000410022BC
:10F5B00009F06EF97B68D3E9102352EA0301F2D017
:10F5C0007B68D3E90E2310461946002209F060F942
:10F5D00000F04EF8C7E902017B68D3E90E017B68B1
:10F5E000D3E91023D7E90245CDE9004500F04AF8F8
:10F5F00002460B467968C1E90E231037BD46B0BDFF
:10F6000080B584B000AF786009F01AF9F860F86846
:10F6100009F0FCF8B860F868796809F003F9BB688C
:10F6200018461037BD4680BD80B483B000AF786007
:10F6300079684FF000024FF00003C1E900237968B8
:10F640004FF000024FF00003C1E9022379684FF048
:10F6500000024FF00003C1E904237B6811229A6184
:10F660007B6818460C37BD465DF8047B704700BFC9
:10F6700080B500AF08F008FB02460B46104619465D
:10F6800080BD00BF80B584B000AFC7E90201C7E903
:10F690000023D7E90223D7E90601904271EB030C5E
:10F6A00002DAD7E902232CE0D7E9002352EA03016A
:10F6B00004D14FF0FF326FF0004322E0D7E906019A
:10F6C000D7E90223821A61EB030310461946D7E9F2
:10F6D0000023F6F717FF02460B46013243F1000301
:10F6E000396803FB01F0796802FB01F101443868D5
:10F6F000A0FB022319440B46D7E90201121843EB81
:10F700000103104619461037BD4680BD80B582B052
:10F7100000AF786039607B68012B07D13A684FF6FB
:10F72000FF739A4202D10348FFF77EFF0837BD46B8
:10F7300080BD00BFF823002080B500AF01204FF648
:10F74000FF71FFF7E3FF80BD80B483B000AF786046
:10F750007B681B6818460C37BD465DF8047B704714
:10F7600080B586B000AFF860B9607A603B60FB6836
:10F77000043318462E493A680023FFF77BFCFB68E8
:10F780002C4A1A60FB6800225A61FB68BA68DA6189
:10F79000FB687A681A62FB6800229A61FB68DB6981
:10F7A000B3F1FF3F11D1386809F0F2FB03461A4666
:10F7B000FB68DA61FB68DB69B3F57A7F05DAFB6821
:10F7C000DB6903F57A72FB68DA61194B1B68002B61
:10F7D00003D0174B1B68043B00E000237B611EE055
:10F7E0007B69DA69BB689A420DD17A69FB689A42F3
:10F7F00009D01148FFF7E0FA7B699B680F48B968A8
:10F800003A68FFF747FA7B6904331846FFF79CFF15
:10F810000346002B01D0043B00E000237B617B69A1
:10F82000002BDDD1FB6818461837BD4680BD00BFF0
:10F830003038002068EF030858DF03086CDF030846
:10F8400080B586B002AFF860B9603B601346FB71CB
:10F85000FB681B6A1A46FB7939680091F868B96839
:10F8600000F006F8034618461037BD4680BD00BFBD
:10F8700090B591B002AFF860B9607A60FB70002378
:10F880007B63BB6C002B12D100237B62FFF7F0FE81
:10F8900002460B46C7E9062309F0C2FB03463B615B
:10F8A00008F0CEFF03463B6207F11003BB64FB6820
:10F8B0009B69002B0FD0FB689B691B681C68FB6869
:10F8C0009969FB68DA697B68B86C00900846114654
:10F8D0001A46BB68A047FB685B69002B03D0FB6836
:10F8E0005B69043B00E000233B6321E03B6B5B7FF3
:10F8F000002B11D03B6B1B6804331C68FB68DA6972
:10F900007B68B96C0091386B11461A46BB68A047FA
:10F9100003467A6B13447B633B6B04331846FFF753
:10F9200013FF0346002B01D0043B00E000233B63A0
:10F930003B6B002BDAD1FB7883F00103DBB2002BA9
:10F9400001D07B6B2CE0184B5B69002B03D0164B6E
:10F950005B69043B00E00023FB621DE0FB6A1B685F
:10F9600004331C68FB68DA697B68B96C0091F86A3B
:10F9700011461A46BB68A04703467A6B13447B6363
:10F98000FB6A04331846FFF7DFFE0346002B01D065
:10F99000043B00E00023FB62FB6A002BDED17B6BA3
:10F9A00018463C37BD4690BD3424002080B582B057
:10F9B00000AF78607B680A4A1A600A48FFF7FCF9D2
:10F9C0007B681846FEF7AAF80023002B02D078685F
:10F9D000FFF7DEFC7B6818460837BD4680BD00BFD8
:10F9E00028F00308E4DF030880B582B000AF786038
:10F9F0007868FFF7DBFF7868FFF7CAFC7B6818467A
:10FA00000837BD4680BD00BF80B584B000AFF86048
:10FA1000B9607A60FB681846B9680C227B68FFF70A
:10FA20009FFEFB68034A1A60FB6818461037BD4604
:10FA300080BD00BF28F0030880B584B000AFF86037
:10FA4000B9607A60FB681846B96840F22E527B684C
:10FA5000FFF786FEFB68034A1A60FB6818461037FA
:10FA6000BD4680BD18F0030880B584B000AFF860D3
:10FA7000B9607A60FB681846B96804227B68FFF7B2
:10FA80006FFEFB68034A1A60FB6818461037BD46D4
:10FA900080BD00BF08F0030880B582B000AF786079
:10FAA00039607B68012B4FD13A684FF6FF739A4259
:10FAB0004AD1274827490A2209F080F924482649D3
:10FAC000264A0AF0C7F926480021264AFFF79CFF7C
:10FAD00023482549214A0AF0BDF924484FF0FF3157
:10FAE000234AFFF7A9FF214822491C4A0AF0B2F92C
:10FAF00021484FF0FF31214AFFF7B6FF1E48204949
:10FB0000164A0AF0A7F91F484FF0FF311E4AFFF7C7
:10FB1000ABFF1C481A49114A0AF09CF91B484FF0E8
:10FB2000FF311B4AFFF7A0FF184815490B4A0AF09E
:10FB300091F918484FF0FF31174AFFF765FF154854
:10FB40000949064A0AF086F90837BD4680BD00BF5C
:10FB500018240020F4DF0308FD8D01080C25002087
:10FB60003424002008E00308ADF9000858240020E0
:10FB700018E00308F9FB00087C24002024E00308B7
:10FB80009DFB0008A024002034E00308C4240020CA
:10FB900044E00308E824002058E0030880B582B060
:10FBA00000AF78607B680A4A1A600A48FFF704F9D8
:10FBB0007B681846FDF7B2FF0023002B02D078685F
:10FBC000FFF7E6FB7B6818460837BD4680BD00BFDF
:10FBD00008F00308E4DF030880B582B000AF786066
:10FBE0007868FFF7DBFF7868FFF7D2FB7B68184681
:10FBF0000837BD4680BD00BF80B582B000AF7860D9
:10FC00007B680A4A1A600A48FFF7D6F87B681846EC
:10FC1000FDF784FF0023002B02D07868FFF7B8FBC4
:10FC20007B6818460837BD4680BD00BF18F0030842
:10FC3000E4DF030880B582B000AF78607868FFF732
:10FC4000DBFF7868FFF7A4FB7B6818460837BD46E2
:10FC500080BD00BF80B500AF01204FF6FF71FFF7F8
:10FC60001BFF80BD80B594B000AF7860396056E26C
:10FC7000002387F84E30002387F84D30002387F8A3
:10FC80004C30002387F84B3097F84F30252B0AD0A3
:10FC90007B681B6808331B6897F84F2052B278685E
:10FCA000114698473BE23B685A1C3A601B7887F83C
:10FCB0004F30002387F84330202387F84230032356
:10FCC00087F8413097F84F30302B09D197F84F30F3
:10FCD00087F842303B685A1C3A601B7887F84F30EF
:10FCE00097F84F302F2B0ED997F84F30392B0AD871
:10FCF00097F84F30303B87F843303B685A1C3A60E6
:10FD00001B7887F84F3097F84F302E2B10D13B6877
:10FD10005A1C3A601B7887F84F3097F84F30303BC9
:10FD200087F841303B685A1C3A601B7887F84F309F
:10FD300097F84F306C2B08D1012387F84D303B6882
:10FD40005A1C3A601B7887F84F3097F84F306C2B6D
:10FD500008D1012387F84C303B685A1C3A601B7865
:10FD600087F84F3097F84F30623B162B38D801A1F7
:10FD700051F823F06DFE0008D1FD000857FE000881
:10FD8000E1FD000851FE0008E1FD0008E1FD00086A
:10FD9000E1FD0008E1FD0008E1FD0008E1FD0008CB
:10FDA000E1FD0008E1FD00083BFE0008E1FD000860
:10FDB000E1FD0008E1FD0008F7FD0008E1FD000895
:10FDC0005DFE0008E1FD0008E1FD000865FE000899
:10FDD0007B685B68191D7A6851601B6887F84F3033
:10FDE0007B681B6808331B6897F84F2052B278680D
:10FDF0001146984793E17B685B68191D7A685160EA
:10FE00001B687B6409E07B681B6808331B6897F8F4
:10FE10004F2052B27868114698477B6C5A1C7A641E
:10FE20001B7887F84F3097F84F30002B0CBF00231A
:10FE30000123DBB2002BE6D171E10823A7F848309B
:10FE40007B681B6808331B6878683021984711E08D
:10FE5000012387F84B30012387F84E300A23A7F897
:10FE6000483007E01023A7F8483003E00223A7F842
:10FE7000483000BF4FF000024FF00003C7E90C23E9
:10FE80004FF000024FF00003C7E90A2397F84B3008
:10FE9000002B15D07B685B68073323F0070303F161
:10FEA00008017A685160D3E90023C7E90A23D7E93A
:10FEB0000A01F6F76FFB02460B46C7E90C232CE05C
:10FEC00097F84C30002B0DD07B685B68073323F02C
:10FED000070303F108017A685160D3E90023C7E9F9
:10FEE0000C231AE097F84D30002B0BD07B685B6831
:10FEF000191D7A6851601B681A464FEAE273C7E918
:10FF00000C230AE07B685B68191D7A6851601B68E6
:10FF10001A464FEAE273C7E90C2397F84E30002BDC
:10FF20002DD0D7E90C23002A73F100010ADBD7E9B1
:10FF30000A014FF000024FF00003F6F715F90346EF
:10FF4000002B1CD0D7E90C23524263EB4303C7E9D3
:10FF50000C23BB6ABB62FB6A83F00043FB627B68D5
:10FF60001B6808331B6878682D21984797F8433041
:10FF7000002B04D097F84330013B87F8433097F8C3
:10FF80004C30002B04D0D7E90C23C7E90E2310E036
:10FF900097F84D30002B06D03B6B1A464FF000030C
:10FFA000C7E90E2305E03B6B1A464FF00003C7E993
:10FFB0000E2307F10C031A337B647B6C013B7B64DB
:10FFC0007B6C00221A70B7F848204FF00003D7E985
:10FFD0000E01F6F7B3FAD3B23033DBB287F827302D
:10FFE00097F92730392B05DD97F827300733DBB237
:10FFF00087F827307B6C013B7B6497F827207B6C6C
:020000040801F1
:100000001A70B7F848204FF00003D7E90E01F6F751
:1000100095FA02460B46C7E90E2397F84330002BAA
:1000200004D097F84330013B87F84330D7E90E23DB
:1000300052EA0301C7D106E07B6C013B7B647B6C19
:1000400097F842201A7097F843305A1E87F84320D9
:10005000002B0CBF00230123DBB2002BECD109E005
:100060007B681B6808331B6897F84F2052B278688A
:10007000114698477B6C5A1C7A641B7887F84F307E
:1000800097F84F30002B0CBF00230123DBB2002B6D
:10009000E6D197F84B30002B41D07B681B680833C2
:1000A0001B6878682E2198472DE0D7E90C01F5F7F9
:1000B000BBFD02460B46D7E90A01F5F72FFC0246C5
:1000C0000B46C7E90A23D7E90A014FF000021D4B8E
:1000D000F5F7D8FD02460B46C7E90A23D7E90A011E
:1000E000F6F758FA02460B46C7E90C237B681B68F3
:1000F00008331B6897F830203032D2B2D2B252B2F5
:1001000078681146984797F841305A1E87F8412081
:10011000002B0CBF00230123DBB2002BC5D13B68B1
:100120005A1C3A601B7887F84F3097F84F30002BF5
:100130000CBF00230123DBB2002B7FF499AD5037B5
:10014000BD4680BD000024400FB480B582B000AF32
:100150000C4B1B68002B0FD03B461846FEF78AFD60
:1001600007F114037B603B4618463969FFF77AFDB7
:100170003B461846FEF74CFD0837BD46BDE88040BB
:1001800004B07047C800002080B582B000AF0C4BAF
:100190007B6008E07B681B6898473B6801333B60E5
:1001A0007B6804337B607A68064B9A42F2D13B68E5
:1001B00001333B603B68013B3B600837BD4680BD77
:1001C000304A0408904A040880B485B000AFF86053
:1001D000B9607A60002318461437BD465DF8047B89
:1001E000704700BF80B400AFFEE700BF80B483B0AB
:1001F00000AF78607B681B78002B04D17B680122FC
:100200001A70012300E0002318460C37BD465DF844
:10021000047B704780B483B000AF78607B680222B3
:100220001A700C37BD465DF8047B7047002100F062
:1002300004B8124B5B58435004311148114B42181B
:100240009A42FFF4F6AF104A00F003B8002342F8D8
:10025000043B0E4B9A42FFF4F9AF0D4A00F003B88D
:10026000002342F8043B0B4B9A42FFF4F9AF07F02E
:10027000ABFEFFF789FF08F0E3FF7047904A0408E0
:1002800000000020980A0020980A002068F0002052
:10029000000000100000001007F08CFDFFF7FCBF0D
:1002A00080B483B000AF7860012318460C37BD4698
:1002B0005DF8047B704700BF80B483B000AF786006
:1002C000012318460C37BD465DF8047B704700BF1C
:1002D00080B483B000AF0346FB71084B97F9072049
:1002E0005209F97901F01F01012000FA01F143F8E8
:1002F00022100C37BD465DF8047B704700E100E03A
:1003000080B483B000AF0346FB71094B97F9072017
:100310005209F97901F01F01012000FA01F1603260
:1003200043F822100C37BD465DF8047B704700BFD0
:1003300000E100E080B500AF124B1B7883F00103B1
:10034000DBB2002B1CD00F4B01221A704FF48040FF
:10035000012105F031FE0620FFF7BAFF0720FFF765
:10036000B7FF0820FFF7B4FF0920FFF7B1FF0A200D
:10037000FFF7AEFF1720FFF7ABFF2820FFF7A8FF1E
:1003800080BD00BF5025002080B582B000AF7860EE
:1003900079807A703B707B687A881A807B687A787B
:1003A0001A727B683A785A72786800F023F8B7F9C5
:1003B0000230184600F008F902467B685A617B68F3
:1003C0000C33184605F038FA7B685B891A467B685F
:1003D000DA607B6802225A747B6800221A747B6898
:1003E00000221A767B6800225A767B681846083706
:1003F000BD4680BD80B483B000AF78607B681B7A57
:100400001A467B681B889BB203F00F031344102B22
:100410000CDD7B681B889BB203F00F034FF6FF7265
:1004200002FA03F39AB27B685A8117E07B681B7A61
:10043000C3F110034FF6FF7242FA03F39AB27B68DE
:100440005A817B685B891A467B681B889BB203F0E4
:100450000F0302FA03F39AB27B685A810C37BD4648
:100460005DF8047B704700BF80B582B000AF786054
:100470007B6801225A767B685B681B6830331B6897
:100480007A685268104698470A4A7B681B8819B2F6
:10049000094B0B40002B03DA013B63F00F030133E0
:1004A0009BB21BB2012101FA03F353610837BD4629
:1004B00080BD00BF003C01400F00008080B485B0CB
:1004C00000AF78600023FB6002E0FB680133FB6053
:1004D0007B685B087B607B68002B0CBF00230123DB
:1004E000DBB2002BF1D1FB6818461437BD465DF82E
:1004F000047B704780B483B000AF78607B68274A84
:10050000934234D0254A934213D8254A934228D0A7
:10051000234A934206D8234A93421ED0224A93424A
:100520001DD033E0214A93421DD0214A93421CD072
:100530002CE0204A934220D01E4A934206D81E4AFD
:10054000934216D01D4A934215D01FE01C4A934295
:1005500016D01C4A934216D018E0012317E002235C
:1005600015E0042313E0082311E010230FE02023FB
:100570000DE040230BE0802309E04FF4807306E098
:100580004FF4007303E04FF4806300E0002318464B
:100590000C37BD465DF8047B704700BF0014024075
:1005A000000802400000024000040240000C02402B
:1005B000001002400020024000180240001C0240CF
:1005C000002402400028024080B483B000AF0346FC
:1005D000FB80B7F906300F2B01DC1C4B30E0B7F97C
:1005E00006301F2B01DC1A4B2AE0B7F906302F2BFF
:1005F00001DC184B24E0B7F906303F2B01DC164B29
:100600001EE0B7F906304F2B01DC144B18E0B7F9A8
:1006100006305F2B01DC124B12E0B7F906306F2B6E
:1006200001DC104B0CE0B7F906307F2B01DC0E4BE0
:1006300006E0B7F906308B2B01DC0C4B00E0002301
:1006400018460C37BD465DF8047B70470000024039
:100650000004024000080240000C0240001002406A
:100660000014024000180240001C0240002002401A
:1006700080B483B000AF0346FB80FB8803F00F0318
:10068000012202FA03F39BB218460C37BD465DF80F
:10069000047B704780B586B000AF02460B46FA80F7
:1006A0007B71B7F90630002B03DBB7F906308B2BD3
:1006B00002DD4FF0FF3338E0B7F906301846FFF798
:1006C00083FF7861B7F906301846FFF7D1FF03467C
:1006D0007B827869FFF70EFF03461846012105F07B
:1006E0002FFC7869FFF706FF03461846002105F046
:1006F00081FC7B8A1846FFF7E1FE03469AB27B79BC
:10070000786911461A4605F0E9F807F1080318461A
:1007100005F092F802233B737B8ABB6007F1080364
:100720007869194604F0FAFF002318461837BD46C9
:1007300080BD00BF80B584B000AF0346FB80B7F931
:100740000630002B03DBB7F906308B2B02DD4FF0B0
:10075000FF331AE007F10803184605F06DF800238F
:100760003B73B7F906301846FFF782FF0346BB60BC
:10077000B7F906301846FFF727FF024607F10803CE
:100780001046194604F0CAFF002318461037BD462C
:1007900080BD00BF90B583B000AF78600B467B8012
:1007A0007B681846FEF79EFB7B68134A1A601C2084
:1007B00008F0B4FD02467B689A617B689B691C2047
:1007C0001946FBF7E3FA0446002C09D0B7F90230CA
:1007D0002046194601220023FFF7D6FD234600E0FC
:1007E00023467A6893617B689B697A685A607B6864
:1007F00018460C37BD4690BD38F0030880B584B06C
:1008000000AFF8607A603B600B46FB727B68002BA0
:1008100004D0FB689B697A68D2B21A72FB689B6944
:10082000FA7A5A72FB689B691846FFF7E3FDFB688A
:100830009B695B69002B02D14FF0FF3321E0FB681D
:100840009B695B691846FFF755FE03461846012170
:1008500005F076FBFB689B695B7A002B09D0F86892
:100860000021012200F012F8F868396800F0CCF895
:1008700004E0F8680021002200F008F8FFF75AFDB4
:10088000002318461037BD4680BD00BF80B584B038
:1008900000AFF8600B467A60FB72FB7A042B00F223
:1008A0009B8001A252F823F0BD080108FD08010851
:1008B0004709010883090108BF0901087B68002B6B
:1008C00008D0FB689B6901225A72FB689B69012270
:1008D0001A7407E0FB689B6900225A72FB689B69E7
:1008E00000221A74FB689B695A69FB689B690C3388
:1008F0001046194604F012FF00236FE07B68002BBE
:100900001ED07B68FF2B1BD8FB689B697A68D2B22C
:100910001A72FB689B691846FFF76CFDFB689B69C0
:10092000FA6892695289DA60FB689B695A69FB68C8
:100930009B690C331046194604F0F0FE00234DE08D
:100940004FF0FF334AE07B68002B17D07B68002B09
:1009500004D0FB689B690122DA7403E0FB689B69A1
:100960000022DA74FB689B695A69FB689B690C3347
:100970001046194604F0D2FE00232FE04FF0FF335B
:100980002CE07B68002B17D07B68002B04D0FB6821
:100990009B690222DA7403E0FB689B690022DA7427
:1009A000FB689B695A69FB689B690C3310461946C2
:1009B00004F0B4FE002311E04FF0FF330EE07B683B
:1009C000022B06D8FB689B697A68D2B21A7600239C
:1009D00004E04FF0FF3301E04FF0FF3318461037CB
:1009E000BD4680BD80B582B000AF786078680021D8
:1009F00000F064F87B689B691B881BB21846FFF700
:100A000099FE0837BD4680BD80B584B000AF7860E0
:100A1000396000237B817B689B695B7A002B3CD02B
:100A200040F2EB30FEF7ECFD03460133FB6031E0B2
:100A30007B689B695B69184604F018FF03469AB20D
:100A40007B689B695B899BB2DB439BB213409BB283
:100A50007B817B689B691B889BB203F00F033A681C
:100A600002FA03F39AB27B689B695B8913409AB2DE
:100A70007B8913437B817B689B695A697B8910461C
:100A8000194604F01DFFFB68013B1846FEF7B8FD50
:100A90000023FB60FB68002BCAD11037BD4680BD28
:100AA00080B483B000AF78607B689B695B7E18463A
:100AB0000C37BD465DF8047B704700BF80B586B03B
:100AC00000AF78600B46FB707B689B691B881BB28C
:100AD000002B00DA0F331B119BB21BB27B617B68CA
:100AE0009B691B881AB24E4B1340002B03DA013B63
:100AF00063F00F0301339BB21BB23B613B69FB60A8
:100B0000FB78002B5DD0474BFA6853F822207B68B6
:100B10009B699A4200D17FE0424BFA6853F8223039
:100B2000002B4AD17B689B691B7A012B03D93E4875
:100B3000FEF742F970E07B69DAB23B69DBB210463E
:100B4000194605F073FB7B689B691B7E012B04D063
:100B50007B689B691B7E002B08D1344B334A91681C
:100B600001203A6900FA02F20A439A607B689B69A5
:100B70001B7E022B04D07B689B691B7E002B08D157
:100B80002A4B2A4AD16801203A6900FA02F20A4344
:100B9000DA607B689969234BFA6843F822107B6816
:100BA0009B6900225A76214B204A116801203A693C
:100BB00000FA02F20A431A602EE01D48FEF7FCF824
:100BC0002AE0184BFA6853F822207B689B699A4206
:100BD00022D1164B154A116801203A6900FA02F237
:100BE000D2430A401A60114B104A916801203A69B9
:100BF00000FA02F2D2430A409A600C4B0B4AD168C9
:100C000001203A6900FA02F2D2430A40DA60054B49
:100C1000FA68002143F822101837BD4680BD00BF96
:100C20000F0000801025002064E00308003C014014
:100C300088E0030880B500AF064B1B68002B04D08A
:100C4000044B1B681846FFF70FFC0620FFF758FB04
:100C500080BD00BF1025002080B500AF064B5B684B
:100C6000002B04D0044B5B681846FFF7FDFB072000
:100C7000FFF746FB80BD00BF1025002080B500AF08
:100C8000064B9B68002B04D0044B9B681846FFF76B
:100C9000EBFB0820FFF734FB80BD00BF10250020D0
:100CA00080B500AF064BDB68002B04D0044BDB683B
:100CB0001846FFF7D9FB0920FFF722FB80BD00BFD4
:100CC0001025002080B500AF064B1B69002B04D017
:100CD000044B1B691846FFF7C7FB0A20FFF710FB00
:100CE00080BD00BF1025002080B582B000AF134B3F
:100CF0005B693B6005237B6017E03A687B6822FAFA
:100D000003F303F00103002B0CD00D4B7A6853F86A
:100D10002230002B06D00A4B7A6853F8223018464E
:100D2000FFF7A2FB7B6801337B607B68092BE4DD66
:100D30001720FFF7E5FA0837BD4680BD003C0140AB
:100D40001025002080B582B000AF134B5B693B607B
:100D50000A237B6017E03A687B6822FA03F303F00A
:100D60000103002B0CD00D4B7A6853F82230002B76
:100D700006D00A4B7A6853F822301846FFF774FB06
:100D80007B6801337B607B680F2BE4DD2820FFF755
:100D9000B7FA0837BD4680BD003C01401025002051
:100DA00080B483B000AF78600B46FB707B68FA7844
:100DB0001A707B6818460C37BD465DF8047B704797
:100DC00080B483B000AF78607B6818460C37BD46AE
:100DD0005DF8047B704700BF90B585B002AF7860C6
:100DE0000B46FB707B681846FEF77CF87B682B4A45
:100DF0001A60FB78002B01D10123FB70FB78032BD9
:100E000001D90323FB70FB785A1E13465B00134481
:100E10001B01234A134430201946FAF7B7FF044652
:100E2000002C06D0FB7820461946FFF7B9FF234671
:100E300000E023467A689361FB78022B10D0032BE5
:100E40001AD0012B00D023E07B689A69FB78192126
:100E50000091104679681A46182300F0E9FE17E061
:100E60007B689A69FB781B210091104679681A46C5
:100E70001A2300F0DDFE0BE07B689A69FB782921DC
:100E80000091104679681A46082300F0D1FE00BF91
:100E90007B6818460C37BD4690BD00BF78F003084C
:100EA0005425002080B588B000AF786039607B6839
:100EB0001B6804331B68786898477B689B693A68AD
:100EC0009A627B689B699B681846012105F056F879
:100ED0007B689B695A697B689B691B6A1343184648
:100EE000012105F02DF87B689B6919697B689B6976
:100EF0001B7E1A467B689B6993F82530084611468D
:100F00001A4604F0EBFC7B689B69D9697B689B6996
:100F100093F824301A467B689B6993F8253008467D
:100F200011461A4604F0DAFC7B689B699B89BB6119
:100F300002233B7700237B770123BB770023FB77DA
:100F40007B689B691A6907F118031046194604F07B
:100F5000E5FB7B689B695B8BBB617B689B69DA699E
:100F600007F118031046194604F0D8FB0023BB8193
:100F70004BF6FF73FB817B689B69DB8C3B824FF4F4
:100F800080637B824FF48043BB827B689B699B6A52
:100F9000BB607B689B695A6807F1080310461946D5
:100FA00004F01CFD7B689B695B681846012104F016
:100FB000D7FD002318462037BD4680BD80B586B0DA
:100FC00000AF78607B689B695B681846002104F07D
:100FD000C7FD7B689B695B68184604F0C5FC7B68AD
:100FE0009B699B681846002104F0C8FF07F10C03B9
:100FF000184604F021FC7B689B699B89FB600023F9
:101000007B740123BB740023FB747B689B691A69A2
:101010007B689B699B891046194604F035FC0123C7
:101020003B747B689B691A6907F10C0310461946EB
:1010300004F074FB07F0D6F90346002B43D0FEF70B
:1010400017FB334A4FF00003121843EB010310461D
:101050001946002207F01CFC00237B6130E07B680E
:101060009B691A697B689B699B891046194604F045
:1010700019FCFEF7FDFA264A4FF00003121843EB65
:10108000010310461946002207F002FC7B689B69A9
:101090001A697B689B699B891046194604F0F4FB2A
:1010A000FEF7E6FA1A4A4FF00003121843EB010369
:1010B00010461946002207F0EBFB7B6901337B6188
:1010C0007B69072BCBDD00233B747B689B691A6926
:1010D00007F10C031046194604F020FB7B689B695E
:1010E0005B8BFB607B689B69DA6907F10C03104638
:1010F000194604F013FB7B689B691A697B689B693E
:101100009B891046194604F0CDFB1837BD4680BDBB
:1011100040420F0080B483B000AF786001231846CE
:101120000C37BD465DF8047B704700BF80B483B0C8
:1011300000AF7860012318460C37BD465DF8047B8C
:10114000704700BF80B586B000AFF8607A603B6042
:101150000B46FB723B68002B01D1002321E0FB68AA
:101160009B6993F82C30002B12D0FB689A69FB7AAC
:10117000104619467A683B6800F076F97861FB689A
:101180001B6828331B68FA68104698477B6908E09B
:10119000FB681B6828331B68FA68104698476FF095
:1011A000050318461837BD4680BD00BF80B586B020
:1011B00000AFF8607A603B600B46FB723B68002B27
:1011C00001D1002321E0FB689B6993F82C30002BB0
:1011D00012D0FB689A69FB7A104619467A683B6818
:1011E00000F05CFA7861FB681B682C331B68FA68B6
:1011F000104698477B6908E0FB681B682C331B6826
:10120000FA68104698476FF0050318461837BD4630
:1012100080BD00BF80B588B000AFF8607A603B60E9
:101220000B46FB720023FB610023BB61FB689B69DB
:1012300093F82C30002B6CD0FB689A69FB7A10462F
:1012400019467A683B6800F075F8F861FB69002B75
:1012500008DAFB681B682C331B68FA68104698474D
:10126000FB695FE0FB689B695B681846012104F03D
:1012700097FCFEF7FDF9C7E904011CE0FEF7F8F959
:10128000D7E90423821A61EB030328484FF00001D9
:10129000904271EB030CACBF00230123DBB2002BA7
:1012A00009D0FB681B682C331B68FA681046984706
:1012B0004FF0FF3336E0FB689B695B6818461C49BA
:1012C00004F00AFD0346012B0CBF00230123DBB20F
:1012D000002BD3D1FB689A69FB7A10461946BA6A8B
:1012E000FB6A00F0FFF9B861BB69002B08DAFB6804
:1012F0001B682C331B68FA6810469847BB6911E0DD
:10130000FB681B682C331B68FA6810469847BB695A
:1013100008E0FB681B682C331B68FA681046984786
:101320006FF0050318462037BD4680BD80841E003F
:101330000100030080B588B000AFF8607A603B60C0
:101340000B46FB723B68002B01D100237FE0F8685D
:1013500000F0B2F80346DB0FDBB2002B02D04FF0F7
:10136000FF3374E0FB7AF8681946002200F046F972
:101370000346DB0FDBB2002B02D06FF0040366E004
:101380000023FB6135E0FEF773F9C7E9040115E0BE
:10139000FEF76EF9D7E90423821A61EB03032E48A6
:1013A0004FF00001904271EB030CACBF002301230E
:1013B000DBB2002B02D06FF0020348E0FB685B68F1
:1013C0001846264904F088FC0346002B14BF00236E
:1013D0000123DBB2002BDBD1FB685A687968FB691B
:1013E0000B441B781046194604F058FCFB69013386
:1013F000FB61FA693B689A42C5D3FEF739F9C7E940
:10140000040115E0FEF734F9D7E90423821A61EBF1
:10141000030313484FF00001904271EB030CACBF83
:1014200000230123DBB2002B02D06FF002030EE099
:10143000FB685B6818460B4904F04EFC0346002B22
:1014400014BF00230123DBB2002BDBD13B6818461D
:101450002037BD4680BD00BF80841E00800007008D
:10146000809698008400070080B586B000AFF860D1
:101470007A603B600B46FB72FB7AF86819467A6823
:101480003B68FFF757FF78617B69002B01DC7B69C4
:101490000EE0F86800F078F80346002B0CBF00233C
:1014A0000123DBB2002B02D06FF0010300E07B6967
:1014B00018461837BD4680BD80B584B000AF78604F
:1014C000FEF7D6F8C7E9020115E0FEF7D1F8D7E933
:1014D0000223821A61EB030328484FF00001904277
:1014E00071EB030CACBF00230123DBB2002B02D055
:1014F0004FF0FF333EE07B685B6818464FF40031E5
:1015000004F01AFC0346002B0CBF00230123DBB2BE
:10151000002BDAD17B685B681846012104F040FBA0
:10152000FEF7A6F8C7E9020115E0FEF7A1F8D7E932
:101530000223821A61EB030311484FF0000190422D
:1015400071EB030CACBF00230123DBB2002B02D0F4
:101550004FF0FF330EE07B685B681846094904F0E2
:10156000BBFB0346012B0CBF00230123DBB2002B86
:10157000DBD1002318461037BD4680BD8096980009
:1015800080841E000100030080B584B000AF786045
:101590007B685B681846012104F022FBFEF768F8BF
:1015A000C7E9020115E0FEF763F8D7E90223821AC2
:1015B00061EB030310484FF00001904271EB030C04
:1015C000ACBF00230123DBB2002B02D06FF001037C
:1015D0000DE07B685B681B889BB203F40073002BF3
:1015E0000CBF00230123DBB2002BDCD10023184603
:1015F0001037BD4680BD00BF80841E0080B586B018
:1016000000AF786013460A46FA70BB707B68596871
:10161000FB785B00DAB2BB78084611461A4604F044
:10162000FFFABB78012B02D1194B7B6101E0194B0A
:101630007B61FEF71DF8C7E9020115E0FEF718F817
:10164000D7E90223821A61EB030313484FF000012C
:10165000904271EB030CACBF00230123DBB2002BE3
:1016600002D06FF004030EE07B685B68184679696E
:1016700004F032FB0346012B0CBF00230123DBB235
:10168000002BDBD1002318461837BD4680BD00BFB4
:10169000020003008200070080841E0080B584B031
:1016A00000AFF8607A603B600B46FB723B68002B32
:1016B00001D1002312E0F868FFF7FEFE0346DB0FBE
:1016C000DBB2002B02D04FF0FF3307E0FB7AF86863
:1016D00019467A683B6800F005F80346184610374B
:1016E000BD4680BD90B58BB000AFF8607A603B60BE
:1016F0000B46FB723B68002B01D100238BE2FB7A87
:10170000F86819460122FFF779FF0346DB0FDBB2C9
:10171000002B02D06FF004037DE23B68012B6FD1F8
:10172000FB685B681846002104F098FAFB685B6868
:101730001B8BFB685B681846012104F051FAFDF72A
:1017400097FFC7E9040115E0FDF792FFD7E90423ED
:10175000821A61EB03039A484FF00001904271EB4B
:10176000030CACBF00230123DBB2002B02D06FF0CF
:10177000030350E2FB685B681846924904F0DCFA08
:101780000346002B14BF00230123DBB2002BDBD167
:10179000FB685B68184604F091FA03461A467B68BA
:1017A0001A70FDF765FFC7E9040115E0FDF760FF5A
:1017B000D7E90423821A61EB030381484FF000014B
:1017C000904271EB030CACBF00230123DBB2002B72
:1017D00002D06FF001031EE2FB685B681B889BB2BE
:1017E00003F40073002B0CBF00230123DBB2002B9A
:1017F000DCD1FB685B681846012104F02FFA03E294
:101800003B68022B40F0B780FB685B6818460021FC
:1018100004F024FAFB685B68FA685268128892B296
:1018200042F4006292B21A80FB685B681B8BFDF782
:101830001FFFC7E9040115E0FDF71AFFD7E90423EC
:10184000821A61EB03035E484FF00001904271EB96
:10185000030CACBF00230123DBB2002B02D06FF0DE
:101860000303D8E1FB685B681846574904F064FA43
:101870000346002B14BF00230123DBB2002BDBD176
:10188000FB685B681846012104F0AAF900237B621B
:1018900035E0FDF7EDFEC7E9040115E0FDF7E8FED0
:1018A000D7E90423821A61EB030345484FF0000196
:1018B000904271EB030CACBF00230123DBB2002B81
:1018C00002D06FF00303A6E1FB685B6818463D4950
:1018D00004F032FA0346002B14BF00230123DBB2CD
:1018E000002BDBD17A687B6AD418FB685B681846EA
:1018F00004F0E4F9034623707B6A01337B627B6A60
:10190000012BC6D9FDF7B4FEC7E9040115E0FDF7C8
:10191000AFFED7E90423821A61EB030328484FF096
:101920000001904271EB030CACBF00230123DBB23A
:10193000002B02D06FF001036DE1FB685B681B8830
:101940009BB203F40073002B0CBF00230123DBB216
:10195000002BDCD1FB685B681846012104F07EF99E
:10196000FB685B68FA685268128892B222F40062DF
:1019700092B21A8048E13B68022B40F24581FB6835
:101980005B681B8B00233B623BE0FDF771FEC7E900
:1019900004011BE0FDF76CFED7E90423821A61EB1A
:1019A000030307484FF00001904271EB030CACBFFA
:1019B00000230123DBB2002B08D06FF003032AE1E0
:1019C00080841E004000001004000010FB685B686B
:1019D0001846934904F0B0F90346002B14BF0023C6
:1019E0000123DBB2002BD5D17A683B6AD418FB689F
:1019F0005B68184604F062F9034623703B6A0133C2
:101A00003B623B68DA1E3B6A9A42BED8FDF730FE65
:101A1000C7E9040115E0FDF72BFED7E90423821A7C
:101A200061EB03037F484FF00001904271EB030C20
:101A3000ACBF00230123DBB2002B02D06FF0030305
:101A4000E9E0FB685B681846774904F075F90346DE
:101A5000002B14BF00230123DBB2002BDBD1FB687A
:101A60005B681846002104F0F9F8FDF701FEC7E9AC
:101A7000040115E0FDF7FCFDD7E90423821A61EBB0
:101A8000030368484FF00001904271EB030CACBFB8
:101A900000230123DBB2002B02D06FF00303BAE076
:101AA000FB685B6818465E4904F046F90346002B64
:101AB00014BF00230123DBB2002BDBD13B68033BC7
:101AC0007A68D418FB685B68184604F0F7F8034698
:101AD0002370FDF7CDFDC7E9040115E0FDF7C8FD52
:101AE000D7E90423821A61EB03034E484FF000014B
:101AF000904271EB030CACBF00230123DBB2002B3F
:101B000002D06FF0030386E0FB685B681846464925
:101B100004F012F90346002B14BF00230123DBB2AB
:101B2000002BDBD1FB685B681846012104F058F8F4
:101B30000223FB6137E0FDF79BFDC7E9040115E0D7
:101B4000FDF796FDD7E90423821A61EB03033548BC
:101B50004FF00001904271EB030CACBF0023012356
:101B6000DBB2002B02D06FF0030354E0FB685B682C
:101B700018462B4904F0E0F80346002B14BF00235D
:101B80000123DBB2002BDBD13A68FB69D31A7A68F8
:101B9000D418FB685B68184604F090F8034623707D
:101BA000FB69013BFB61FB69002BC4D1FDF760FDC4
:101BB000C7E9040115E0FDF75BFDD7E90423821AAC
:101BC00061EB030317484FF00001904271EB030CE7
:101BD000ACBF00230123DBB2002B02D06FF0010366
:101BE00019E0FB685B681B889BB203F40073002B51
:101BF0000CBF00230123DBB2002BDCD1FB685B6848
:101C00001846012104F02AF8FB685B68184607496A
:101C100004F0C6F83B6818462C37BD4690BD00BF9F
:101C20004000001080841E0004000010000400101A
:101C300080B584B000AFF860B960FA71BB80FB6812
:101C4000012283F82C20FB79022B10D0032B1AD011
:101C5000012B00D023E0FB68354A5A60FB684FF443
:101C600000129A60FB68042283F8252017E0FB68C5
:101C7000304A5A60FB684FF480029A60FB68042285
:101C800083F825200BE0FB682B4A5A60FB684FF471
:101C900000029A60FB68042283F8252000BFB7F990
:101CA00004301846FEF790FC0246FB681A61FB6898
:101CB0001B691846FEF71EFC0246FB685A61B7F91D
:101CC00004301846FEF7D4FC03461A46FB689A8196
:101CD000FB689B891846FEF7F1FB0346DAB2FB6806
:101CE0001A76B7F918301846FEF76EFC0246FB6804
:101CF000DA61FB68DB691846FEF7FCFB0246FB680D
:101D00001A62B7F918301846FEF7B2FC03461A46B5
:101D1000FB685A83FB685B8B1846FEF7CFFB0346D4
:101D2000DAB2FB6883F824201037BD4680BD00BFBF
:101D30000054004000580040005C0040B0B582B044
:101D400000AF786039607B68012B10D13A684FF69C
:101D5000FF739A420BD1074B02241D4604E028462C
:101D6000FFF72EF83035013CB4F1FF3FF7D10837CB
:101D7000BD46B0BD5425002080B500AF01204FF610
:101D8000FF71FFF7DBFF80BD80B483B000AF7860E8
:101D9000012318460C37BD465DF8047B704700BF31
:101DA00090B583B000AF78600B46FB707B68184637
:101DB000FDF798F87B680E4A1A60242007F0AEFA07
:101DC000034624201946F9F7E1FF0446002C06D00B
:101DD000FB782046194600F03BFD234600E02346F1
:101DE0007A6893617B6818460C37BD4690BD00BF8A
:101DF000B8F0030880B58EB000AFF860B9607A60C3
:101E0000FB689B691B6A002B04DBFB689B691B6AF0
:101E10000F2B02DD4FF0FF3320E3012387F837302B
:101E2000002387F8363007F11C03184603F0DEFF65
:101E300000233B63FB689B691A69964B9A4202D167
:101E4000BB6A3B6301E07B6A3B633A6A3B6BB2FB74
:101E5000F3F3012B03D9022387F8363002E0012384
:101E600087F83630FB689B6997F83620396B01FBA1
:101E700002F25A61FB689B69BA685A60FB689B6909
:101E80005A69FB689B695B68B2FBF3F3FB62FB6812
:101E90009B691B6A032B04DDFB689B691B6A072B8C
:101EA00006DDFB6AB3F5803F02DB4FF6FF73FB6292
:101EB0007A68FB6A9A4201DDFB6A7B60FB689B697A
:101EC0007A681A60FB689B6901229A6007F1140323
:101ED000184603F0B1FC01233B760023BB760323B5
:101EE0007B760023FB76FB689B691A69694B9A42F3
:101EF00040F094801020012104F022F810200021ED
:101F000004F078F8FB689B691B7B032B7ED801A249
:101F100052F823F0251F01085F1F0108991F0108CF
:101F2000D31F0108FB689B694FF400727A617A69DC
:101F30009A61FB689B69584ADA61FB689B69DA69B8
:101F400007F114031046194603F0E8FBFB689B6990
:101F5000DB6918460921012203F0C0FC56E0FB684A
:101F60009B694FF400627A617A699A61FB689B69A8
:101F7000494ADA61FB689B69DA6907F11403104684
:101F8000194603F0CBFBFB689B69DB6918460B2104
:101F9000012203F0A3FC39E0FB689B694FF4005277
:101FA0007A617A699A61FB689B693B4ADA61FB68EE
:101FB0009B69DA6907F114031046194603F0AEFB7A
:101FC000FB689B69DB6918460D21012203F086FC42
:101FD0001CE0FB689B694FF480427A617A699A61E0
:101FE000FB689B692C4ADA61FB689B69DA6907F137
:101FF00014031046194603F091FBFB689B69DB69EB
:1020000018460E21012203F069FC00BF01200121C6
:1020100003F0D2FF012387F83730E1E1FB689B69C9
:102020001B69B3F1804F40F097800120012103F03C
:1020300087FF0120002103F0DDFFFB689B691B7B0C
:10204000032B00F2818001A252F823F05D200108E9
:10205000A1200108D920010811210108FB689B6912
:1020600001227A617A699A61FB689B690B4ADA619D
:10207000FB689B69DA6907F114031046194603F0FF
:102080004DFBFB689B69DB6918460021012203F0C8
:1020900025FC59E000000140001002400000024011
:1020A000FB689B6902227A617A699A61FB689B6985
:1020B000944ADA61FB689B69DA6907F114031046F8
:1020C000194603F02BFBFB689B69DB69184601216D
:1020D000012203F003FC37E0FB689B6904227A616C
:1020E0007A699A61FB689B69864ADA61FB689B6939
:1020F000DA6907F114031046194603F00FFBFB6879
:102100009B69DB6918460221012203F0E7FB1BE013
:10211000FB689B6908227A617A699A61FB689B690E
:10212000784ADA61FB689B69DB6918460321012262
:1021300003F0D4FBFB689B69DA6907F114031046CE
:10214000194603F0EBFA00BF0120012103F016FF4E
:10215000022387F8373043E1FB689B691A696A4BB1
:102160009A4240F091800720012103F0E9FE072008
:10217000002103F03FFFFB689B691B7B032B7BD88F
:1021800001A252F823F000BF99210108D1210108D2
:102190000922010841220108FB689B6940227A61FB
:1021A0007A699A61FB689B69564ADA61FB689B69A8
:1021B000DA6907F114031046194603F0AFFAFB6819
:1021C0009B69DB6918460621022203F087FB53E076
:1021D000FB689B6980227A617A699A61FB689B69D6
:1021E0004A4ADA61FB689B69DA6907F11403104611
:1021F000194603F093FAFB689B69DB6918460721CF
:10220000022203F06BFB37E0FB689B6901227A61D5
:102210007A699A61FB689B693D4ADA61FB689B6950
:10222000DA6907F114031046194603F077FAFB68E0
:102230009B69DB6918460021022203F04FFB1BE07B
:10224000FB689B6902227A617A699A61FB689B69E3
:102250002F4ADA61FB689B69DA6907F114031046BB
:10226000194603F05BFAFB689B69DB69184601219C
:10227000022203F033FB00BF0220012103F07EFEA7
:10228000032387F83730ABE0FB689B691A69214B61
:102290009A4240F0A2800820012103F051FE08205C
:1022A000002103F0A7FEFB689B691B7B032B00F258
:1022B0008C8001A252F823F0C92201081D230108D5
:1022C0005723010891230108FB689B694FF4805252
:1022D0007A617A699A61FB689B690F4ADA61FB68E7
:1022E0009B69DA6907F114031046194603F016FAE0
:1022F000FB689B69DB6918460C21022203F0EEFAA9
:1023000063E000BF000002400004004000080240FB
:102310000004024000080040000C0240FB689B697A
:102320004FF400527A617A699A61FB689B694D4A61
:10233000DA61FB689B69DA6907F1140310461946F4
:1023400003F0ECF9FB689B69DB6918460D2102225A
:1023500003F0C4FA39E0FB689B694FF480427A616C
:102360007A699A61FB689B693E4ADA61FB689B69FE
:10237000DA6907F114031046194603F0CFF9FB6838
:102380009B69DB6918460E21022203F0A7FA1CE0C4
:10239000FB689B694FF400427A617A699A61FB6835
:1023A0009B69304ADA61FB689B69DA6907F11403BB
:1023B0001046194603F0B2F9FB689B69DB691846C1
:1023C0000F21022203F08AFA00BF0420012103F04A
:1023D000D5FD042387F8373002E04FF0FF333DE0AE
:1023E000FB689B69DA69FB689B699B699BB2104635
:1023F000194603F057FA97F93730013B1A4AD35C74
:10240000002B0BD1FB689B691B69184603F04CFF3E
:1024100097F93730013B144A0121D154FB689B697D
:102420001A69124B9A4206D1FB689B691B691846D0
:10243000012104F015FCFB689B691B69184604F038
:1024400093FCFB689B69184600F072FAFB689B6975
:102450001B691846012104F0C7F8002318463837D5
:10246000BD4680BD000C0240E42500200000014074
:1024700080B584B000AF78607B689B691B6A002BD5
:10248000C0F20A817B689B691B6A0F2B00F30481F1
:102490007B689B691B69184603F006FF07F1080378
:1024A000184603F0C9F900233B737B689B691A69DE
:1024B0007B4B9A4239D17B689B691B7B032B00F2D3
:1024C000EB8001A252F823F0D9240108ED24010881
:1024D00001250108152501084FF40073BB6007F1C1
:1024E00008037048194603F019F91DE04FF4006322
:1024F000BB6007F108036B48194603F00FF913E0BE
:102500004FF40053BB6007F108036648194603F017
:1025100005F909E04FF48043BB6007F10803614807
:10252000194603F0FBF800BFB6E07B689B691B69A6
:10253000B3F1804F35D17B689B691B7B032B00F285
:10254000AB8001A252F823F0592501086B25010840
:102550007D2501088F2501080123BB6007F10803D1
:102560005148194603F0DAF81AE00223BB6007F17C
:1025700008034D48194603F0D1F811E00423BB606D
:1025800007F108034848194603F0C8F808E0082393
:10259000BB6007F108034448194603F0BFF800BFC9
:1025A0007AE07B689B691A69404B9A4235D17B6817
:1025B0009B691B7B032B6FD801A252F823F000BF4D
:1025C000D1250108E3250108F525010807260108A2
:1025D0004023BB6007F108033348194603F09EF817
:1025E0001AE08023BB6007F108033148194603F065
:1025F00095F811E00123BB6007F108032D48194647
:1026000003F08CF808E00223BB6007F108032948B7
:10261000194603F083F800BF3EE07B689B691A69A6
:10262000254B9A4238D17B689B691B7B032B33D89F
:1026300001A252F823F000BF492601085D260108D7
:1026400071260108852601084FF48053BB6007F10D
:1026500008031A48194603F061F81DE04FF40053CF
:10266000BB6007F108031548194603F057F813E05B
:102670004FF48043BB6007F108031048194603F08C
:102680004DF809E04FF40043BB6007F108030B4825
:10269000194603F043F800BF1037BD4680BD00BFA8
:1026A0000000014000100240000002400004004011
:1026B000000802400004024000080040000C0240F4
:1026C00080B584B000AF786039607B689B691B6A15
:1026D000002B04DB7B689B691B6A0F2B02DD4FF02C
:1026E000FF33AAE001233B730023BB7303237B73F7
:1026F0000023FB737B689B699B69BB607B689B695C
:102700001A683B689A4204D87B689B691B68013B46
:102710003B603B68002B15D17B689B69DA6907F148
:1027200008031046194602F0F9FF7B689B69DA69D5
:102730007B689B699B699BB21046194603F0B2F80F
:1027400000237AE07B689B693A689A607B689B69A2
:102750001A693C4B9A4211D07B689B691B69B3F1A3
:10276000804F0BD07B689B691A69374B9A4205D022
:102770007B689B691A69354B9A4244D17B689B6997
:102780001B7B032B42D801A252F823F09D2701089E
:10279000B7270108D1270108EB2701087B689B694F
:1027A0001A697B689B6919683B68CB1A1046194601
:1027B00004F04AF926E07B689B691A697B689B698B
:1027C00019683B68CB1A1046194604F04BF919E01A
:1027D0007B689B691A697B689B6919683B68CB1A9F
:1027E0001046194604F04CF90CE07B689B691A69A5
:1027F0007B689B6919683B68CB1A1046194604F040
:102800004DF900BF02E04FF0FF3316E000BF3B6818
:10281000002B0AD002233B737B689B69DA6907F1BE
:1028200008031046194602F079FF7B681B682833BD
:102830001B687A6810469847002318461037BD4633
:1028400080BD00BF000001400004004000080040BF
:1028500080B582B000AF78600B46FB707B680222C7
:102860001A607B6801229A607B6800225A607B684C
:102870004FF0FF321A627B6800221A617B680022E7
:102880001A737B6800225A617B6800229A617B6818
:102890000022DA61FB780F2B03D92048FCF78CFA71
:1028A00036E0FA787B681A627B681B6A002B00DAD4
:1028B00003339B10032B2AD801A252F823F000BF48
:1028C000D1280108D9280108E3280108EB280108CC
:1028D0007B68134A1A610CE07B684FF080421A61F2
:1028E00007E07B680F4A1A6103E07B680E4A1A61B1
:1028F00000BF7B681A6A0D4B1340002B03DA013BC3
:1029000063F003030133DAB27B681A7300E000BF9F
:102910007B6818460837BD4680BD00BFBCE0030891
:102920000000014000040040000800400300008057
:1029300080B58CB000AF78607B685B68002B06D1F7
:102940007B681B691846082103F032FE72E07B6841
:102950001B691846002103F02BFE7B685A697B68CF
:102960005B687968096801FB03F3B2FBF3F3013B91
:10297000FB62FB6A002B01DA0023FB62FB6A9BB25D
:102980003B847B681B687B6200237B8400233B8540
:10299000002387F82A307B681A6907F12003104664
:1029A000194603F05FFD07F10C03184604F02AF8FE
:1029B0006023BB810123FB817B681A687B689B686D
:1029C000D31A7B6102233B837B681B7B032B30D8AC
:1029D00001A252F823F000BFE9290108FB290108F0
:1029E0000D2A01081F2A01087B681A6907F10C03E8
:1029F0001046194603F018FE1AE07B681A6907F1C1
:102A00000C031046194603F089FE11E07B681A6931
:102A100007F10C031046194603F008FF08E07B6835
:102A20001A6907F10C031046194603F085FF00BF31
:102A300000E000BF3037BD4680BD00BF80B483B02A
:102A400000AF78607B6818460C37BD465DF8047BA4
:102A5000704700BF80B584B002AF78600B46FB7052
:102A6000FB78022B0DD0032B15D0012B1DD1FB7849
:102A700015220092786819461322142300F020F8DA
:102A800016E0FB781F220092786819461D221E234B
:102A900000F016F80CE0FB782C22009278681946BA
:102AA0002A222B2300F00CF802E00448FCF784F9FA
:102AB0007B6818460837BD4680BD00BFD0E00308DC
:102AC00080B586B000AFF860F9723A81FB80FB6890
:102AD000FA7A1A70FB6800225A70584B7B61786949
:102AE00002F07AFC7B694FF480629A617B69002274
:102AF0005A617B690022DA617B6900221A627B6974
:102B000000225A627B694FF400329A627B69042288
:102B1000DA627B6900225A637B6900229A63B7F903
:102B200008301846FDF7A4FD03461A46FB68DA6232
:102B3000B7F908301846FDF747FD0246FB689A636F
:102B4000B7F906301846FDF793FD03461A46FB68B1
:102B50005A62B7F906301846FDF736FD0246FB68A3
:102B60001A63B7F920301846FDF782FD03461A466E
:102B7000FB689A62B7F920301846FDF725FD02463A
:102B8000FB685A63FB7A022B1FD0032B37D0012B33
:102B90004ED1FB682A4A5A60FB682A4ADA60FB6811
:102BA000294A1A61FB68294A5A61FB684FF0C052F2
:102BB0009A61FB684FF0C062DA61FB684FF0C06257
:102BC0001A62FB680522DA6335E0FB68204A5A6026
:102BD000FB68204ADA60FB681F4A1A61FB684FF005
:102BE000C0525A61FB681D4A9A61FB680022DA6193
:102BF000FB6800221A62FB680522DA631BE0FB68AF
:102C0000174A5A60FB68174ADA60FB68164A1A616D
:102C1000FB680E4A5A61FB68144A9A61FB680022FD
:102C2000DA61FB6800221A62FB680622DA6302E0BE
:102C30000F48FCF7C1F81837BD4680BDE8250020D5
:102C4000003001401064024058640240200000102F
:102C500000380040586002407060024020000020B0
:102C6000003C0040106002408860024000080020E4
:102C7000D0E0030880B582B000AF786000BF7B6809
:102C80001B69184602F008FC0346002B0CBF00230A
:102C90000123DBB2002BF2D100BF7B685B681B898C
:102CA0009BB203F00203002B14BF00230123DBB20D
:102CB000002BF2D100BF7B685B681B899BB203F0DD
:102CC0008003002B0CBF00230123DBB2002BF2D1C9
:102CD00000BF7B68DB68184602F0DEFB0346002B72
:102CE0000CBF00230123DBB2002BF2D102E07B6892
:102CF0005B689B897B685B681B899BB203F001035F
:102D0000002B0CBF00230123DBB2002BEFD10837CF
:102D1000BD4680BD80B58CB000AF7860396007F1EA
:102D20000C03184603F062F87B681B78022B06D070
:102D3000032B07D0012B08D1BB69FB620BE07B6939
:102D4000FB6208E07B69FB6205E03348FCF734F87E
:102D50004FF0FF335CE00023BB62FB6A5A083B681C
:102D60009A4236D9FA6A3B68B2FBF3F37B6202E01F
:102D7000BB6A0133BB627B6A5B087B627B6A002BA8
:102D80000CBF00230123DBB2002BF1D1BB6A002B67
:102D900002D0BB6A013BBB62BB6A0233FA6A22FA09
:102DA00003F33B62BB6A0133FA6A22FA03F3FB6165
:102DB000FA693B68D21AF9693B6ACB1A5B089A42F6
:102DC00002D9BB6A0133BB62BB6A072B01D9072357
:102DD000BB627B685B687A685268128892B222F0A4
:102DE000380292B21A807B685B687A6852681288EF
:102DF00091B2BA6A92B2D20092B20A4392B21A80E7
:102E0000BB6A0133FA6ADA407B689A607B689B6828
:102E100018463037BD4680BDD0E0030890B583B07A
:102E200000AF78600B46FB707B681846FCF75AF8D9
:102E30007B68134A1A60FB78002B02D0FB78032BC7
:102E400003D91048FBF7B8FF15E0FB78013B9A0166
:102E50000D4B134440201946F8F798FF0446002C08
:102E600006D0FB7820461946FFF7F4FD234600E024
:102E700023467A6893617B6818460C37BD4690BD3F
:102E8000F8F00308D0E003082426002080B590B0B5
:102E900000AFF860B9601346FB71FB689B69FA7973
:102EA0009A70FB689B691B78022B0ED0032B17D0FE
:102EB000012B20D14FF48050012103F07DF84FF415
:102EC0008000012103F03CF81BE04FF48040012119
:102ED00003F054F84FF40010012103F031F810E032
:102EE0004FF40040012103F049F84FF40010012194
:102EF00003F026F805E08248FBF75EFF4FF0FF3352
:102F000079E1FB689B699A6B7E4B9A420BD0FB6818
:102F10009B691A6B7B4B9A4205D0FB689B695A6B85
:102F2000784B9A4203D10120012103F009F8FB6894
:102F30009B699A6B744B9A420BD0FB689B691A6B26
:102F4000714B9A4205D0FB689B695A6B6E4B9A4253
:102F500003D10220012102F0F3FFFB689B699A6B09
:102F60006A4B9A420BD0FB689B691A6B674B9A427B
:102F700005D0FB689B695A6B644B9A4203D10420CD
:102F8000012102F0DDFFFB689B699A6B604B9A425E
:102F90000BD0FB689B691A6B5D4B9A4205D0FB68AE
:102FA0009B695A6B5A4B9A4203D10820012102F0C7
:102FB000C7FFFB689B699A6B564B9A420BD0FB6824
:102FC0009B691A6B534B9A4205D0FB689B695A6BFD
:102FD000504B9A4203D11020012102F0B1FFFB684F
:102FE0009B699A6B4C4B9A420BD0FB689B691A6B9E
:102FF000494B9A4205D0FB689B695A6B464B9A42F3
:1030000003D12020012102F09BFFFB689B699A6B92
:10301000424B9A420BD0FB689B691A6B3F4B9A421A
:1030200005D0FB689B695A6B3C4B9A4203D1402008
:10303000012102F085FF022387F82C30002387F856
:103040002E30022387F82D30002387F82F30FB68BD
:103050009B69DB6ABB62FB689B699A6B07F128037B
:103060001046194602F05AFBFB689B695B6ABB621B
:10307000FB689B691A6B07F128031046194602F09A
:103080004DFBFB689B699B6ABB62FB689B695A6B43
:1030900007F128031046194602F040FB0023FB63AA
:1030A0000023BB6300237B63FB689B69DB6A3B6394
:1030B00002E0FB6B0133FB633B6B5B083B633B6BE9
:1030C000002B0CBF00230123DBB2002BF1D1FB68E6
:1030D0009B695B6A3B6302E0BB6B0133BB633B6B89
:1030E0005B083B633B6B002B0CBF00230123DBB26F
:1030F000002BF1D1FB689B699B6A3B6313E000BF27
:10310000D0E0030800000240000402400008024032
:10311000000C02400010024000140240001802405F
:103120007B6B01337B633B6B5B083B633B6B002B2F
:103130000CBF00230123DBB2002BF1D1FB689B699C
:10314000996BFB6B9AB2FB689B69DB6BDBB2084641
:1031500011461A4602F0C2FBFB689B69196BBB6BF8
:103160009AB2FB689B69DB6BDBB2084611461A46D4
:1031700002F0B4FBFB689B69596B7B6B9AB2FB68EE
:103180009B69DB6BDBB2084611461A4602F0A6FBD0
:103190000023BB8200233B8300237B830023BB836C
:1031A00000233B8400237B844FF40073FB83FB7973
:1031B000002B02D00023FB8202E04FF48273FB82DB
:1031C000FB689B695A6807F114031046194602F020
:1031D000A5FFFB689B691846B968FFF79BFDFB6874
:1031E0009B695B681846012102F0DCFFFB689B6964
:1031F00001225A70002318464037BD4680BD00BFEB
:1032000080B588B000AF78607B689B695B681846C2
:10321000002102F0C7FF7B689B691B78022B09D055
:10322000032B0DD0012B11D14FF48050002102F05F
:10323000C3FE0FE04FF48040002102F09FFE09E042
:103240004FF40040002102F099FE03E04748FBF7ED
:10325000B3FD88E007F10803184602F0EDFA7B6839
:103260009B695B6ABB607B689B691A6B07F108030B
:103270001046194602F052FA7B689B699B6ABB6054
:103280007B689B695A6B07F108031046194602F0E8
:1032900045FA7B689B69DB6ABB607B689B699A6BBC
:1032A00007F108031046194602F038FA0023FB61C3
:1032B0000023BB6100237B617B689B69DB6A3B6108
:1032C00002E0FB690133FB613B695B083B613B69E1
:1032D000002B0CBF00230123DBB2002BF1D17B6854
:1032E0009B695B6A3B6102E0BB690133BB613B697F
:1032F0005B083B613B69002B0CBF00230123DBB261
:10330000002BF1D17B689B699B6A3B6102E07B6982
:1033100001337B613B695B083B613B69002B0CBF60
:1033200000230123DBB2002BF1D17B689B699A6BF0
:10333000FB699BB210461946002202F0CFFA7B6867
:103340009B691A6BBB699BB210461946002202F0BA
:10335000C5FA7B689B695A6B7B699BB2104619461C
:10336000002202F0BBFA2037BD4680BDD0E0030842
:1033700080B483B000AF7860012318460C37BD4697
:103380005DF8047B704700BF80B483B000AF786005
:10339000012318460C37BD465DF8047B704700BF1B
:1033A00080B586B000AFF860B9607A60FB689B6951
:1033B0005B7883F00103DBB2002B02D04FF0FF33C8
:1033C0007DE0FB689B691846FFF754FC3E4B7B6130
:1033D000FB689B695B680C331A467B695A60FB6823
:1033E0009B691A6A7B691A607B694022DA607B6993
:1033F00001221A63BA687B699A607B697A681A61EC
:10340000FB689B691B6918462F4901F08FFFFB6819
:103410009B691B6918461021002202F0BFF8FB6867
:103420009B691B691846012102F00CF800BFFB687C
:103430009B691B69184602F02FF80346012B0CBF4D
:1034400000230123DBB2002BF1D1FB689B695B6891
:1034500018460221012202F0C5FE00BFFB689B69ED
:103460001A69FB689B699B691046194602F02CF8A3
:103470000346002B14BF00230123DBB2002BEDD148
:10348000FB689B691A69FB689B699B691046194632
:1034900002F056F8FB689B691846FFF7EBFBFB68E8
:1034A0009B695B6818460221002202F09BFEFB68C4
:1034B0001B6828331B68FA68104698477B681846D3
:1034C0001837BD4680BD00BFE825002080B588B014
:1034D00002AFF860B9607A60FB689B699B7883F003
:1034E0000103DBB2002B09D07B680093F868B96850
:1034F0007A68BB6800F07EF8034674E0FB689B695D
:103500005B7883F00103DBB2002B02D04FF0FF3376
:1035100069E0374B7B61FB689B695B680C331A463B
:103520007B695A60FB689B69DA697B691A607B6911
:103530000022DA607B6903221A63BA687B699A60A9
:103540007B697A681A61FB689B69DB681846796950
:1035500001F0ECFEFB689B69DB6818461021002235
:1035600002F01CF8FB689B69DB681846012101F03A
:1035700069FFFB689B695B6818460121012202F024
:1035800031FE00BFFB689B69DA68FB689B695B6979
:103590001046194601F098FF0346002B14BF002384
:1035A0000123DBB2002BEDD1FB689B69DA68FB6875
:1035B0009B695B691046194601F0C2FFFB689B6975
:1035C0001846FFF757FBFB689B695B6818460321A9
:1035D000002202F007FEFB681B682C331B68FA68A8
:1035E000104698477B6818461837BD4680BD00BF17
:1035F000E825002080B586B000AFF860B9607A6039
:103600003B60FB689B695B7883F00103DBB2002BB6
:1036100002D04FF0FF330AE1FB689B691846FFF7C1
:1036200029FB854B7B61FB689B695B680C331A4601
:103630007B695A60FB689B691A6A7B691A607B69BF
:103640004022DA607B6901221A63BA687B699A605A
:103650007B697A681A61FB689B691B6918467969FE
:1036600001F064FEFB689B695B680C331A467B695A
:103670005A60FB689B69DA697B691A607B69002282
:10368000DA607B6903221A633A687B699A607B6916
:103690003A6A1A61FB689B69DB681846796901F030
:1036A00045FEFB689B69DB6818461021002201F08B
:1036B00075FFFB689B691B6918461021002201F009
:1036C0006DFFFB689B69DB681846012101F0BAFEBB
:1036D000FB689B691B691846012101F0B3FEFB687A
:1036E0009B695B6818460321012202F07BFD00BF45
:1036F000FB689B691A69FB689B699B6910461946C0
:1037000001F0E2FE0346002B14BF00230123DBB2CD
:10371000002BEDD1FB689B691A69FB689B699B696B
:103720001046194601F00CFF3A6A7B689A424CD960
:10373000FB689B695B680C331A467B695A60FB68BF
:103740009B691A6A7B691A607B694022DA607B692F
:1037500001221A633A687B699A603A6A7B68D21AD6
:103760007B691A61FB689B691B691846796901F0DE
:10377000DDFDFB689B691B691846012101F062FEB3
:10378000FB689B695B6818460221012202F02AFD52
:1037900000BFFB689B691A69FB689B699B691046BF
:1037A000194601F091FE0346002B14BF00230123AC
:1037B000DBB2002BEDD1FB689B691A69FB689B6942
:1037C0009B691046194601F0BBFE00BFFB689B6970
:1037D000DA68FB689B695B691046194601F074FE64
:1037E0000346002B14BF00230123DBB2002BEDD1D5
:1037F000FB689B69DA68FB689B695B691046194640
:1038000001F09EFEFB689B691846FFF733FAFB68E0
:103810009B695B6818460321002202F0E3FCFB6809
:103820001B682C331B68FA68104698473B6A184699
:103830001837BD4680BD00BFE8250020B0B582B076
:1038400000AF786039607B68012B10D13A684FF681
:10385000FF739A420BD1074B02241D4604E0284611
:10386000FFF7ECF84035013CB4F1FF3FF7D10837E2
:10387000BD46B0BD2426002080B500AF01204FF624
:10388000FF71FFF7DBFF80BD80B483B000AF7860CD
:103890000C37BD465DF8047B704700BF80B483B031
:1038A00000AF0346FB71084B97F907205209F979DD
:1038B00001F01F01012000FA01F143F822100C373A
:1038C000BD465DF8047B704700E100E080B483B042
:1038D00000AF0346FB71094B97F907205209F979AC
:1038E00001F01F01012000FA01F1203243F82210FB
:1038F0000C37BD465DF8047B704700BF00E100E077
:1039000080B483B000AF0346FB71094B97F90720E1
:103910005209F97901F01F01012000FA01F160322A
:1039200043F822100C37BD465DF8047B704700BF9A
:1039300000E100E080B582B000AF78607B68184697
:10394000064964224FF4FA6304F052FE7B68044A8D
:103950001A607B6818460837BD4680BD70E10308D1
:1039600068F1030880B582B000AF78607B683433BB
:10397000184601F08DFA7B6803F5A073184601F034
:1039800087FA7B6818460837BD4680BD00000000F6
:1039900080B586B002AF78600CE0FBF769FE29A322
:1039A000D3E90023121843EB010310461946002205
:1039B00004F06EFF1E4B1B78DBB283F00103DBB219
:1039C000002BEAD179681B4A4FF00003CDE90023B0
:1039D0000846194A4FF00003FBF7CAFD1CE001231B
:1039E000FB6016E0154AFB684FF4137101FB03F30B
:1039F000134420331B78002B08D0FB685A1E104B51
:103A000053F822301846002101F01CFDFB680133F9
:103A1000FB60FB68032BE5DD7B681846FBF7BEFD0A
:103A20000123002BDBD11037BD4680BDAFF30080F2
:103A3000F83600208096980040420F00E4260020CF
:103A4000D800002000E40B5402000000AFF3008017
:103A500080B588B004AFF860F9723A81FB80FB68EA
:103A60001846FBF73FFAFB68174A1A60FB7A002BEF
:103A700002D0FB7A062B07D9FB68144A9A61FB68CF
:103A80009B69FA7A1A701AE0FB7A4FF4137202FB00
:103A900003F20E4B1A44FB689A61FB689969FA7A43
:103AA000B7F90830B7F906000090B7F9180001908F
:103AB000B7F91C0002900846F96800F05BFDFB684E
:103AC00018461037BD4680BD80F10308E42600206B
:103AD00080B586B004AF78600B46FB707B681846F3
:103AE000FBF700FA7B685F4A1A60FB78002B02D074
:103AF000FB78062B07D97B685B4A9A617B689B69D8
:103B0000FA781A70A9E0FB784FF4137202FB03F203
:103B1000554B1A447B689A61FB78013B072B00F2F6
:103B20009B8001A252F823F0493B0108693B010840
:103B3000893B0108A93B0108CD3B0108F13B010885
:103B4000113C0108353C01087B689A69FB78172114
:103B500000910C2101910B210291104679681A46BF
:103B6000162300F007FD78E07B689A69FB78362120
:103B700000913421019133210291104679681A464F
:103B8000352300F0F7FC68E07B689A69FB783921FF
:103B900000911E2101913B210291104679681A463D
:103BA000382300F0E7FC58E07B689A69FB782B210A
:103BB00000914FF0FF3101914FF0FF31029110461B
:103BC00079681A462A2300F0D5FC46E07B689A699A
:103BD000FB78322100914FF0FF3101914FF0FF311E
:103BE0000291104679681A462C2300F0C3FC34E099
:103BF0007B689A69FB7827210091682101916F21E8
:103C00000291104679681A46262300F0B3FC24E09E
:103C10007B689A69FB78562100914FF0FF31019142
:103C20004FF0FF310291104679681A46572300F091
:103C3000A1FC12E07B689A69FB78402100914FF06B
:103C4000FF3101914FF0FF310291104679681A4619
:103C5000412300F08FFC00E000BF7B681846083766
:103C6000BD4680BD80F10308E426002080B500AF8A
:103C7000034800F0C5FE2520FFF742FE80BD00BFCF
:103C80003029002080B500AF034800F0B9FE26209F
:103C9000FFF736FE80BD00BF7C2B002080B500AF53
:103CA000034800F0ADFE2720FFF72AFE80BD00BFCD
:103CB000C82D002080B500AF034800F0A1FE3420DD
:103CC000FFF71EFE80BD00BF1430002080B500AF9E
:103CD000034800F095FE3520FFF712FE80BD00BFBF
:103CE0006032002080B500AF034800F089FE472015
:103CF000FFF706FE80BD00BFAC34002080B500AFEA
:103D00000D480E4901F084FC0346002B0CBF002334
:103D10000123DBB2002B0AD00748084901F0D0FC90
:103D20004620FFF7EDFD064800F080FD02E046204A
:103D3000FFF7E6FD80BD00BFB864024000800028A8
:103D40003029002080B500AF0D480E4901F060FC1D
:103D50000346002B0CBF00230123DBB2002B0AD04B
:103D60000748084901F0ACFC1120FFF7C9FD0648DF
:103D700000F05CFD02E01120FFF7C2FD80BD00BF36
:103D8000A0600240008020207C2B002080B500AF86
:103D90000D480E4901F03CFC0346002B0CBF0023EC
:103DA0000123DBB2002B0AD00748084901F088FC48
:103DB0000E20FFF7A5FD064800F038FD02E00E20BA
:103DC000FFF79EFD80BD00BF5860024000800018D4
:103DD000C82D002080B500AF0D480E4901F018FC39
:103DE0000346002B0CBF00230123DBB2002B0AD0BB
:103DF0000748084901F064FC4420FFF781FD0648AC
:103E000000F058FD02E04420FFF77AFD80BD00BFBE
:103E100088640240008800203029002080B500AF6F
:103E20000D480E4901F0F4FB0346002B0CBF0023A4
:103E30000123DBB2002B0AD00748084901F040FCFF
:103E40001020FFF75DFD064800F034FD02E0102071
:103E5000FFF756FD80BD00BF88600240008800204B
:103E60007C2B002080B500AF0D480E4901F0D0FB3F
:103E70000346002B0CBF00230123DBB2002B0AD02A
:103E80000748084901F01CFC0C20FFF739FD0648E3
:103E900000F010FD02E00C20FFF732FD80BD00BFF6
:103EA0002860024000880010C82D002080B582B034
:103EB00000AF786039607B689B691B78002B04D069
:103EC0007B689B691B78062B02D94FF0FF3306E015
:103ED0007B689B691846396800F03AFF034618462C
:103EE0000837BD4680BD00BF90B58FB000AFF86009
:103EF0000B467A60FB72FB689B691B7887F837304A
:103F000097F83730002B03D097F83730062B02D9BB
:103F10004FF0FF33CAE0FB689B695B693B6307F1C5
:103F20002003184603F0D8F9FB689B699B683B6245
:103F3000FB689B695B689BB2BB85FB7A012B11D048
:103F4000022B77D0002B40F09F807B68002B06DD92
:103F50007B683B62FB689B697A689A6097E04FF0E8
:103F6000FF33A3E097F83730042B0BD097F83730A6
:103F7000052B07D097F83730072B03D097F8373049
:103F8000082B02D14FF0FF3390E007F118031846D9
:103F900001F052FC07F11003184601F04DFC7B685C
:103FA000002B2BDDFB689B699B8B1BB2B3F1FF3FA2
:103FB00024D04FF44073BB85FB689B694FF440727B
:103FC0005A60FB689B699C8BFB689B69184600F0F4
:103FD0001BFE034622B210461946FCF75BFBFB684A
:103FE0009B69DC8BFB689B69184600F00DFE03465D
:103FF00022B210461946FCF74DFB1AE0FB689B699C
:104000009B8B1BB2B3F1FF3F13D00023BB85FB6832
:104010009B6900225A60FB689B699B8B1BB2184608
:10402000FCF788FBFB689B69DB8B1BB21846FCF72F
:1040300081FB2CE0FB689B691B78032B02D94FF0B6
:10404000FF3333E0FB689B69184600F0C9FA7B68D0
:10405000B3F5807F05DDFB689B694FF480721A63BE
:1040600003E0FB689B697A681A63FB689B6901221D
:1040700083F82020FB689B69184600F073FC0D4B09
:1040800001221A70002311E04FF0FF330EE0386B6D
:10409000002103F03DF907F12003386B194603F0C6
:1040A00061F8386B012103F033F9002318463C37DF
:1040B000BD4690BDF836002080B584B000AF786072
:1040C0007B689B691B78002B04D07B689B691B78FD
:1040D000062B00D951E07B689B695B69FB607B68BC
:1040E0009B69184600F0C4FD03461846FFF7EEFB37
:1040F000F86802F0ADFF7B689B695B8B1BB21846CA
:10410000FCF718FB7B689B691B8B1BB21846FCF7FE
:1041100011FB7B689B695B68B3F5407F05D07B68CA
:104120009B695B68B3F5807F0DD17B689B699B8B36
:104130001BB2B3F1FF3F06D07B689B699B8B1BB220
:104140001846FCF7F7FA7B689B695B68B3F5407F1C
:1041500005D07B689B695B68B3F5007F0DD17B68F8
:104160009B69DB8B1BB2B3F1FF3F06D07B689B6979
:10417000DB8B1BB21846FCF7DDFA1037BD4680BD5D
:1041800080B588B000AFF860B9607A60FB689B6961
:104190001B78002B04D0FB689B691B78062B02D987
:1041A0004FF0FF3355E07B68002B01DC002350E02B
:1041B00000237B610023FB61FB689B6903F13402F0
:1041C00007F114031046194600F074FEB861BB698C
:1041D000002B3DD07A697B689A4201DD7B687B6168
:1041E0000023FB610BE0FB69BA681344FA69B96903
:1041F0000A441278D2B21A70FB690133FB617B6901
:10420000FA699A42EFDBFB689B6903F134027B6930
:104210001046194600F07EFEFB689B6993F820303B
:10422000002B0BD0FB689B6993F82830DBB283F03E
:104230000103DBB2002B01D0012300E00023002B9F
:1042400004D0FB689B69184600F08CFB7B6900E09A
:10425000002318462037BD4680BD00BF80B588B01A
:1042600000AFF860B9607A60FB689B691B78002B2F
:1042700004D0FB689B691B78062B02D94FF0FF33F3
:1042800060E07B68002B01DC00235BE00023FB6126
:10429000FB689B6903F5A07207F1140310461946E9
:1042A00000F04CFEB861BB69002B4AD07A697B688C
:1042B0009A4201DA7B697B600023FB610BE0FB69BA
:1042C000BA691344FA69B9680A441278D2B21A700A
:1042D000FB690133FB61FA697B689A42EFDBFB689B
:1042E0009B6903F5A0731846796800F067FEFB68C8
:1042F0009B695B69184640F22661002203F05CF876
:10430000FB689B6993F82030002B0FD0FB689B69FA
:1043100093F82130DBB283F00103DBB2002B0ED027
:10432000FB689B69184600F0FBFA08E0FB689B6994
:104330005B69184640F22771012203F03DF87B6863
:1043400000E0002318462037BD4680BD80B584B00C
:1043500000AF78607B689B691B78002B04D07B687A
:104360009B691B78062B02D94FF0FF332EE0002308
:10437000BB737B689B6903F1340207F10E0310469F
:10438000194600F02FFE0346FB737B689B6993F888
:104390002030002B0BD07B689B6993F82830DBB270
:1043A00083F00103DBB2002B01D0012300E00023E6
:1043B000002B04D07B689B69184600F0D3FAFB7B86
:1043C000002B01D0BB7B01E04FF0FF3318461037C4
:1043D000BD4680BD80B584B000AF78600B46FB70F1
:1043E0007B689B691B78002B04D07B689B691B78DA
:1043F000062B02D94FF0FF333CE07B689B6903F545
:10440000A072FB78FB7307F10F031046194600F00A
:1044100015FE0346002B2BD07B689B695B69184611
:1044200040F22661002202F0C7FF7B689B6993F887
:104430002030002B0FD07B689B6993F82130DBB2D2
:1044400083F00103DBB2002B0ED07B689B6918461A
:1044500000F066FA08E07B689B695B69184640F2E9
:104460002771012202F0A8FF97F90330DBB201E0C7
:104470004FF0FF3318461037BD4680BD80B584B07D
:1044800000AF78600B46FB707B689B691B78002B44
:1044900004D07B689B691B78062B02D94FF0FF3351
:1044A00019E0FB78002B02D0012B08D011E07B68CB
:1044B0009B693433184600F0EDFD03460BE07B6842
:1044C0009B691B69FB607B689B6900221A61FB6822
:1044D00001E04FF0FF3318461037BD4680BD00BFE6
:1044E00080B582B000AF78607B689B691B78002B39
:1044F00004D07B689B691B78062B01D9002316E04A
:104500007B689B6903F5A073184600F0E3FD034642
:10451000002B0BD07B689B695B691846402102F039
:1045200093FF0346012B01D1012300E0002318462D
:104530000837BD4680BD00BF80B582B000AF78604F
:104540007B689B691B78002B04D07B689B691B7878
:10455000062B01D9002309E07B689B693433184698
:1045600000F0B8FD034683F00103DBB218460837BC
:10457000BD4680BD80B584B000AFF860B960FA7107
:10458000BB80FB68FA791A70FB684FF4E1329A60DD
:10459000FB6800225A60FB68BA68DA60FB68002298
:1045A00083F82020FB68002283F82120FB6800228A
:1045B00083F82820F86800F087FB0246FB685A6100
:1045C000FB68BA881A83FB683A8B5A83FB68BA8BFC
:1045D0009A83FB683A8CDA831037BD4680BD00BFF2
:1045E00080B592B000AF78607B681B78002B00F03C
:1045F000B6807B681B78032B00F2B18000F0E6F9EF
:104600007B681B785A1E574B53F822307B6407F1A6
:104610000803184600F0E0FE4FF00063BB607B68C3
:104620005B690433FB6000233B6140237B61102303
:10463000BB610023FB614FF480633B6200237B621C
:104640000023BB620023FB624FF480333B630023F3
:104650007B630123BB630023FB6300233B6407F1FF
:104660000803786C194600F061FE786C1021012275
:1046700000F094FF7B685B6918468021012202F0FC
:1046800077FE7B681B785A1E374B53F822307B64C9
:1046900007F10803184600F09FFE4FF00063BB606F
:1046A0007B685B690433FB6000233B6100237B6113
:1046B0001023BB610023FB614FF480633B62002346
:1046C0007B620023BB620023FB624FF480333B63B9
:1046D00000237B630123BB630023FB6300233B6454
:1046E00007F10803786C194600F020FE786C102161
:1046F000012200F053FF7B685B69184640F22551A8
:10470000002202F059FE7B685B6918466021012295
:1047100002F052FE7B685B6918464021012202F0DC
:1047200027FE7B681B78022B0BD0032B10D0012BAC
:1047300000D014E04620FFF7B1F84420FFF7AEF8B0
:104740000DE01120FFF7AAF81020FFF7A7F806E008
:104750000E20FFF7A3F80C20FFF7A0F800BF4837A2
:10476000BD4680BDCC000020D800002080B586B0BA
:1047700000AFF860B9607A60FB681B78002B03D04B
:10478000FB681B78032B00D914E0FB681B785A1ECA
:104790000A4B53F822307B617869002100F052FE09
:1047A000BA687B69DA607A687B695A607869012146
:1047B00000F048FE1837BD4680BD00BFCC00002089
:1047C00080B586B000AFF860B9607A60FB681B788E
:1047D000002B03D0FB681B78032B00D920E0FB687B
:1047E0001B785A1E104B53F822307B6178690021E8
:1047F00000F028FE00BF786900F04EFE0346012B52
:1048000014BF00230123DBB2002BF4D1BA687B690B
:10481000DA607A687B695A607869012100F012FEDB
:104820001837BD4680BD00BFD800002080B586B0D7
:1048300000AF78607B681B78002B03D07B681B7807
:10484000032B00D930E07B681B785A1E184B53F8B5
:1048500022307B61786900F011FE03463B617B6882
:104860005A6A3B69D31AFB607B6803F5A07318464C
:10487000F96800F04FFB7B6803F5A073184600F061
:1048800029FC0346002B0CD07B68002283F82120F2
:104890007B685B69184640F22661012202F08CFDBC
:1048A00002E0786800F03CF81837BD4680BD00BFD4
:1048B000CC00002090B585B000AF78607B681B7895
:1048C000002B03D07B681B78032B00D923E07B6887
:1048D0001B785A1E114B53F82230FB607B68DC6A50
:1048E000F86800F0CBFD0346E31ABB607B68343305
:1048F0001846B96800F062FBBB68002B08DD7B68D6
:10490000DB681B6830331B687A68D26810469847AA
:10491000786800F027F81437BD4690BDD800002015
:1049200080B584B000AF78607B6803F5A07207F1B2
:1049300008031046194600F0BDFAF860FB68002B2A
:104940000CD0BA687B685A627B68012283F8212008
:10495000BB687868F9681A46FFF708FF1037BD464C
:1049600080BD00BF80B584B000AF78607B6803F184
:10497000340207F108031046194600F0DFFAF86028
:10498000FB68002B15D07B681A6BBB689A4202DA71
:104990007B681B6BBB60BA687B68DA627B6801224C
:1049A00083F82820BB687868F9681A46FFF708FF83
:1049B00008E07B68002283F828207B681B695A1C6A
:1049C0007B681A611037BD4680BD00BF80B500AF5F
:1049D0000A4B1B7883F00103DBB2002B0CD0074B92
:1049E00001221A704FF40010012101F0A9FA4FF4CE
:1049F0008000012101F0A4FA80BD00BF50370020E3
:104A000080B584B000AF78607B685B691846082188
:104A100002F01AFD0346002B22D17B6893F8203068
:104A2000002B1FD07B685B6918464FF4B07102F011
:104A300027FD0346002B13D17B685B6918464FF4B2
:104A4000187102F01DFD0346002B09D17B685B69DC
:104A500018464FF4587102F013FD0346002B01D0A5
:104A6000012300E00023002B0AD07B685B69184615
:104A700002F06EFC7B681B695A1C7B681A6185E03A
:104A80007B685B69184640F2255102F0F9FC034649
:104A9000002B0CBF00230123DBB2002B25D07B6849
:104AA0005B69184602F054FC0346DBB2FB737B687B
:104AB00003F1340207F10F031046194600F0BEFA65
:104AC000034683F00103DBB2002B04D07B681B6933
:104AD0005A1C7B681A617B68DB681B6830331B6873
:104AE0007A68D2681046984750E07B685B69184640
:104AF00040F2277102F0C4FC0346002B0CBF0023D8
:104B00000123DBB2002B21D07B6803F5A07207F1F3
:104B10000F031046194600F065FA0346002B04D037
:104B20007B685B69FA7B9A8030E07B685B6918463A
:104B300040F22771002202F03FFC7B685B69184657
:104B400040F22661012202F037FC1FE07B685B69BE
:104B5000184640F2266102F093FC0346002B0CBF7E
:104B600000230123DBB2002B10D07B685B69184661
:104B700040F22661002202F01FFC7B68DB681B68A4
:104B800028331B687A68D268104698471037BD46AC
:104B900080BD00BF80B483B000AF78607B681B78B5
:104BA000013B072B28D801A252F823F0CD4B010876
:104BB000D14B0108D74B0108DD4B0108E34B01083D
:104BC000E94B0108ED4B0108F34B0108102314E0F9
:104BD0004FF4003311E04FF480230EE04FF4002334
:104BE0000BE04FF4801308E0202306E04FF08043F1
:104BF00003E04FF0004300E0002318460C37BD46A9
:104C00005DF8047B704700BF80B483B000AF78606C
:104C10007B681B78013B072B22D801A252F823F0B6
:104C2000414C0108454C0108494C01084D4C010814
:104C3000514C0108554C0108594C01085D4C0108C4
:104C400007230EE007230CE007230AE0082308E00F
:104C5000082306E0082304E0082302E0082300E01C
:104C6000002318460C37BD465DF8047B704700BF33
:104C700080B483B000AF78607B681B78013B052B64
:104C80001AD801A252F823F0A14C0108A54C010842
:104C9000A94C0108AD4C0108B14C0108B54C010804
:104CA00025230AE0262308E0272306E0342304E036
:104CB000352302E0472300E025235BB218460C377A
:104CC000BD465DF8047B704780B483B000AF786068
:104CD0007B681B78013B072B22D801A252F823F0F6
:104CE000014D0108054D0108094D01080D4D010850
:104CF000114D0108154D0108194D01081D4D010800
:104D00000B4B0EE00B4B0CE00B4B0AE00B4B08E09F
:104D10000B4B06E00B4B04E00B4B02E00B4B00E0AF
:104D2000002318460C37BD465DF8047B704700BF72
:104D3000001001400044004000480040004C00408A
:104D4000005000400014014000780040007C00400A
:104D500090B587B000AF786039607B681B78002B16
:104D600003D07B681B78062B02D94FF0FF3363E03A
:104D70003A687B689A607B685B69184602F068F95C
:104D80007B681B78012B03D07B681B78062B08D12E
:104D90007868FFF7FFFE03461846012101F00CF981
:104DA00007E07868FFF7F6FE03461846012101F098
:104DB000E5F87B685C8B7868FFF726FF034622B234
:104DC00010461946FBF766FC7B681C8B7868FFF77A
:104DD0001BFF034622B210461946FBF75BFC07F1A6
:104DE0000803184602F078FA3B68BB607B685A6992
:104DF00007F108031046194602F0B4F97B685B69B5
:104E00001846012102F084FA7B685B69184640F27B
:104E10002551012202F0D0FA7B685B69184640F206
:104E20002771012202F0C8FA7868FFF721FF0346D4
:104E30001846FEF733FD002318461C37BD4690BDCB
:104E400080B582B000AF78607B68084A1A607B68E2
:104E50001846F2F76DFE0023002B02D07868FAF7AF
:104E600097FA7B6818460837BD4680BD50F10308A5
:104E700080B582B000AF78607868FFF7E1FF7868AE
:104E8000FAF786FA7B6818460837BD4680BD00BF32
:104E900080B582B000AF78607B68184600F030F9CA
:104EA0007B68034A1A607B6818460837BD4680BD98
:104EB00038F1030880B485B000AF786039607B6852
:104EC000D3F80831FB607B68D3F80431BB60FA6823
:104ED000BB689A4204D13B6800221A60002312E0AA
:104EE000FA68BB689A4205DABA68FB68D21A3B686E
:104EF0001A6004E0FB68C3F580723B681A607A6848
:104F0000FB681344043318461437BD465DF8047B30
:104F1000704700BF80B582B000AF786039607B68B1
:104F2000D3F80831786819463A6800F003F9024668
:104F30007B68C3F808210837BD4680BD80B584B0C2
:104F400000AF786039607B68D3F80831FB607B681C
:104F5000D3F80431BB607B681846B96800F004F9E7
:104F60000246FB689A4214BF00230123DBB2002BE8
:104F700004D03B6800221A6000231BE0FA68BB687B
:104F80009A4206DDFA68BB68D31A5A1E3B681A605B
:104F90000CE0BB68C3F580723B681A60FB68002BAD
:104FA00004D13B681B685A1E3B681A607A68BB686C
:104FB0001344043318461037BD4680BD80B582B017
:104FC00000AF786039607B68D3F80431786819469F
:104FD0003A6800F0AFF802467B68C3F8042108374E
:104FE000BD4680BD80B582B000AF786039607B6817
:104FF000D3F808217B68D3F804319A4214BF002308
:105000000123DBB2002B01D0002313E07B68D3F82F
:1050100008317A6813441A793B681A707B68D3F8B0
:1050200008317868194600F09FF802467B68C3F89B
:105030000821012318460837BD4680BD80B584B0DD
:1050400000AF786039607B68D3F80431786819461E
:1050500000F08AF8F8607B68D3F80821FB689A4270
:1050600014BF00230123DBB2002B01D000230CE08E
:105070007B68D3F804313A68127879680B441A7166
:105080007B68FA68C3F80421012318461037BD462F
:1050900080BD00BF80B485B000AF78607B68D3F876
:1050A0000831FB607B68D3F80431BB60FA68BB68E9
:1050B0009A4203DCBA68FB68D31A04E0FB68C3F5C4
:1050C0008072BB68134418461437BD465DF8047BF4
:1050D000704700BF80B483B000AF78607B68D3F8BE
:1050E00008217B68D3F804319A4214BF00230123BE
:1050F000DBB218460C37BD465DF8047B704700BF35
:1051000080B582B000AF78607B681846F2F768FE21
:105110007B68074A1A607B680022C3F808217B6815
:105120000022C3F804217B6818460837BD4680BDBD
:1051300050F1030880B487B000AFF860B9607A60BE
:10514000BA687B6813447B6103E07B69A3F58073D5
:105150007B617B69FF2BF8DC7B6918461C37BD46F9
:105160005DF8047B704700BF80B483B000AF786007
:1051700039603B68FE2B02DC3B68013300E0002312
:1051800018460C37BD465DF8047B704780B582B089
:1051900000AF78607B68084A1A607B681846FFF7A2
:1051A0004FFE0023002B02D07868FAF7F1F87B68F5
:1051B00018460837BD4680BD38F1030880B582B077
:1051C00000AF78607868FFF7E1FF7868FAF7E0F8F9
:1051D0007B6818460837BD4680BD00BF80B582B0E9
:1051E00000AF78607B68084A1A607B68184603F055
:1051F0006DFA0023002B02D07868FAF7C9F87B68B3
:1052000018460837BD4680BD68F1030880B582B0F6
:1052100000AF78607868FFF7E1FF7868FAF7B8F8D0
:105220007B6818460837BD4680BD00BF80B582B098
:1052300000AF78607B6803F5A0731846FFF7A6FF00
:105240007B6834331846FFF7A1FF7B6818460837A0
:10525000BD4680BD90B583B000AF7860064C074B6B
:105260009C4205D0A4F513742046FFF7DFFFF6E754
:105270000C37BD4690BD00BFF8360020E426002064
:10528000B0B582B000AF786039607B68012B1ED169
:105290003A684FF6FF739A4219D10E4B06241D4609
:1052A00005E02846FEF75EFB05F51375013CB4F1F9
:1052B000FF3FF6D100200849084A04F0CBFD08481A
:1052C000FEF738FB06480749044A04F0C3FD0837D7
:1052D000BD46B0BDE4260020555201080C25002033
:1052E00000370020DD51010880B584B000AFF860C0
:1052F000B9607A603B607B68012B04D90648F9F7F6
:105300005BFD002304E0F8683968FFF797FE034669
:1053100018461037BD4680BD80E1030880B500AF58
:1053200001204FF6FF71FFF7ABFF80BD80B485B061
:1053300000AF786039600023FB607B681B68FB600E
:10534000FA68244B1340FB603B681A683B68DB68D3
:105350001A433B685B691A433B689B691A433B6885
:10536000DB691A433B681B6A1A433B685B6A1A4352
:105370003B689B6A1A433B685B6B1A433B689B6BB9
:105380001343FA681343FB607B68FA681A607B6812
:105390005B69FB60FB6823F00703FB603B68DA6A2C
:1053A0003B681B6B1343FA681343FB607B68FA6826
:1053B0005A613B681A697B685A603B685A687B6827
:1053C0009A603B689A687B68DA601437BD465DF87E
:1053D000047B70473F801CF080B483B000AF7860DE
:1053E0007B6800221A607B6800225A607B6800227A
:1053F0009A607B680022DA607B6800221A617B6811
:1054000000225A617B6800229A617B680022DA617F
:105410007B6800221A627B6800225A627B68002245
:105420009A627B680022DA627B6800221A637B68DA
:1054300000225A637B6800229A630C37BD465DF8F0
:10544000047B704780B483B000AF78600B46FB707C
:10545000FB78002B06D07B681B6843F001027B6859
:105460001A6005E07B681B6823F001027B681A6004
:105470000C37BD465DF8047B704700BF80B483B035
:1054800000AF78607B685B689BB218460C37BD46FE
:105490005DF8047B704700BF80B485B000AF7860D2
:1054A0000023FB737B681B6803F00103002B02D011
:1054B0000123FB7301E00023FB73FB7B18461437C9
:1054C000BD465DF8047B704780B487B000AF78605C
:1054D00039600023FB750023FB607A68154B9A4204
:1054E00002D8154B3B6101E0144B3B613B6803F074
:1054F0000053002B03D03B695B68FB6002E03B6913
:105500001B68FB60FB6823F0F02323F08213FB6031
:10551000FA683B681340002B02D00123FB7501E0C1
:105520000023FB75FB7D18461C37BD465DF8047BE8
:10553000704700BF0F6402400060024000640240F8
:1055400080B485B000AF786039607A68104B9A42B9
:1055500002D8104BFB6001E00F4BFB603B6803F08F
:105560000053002B07D03B6823F0F02323F0821375
:10557000FA68D36006E03B6823F0F02323F082133F
:10558000FA6893601437BD465DF8047B704700BF2E
:105590000F640240006002400064024080B485B0A5
:1055A00000AFF860B9601346FB71BB6803F080037D
:1055B000002B0FD0FB79002B06D0FB685B6943F012
:1055C0008002FB685A6105E0FB685B6923F080029A
:1055D000FB685A61BB68802B14D0FB79002B08D084
:1055E000FB681A68BB6803F01E031A43FB681A6065
:1055F00008E0FB681A68BB6803F01E03DB431A402F
:10560000FB681A601437BD465DF8047B704700BF25
:1056100080B487B000AF786039600023FB75002349
:10562000FB600023BB607A68224B9A4202D8224B6F
:105630003B6101E0214B3B613B6823F0F02323F009
:10564000C313002B0AD03B68DB0A03F01E03FB6088
:105650007B681A68FB681340BB6004E07B685B6989
:1056600003F08003BB603B6803F00053002B03D0C2
:105670003B695B68FB6002E03B691B68FB60FB68A1
:1056800023F0F02323F08213FB60FA683B68134099
:10569000002B05D0BB68002B02D00123FB7501E075
:1056A0000023FB75FB7D18461C37BD465DF8047B67
:1056B000704700BF0F640240006002400064024077
:1056C00080B485B000AF786039607A68104B9A4238
:1056D00002D8104BFB6001E00F4BFB603B6803F00E
:1056E0000053002B07D03B6823F0F02323F08213F4
:1056F000FA68D36006E03B6823F0F02323F08213BE
:10570000FA6893601437BD465DF8047B704700BFAC
:105710000F640240006002400064024080B487B021
:1057200000AF7860396000237B6100233B61002378
:10573000FB6000237B6176E07B69012202FA03F3C0
:105740003B613B681A683B691340FB60FA683B6940
:105750009A4265D17B681A687B695B00032101FA74
:1057600003F3DB431A407B681A607B681A683B6866
:105770001B7919467B695B0001FA03F31A437B68C6
:105780001A603B681B79012B03D03B681B79022B05
:105790002ED17B689A687B695B00032101FA03F3D1
:1057A000DB431A407B689A607B689A683B685B7948
:1057B00019467B695B0001FA03F31A437B689A6020
:1057C0007B685A687B699BB2012101FA03F3DB43D2
:1057D0001A407B685A607B685A683B689B79194617
:1057E0007B699BB201FA03F39BB21A437B685A6050
:1057F0007B68DA687B699BB25B00032101FA03F3E3
:10580000DB431A407B68DA607B68DA683B68DB79E7
:1058100019467B695B0001FA03F31A437B68DA607F
:105820007B6901337B617B690F2B85D91C37BD46B2
:105830005DF8047B704700BF80B483B000AF786030
:105840007B684FF6FF721A607B6800221A717B68D2
:1058500000225A717B6800229A717B680022DA71FB
:105860000C37BD465DF8047B704700BF80B483B041
:1058700000AF78607B685B699BB218460C37BD4609
:105880005DF8047B704700BF80B483B000AF7860E0
:105890000B467B807B687A881A830C37BD465DF89F
:1058A000047B704780B483B000AF78600B467B8088
:1058B0007B687A885A830C37BD465DF8047B704755
:1058C00080B483B000AF78600B467B807A887B68B9
:1058D0005A610C37BD465DF8047B704780B485B0D3
:1058E00000AF786013460A467A807B700023FB6025
:1058F0000023BB607A787B8803F007039B0002FAE1
:1059000003F3FB607B88DB089BB21A467B88DB08CD
:105910009BB219467B68083153F821107B8803F04D
:1059200007039B000F2000FA03F3DB4319407B6859
:10593000083243F822107B88DB089BB21A467B684A
:10594000083253F82220FB681343BB607B88DB08D6
:105950009BB21A467B680832B96843F822101437A4
:10596000BD465DF8047B704780B582B000AF7860BB
:105970007A68174B9A420AD14FF40010012100F0C7
:1059800057FB4FF40010002100F052FB1CE07A6836
:10599000104B9A420AD14FF48000012100F048FBDD
:1059A0004FF48000002100F043FB0DE07A680A4BC1
:1059B0009A4209D14FF40000012100F039FB4FF465
:1059C0000000002100F034FB0837BD4680BD00BF59
:1059D0000054004000580040005C004080B58AB090
:1059E00000AF786039600023FB8400237B840423AC
:1059F000BB84574BFB617B689B88FB84FB8C23F04B
:105A00003F03FB8407F10C03184600F0EFF97B69B4
:105A1000FB61FA694F4BA3FB02139B0C7B84FA8C4E
:105A20007B8C1343FB847B68FA8C9A807B681B8891
:105A30009BB223F001039AB27B681A800023FB8497
:105A40003B681A68444B9A4215D83B681B685B0058
:105A5000FA69B2FBF3F3BB84BB8C032B01D804239C
:105A6000BB84FA8CBB8C1343FB847B8C01339AB2CE
:105A70007B681A8440E03B68DA884BF6FF739A42F1
:105A800009D13B681A6813465B001344FA69B2FBFC
:105A9000F3F3BB840EE03B681A6813469B00134483
:105AA0009A001344FA69B2FBF3F3BB84BB8C43F452
:105AB0008043BB84BB8CC3F30B03002B03D1BB8C93
:105AC00043F00103BB84BA8CFB8C13439BB26FEA97
:105AD00043436FEA5343FB847B8C4FF4967202FB83
:105AE00003F31E4A82FB03129211DB17D31A9BB2F7
:105AF00001339AB27B681A847B68FA8C9A837B683C
:105B00001B889BB243F001039AB27B681A807B68C2
:105B10001B88FB84FB8C23F4816323F00203FB844A
:105B20003B689A883B685B8913439AB2FB8C1343AA
:105B3000FB847B68FA8C1A803B689A893B681B89D6
:105B400013439AB27B681A812837BD4680BD00BFD7
:105B500000127A0083DE1B43A0860100D34D621041
:105B600080B483B000AF78600B46FB70FB78002BED
:105B700008D07B681B889BB243F001039AB27B6814
:105B80001A8007E07B681B889BB223F001039AB25E
:105B90007B681A800C37BD465DF8047B704700BFF8
:105BA00080B483B000AF78600B46FB70FB78002BAD
:105BB00008D07B681B889BB243F480739AB27B68E1
:105BC0001A8007E07B681B889BB223F480739AB22B
:105BD0007B681A800C37BD465DF8047B704700BFB8
:105BE00080B483B000AF78600B46FB70FB78002B6D
:105BF00008D07B681B889BB243F400739AB27B6821
:105C00001A8007E07B681B889BB223F400739AB26A
:105C10007B681A800C37BD465DF8047B704700BF77
:105C200080B483B000AF786013460A46FA70BB7048
:105C3000BB78002B04D0FB7843F00103FB7003E03A
:105C4000FB7823F00103FB70FB789AB27B681A8221
:105C50000C37BD465DF8047B704700BF80B483B04D
:105C600000AF78600B46FB70FB78002B08D07B6898
:105C70001B889BB243F480639AB27B681A8007E06A
:105C80007B681B889BB223F480639AB27B681A807E
:105C90000C37BD465DF8047B704700BF80B483B00D
:105CA00000AF78600B46FB70FB789AB27B681A8273
:105CB0000C37BD465DF8047B704700BF80B483B0ED
:105CC00000AF78607B681B8A9BB2DBB218460C374A
:105CD000BD465DF8047B704780B487B000AF786044
:105CE000396000233B610023FB600023BB6000237D
:105CF000FB757B689B8A9BB2FB607B681B8B9BB2AE
:105D0000BB60BB681B04BB60FA68BB68134323F02D
:105D10007F433B613A693B681A403B689A4202D133
:105D20000123FB7501E00023FB75FB7D18461C3742
:105D3000BD465DF8047B704780B487B000AF7860E3
:105D400039600023FB7500233B610023FB607B6807
:105D5000FB603B681B0F3B613B6823F07F433B606C
:105D60003B69002B03D0FB681433FB6005E03B6804
:105D70001B0C3B60FB681833FB60FB681A683B68D0
:105D80001340002B02D00123FB7501E00023FB75BB
:105D9000FB7D18461C37BD465DF8047B704700BF8D
:105DA00080B485B000AF786039600023FB603B6849
:105DB00023F07F43FB60FB689BB2DB439AB27B68B6
:105DC0009A821437BD465DF8047B704780B483B077
:105DD00000AF0346FB71044BFA791A600C37BD46DD
:105DE0005DF8047B704700BF800E474280B489B0E5
:105DF00000AF78600023BB6100237B610023FB615F
:105E000002233B610023FB600223BB60484B9B687D
:105E100003F00C03BB61BB69042B07D0082B09D02E
:105E2000002B3FD17B68434A1A603FE07B68424ABF
:105E30001A603BE03E4B5B6803F480039B0DFB6004
:105E40003B4B5B6803F03F03BB60FB68002B0DD04E
:105E5000394ABB68B2FBF3F2354B596847F6C07359
:105E60000B409B0903FB02F3FB610CE0314ABB686A
:105E7000B2FBF3F22E4B596847F6C0730B409B09F7
:105E800003FB02F3FB612A4B5B6803F440331B0CFA
:105E900001335B003B61FA693B69B2FBF3F27B685B
:105EA0001A6003E07B68234A1A6000BF204B9B689E
:105EB00003F0F003BB61BB691B09BB611F4ABB69EF
:105EC00013441B78DBB27B617B681A687B69DA401C
:105ED0007B685A60164B9B6803F4E053BB61BB6957
:105EE0009B0ABB61154ABB6913441B78DBB27B611B
:105EF0007B685A687B69DA407B689A600C4B9B68C8
:105F000003F46043BB61BB695B0BBB610B4ABB69BC
:105F100013441B78DBB27B617B685A687B69DA408B
:105F20007B68DA602437BD465DF8047B704700BFAC
:105F3000003802400024F40000127A00E40000203F
:105F400080B483B000AF78600B46FB70FB78002B09
:105F500006D0094B084A116B7A680A431A6306E0B7
:105F6000054B054A116B7A68D2430A401A630C3715
:105F7000BD465DF8047B70470038024080B483B0B2
:105F800000AF78600B46FB70FB78002B06D0094B06
:105F9000084A116C7A680A431A6406E0054B054A00
:105FA000116C7A68D2430A401A640C37BD465DF81A
:105FB000047B70470038024080B483B000AF786043
:105FC0000B46FB70FB78002B06D0094B084A516C3E
:105FD0007A680A435A6406E0054B054A516C7A68B0
:105FE000D2430A405A640C37BD465DF8047B7047C3
:105FF0000038024080B483B000AF78600B46FB707D
:10600000FB78002B06D0094B084A11697A680A43CD
:106010001A6106E0054B054A11697A68D2430A40C5
:106020001A610C37BD465DF8047B704700380240AA
:1060300080B483B000AF78600B46FB70FB78002B18
:1060400006D0094B084A116A7A680A431A6206E0C8
:10605000054B054A116A7A68D2430A401A620C3726
:10606000BD465DF8047B70470038024080B483B0C1
:1060700000AF78600B46FB70FB78002B06D0094B15
:10608000084A516A7A680A435A6206E0054B054A93
:10609000516A7A68D2430A405A620C37BD465DF8AD
:1060A000047B70470038024080B487B000AF0346DD
:1060B000FB710023FB6000237B610023FB74FB79F1
:1060C0005B09DBB2FB60FB68012B03D1124B1B6841
:1060D0007B6109E0FB68022B03D10F4B1B6F7B61D7
:1060E00002E00D4B5B6F7B61FB7903F01F03FB60EC
:1060F000FB687A6922FA03F303F00103002B02D054
:106100000123FB7401E00023FB74FB7C18461C3761
:10611000BD465DF8047B70470038024080B485B00E
:1061200000AF786039600023FB817B681B88FB81AE
:10613000FB8903F44153FB813B681A883B685B8809
:1061400013439AB23B689B8813439AB23B68DB883F
:1061500013439AB23B681B8913439AB23B685B892D
:1061600013439AB23B689B8913439AB23B68DB891D
:1061700013439AB2FB891343FB817B68FA891A8027
:106180007B689B8B9BB223F400639AB27B689A83F3
:106190003B681A8A7B681A821437BD465DF8047B17
:1061A000704700BF80B483B000AF78600B46FB70CF
:1061B000FB78002B08D07B681B889BB243F0400320
:1061C0009AB27B681A8007E07B681B889BB223F039
:1061D00040039AB27B681A800C37BD465DF8047B99
:1061E000704700BF80B483B000AF786013460A46A2
:1061F0007A807B707B78002B08D07B689B889AB272
:106200007B8813439AB27B689A8009E07B689B88FD
:106210009AB27B88DB439BB213409AB27B689A8028
:106220000C37BD465DF8047B704700BF90B484B066
:1062300000AF02460B46FA71BB710023FB60BB79CD
:1062400003F003039B000F2202FA03F3FB60154BDC
:10625000BA799208D2B21349B8798008C0B2023034
:1062600051F82000F968C9430140023243F8221076
:106270000C4BBA799208D2B20A49B8798008C0B2F8
:10628000023051F82000FC79B97901F0030189004E
:1062900004FA01F10143023243F822101037BD46DF
:1062A00090BC70470038014080B582B000AF786084
:1062B0007A685F4B9A4208D101200121FFF7D6FE90
:1062C00001200021FFF7D2FEAFE07B68B3F1804FE1
:1062D00008D101200121FFF7ABFE01200021FFF7CB
:1062E000A7FEA2E07A68534B9A4208D1022001210E
:1062F000FFF79EFE02200021FFF79AFE95E07A68E4
:106300004D4B9A4208D104200121FFF791FE042051
:106310000021FFF78DFE88E07A68484B9A4208D149
:1063200008200121FFF784FE08200021FFF780FEEE
:106330007BE07A68424B9A4208D110200121FFF796
:1063400077FE10200021FFF773FE6EE07A683D4B68
:106350009A4208D120200121FFF76AFE2020002167
:10636000FFF766FE61E07A68374B9A4208D1022057
:106370000121FFF77BFE02200021FFF777FE54E0AA
:106380007A68324B9A420AD14FF480300121FFF7EC
:106390006DFE4FF480300021FFF768FE45E07A681B
:1063A0002B4B9A420AD14FF400300121FFF75EFED9
:1063B0004FF400300021FFF759FE36E07A68254B94
:1063C0009A420AD14FF480200121FFF74FFE4FF48B
:1063D00080200021FFF74AFE27E07A681E4B9A4290
:1063E00008D140200121FFF723FE40200021FFF7C4
:1063F0001FFE1AE07A68194B9A4208D180200121C9
:10640000FFF716FE80200021FFF712FE0DE07A68EC
:10641000134B9A4209D14FF480700121FFF708FE17
:106420004FF480700021FFF703FE0837BD4680BDA2
:10643000000001400004004000080040000C004043
:1064400000100040001400400004014000400140E2
:10645000004401400048014000180040001C00407A
:106460000020004080B485B000AF78603960002320
:10647000FB817B681B88FB817A68284B9A4213D08A
:106480007A68274B9A420FD07B68B3F1804F0BD0CC
:106490007A68244B9A4207D07A68234B9A4203D0F9
:1064A0007A68224B9A4208D1FB8923F07003FB8162
:1064B0003B685A88FB891343FB817A681C4B9A42DC
:1064C0000CD07A681B4B9A4208D0FB8923F44073A6
:1064D000FB813B681A89FB891343FB817B68FA893E
:1064E0001A803B685A687B68DA623B681A887B6866
:1064F0001A857A68094B9A4203D07A68084B9A4207
:1065000004D13B689B7A1A467B681A867B68012215
:106510009A821437BD465DF8047B70470000014045
:10652000000401400004004000080040000C00404E
:10653000001000400014004080B483B000AF7860C9
:1065400013460A467A803B807B687A881A857B6886
:106550003A889A820C37BD465DF8047B704700BFCD
:1065600080B483B000AF786039607B683A685A6263
:106570000C37BD465DF8047B704700BF80B483B024
:1065800000AF786039607B683A68DA620C37BD46E4
:106590005DF8047B704700BF80B483B000AF7860C3
:1065A0007B685B6A18460C37BD465DF8047B704714
:1065B00080B483B000AF78600B467B807B681B881B
:1065C0009BB223F008039AB27B681A807B681B8811
:1065D0009AB27B8813439AB27B681A800C37BD4607
:1065E0005DF8047B704700BF80B483B000AF786073
:1065F0000B46FB70FB78002B08D07B681B889BB296
:1066000043F001039AB27B681A8007E07B681B881D
:106610009BB223F001039AB27B681A800C37BD4607
:106620005DF8047B704700BF80B485B000AF786030
:10663000396000237B810023FB810023BB817B68C1
:106640001B8C9BB223F001039AB27B681A847B688F
:106650001B8CFB817B689B88BB817B681B8B7B8150
:106660007B8923F070037B817B8923F003037B818B
:106670003B681A887B8913437B81FB8923F00203E3
:10668000FB813B689A89FB891343FB813B685A88ED
:10669000FB891343FB817A681E4B9A4203D07A68C8
:1066A0001D4B9A4223D1FB8923F00803FB813B68F1
:1066B000DA89FB891343FB81FB8923F00403FB8107
:1066C0003B689A88FB891343FB81BB8923F4807361
:1066D000BB81BB8923F40073BB813B681A8ABB89E9
:1066E0001343BB813B685A8ABB891343BB817B68D8
:1066F000BA899A807B687A891A833B689A687B6832
:106700005A637B68FA891A841437BD465DF8047BA6
:10671000704700BF000001400004014080B485B014
:1067200000AF7860396000237B810023FB81002368
:10673000BB817B681B8C9BB223F010039AB27B68F1
:106740001A847B681B8CFB817B689B88BB817B6880
:106750001B8B7B817B8923F4E0437B817B8923F442
:1067600040737B813B681B881B029AB27B89134371
:106770007B81FB8923F02003FB813B689B891B0104
:106780009AB2FB891343FB813B685B881B019AB279
:10679000FB891343FB817A68224B9A4203D07A68C3
:1067A000214B9A422BD1FB8923F08003FB813B686C
:1067B000DB891B019AB2FB891343FB81FB8923F020
:1067C0004003FB813B689B881B019AB2FB89134302
:1067D000FB81BB8923F48063BB81BB8923F4006305
:1067E000BB813B681B8A9B009AB2BB891343BB8168
:1067F0003B685B8A9B009AB2BB891343BB817B6871
:10680000BA899A807B687A891A833B689A687B6820
:106810009A637B68FA891A841437BD465DF8047B55
:10682000704700BF000001400004014080B485B003
:1068300000AF7860396000237B810023FB81002357
:10684000BB817B681B8C9BB223F480739AB27B68FC
:106850001A847B681B8CFB817B689B88BB817B686F
:106860009B8B7B817B8923F070037B817B8923F069
:1068700003037B813B681A887B8913437B81FB89F7
:1068800023F40073FB813B689B891B029AB2FB894E
:106890001343FB813B685B881B029AB2FB8913435D
:1068A000FB817A68224B9A4203D07A68214B9A4244
:1068B0002BD1FB8923F40063FB813B68DB891B023E
:1068C0009AB2FB891343FB81FB8923F48063FB812C
:1068D0003B689B881B029AB2FB891343FB81BB89EF
:1068E00023F48053BB81BB8923F40053BB813B68F5
:1068F0001B8A1B019AB2BB891343BB813B685B8A2D
:106900001B019AB2BB891343BB817B68BA899A8009
:106910007B687A899A833B689A687B68DA637B68CC
:10692000FA891A841437BD465DF8047B704700BFAE
:10693000000001400004014080B485B000AF7860E1
:1069400039600023BB8100237B810023FB817B68AE
:106950001B8C9BB223F480539AB27B681A847B68A9
:106960001B8C7B817B689B88FB817B689B8BBB81BD
:10697000BB8923F4E043BB81BB8923F44073BB8113
:106980003B681B881B029AB2BB891343BB817B897E
:1069900023F400537B813B689B891B039AB27B895C
:1069A00013437B813B685B881B039AB27B8913434B
:1069B0007B817A68114B9A4203D07A68104B9A42D5
:1069C0000AD1FB8923F48043FB813B681B8A9B012E
:1069D0009AB2FB891343FB817B68FA899A807B68B2
:1069E000BA899A833B689A687B681A647B687A895B
:1069F0001A841437BD465DF8047B704700000140DF
:106A00000004014080B483B000AF78607B6800224E
:106A10001A807B6800225A807B6800229A807B68FB
:106A200000229A607B6800229A817B680022DA81CA
:106A30007B6800221A827B6800225A820C37BD468E
:106A40005DF8047B704700BF80B483B000AF78600E
:106A500039607B683A685A630C37BD465DF8047B41
:106A6000704700BF80B483B000AF786039607B6846
:106A70003A689A630C37BD465DF8047B704700BFE7
:106A800080B483B000AF786039607B683A68DA63BD
:106A90000C37BD465DF8047B704700BF80B483B0FF
:106AA00000AF786039607B683A681A640C37BD467D
:106AB0005DF8047B704700BF80B582B000AF78609E
:106AC00039603B681B88002B0FD13B6859883B68B5
:106AD0009A883B681B89786800F0AEF93B68DB88D0
:106AE0007868194600F048F836E03B681B88042BAC
:106AF0000FD13B6859883B689A883B681B89786846
:106B000000F0D6F93B68DB887868194600F050F849
:106B100022E03B681B88082B0FD13B6859883B68F3
:106B20009A883B681B89786800F008FA3B68DB8824
:106B30007868194600F05AF80EE03B6859883B68BF
:106B40009A883B681B89786800F03AFA3B68DB88D2
:106B50007868194600F066F80837BD4680BD00BF6A
:106B600080B483B000AF78607B681B6C18460C372C
:106B7000BD465DF8047B704780B483B000AF786099
:106B80000B467B807B681B8B9BB223F00C039AB275
:106B90007B681A837B681B8B9AB27B8813439AB2FB
:106BA0007B681A830C37BD465DF8047B704700BFD5
:106BB00080B483B000AF78600B467B807B681B8B12
:106BC0009BB223F440639AB27B681A837B681B8B69
:106BD0009AB27B881B029BB213439AB27B681A83DA
:106BE0000C37BD465DF8047B704700BF80B483B0AE
:106BF00000AF78600B467B807B689B8B9BB223F059
:106C00000C039AB27B689A837B689B8B9AB27B88D1
:106C100013439AB27B689A830C37BD465DF8047BB8
:106C2000704700BF80B483B000AF78600B467B80B4
:106C30007B689B8B9BB223F440639AB27B689A83F8
:106C40007B689B8B9AB27B881B029BB213439AB2E0
:106C50007B689A830C37BD465DF8047B704700BFA4
:106C600080B483B000AF78600B46FB70FB78002BDC
:106C70000CD07B68B3F844309BB26FEA43436FEAB1
:106C800053439AB27B68A3F8442009E07B68B3F8C9
:106C900044309BB2C3F30E039AB27B68A3F844203E
:106CA0000C37BD465DF8047B704700BF80B483B0ED
:106CB00000AF786013460A467A807B707B78002BA1
:106CC00008D07B689B899AB27B8813439AB27B6811
:106CD0009A8109E07B689B899AB27B88DB439BB2EF
:106CE00013409AB27B689A810C37BD465DF8047BED
:106CF000704700BF80B485B000AF78600B467B80E2
:106D00000023FB730023BB8100237B817B681B8AEC
:106D10009AB27B881340BB817B689B899AB27B883F
:106D200013407B81BB89002B05D07B89002B02D0CF
:106D30000123FB7301E00023FB73FB7B1846143730
:106D4000BD465DF8047B704780B483B000AF7860C7
:106D50000B467B807B88DB439AB27B681A820C37B8
:106D6000BD465DF8047B704780B483B000AF7860A7
:106D70007B681B899BB223F007039AB27B681A8158
:106D80000C37BD465DF8047B704700BF80B487B008
:106D900000AFF86079813A81FB800023FB820023F9
:106DA000BB8200237B82FB681B89FB82FB681B8BF9
:106DB000BB82FB681B8C7B82FB8A23F00703FB8270
:106DC000FA8A7B891343FB82BB8A23F4407323F046
:106DD0000303BB82BB8A43F4807343F00103BB828D
:106DE0007B8A23F022037B82FB881B019AB23B89BA
:106DF00013439AB27B8A13437B82FB68FA8A1A8117
:106E0000FB68BA8A1A83FB687A8A1A841C37BD46E3
:106E10005DF8047B704700BF80B483B000AF78603A
:106E20000B467B807B687A88A3F850200C37BD46E0
:106E30005DF8047B704700BF80B487B000AFF86096
:106E400079813A81FB800023FB820023BB82FB68AF
:106E50001B8C9BB223F001039AB2FB681A84FB6877
:106E60001B8BFB82FB681B8CBB82FB8A23F0F3032A
:106E7000FB82FB881B019AB23B8913439AB2FB8ABF
:106E80001343FB82BB8A23F00A03BB827A89BB8A45
:106E900013439BB243F00103BB82FB68FA8A1A8357
:106EA000FB68BA8A1A841C37BD465DF8047B7047BC
:106EB00080B487B000AFF86079813A81FB8000230D
:106EC000FB820023BB8200237B82FB681B8C9BB26E
:106ED00023F010039AB2FB681A84FB681B8BFB82B9
:106EE000FB681B8CBB827B891B017B82FB8A23F4A2
:106EF00040731B051B0DFB82FB881B039AB2FB8AA8
:106F00001343FB823B891B029AB2FB8A1343FB8229
:106F1000BB8A23F0A003BB827A8ABB8A13439BB24D
:106F200043F01003BB82FB68FA8A1A83FB68BA8AB3
:106F30001A841C37BD465DF8047B704780B487B067
:106F400000AFF86079813A81FB800023FB82002347
:106F5000BB8200237B82FB681B8C9BB223F4807373
:106F60009AB2FB681A84FB689B8BFB82FB681B8CC4
:106F7000BB827B891B027B82FB8A23F0F303FB82AB
:106F8000FB881B019AB23B8913439AB2FB8A1343D5
:106F9000FB82BB8A23F42063BB827A8ABB8A1343B9
:106FA0009BB243F48073BB82FB68FA8A9A83FB68C6
:106FB000BA8A1A841C37BD465DF8047B704700BF4F
:106FC00080B487B000AFF86079813A81FB800023FC
:106FD000FB820023BB8200237B82FB681B8C9BB25D
:106FE00023F480539AB2FB681A84FB689B8BFB8264
:106FF000FB681B8CBB827B891B037B82FB8A23F48F
:1070000040731B051B0DFB823B891B029AB2FB8A56
:107010001343FB82FB881B039AB2FB8A1343FB8258
:10702000BB8A23F400535B045B0CBB827A8ABB8A65
:1070300013439BB243F48053BB82FB68FA8A9A8362
:10704000FB68BA8A1A841C37BD465DF8047B70471A
:1070500080B582B000AF78607A683A4B9A4208D126
:1070600010200121FFF702F810200021FEF7FEFF9B
:1070700065E07A68344B9A420AD14FF4003001211E
:10708000FEF7D6FF4FF400300021FEF7D1FF56E0A7
:107090007A682E4B9A420AD14FF480200121FEF7E4
:1070A000C7FF4FF480200021FEF7C2FF47E07A6857
:1070B000274B9A420AD14FF400200121FEF7B8FF76
:1070C0004FF400200021FEF7B3FF38E07A68214B2F
:1070D0009A420AD14FF480100121FEF7A9FF4FF424
:1070E00080100021FEF7A4FF29E07A681A4B9A422B
:1070F00008D120200121FEF7B9FF20200021FEF752
:10710000B5FF1CE07A68154B9A420AD14FF08040D7
:107110000121FEF78DFF4FF080400021FEF788FF30
:107120000DE07A680E4B9A4209D14FF000400121E0
:10713000FEF77EFF4FF000400021FEF779FF083791
:10714000BD4680BD001001400044004000480040A2
:10715000004C004000500040001401400078004006
:10716000007C004080B58AB000AF786039600023B1
:107170007B6200233B620023FB610023BB617B68D1
:107180001B8A9BB27B627B6A23F440537B623B6821
:10719000DB887A6A13437B627B6A9AB27B681A82C5
:1071A0007B689B899BB27B627B6A23F4B05323F09C
:1071B0000C037B623B689A883B681B8913439AB235
:1071C0003B685B8913439BB27A6A13437B627B6A99
:1071D0009AB27B689A817B689B8A9BB27B627B6A4E
:1071E00023F440737B623B689B897A6A13437B621A
:1071F0007B6A9AB27B689A8207F108031846FEF709
:10720000F5FD7A68314B9A4203D07A68304B9A4246
:1072100002D17B693B6201E03B693B627B689B89F1
:107220009BB29BB21BB2002B0CDA3A6A13469B004E
:1072300013449A001A443B681B685B00B2FBF3F3EB
:10724000FB610BE03A6A13469B0013449A001A4410
:107250003B681B689B00B2FBF3F3FB61FA691D4BB3
:10726000A3FB02135B091B017B627B6A1B0964227F
:1072700002FB03F3FA69D31ABB617B689B899BB25B
:107280009BB21BB2002B0DDABB69DB0003F13202AB
:10729000104BA3FB02135B0903F007037A6A134345
:1072A0007B620CE0BB691B0103F13202094BA3FBBB
:1072B00002135B0903F00F037A6A13437B627B6A54
:1072C0009AB27B681A812837BD4680BD0010014004
:1072D000001401401F85EB5180B483B000AF78608B
:1072E0007B684FF416521A607B6800229A807B6894
:1072F0000022DA807B6800221A817B680C225A8186
:107300007B6800229A810C37BD465DF8047B70478C
:1073100080B483B000AF78600B46FB70FB78002B25
:1073200008D07B689B899BB243F400539AB27B6878
:107330009A8107E07B689B899BB223F400539AB241
:107340007B689A810C37BD465DF8047B704700BFAF
:1073500080B483B000AF78607B689B889BB2C3F336
:1073600008039BB218460C37BD465DF8047B704796
:1073700080B483B000AF786013460A467A807B7091
:107380007B78002B08D07B689B8A9AB27B8813435A
:107390009AB27B689A8209E07B689B8A9AB27B8862
:1073A000DB439BB213409AB27B689A820C37BD468E
:1073B0005DF8047B704700BF80B487B000AF786091
:1073C00013460A467A807B7000233B610023FB60F2
:1073D0000023BB6000237B617B687B617B88DBB221
:1073E0005B09DBB23B617B8803F01F03FB60FB683A
:1073F000012202FA03F3BB603B69012B03D17B69D5
:107400000C337B6109E03B69022B03D17B691033AC
:107410007B6102E07B6914337B617B78002B06D0B3
:107420007B697A691168BA680A431A6006E07B6969
:107430007A691168BA68D2430A401A601C37BD469F
:107440005DF8047B704700BF80B485B000AF786002
:107450000B467B800023FB737B681B889AB27B887A
:1074600013409BB2002B02D00123FB7301E00023E9
:10747000FB73FB7B18461437BD465DF8047B7047F1
:1074800080B487B000AF78600B467B800023FB6040
:1074900000237B610023BB600023FB747B88DBB28D
:1074A0005B09DBB2BB607B8803F01F037B617B69F8
:1074B000012202FA03F37B61BB68012B06D17B68D2
:1074C0009B899BB27A6913407B610FE0BB68022BFA
:1074D00006D17B681B8A9BB27A6913407B6105E009
:1074E0007B689B8A9BB27A6913407B617B881B0A0D
:1074F0009BB2FB60FB68012202FA03F3FB607B682E
:107500001B889BB2FA681340FB607B69002B05D097
:10751000FB68002B02D00123FB7401E00023FB7405
:10752000FB7C18461C37BD465DF8047B704700BFE6
:1075300080B483B000AF03463960FB7197F9073020
:10754000002B0BDA0D49FB7903F00F03043B3A687B
:10755000D2B21201D2B20B441A7609E0084997F967
:1075600007303A68D2B21201D2B20B4483F800233A
:107570000C37BD465DF8047B704700BF00ED00E0AE
:1075800000E100E080B584B000AF174B00221A6024
:107590006FF00100FF21FFF7CBFF4FF0FF30FF211D
:1075A000FFF7C6FF00F04CFD00F00CF902460F4B50
:1075B0001A600F4B1A680F4B1A600F484FF4E131F5
:1075C000FCF774FC00F006FB3B461846FEF70EFC89
:1075D0003A680A4BA3FB02139B0C09481946F7F7BC
:1075E00059FB1037BD4680BD583700207837002042
:1075F000107AFF1F1C0100205C37002083DE1B4334
:1076000090E1030880B400AF72B6BD465DF8047B1C
:10761000704700BF80B400AF62B6BD465DF8047B22
:10762000704700BF80B483B000AF786039607B687A
:10763000043B7B607B684FF080721A607B68043B80
:107640007B60104A7B681A607B68043B7B607B68C8
:1076500000221A607B68143B7B603A687B681A6082
:107660007B68043B7B607B686FF002021A607B687A
:10767000203B7B607B6818460C37BD465DF8047B79
:10768000704700BFD589010803480068006880F38F
:10769000088862B600DF00BF08ED00E00349086813
:1076A000B0E8F04F80F30988704700BF54370020DE
:1076B00071B6EFF309801EF0100F08BF20ED108A9D
:1076C00020E9F04F00F01CFE06490868B0E8F04FD2
:1076D0001EF0100F08BFB0EC108A80F3098861B665
:1076E000704700BF5437002080B483B000AF78608B
:1076F000034B7A681A600C37BD465DF8047B70470F
:107700005437002080B400AF044B044A526842F062
:1077100080525A60BD465DF8047B704700ED00E082
:1077200098B500AF18481021FFF7E4FA0346002B84
:107730000CBF00230123DBB2002B24D0134B1B68AA
:107740001C46621C114B1A600F48FFF709FA0346EA
:107750009AB20F4B23F814200B481021FFF7F4FACC
:107760000A4B1B68012B0ED9094B5A88084B1B8802
:10777000D31A9BB21A46074B1A60044B00221A60B8
:10778000054B01221A7098BD000C00408437002080
:10779000883700207C3700208037002080B400AF7D
:1077A000BD465DF8047B704780B500AF044B1B6895
:1077B000002B02D1FFF7B4FF01E0FFF7EFFF80BD20
:1077C0007837002080B588B000AF414B1B68002B94
:1077D00002D03F4B1B6876E03E4B00221A603E4BC6
:1077E00000221A703D4B00221A600120FEF7EEFACB
:1077F00000BF6120FEF758FC0346002B14BF002396
:107800000123DBB2002BF4D108200121FEF7B6FBE7
:1078100033484021FFF700FB314800210122FEF7E9
:107820008BFE0C233B8200237B820123BB820C2333
:10783000FB8200233B8307F1100329481946FFF719
:107840003BF932233B7700237B770023BB7701236F
:10785000FB7707F11C03184601F066FE2048012162
:10786000FEF7C2FE1E4B00221A821D481021012283
:10787000FFF71CFA00BF184B1B78DBB283F0010343
:10788000DBB2002BF7D11648FEF70EFD3B4618463B
:10789000FEF7ACFA134B9B6803F4E053002B14BFC4
:1078A00000230123DBB2002B06D0BA68094B1B680A
:1078B000B2FBF3F3DB0006E0BB685A00054B1B6824
:1078C000B2FBF3F3DB0018462037BD4680BD00BF96
:1078D000783700207C370020803700208437002054
:1078E000000C00400038024080B584B002AF7860E0
:1078F00039607B68012B10D13A684FF6FF739A42CA
:107900000BD14FF0FF3300934FF0FF330193044846
:10791000032138223923FCF79BF80837BD4680BD88
:107920005C37002080B500AF01204FF6FF71FFF7F4
:10793000DBFF80BD80B483B000AF0346FB71084B12
:1079400097F907205209F97901F01F01012000FA87
:1079500001F143F822100C37BD465DF8047B7047F7
:1079600000E100E080B483B000AF0346FB71094B37
:1079700097F907205209F97901F01F01012000FA57
:1079800001F1603243F822100C37BD465DF8047BEC
:10799000704700BF00E100E080B483B000AF034651
:1079A0003960FB7197F90730002B0BDA0D49FB7931
:1079B00003F00F03043B3A68D2B21201D2B20B4477
:1079C0001A7609E0084997F907303A68D2B21201ED
:1079D000D2B20B4483F800230C37BD465DF8047B1C
:1079E000704700BF00ED00E000E100E080B582B02C
:1079F00000AF144B1B7883F00103DBB2002B00D0E7
:107A00001CE0F7F735FEC7E90001D7E9000101F0F6
:107A1000CFFCF7F72DFE0C4BD3E90023904271EB1E
:107A2000030CACBF00230123DBB2002B00D005E028
:107A3000064B064A526842F080525A600837BD46EB
:107A400080BD00BF14010020B837002000ED00E029
:107A500080B582B000AF78607B68B3F1807F01D3DE
:107A600001230EE0094B7A6822F07F42013A5A6006
:107A70004FF0FF300F21FFF78FFF044B00229A6079
:107A8000002318460837BD4680BD00BF10E000E067
:107A900080B400AF044B03221A6000231846BD4691
:107AA0005DF8047B704700BF10E000E080B400AFD9
:107AB000044B00221A6000231846BD465DF8047B83
:107AC000704700BF10E000E0B0B500AF0F4B1B687F
:107AD000DB0818464FF000010D4BD3E9002302FBF1
:107AE00001F500FB03F42C44A0FB0223E1180B4634
:107AF00010461946074A4FF00003EEF703FD024611
:107B00000B4613461846FFF7A3FFB0BD0001002047
:107B1000F800002040420F00B0B500AF104B1B68CA
:107B2000DB0818464FF000010E4BD3E9002302FB9F
:107B300001F500FB03F42C44A0FB0223E1180B46E3
:107B400010461946084A4FF00003EEF7DBFC0246E8
:107B50000B4613461846FFF77BFFFFF799FFB0BDB2
:107B600000010020F800002040420F0080B500AF67
:107B7000FFF79CFF80BD00BF80B483B000AFC7E9B2
:107B800000010549D7E90023C1E900230C37BD46B0
:107B90005DF8047B704700BFF800002080B500AF9F
:107BA00009480121FFF7D0F81A20FFF7DBFE074B49
:107BB000D3E90001064A4FF00003121843EB01031A
:107BC0000249C1E9002380BD0048014090370020F0
:107BD0008096980080B588B000AF0023FB774FF403
:107BE00080200121FEF7E8F94FF480200021FEF704
:107BF0003DFA3B461846FEF7F9F82048FEF754FBDD
:107C00007A68FB68B2FBF3F3012B02D90223FB77FE
:107C100001E00123FB774EF660237B61FB68FA7F6E
:107C200002FB03F2164BA3FB0213DB0C9BB2013BDE
:107C30009BB23B8200237B8200233B830023BB76E5
:107C400007F110030D481946FEF70CFC0B48012103
:107C50000122FFF72BF84FF48020012101F046FCB0
:107C600006480121FEF7C0FC1A20FF21FFF794FE11
:107C70001A20FFF75FFE2037BD4680BD0048014057
:107C8000819F5E160000000080B586B000AF002323
:107C90007B614FF000024FF00003C7E90223284B3D
:107CA000D3E90023C7E902232648FEF775FC034603
:107CB0007B61234BD3E90023D7E90201994208BF36
:107CC0009042ECD14FF000024FF00003C7E90023CF
:107CD00019A3D3E90023C7E900237B691A464FEAB9
:107CE000E273796802FB01F0396803FB01F101449A
:107CF0003868A0FB022319440B46C7E90023C7E9F3
:107D00000023D7E90023104619460F4A4FF000031D
:107D1000EEF7F8FB02460B46C7E90023D7E900015E
:107D2000D7E90223121843EB01031046194618370E
:107D3000BD4680BDAFF30080AA21EF09000000001E
:107D4000903700200048014040420F00AFF3008010
:107D500080B400AF05494FF000024FF00003C1E9C5
:107D60000023BD465DF8047B704700BF90370020BC
:107D700080B400AFFEE700BF80B400AF04205FEA2C
:107D80000E01084200F00480EFF3098000F002B811
:107D9000EFF30880416900BEFEE700BF80B400AF8A
:107DA000FEE700BF80B400AFFEE700BF80B400AFC5
:107DB000FEE700BF80B400AFFEE700BF80B483B031
:107DC00000AF78604FF0FF3318460C37BD465DF8C2
:107DD000047B704780B483B000AF786039603B6843
:107DE0004FF400525A60002318460C37BD465DF828
:107DF000047B704780B483B000AF786001231846DD
:107E00000C37BD465DF8047B704700BF80B485B079
:107E100000AFF860B9607A60002318461437BD4699
:107E20005DF8047B704700BF80B485B000AFF86098
:107E3000B9607A60002318461437BD465DF8047BAC
:107E4000704700BF80B485B000AF7860144B1B68EA
:107E5000002B02D1124B134A1A60114B1B68FB60B6
:107E60000F4B1A687B681A440F4B1B785BB2594260
:107E70000E4B0B449A4206D900BE0D4B0C221A60E1
:107E80004FF0FF3306E0064B1A687B681A44044B38
:107E90001A60FB6818461437BD465DF8047B7047CE
:107EA0009837002068F00020000400000000022045
:107EB00064F0002080B586B000AFF860B9607A60E9
:107EC00000237B610BE0BB681B785BB2184600F0B7
:107ED0002FF8BB680133BB607B6901337B617A6932
:107EE0007B689A42EFDB7B6818461837BD4680BD39
:107EF00080B584B000AFF860B9607A603B603B68E1
:107F0000B86879681A46FFF7D5FF03461846103758
:107F1000BD4680BD80B582B000AF786039603B68F7
:107F20001846FFF78FFF034618460837BD4680BD49
:107F300080B584B000AF78607B68FB7397F90F3031
:107F40000A2B02D10D20FFF7F3FF16E000F04AFAEA
:107F50000346002B07D013484FF0FF326FF0004369
:107F6000F6F7DCFF09E000BF0E48FCF7B9FA03465C
:107F700083F00103DBB2002BF6D197F90F300948EB
:107F80001946FCF727FA0346B3F1FF3F14BF00235D
:107F90000123DBB2002BD9D197F90F3018461037E7
:107FA000BD4680BD5C37002080B400AFFEE700BF57
:107FB00080B400AFBD465DF8047B704780B400AF6D
:107FC000BD465DF8047B704780B500AF184B184A7A
:107FD000526822F080425A60164B164AD2F8882026
:107FE00042F47002C3F88820134B134A126842F01F
:107FF00001021A60104B00229A600F4A0E4B1B6858
:1080000023F0847323F4803313600B4B0B4A5A60C4
:10801000094B094A126822F480221A60064B00229A
:10802000DA6000F089F8034B4FF000629A6080BD7F
:1080300030EF00E000ED00E0003802401030002496
:1080400080B487B000AF00233B6100237B61022333
:10805000FB600023BB6002237B60324B9B6803F014
:108060000C033B613B69042B07D0082B09D0002B84
:108070003FD12D4B2D4A1A603FE02B4B2C4A1A6002
:108080003BE0284B5B6803F480039B0DBB60254BF2
:108090005B6803F03F037B60BB68002B0DD0244A74
:1080A0007B68B2FBF3F21F4B596847F6C0730B4075
:1080B0009B0903FB02F37B610CE01C4A7B68B2FB6B
:1080C000F3F2184B596847F6C0730B409B0903FB4A
:1080D00002F37B61134B5B6803F440331B0C0133E9
:1080E0005B00FB607A69FB68B2FBF3F20E4B1A602F
:1080F00003E00D4B0D4A1A6000BF0A4B9B6803F06A
:10810000F0031B090B4AD35CDBB23B61064B1A68D8
:108110003B69DA40044B1A601C37BD465DF8047BAE
:10812000704700BF00380240000100200024F40026
:1081300000127A000401002080B483B000AF002355
:108140007B6000233B60694B684A126842F48032CE
:108150001A60664B1B6803F400333B607B68013395
:108160007B603B68002B03D17B68B3F5A04FF0D157
:108170005E4B1B6803F40033002B02D001233B60ED
:1081800001E000233B603B68012B43D1574B574A2A
:10819000126C42F080521A64554B554A126842F4F0
:1081A00040421A60514B514A92689A604F4B4F4A75
:1081B000926842F400429A604C4B4C4A926842F4F6
:1081C000A0529A60494B4B4A5A60484B474A126842
:1081D00042F080721A6000BF444B1B6803F00073CA
:1081E000002BF9D0444B40F205721A603F4B3F4AD6
:1081F000926822F003029A603C4B3C4A926842F03B
:1082000002029A6000BF394B9B6803F00C03082BF5
:10821000F9D165E0354B354A126C42F080521A6450
:10822000334B334A126842F400421A602F4B2F4AF4
:10823000126C42F080521A6400BF2C4B1B6803F092
:108240000203002BF9D02A4B294A126842F080021F
:108250001A60264B254A126822F080721A6000BF0D
:10826000224B1B6803F00073002BF9D11F4B234AEC
:108270005A601E4B1D4A126842F080721A6000BF9D
:108280001A4B1B6803F00073002BF9D01A4B40F215
:1082900002721A60184B1B6803F00F03022B00D008
:1082A000FEE7124B114A926842F002029A6000BF48
:1082B0000E4B9B6803F00803002BF9D00B4B0B4AC5
:1082C000926822F0F0029A60084B084A926842F4E1
:1082D00080529A60054B054A926822F460429A6087
:1082E0000C37BD465DF8047B704700BF0038024084
:1082F0000070004008544027003C02401054002702
:1083000080B582B000AF7860044B1B687A681A624F
:1083100000F026F80837BD4680BD00BF10380020A9
:1083200080B500AF0B4B19684FF000024FF000030F
:10833000C1E90A23074B1A68074B1A60074B012251
:108340001A60044B1B68184600F03AFAFFF79CF9D4
:1083500080BD00BF180100201038002058370020D1
:1083600080B584B000AF1C4BD3E90023013243F148
:1083700000031949C1E90023184BD3E90023C7E9D9
:108380000223D7E9022352EA030103D1F7F770F978
:10839000C7E9020111494FF000024FF00003C1E9A3
:1083A00000230F4B1B687B607B68002B04D1D7E94F
:1083B000020100F06DFB7860094B00221A60064B49
:1083C000D3E900237968C1E91223786800F0F8F94D
:1083D0001037BD4680BD00BFA0370020B037002059
:1083E000A837002080B400AF054B1B68002BD4BF1A
:1083F00000230123DBB21846BD465DF8047B7047BD
:108400005837002080B483B000AF786039607B6853
:10841000012B0CD13A684FF6FF739A4207D16FF0E7
:108420000302054B134423F00702044B1A600C3778
:10843000BD465DF8047B70479C3700209C370020C8
:1084400080B500AF01204FF6FF71FFF7DBFF80BD65
:1084500080B483B000AF78607B6800221A607B68CC
:1084600000225A607B6800229A607B680022DA60F2
:108470007B6818460C37BD465DF8047B704700BF2B
:1084800080B586B000AF786000F0DAF938613869FD
:1084900000F0BCF9F86040F2EB30F7F7B1F80346B2
:1084A00001337B6142E07B681B68002B2CD07B682A
:1084B0001A683B699A4227D07B681B68184600F00F
:1084C000A5F90246FB689A42ACBF00230123DBB248
:1084D000002B05D07B681B681846F96800F0A2F9EC
:1084E00006E04FF0FF306FF000417A6800F0D0F9FD
:1084F0007B681B68002B04D07B681A683B699A4232
:10850000EFD17B680022DA607B683A691A607B6889
:10851000FA685A607B68DB685A1C7B68DA607B69A2
:10852000013B1846F7F76CF800237B617B69002B51
:10853000B9D100F00FF91837BD4680BD80B586B0BF
:1085400000AF786000F07CF9F86000237B617B6805
:108550001A68FB689A4200D03BE07B68DB685A1ED1
:108560007B68DA607B68DB68002B00DD31E040F27D
:10857000EB30F7F745F8034601333B611DE07B68BC
:108580005B6801333B617B6800225A607B68002294
:108590001A60786800F054FB78617B69002B05D085
:1085A0007B687A691A60786900F056F93B69013B8B
:1085B0001846F7F725F800233B613B69002BDED115
:1085C0007B69002B05D07B685B68002B01D100F034
:1085D000C1F81837BD4680BD80B483B000AF786065
:1085E0007B685B6818460C37BD465DF8047B7047B6
:1085F00080B586B000AFF860B9607A603B60FB6818
:10860000043318462E49BA680023F6F733FDFB6899
:108610002C4A1A60FB683A685A61FB685B69184625
:1086200000F07CFE0246FB68DA61FB68DA69FB68F1
:108630005B69043B134423F007031A46FB689A6105
:10864000FB689B697B6105E07B691F4A1A607B6957
:10865000043B7B617A69FB68DB699A42F4D2FB6870
:108660009B691846F968FEF7DDFF0246FB681A624F
:10867000F9684FF000024FF00003C1E91223FB68D4
:108680007A685A62F9684FF000024FF00003C1E9BE
:108690000A23FB6800221A63F9684FF0FF326FF07B
:1086A0000043C1E90E23F9684FF000024FF00003C8
:1086B000C1E91023FB6818461837BD4680BD00BFCE
:1086C00014380020F0F10308EFBEADDE80B582B0B3
:1086D00000AF78607B680F4A1A607B6804331846E5
:1086E000FFF77AFF03460C481946F6F7D3FA0B4812
:1086F000F6F762FB7B6804331846F6F703FD0023A8
:10870000002B02D07868F6F743FE7B6818460837DE
:10871000BD4680BDF0F10308A0E10308A4E1030811
:1087200080B582B000AF78607868FFF7CFFF7868D7
:10873000F6F72EFE7B6818460837BD4680BD00BFA1
:1087400080B483B000AF78600C37BD465DF8047B21
:10875000704700BF80B584B000AF164B1B7883F024
:108760000103DBB2002B00D020E0F6F781FFC7E960
:108770000201D7E9020100F08BF9786000F060F89F
:1087800002467B689A4214BF00230123DBB2002B10
:1087900000D00BE0084B7A681A600849D7E9022339
:1087A000C1E90023FFF7E2F9FEF7ACFF1037BD4641
:1087B00080BD00BF14010020A8370020B037002082
:1087C00080B582B000AF78600D4B7A681A600D4BAF
:1087D0001A680D4B9A42CCBF00230123DBB2002B59
:1087E00004D0084B1B685A1C064B1A60FFF794F91B
:1087F0007B681B6A1846FEF777FF0837BD4680BDC9
:108800001038002058370020FEFF0F0080B483B0DE
:1088100000AF78607B685B6A18460C37BD465DF830
:10882000047B704780B483B000AF786039607B68A8
:108830003A685A620C37BD465DF8047B704700BF4A
:1088400080B400AF034B1B681846BD465DF8047B3F
:10885000704700BF1038002080B483B000AF78604C
:108860000A494FF000024FF00003C1E900237B6882
:1088700000221A6379684FF000024FF00003C1E94B
:108880000A230C37BD465DF8047B7047B8370020DB
:1088900080B586B000AFC7E902017A60FFF7D0FF6C
:1088A000386140F2EB30F6F7ABFE034601337B61F3
:1088B0000EE03B697A681A633969D7E90223C1E996
:1088C0000A237B69013B1846F6F79AFE00237B6179
:1088D0007B69002BEDD1FFF73DFF3B6900221A6356
:1088E0003B69D3E90A231343002B14BF0023012360
:1088F000DBB2002B01D0012300E00023184618371B
:10890000BD4680BDB0B582B000AF2E48F7F71CFC65
:108910002D4B1B68002B03D02B4B1B68043B00E046
:1089200000237B6027E07B685D6A7B685C697B680D
:1089300004331846FFF750FE0346244829462246D2
:10894000F7F702FC7B681B680C331B687868984754
:1089500079684FF000024FF00003C1E90A237B68F9
:1089600004331846F6F7F0FE0346002B01D0043B13
:1089700000E000237B607B68002BD4D11448F7F71C
:10898000E3FB114B1B68002B03D00F4B1B68043B10
:1089900000E000233B600EE03868FFF7D1FE3B6843
:1089A00004331846F6F7D0FE0346002B01D0043BF3
:1089B00000E000233B603B68002BEDD10837BD464B
:1089C000B0BD00BFB4E1030814380020C8E10308BB
:1089D000ECE1030880B582B000AF78600C4B7A6898
:1089E0001A6079684FF000024FF00003C1E90A23D2
:1089F0007B681B6808331B687868984779684FF074
:108A0000FF326FF00043C1E90A23FFF7A3FEF5E749
:108A10001038002080B582B000AF78607B681846BF
:108A2000064900224FF4FA63FFF7E2FD7B68044A2F
:108A30001A607B6818460837BD4680BDF0E1030820
:108A4000D8F1030880B582B000AF7860094BD3E954
:108A50000023013243F100030649C1E900237B688A
:108A600018460021FFF7DEFEFFF7A2FAFFF772FEBD
:108A7000ECE700BF2838002080B582B000AF7860F6
:108A80000248F7F761FB0837BD4680BDFCE10308EB
:108A900090B585B000AFC7E90001634BFB60D7E933
:108AA00000015FA3D3E90023121843EB01035F49E0
:108AB000C1E900235E4B1B68002B03D05C4B1B6895
:108AC000043B00E00023BB606EE0BB68D3E90A0111
:108AD000D7E90023904271EB030CACBF00230123C4
:108AE000DBB2002B31D0B868FFF790FE0446F8687F
:108AF000FFF78CFE03469C42D4BF00230123DBB268
:108B0000002B01D0BB68FB60B868FFF77FFE04460E
:108B1000F868FFF77BFE03469C4214BF0023012345
:108B2000DBB2002B34D0BB68D3E91201FB68D3E978
:108B30001223994208BF90422CBF00230123DBB2CD
:108B4000002B25D0BB68FB6022E0B868FFF75EFE13
:108B50000446F868FFF75AFE03469C42B4BF002360
:108B60000123DBB2002B13D0BB68D3E90A232F49C2
:108B7000D1E90001904271EB030C03DBBB68D3E940
:108B80000A2302E0294BD3E900232849C1E9002345
:108B9000BB6804331846F6F7D7FD0346002B01D017
:108BA000043B00E00023BB60BB68002B8DD1FB6859
:108BB0001B6A1A46FB68DB69D31AB3F5967F14DA91
:108BC000FA68FB681B6A1946FB68DB69CB1A19480F
:108BD00011461A46F7F7B8FAF9684FF0FF326FF00E
:108BE0000043C1E90A23104BFB60FB68DB691A688C
:108BF000114B9A420DD0FB6810481946F7F7A4FABA
:108C0000F9684FF0FF326FF00043C1E90A23064BC9
:108C1000FB60FB6818461437BD4690BDAFF300807B
:108C200000E1F50500000000C0370020B837002043
:108C30001438002010E20308EFBEADDE3CE203086A
:108C400090B585B000AF78602E4BFB602E4B1B6853
:108C5000002B03D02C4B1B68043B00E00023BB60BF
:108C600042E0BB681A6B7B689A4231D1B868FFF763
:108C7000CDFD0446F868FFF7C9FD03469C42D4BF0A
:108C800000230123DBB2002B02D0BB68FB601FE096
:108C9000B868FFF7BBFD0446F868FFF7B7FD034669
:108CA0009C4214BF00230123DBB2002B10D0BB6811
:108CB000D3E91201FB68D3E91223994208BF90421D
:108CC0002CBF00230123DBB2002B01D0BB68FB606B
:108CD000BB6804331846F6F737FD0346002B01D076
:108CE000043B00E00023BB60BB68002BB9D1FA68ED
:108CF000044B9A4201D1002300E0FB681846143768
:108D0000BD4690BDC03700201438002080B582B029
:108D100000AF78607B68084A1A607B681846FFF7E6
:108D2000D5FC0023002B02D07868F6F731FB7B6876
:108D300018460837BD4680BDD8F1030880B582B01B
:108D400000AF78607868FFF7E1FF7868F6F720FBFE
:108D50007B6818460837BD4680BD00BF80B582B02D
:108D600000AF786039607B68012B0CD13A684FF610
:108D7000FF739A4207D10548FFF74CFE03480449A8
:108D8000044A01F067F80837BD4680BDC0370020AF
:108D90000D8D01080C25002080B500AF01204FF695
:108DA000FF71FFF7DBFF80BD80B483B000AF786058
:108DB0000C37BD465DF8047B704700BF80B584B0BA
:108DC00000AFF860B9607A60FB680433184609495F
:108DD000BA680023F6F74EF9FB68074A1A60FB6889
:108DE0007A685A61FB6801221A76FB6818461037C8
:108DF000BD4680BD2438002008F2030880B582B04B
:108E000000AF78607B680A4A1A600A48F5F7D4FF19
:108E10007B6804331846F6F775F90023002B02D05F
:108E20007868F6F7B5FA7B6818460837BD4680BD06
:108E300008F2030864E2030880B582B000AF7860EE
:108E40007868FFF7DBFF7868F6F7A2FA7B681846C8
:108E50000837BD4680BD00BF80B483B000AF7860E6
:108E60007B6801221A760C37BD465DF8047B70479B
:108E700080B483B000AF78607B6800221A760C372C
:108E8000BD465DF8047B704780B485B000AFF860E4
:108E9000B9607A603B604FF0FF3318461437BD4627
:108EA0005DF8047B704700BF90B583B000AF154BF1
:108EB0001B68002B03D0134B1B68043B00E000230E
:108EC0007B6018E07B685C697B6804331846FFF7B9
:108ED00083FB03460C4821461A46F5F7DBFE7B6808
:108EE00004331846F6F730FC0346002B01D0043B50
:108EF00000E000237B607B68002BE3D10C37BD468C
:108F000090BD00BF2438002078E2030880B489B007
:108F100000AFF860B9607A607B68FB610023BB61D9
:108F20002BE0BB69FA6813441B78FB7500233B6197
:108F30001DE097F9173003F08002FB6903F400434A
:108F40001B129A4208D0FB695B0083F4815383F0C3
:108F500001039BB2FB6103E0FB695B009BB2FB6119
:108F600097F917305B00FB753B6901333B613B6947
:108F7000072BDEDDBB690133BB61BA69BB689A426E
:108F8000CFDBFB6918462437BD465DF8047B70478C
:108F900080B586B000AF78607B683B617868F6F793
:108FA000BFF80346386919464FF6FF72FFF7AEFF68
:108FB0000346FB81FB891B0A9BB2FB75FB89BB75D2
:108FC0005E23BB60FB7D202B02D9FB7D7D2B0AD964
:108FD000FB7DBA68B3FBF2F2B96801FB02F29B1A9F
:108FE000DBB22033FB75BB7D202B02D9BB7D7D2BF3
:108FF0000AD9BB7DBA68B3FBF2F2B96801FB02F291
:109000009B1ADBB22033BB75FB7D1B029AB2BB7D82
:109010009BB213439BB29BB218461837BD4680BD26
:1090200080B400AF034B1B681846BD465DF8047B57
:10903000704700BF1C01002080B588B000AF01233D
:109040003B60FB785BB2012B14BF00230123DAB233
:109050006E4B1A70FEF77CFE6D48F7F775F86D4B96
:109060001B68002B03D06B4B1B68043B00E0002304
:10907000FB6110E0FB691B681B68F8699847FB6996
:1090800004331846F6F760FB0346002B01D0043B7F
:1090900000E00023FB61FB69002BEBD15E4B1B68FA
:1090A000002B03D05C4B1B68043B00E00023BB613A
:1090B00011E0BB691B6808331B68B8699847BB6936
:1090C00004331846F6F740FB0346002B01D0043B5F
:1090D00000E00023BB61BB69002BEAD14F48F7F7E2
:1090E00033F84F4B1B68002B03D04D4B1B68043BE0
:1090F00000E000237B6121E07B6904331846F6F72A
:1091000023FB0346002B01D0043B00E00023BB609F
:109110007B691B7F002B06D07B69043318464149CD
:10912000F5F7C8FF08E07B691A1D7B695B6914339A
:1091300010461946F5F7BEFFBB687B617B69002BC3
:10914000DAD1394B1B68002B4DD03848F6F7FCFFBD
:10915000354B1B68002B03D0334B1B68043B00E0EE
:1091600000233B613CE03B6904331846FFF734FAC7
:1091700001463B69DA693B691B6A2D48F6F7E4FF53
:109180003B695B69002B03D03B695B69043B00E0F2
:109190000023FB6015E0FB6804331846FFF71CFA58
:1091A000034624481946F6F7CFFFFB6804331846F8
:1091B000F6F7CAFA0346002B01D0043B00E0002377
:1091C000FB60FB68002BE6D13B6904331846F6F7D9
:1091D000BBFA0346002B01D0043B00E000233B61B7
:1091E0003B69002BBFD11448F6F7AEFF00F04EF9F3
:1091F00078607B68002B03D010487968F6F7A4FFED
:10920000FFF780FB2037BD4680BD00BF343800200B
:109210008CE203081C38002024380020BCE203083C
:10922000203800204824002030380020E0E20308E5
:10923000FCE2030828E3030834E3030848E30308D7
:109240002DE9F04184B002AF78603960264B7A682E
:109250001A60264B3A681A60FEF794F924482549AB
:10926000254AF6F771FFFFF71FFEFFF7E5FE00F056
:10927000B9F903461E4600F0D5F9054600F0DCF9C1
:10928000044600F0BBF9804600F0C2F90346CDF871
:1092900000800193194831462A462346F6F754FFC9
:1092A000FFF7BEFE0446FFF7BBFE03461448214607
:1092B0001A46F6F749FF1348F6F746FF00F026F87E
:1092C00042F210704FF00001FEF756FCFEF7FCFB77
:1092D0000D48F6F739FFFFF723F800231846083743
:1092E000BD46BDE8F08100BF383800203C38002082
:1092F00064E3030894E30308A0E30308B8E3030866
:109300001CE403083CE4030874E4030880B500AFE0
:109310000148F6F719FF80BDA8E4030880B584B0C2
:1093200000AF78607B68002B01DA002331E07B68B6
:10933000073323F007037B607B68B3F5204F04DD20
:109340001648F5F739FD002323E0154B1B68002B69
:109350000CBF00230123DBB2002B02D01148F5F72C
:109360002BFD114B1A687B681344B3F5204F04DBC7
:109370000A48F5F721FD00230BE00B4B1A680B4B55
:109380001344FB60084B1A687B681A44064B1A604A
:10939000FB6818461037BD4680BD00BFC0E4030817
:1093A00058370020D4E4030840D80020403800207B
:1093B000B0B586B002AFC7E900010023FB60324BB5
:1093C0001B68002B03D0304B1B68043B00E00023DC
:1093D000BB6051E0BB68D3E90601D7E900239042A6
:1093E00071EB030C3CDABB68D3E9082352EA0301B2
:1093F00007D1B9684FF0FF326FF00043C1E906238F
:1094000025E0BB68D3E90601BB68D3E9082312183D
:1094100043EB0103B968C1E90623BB68D3E9060140
:10942000D7E90023904271EB030C10DABB68D3E953
:109430000601BB68D3E90823D7E90045CDE900451B
:10944000F6F720F902460B46B968C1E90623BB6866
:109450001B6808331B68B8689847FB680133FB60DA
:10946000BB6804331846F6F76FF90346002B01D0AA
:10947000043B00E00023BB60BB68002BAAD1FB6863
:1094800018461037BD46B0BD1838002080B582B0F0
:1094900000AF00237B60144B1B68002B03D0124BE2
:1094A0001B68043B00E000233B6014E03B681B6842
:1094B0000C331B68386898477B6801337B603B68D6
:1094C00004331846F6F740F90346002B01D0043B5D
:1094D00000E000233B603B68002BE7D17B68184627
:1094E0000837BD4680BD00BF1838002080B483B067
:1094F00000AF78600B46FB70FB78002B06D0094B61
:10950000084A51687A680A435A6006E0054B054AE2
:1095100051687A68D2430A405A600C37BD465DF8FC
:10952000047B7047002004E080B485B000AF786011
:109530000023FB730023BB730F237B737B68DB78F3
:10954000002B37D0254BDB68DB4303F4E0631B0AB9
:10955000FB73FB7BC3F10403BB737A7BFB7B42FA97
:1095600003F37B737B685B781A46BB7B02FA03F3D9
:10957000FB737B689A787B7B1340DAB2FB7B1343E7
:10958000FB73FB7B1B01FB73154A7B681B78134441
:10959000FA7B83F80023124B7A6812785209D2B210
:1095A0007968097801F01F01012000FA01F143F800
:1095B00022100EE00A4B7A6812785209D2B279680A
:1095C000097801F01F01012000FA01F1203243F86F
:1095D00022101437BD465DF8047B704700ED00E0B3
:1095E00000E100E080B400AF034B1B781846BD4695
:1095F0005DF8047B704700BF3438002080B400AFB2
:1096000041F653331846BD465DF8047B704700BFF2
:1096100080B400AF4CF250331846BD465DF8047B71
:10962000704700BF80B400AF024B1846BD465DF8DE
:10963000047B7047FCE4030880B400AF024B18467B
:10964000BD465DF8047B704710E5030838B5002877
:1096500014BF04460124204618F03EFB48B90D4DC6
:109660002B683BB19847204618F036FB0028F7D00E
:1096700038BD38BD042000F0B7F8074B0360074938
:10968000074A00F031F8013101D014F025FC00F058
:10969000D5FC00BF44D800207814040888140408BE
:1096A000BDE00208012810B51AD8A1F12803BFF3C4
:1096B0005F8F53E8002F013A43E800200028F8D1DB
:1096C000BFF35F8F5AB951F81C3C01F158040BB13C
:1096D000204698472046BDE8104000F0B1B810BDC4
:1096E00051F8140C14F0BEFC2DE9F84F04460F4657
:1096F000904600F0ABFB03461C4A59681C484E1CC0
:109700005E60D0F800A010681A4A44F86C0C2B2355
:109710004FF04E0C4FF0550E0021A4F15805432692
:109720004FF0010B4FF0470904F857CC04F856EC02
:1097300004F8511C44F8502C04F8533C04F8523CF3
:1097400044F8787C44F8748C44F880BC44F870ACDD
:1097500004F8589C284604F8556C04F8546CEDF74E
:1097600031FD284614F0C2FC14F090FC24010020C6
:1097700020010020A596010810B500F067FB4268A3
:109780000368013242606BB193F82020472A0BD066
:109790000022026003F120042046EDF737FD204649
:1097A00014F0A4FC14F072FC93F821204E2AEFD19F
:1097B00093F82220552AEBD193F82320432AE7D1AE
:1097C00093F82420432AE3D193F825202B2ADFD1D4
:1097D00093F826202B2ADBD193F82720012AD7D80B
:1097E0005A6952425A61D5E738B500F180052846DA
:1097F00018F072FA044638B1204600218022F5F7AD
:10980000D5FC04F1800038BD0B4AB5F5007F116826
:1098100007D80B46D80706D50134042C4FEA53036A
:10982000F8D114F033FC0120A040044B0143116037
:1098300003EB4424E0E700BF48D8002050D80020C4
:109840000A4B984203D303F50062904202D380385A
:1098500018F04ABA064AC31A11685B0A012000FAD6
:1098600003F321EA03011160704700BF50D80020C4
:1098700048D8002030B40024234610F8012B02F011
:109880007F059D402C43150603F10703F5D41F2BDC
:1098900006D8520604D54FF0FF3202FA03F31C43F8
:1098A0000C6030BC704700BF2DE9F041502884B0F7
:1098B0000646884646D000F00F010C2940D8DFE864
:1098C00001F0072C3B07193F3F3F3F211D071900BF
:1098D000154655F8044B44B106F07001102908BF35
:1098E00090464444320648BF246828461C6004B0B1
:1098F000BDE8F081146802F10805ECE7154635F97A
:10990000024BE8E7104603A901920093FFF7B2FF6C
:10991000039C019A009B0546DDE700242746154677
:1099200015F8011B01F07F00B840090644EA000465
:1099300007F10707F4D4CEE7154635F8024BCAE71E
:10994000FEF732FBD51C25F0030555F8044B1C60CF
:10995000284604B0BDE8F081FF2808B50FD000F01C
:109960007003202B18D00CD9402B10D0502B06D0D0
:10997000302B0AD10846BDE80840EDF713BE0020A1
:1099800008BD002BFBD0102BF9D0FEF70DFB0846CD
:10999000BDE80840EDF7F6BD0846BDE80840EDF724
:1099A00005BE00BFF8B50C461646074608B1EDF7F0
:1099B000E9FD30602578FF2D04F1010433D03946EC
:1099C0002846FFF7C9FF22460146331D2846FFF708
:1099D0006BFF0446601C23783375FF2B2AD01023BD
:1099E00000223375134610F8011B01F07F049C40E0
:1099F000090642EA040203F10703F4D40244F260C8
:109A00000378737500240130234610F8011B01F020
:109A10007F059D400A0644EA050403F10703F4D4D8
:109A200004443461F8BD706023783375FF2B04F172
:109A30000100D4D10023F360E2E700BF2DE9F04F2D
:109A400000F0030393B00025012B0E461446069543
:109A500000F0A6800ED3022B0AD130462146EDF746
:109A60007BFD002800F0A480092013B0BDE8F08F32
:109A7000FEF79AFA00F008005FFA80F84FF001094B
:109A800012AA002142F82C6D0B46009220460C22AF
:109A9000EDF718F82046EDF77BFD07460028DCD0EF
:109AA0000CAA394620460392FFF77CFF21468346E5
:109AB0009DF84400FFF750FF0BAD00210E900B46C0
:109AC0000F2200952046ECF7D5FF0B9A109B22F051
:109AD00001029B4548EA090802F1FF3939D29DF895
:109AE00045A000215046FFF737FF5A46014609AB13
:109AF0005046FFF7D9FE9DF845A083460021504609
:109B0000FFF72AFF5A4601460AAB5046FFF7CCFE44
:109B10009DF845A0834600215046FFF71DFF5A4699
:109B200001462B465046FFF7BFFE002183460B46F9
:109B30001BF801EB0EF07F029A401EF0800F41EA05
:109B4000020103F10703F3D1099A0C9B13449945D1
:109B50001DD24FF000094FF0010B002518F0010F46
:109B60004CD0BBF1020F3FF478AF0AAB0021204686
:109B700000930D220B46069CECF77CFF0A9B746257
:109B8000B562F762C6F83090336206206DE70A9A34
:109B900013449945C0F09280109B9B459FD3D8E712
:109BA00000F0080000F0FF0830B14FF0020967E74D
:109BB000082013B0BDE8F08F0CA900910391104666
:109BC000434641460D22356AECF754FF0C9B9D42FB
:109BD000EBD112AA414642F82C6D43460092204632
:109BE0000C2206F12805ECF76DFF95E8A002B9F10B
:109BF000000F00F015814FF0030B3DE018F0080F47
:109C000036D0BBF1010F00F01A81002DC0F2138194
:109C100012AB002143F8286D0A46009320460B46FC
:109C2000ECF750FF12AA002142F8245D0B46009287
:109C300020460122ECF746FF0AAD00210B462046E4
:109C40000F220095ECF716FF0A9B009503F0010325
:109C5000002120460F2249EA03040B460A94ECF740
:109C600031FFBBF1020F36D0072013B0BDE8F08FF3
:109C7000BBF1010F00F0D480002DC9DA3946039AF8
:109C80002046FFF78FFE9DF844002146FFF764FE53
:109C9000AA0082F00302D2430F9F0E90BB581744D4
:109CA00033B13A46002352F8041F01330029FAD198
:109CB0000422B362F06277633263A9E70B9B7BB146
:109CC0000D9A03EB020969B9B9F1000F3FF4C5AE73
:109CD0004FF0020B41E7304614F05AF90720C4E672
:109CE0009946F0E7109B01395818B9F1000F3FF47D
:109CF000B4AE0028ECD018F0080305937CD04722BE
:109D00004E2355213270737043224623B170F27096
:109D10004F215222337100237171B271F3714FF0F0
:109D2000000B049408A9FFF7A5FD09A98246FFF7D7
:109D3000A1FD089B002B2FD031DD9DF84400FF28AA
:109D400058D000F00702042A3FF692AE01A151F864
:109D500022F000BF939D0108719A01088D9D0108B2
:109D6000939D0108699D0108DB005A420F9B0E99E3
:109D70001A440AABFFF798FD0A99F9B1002E52D1A7
:109D8000099B002B43D00AEB0300CBE75B005A4250
:109D9000ECE79B005A42E9E74FF0010BF0E7013393
:109DA000C3EB83730EB1059A6AB10F9A52F8233050
:109DB000D3F1010338BF0023002BE1D0049C089DA0
:109DC0004FF0030BCAE60F9A069852F823100B9037
:109DD00002EB83031C4619B917E054F8041FA1B124
:109DE0002144304600222B4614F07CF80028F4D0A1
:109DF0000023E1E70022B9E7F379012B0CBF56F805
:109E0000203C06F15803069389E70123D4E7049C1C
:109E1000BBF1000F3FF421AE1D464FF0020B9DE653
:109E2000304600F0FBF83046002206AB14F05AF83A
:109E30000028C3D1A4E714F035F914F057F914F051
:109E400025F900BF0048704750E0002000487047E7
:109E500050E00020034608461946F6F7B5B900BFA2
:109E600070B53D4B1A7882B0002A36D101241C709F
:109E700000F080F800285CD0406803782A2B02AB01
:109E80000CBF0519054600214FF0FF3243F8042DA1
:109E9000324C0A462846EBF7CDFC23680646DB68C1
:109EA0002F480121302217F04FFE019B7BB1236820
:109EB0002846D96817F082FC23682A48DB6801210C
:109EC000022217F041FE019B8BB1FFF755FC23687E
:109ED0003046D96817F072FCEEE7204B22481B6829
:109EE0000121DB681D2217F02FFEFEF75DF83046DA
:109EF00017F0FAFEE9E701290D4627D114F0F6F82C
:109F000003689B68984723680646DB68174829461C
:109F10000B2217F019FE23683046D96817F04EFC63
:109F200023680A20D96817F00FFC14F025F9FEF712
:109F30003BF80A4B0E481B682146DB682D2217F0C0
:109F400003FEF4E714F018F913F0C6FF14F0CEF88E
:109F500014F012F9EBE700BF5CE00020D805002008
:109F600040F2030874F2030820F20308A8F2030881
:109F700078F2030808B5FFF769FF006830B190F880
:109F80002730012B04BF00687838006808BD00BF87
:109F9000014B0360704700BFC0F20308014B036030
:109FA000704700BFC0F2030800487047F4F203088E
:109FB0000048704704F3030810B5034B03600446E0
:109FC000F5F7E6F9204610BDC0F2030810B5034BC3
:109FD00003600446F5F7DCF9204610BDC0F2030823
:109FE0000378472B01D00020704743784E2BFAD1DD
:109FF0008378552BF7D1C378432BF4D10379432BC6
:10A00000F1D143792B2BEED183792B2BEBD1C07976
:10A0100001288CBF00200120704700BF10B5044606
:10A0200028B114F063F82046FFF7DAFF08B914F0FE
:10A030002DF854F8140C14F015F800BF2DE9F04F6A
:10A0400083B00446FFF7CCFF70B154F8185C54F8A5
:10A05000146CA76AD4F83080D4F83490204614F0F9
:10A0600045F8284614F01AF8204614F03FF814F08A
:10A0700019F814F03BF814F009F814F037F8FFF76A
:10A08000E1FE036893F82720012A30D003F178021B
:10A090000024009228F0030803F1200BA246BA45E1
:10A0A0001BDAD9F8005005B14D4458462946002224
:10A0B0006B4613F017FFF8B92B681349D3F810C09B
:10A0C00002AA012342F8040D2846E047002818BFE1
:10A0D00001240AF1010AC144E1E754B10420FFF769
:10A0E00083FB0A4B03600849094AFFF7FDFA1A6827
:10A0F000CEE7304613F0B6FFFFF73EFB14F03CF816
:10A1000014F03AF813F0E8FE90F3030850F3030854
:10A110009D9F0108036A1B0710D5436953B1C268AC
:10A12000934203D880681346181A7047C36080684A
:10A13000181A7047C3688068181A70474FF0FF30CC
:10A14000704700BF036A1B070ED5436953B1C2684D
:10A15000934205D8134682689A4205D21078704718
:10A16000C360F8E7C368F6E74FF0FF30704700BF01
:10A17000836842689A4230B41BD24D1C13D013F846
:10A18000014C056ACAB2944208D0EC0611D55C1E97
:10A19000846003F8012C084630BC7047013B8360A3
:10A1A00030BC08467047013B0021836030BC084644
:10A1B00070474FF0FF31EEE710B5436A0E4A0F4982
:10A1C00001600446A3F10C00904282B008D1204601
:10A1D0000B4B40F81C3B14F04BFE204602B010BD68
:10A1E00053F8042C511E002A43F8041CEFDC01A98B
:10A1F00012F086FEEBE700BFECEE0020A8F30308A8
:10A200006009040810B5436A0F4A1049016004460A
:10A21000A3F10C00904282B00BD120460C4B40F8C9
:10A220001C3B14F025FE2046F5F7B2F8204602B09C
:10A2300010BD53F8042C511E002A43F8041CECDC1A
:10A2400001A912F05DFEE8E7ECEE0020A8F3030898
:10A250006009040870B5026B174B18490360044687
:10A26000A2F10C0003F12806154D666314338842F1
:10A2700082B0A360E56014D1124BE36004F12800C2
:10A2800014F0F6FD20461049104AA260104B00223F
:10A2900084E8060040F8343F14F098FC204602B0F1
:10A2A00070BD52F8043C591E002B42F8041CE3DC3C
:10A2B00001A912F025FEDFE7A4F40308ECEE00206C
:10A2C000A8F303086009040814F40308ECF3030876
:10A2D00060F50308A0F10800BCE700BF036853F86D
:10A2E0000C3C1844B6E700BF70B5026B194B1A4915
:10A2F00003600446A2F10C0003F12806174D6663C3
:10A300001433884282B0A360E56017D1144BE36038
:10A3100004F1280014F0ACFD1249134A134BA2605B
:10A320002046002284E8060040F8343F14F04EFC3A
:10A330002046F5F72DF8204602B070BD52F8043CD7
:10A34000591E002B42F8041CE0DC01A912F0D8FDD4
:10A35000DCE700BFA4F40308ECEE0020A8F3030838
:10A360006009040814F40308ECF3030860F503081B
:10A37000A0F10800B8E700BF036853F80C3C18448C
:10A38000B2E700BFF0B4DDE904456FF000460027F6
:10A39000A64277EB05038261416101610DDA094A4A
:10A3A0004FF0FF33A41845EB030501F10041A6422D
:10A3B00077EB050C01F1FF31F4DB0C444461F0BC98
:10A3C000704700BF010000802DE9F0410646406A59
:10A3D000356A50F80C7C50F8084C81420F4418BF85
:10A3E000BF18C5F3C00882B005F010050EBF0819EC
:10A3F00038460022B8F1000F03D00A44B260716001
:10A40000F76015B902B0BDE8F0811C460025024690
:10A41000CDE900453046FFF7B5FFB8F1000FF1D1A7
:10A420007760B760F76002B0BDE8F08170B50D46A7
:10A430000446164679B1002A0DDB436A002153F821
:10A440000C2C24300B4612F081FD20462946324662
:10A450000023FFF7B9FF204670BD00BF2DE9F04192
:10A46000036ADA0682B004460D4665D54B1C68D0F7
:10A4700043698269416A934251F8080C07D21D7002
:10A48000636901332846636102B0BDE8F081364953
:10A49000884251D04000B0F5007FEFB249D38842E6
:10A4A00059D902AE314B46F8043D304612F0B4FEA5
:10A4B000216921B1A2693046521A12F031FE019B86
:10A4C00053F80C2C53F8081C02F10108884503D8F6
:10A4D00053F8041C002906DD3046414612F09CFE6C
:10A4E000019B53F80C2C9F54019B214FA3F10C02AC
:10A4F000BA4228D1314604F1240012F05DFC6069B3
:10A50000A66862682369616AC31AB21A2046FFF717
:10A510005BFF019BA3F10C00B842B1D053F8042CAF
:10A52000511E002A43F8041CAADC694612F0E8FC1C
:10A53000A6E74FF40071B4E74FF0FF3002B0BDE87A
:10A54000F0810020A0E7002243F80C8C43F8042C93
:10A5500003F80820CEE70146A3E7019869460C38C6
:10A5600012F0DAFC13F0B8FCFCFFFF3FF8EE00201D
:10A57000ECEE00202DE9F04782B00C6A0B9D0A9F9B
:10A5800004F0100680462E428C464FF0FF304FF00C
:10A59000FF3104F008044FF00006C8E900010CBFC9
:10A5A0000021012115EA040AC8F80860C8F80C6007
:10A5B00044D0002940F084808A4615F0080F14BF6B
:10A5C0004FF0000901F00109E9063ED4DCF804105F
:10A5D0000126002900F08A80002E3CD0DCF81450BF
:10A5E0001DB1DCF80C0085423CD8012F3FD0022F72
:10A5F00073D014461D46002E45D1BAF1000F42D14A
:10A60000B9F1000F16D0002C75F1000312DBDCF855
:10A610000C20521AD317A24273EB05000ADBDCF8B8
:10A620001010DCF818206046CDE90045FFF7AAFEBF
:10A63000C8E90045404602B0BDE8F08715F0080FB4
:10A6400014BF4FF0000901F00109DCF810100026DA
:10A650000029C1D14AE0B9F1000FBFD1BAF1000F12
:10A66000BCD1E7E794B3CCF80C50012FBFD1DCF894
:10A6700008006F1A401AD41943EBE775121843EB20
:10A68000E073002EB9D0002A73F100000EDBDCF875
:10A690000C60761AF717964277EB030006DBDCF8BE
:10A6A0000400C8E900231044CCF80800B9F1000FF9
:10A6B000A9D1BAF1000FA6D1404602B0BDE8F0879B
:10A6C00017F1FF3A18BF4FF0010A76E7CCF80450B3
:10A6D000CCF80850CCF80C50C7E7DCF80C00401A56
:10A6E000121843EBE07314461D4684E752EA030058
:10A6F000A0D1002E7FF472AFADE700BF82B02DE98C
:10A70000F04182B00F46096A0C9C08AD85E80C0048
:10A7100001F0080C064601F0100514EA0C0F4FF08A
:10A7200000004FF0FF324FF0FF330CBF002101213A
:10A730002542C6E900230CBF4FF000084FF0010886
:10A74000DDE90845B060F06029B37A685AB331B3E7
:10A750007B6933B1F868834203D9BCF1000F28D07C
:10A76000FB60002C75F100030FDBFB689A1AD3170E
:10A77000A24273EB050008DBF9B9B8F1000F22D152
:10A7800008AC94E80F0086E80F00304602B0BDE840
:10A79000F04102B070473A69002AD8D103E0B8F11D
:10A7A000000FD5D1F1E754EA0500EED10029CFD151
:10A7B000F5E77B60BB60FB60D3E77B682344BB604D
:10A7C000B8F1000FDCD03969BA693846CDE90045E7
:10A7D000FFF7D8FDD4E700BFF8B500F134052D4EE2
:10A7E000044628460F4614F099F9002106F1140298
:10A7F000266062632846C4F8A41084F8A81084F880
:10A80000A910C4F8AC10C4F8B010C4F8B410C4F85F
:10A81000B810616000F0BCF81F4BA3601433636391
:10A820002846002100F0B4F81C4B1D4A236003F1B8
:10A83000140103F1280000236063A160E26023613A
:10A840006361A361E3612362636204F1280008F09D
:10A850007DFF04F10C06134A134BE7623146E260B8
:10A860002363284600F094F82046F8BD0F4B63633D
:10A87000284614F0ABF913F02FFB3046FFF79CFC91
:10A8800020460B4909F08CFBF0E70023266063604B
:10A89000ECE700BF14F40308ECF30308A4F4030886
:10A8A00060090408A8F30308F8EE002060F5030827
:10A8B00074F40308096810B5044651F80C2C3030C4
:10A8C00012F02EFCE36A216B13F0030304F10C0079
:10A8D00018BF51F80C3C0022FFF776FD10BD00BFF9
:10A8E000704700BF704700BF10B5034B03600446BC
:10A8F00014F06CF9204610BD60F5030810B5054B47
:10A900000360044614F062F92046F4F741FD204646
:10A9100010BD00BF60F5030808B5836F23B103695C
:10A920004161194203D108BD41F00101F7E7014837
:10A9300012F0F8F998F503084069D0F1010038BF2A
:10A940000020704738B5054608460C460AF00EFF51
:10A95000B0B1204609F0DAFFE86720460AF024FF8C
:10A9600098B120460AF0C2FAC5F8800020460AF0E5
:10A9700039FF38B120460AF0D7FAC5F8840038BD4F
:10A98000E867EAE7C5F8840038BDC5F88000EDE760
:10A9900038B504460D4611F0F3FD204604F16C0174
:10A9A000FFF7D0FF0023D5F1010238BF002284F861
:10A9B0007430A567626184F875302367236138BD00
:10A9C00083685869704700BF83689869704700BF03
:10A9D0008368586B704700BF83689B6B0020DAB2B6
:10A9E00062F30700C3F3072262F30F20C3F30742A9
:10A9F00062F317401B0E63F31F6082B002B0704712
:10AA00008368DB6B0020DAB262F30700C3F307222E
:10AA100062F30F20C3F3074262F317401B0E63F388
:10AA20001F6082B002B0704783685869704700BFEA
:10AA300083689869704700BF8368586B704700BF90
:10AA400083689B6B0020DAB262F30700C3F307222E
:10AA500062F30F20C3F3074262F317401B0E63F348
:10AA60001F6082B002B070478368DB6B0020DAB2EF
:10AA700062F30700C3F3072262F30F20C3F3074218
:10AA800062F317401B0E63F31F6082B002B0704781
:10AA90008368586A704700BF8368986A704700BF30
:10AAA0000020704700207047704700BF91424FF070
:10AAB000000006D251F8043B8A4203EB7060F9D8DB
:10AAC0007047704710B5034B0360044614F02EF92D
:10AAD000204610BD10F8030810B5034B0360044670
:10AAE00014F024F9204610BD28F8030810B5034BD4
:10AAF0000360044614F01AF9204610BDC0F603089E
:10AB000010B5034B0360044614F010F9204610BD45
:10AB100000F7030810B5034B0360044614F006F970
:10AB2000204610BD30F7030810B5034B0360044600
:10AB300014F0FCF8204610BD40F8030810B5034B94
:10AB40000360044614F0F2F8204610BD58F80308DC
:10AB500010B5034B0360044614F0E8F8204610BD1E
:10AB6000E0F7030810B5034B0360044614F0DEF869
:10AB7000204610BD58F6030810B58B6882B099685E
:10AB800001AA044612F02CFD204602B010BD00BF01
:10AB900010B58B6882B0996801AA044612F020FDB6
:10ABA000204602B010BD00BF10B58B6882B0996816
:10ABB00001AA044612F014FD204602B010BD00BFE9
:10ABC00010B58B6882B0D96901AA044613F018F950
:10ABD000204602B010BD00BF10B58B6882B0596A24
:10ABE00001AA044613F00CF9204602B010BD00BFC4
:10ABF00010B58B6882B0D96A01AA044613F000F937
:10AC0000204602B010BD00BF10B58B6882B0D96974
:10AC100001AA044613F0F4F8204602B010BD00BFAC
:10AC200010B58B6882B0596A01AA044613F0E8F89F
:10AC3000204602B010BD00BF10B58B6882B0D96A43
:10AC400001AA044613F0DCF8204602B010BD00BF94
:10AC500010B58B6882B0596901AA044613F0D0F888
:10AC6000204602B010BD00BF10B58B6882B0D96914
:10AC700001AA044613F0C4F8204602B010BD00BF7C
:10AC800090F86C300C4A10B5044602607BB18068C5
:10AC900008B113F0F3FDE06908B113F0EFFD606A4D
:10ACA00008B113F0EBFDE06A08B113F0E7FD2046B0
:10ACB00014F03CF8204610BD80F8030890F86C3082
:10ACC0000C4A10B5044602607BB1806808B113F0ED
:10ACD000D5FDE06908B113F0D1FD606A08B113F049
:10ACE000CDFDE06A08B113F0C9FD204614F01EF84E
:10ACF000204610BD90F8030890F824310A4A10B598
:10AD0000044602605BB1806808B113F0B7FD60696A
:10AD100008B113F0B3FDE06908B113F0AFFD2046B0
:10AD200014F004F8204610BDA0F8030810B504463E
:10AD3000FFF7A6FF2046F4F72BFB204610BD00BF0F
:10AD400010B50446FFF7BAFF2046F4F721FB204672
:10AD500010BD00BF10B5054B0360044613F0E6FFBD
:10AD60002046F4F715FB204610BD00BF10F803087D
:10AD700010B5054B0360044613F0D8FF2046F4F7E6
:10AD800007FB204610BD00BF28F8030810B5044695
:10AD9000FFF7B2FF2046F4F7FBFA204610BD00BFD4
:10ADA00010B5054B0360044613F0C0FF2046F4F7CE
:10ADB000EFFA204610BD00BFC0F6030810B5054BE2
:10ADC0000360044613F0B2FF2046F4F7E1FA204690
:10ADD00010BD00BF00F7030810B50446FFF79AFE48
:10ADE0002046F4F7D5FA204610BD00BF10B5054B3C
:10ADF0000360044613F09AFF2046F4F7C9FA204690
:10AE000010BD00BF40F8030810B5054B03600446B1
:10AE100013F08CFF2046F4F7BBFA204610BD00BFAC
:10AE200058F8030810B5054B0360044613F07EFF85
:10AE30002046F4F7ADFA204610BD00BFE0F7030846
:10AE400010B5054B0360044613F070FF2046F4F77D
:10AE50009FFA204610BD00BF58F60308084B10B5F6
:10AE6000044640F8083B14F055FA204613F05EFF04
:10AE7000204610BD204613F059FF13F02DF800BFF7
:10AE8000C0F7030810B50446FFF7E8FF2046F4F7C3
:10AE90007FFA204610BD00BF084B10B5044640F8AD
:10AEA000083B14F037FA204613F040FF204610BD4F
:10AEB000204613F03BFF13F00FF800BF38F60308ED
:10AEC00038B50F4B03600569044613F055FF854202
:10AED00003D015B1284613F0D1FCA06810B1036867
:10AEE0005B68984704F10C0014F014FA204613F044
:10AEF0001DFF204638BD204613F018FF12F0ECFF6E
:10AF000040F7030810B50446FFF7DAFF2046F4F7D0
:10AF10003FFA204610BD00BF094B10B5044640F86B
:10AF2000083B14F0F7F9204613F000FF2046F4F731
:10AF30002FFA204610BD204613F0F8FE12F0CCFF89
:10AF400038F603082DE9F04F1E4685B04A4B0360E2
:10AF50000746144689461046314603AA4FF00003BF
:10AF600012F016FF361B50F80C3C01907610B6F12B
:10AF7000FE5F00EB830A94BFB0004FF0FF3013F088
:10AF800029FD0546DFF8F4B0019C1CE03B6853F84E
:10AF90000C2C53F8081C02F10108884500F1040448
:10AFA00003D853F8041C002906DD3846414612F048
:10AFB00099FD3B6853F80C2CA3F10C010020594576
:10AFC00043F8220035D1484629462246334611F03F
:10AFD000D1FA864213D8461C15B1284613F04EFC10
:10AFE000B6F1FE5F94BFB0004FF0FF3013F0F2FCFB
:10AFF0000546294648462246334611F0BBFA02462A
:10B000002946384612F0D0FD20461CF07FFE04EBA6
:10B0100080005045BAD115B1284613F02FFC019A93
:10B0200003A9A2F10C0012F017FC384605B0BDE8E8
:10B03000F08F43F8040C43F80C8C43F82800C2E767
:10B0400013F054F815B1284613F018FCFEF794FBE2
:10B0500013F04CF8FAE713F08FF8019B03A9A3F162
:10B060000C0012F0F9FB386803A90C3812F0F4FB5D
:10B0700012F032FFF1E7F6E710EF002004EF0020B6
:10B080002DE9F04782B01D4607464FF00003084601
:10B09000114601AA0A9C12F07BFE2146814601AAB4
:10B0A00028464FF0000312F073FE59F80C3C50F89C
:10B0B0000C6C8246054600EB860609EB83084C467D
:10B0C00003E0B04226D00434051D384621462A4606
:10B0D00011F044FAE0B920461CF018FE04EB80049D
:10B0E00028461CF013FE444505EB8000E9D1351AD3
:10B0F00018BF6FF00005174CAAF10C00A0420BD14D
:10B10000A9F10C00A04219D1284602B0BDE8F08791
:10B110000546F0E70125EEE75AF8043C5A1E002BDD
:10B120004AF8042CECDC01A912F08AFBE8E7A9F14B
:10B130000C0001A912F090FB12F0CEFE59F8043C6D
:10B140005A1E002B49F8042CDEDC01A912F078FB12
:10B15000DAE700BF04EF002008B42DE9F04183B026
:10B160000E4604200021099C16F0AEFD1A49074640
:10B17000F4F798F868B90AAB214630461A460193AD
:10B180001BF01CFF0446204603B0BDE8F04101B0AF
:10B1900070473846F3F7C4FF00F10108404613F04A
:10B1A00019FC424639460546F4F722F80A490420BC
:10B1B00016F08AFD0AAB214630461A4601931BF071
:10B1C000FDFE0446002DDED02946042016F07CFD4D
:10B1D000284613F053FBD6E768FC0308003218BF7B
:10B1E00001220A4B10B5816042600360044613F0EF
:10B1F000C3FD00212061204608F072FC204610BDEE
:10B20000204613F093FD12F067FE00BF40F70308DD
:10B21000003118BF0121074B10B54160036004469F
:10B2200013F09AFDA060204610BD204613F07EFD6D
:10B2300012F052FEC0F7030810B504460A4813F096
:10B240000DFF236899685B68884209D253F8200093
:10B2500030B10649064A002312F0E8FD10B110BDD6
:10B2600011F0A8FC12F0CEFF14EF00208C18040897
:10B27000501604082DE9F04F85B004A901E90C002F
:10B28000149B019003F16C00029C039FDDF8389041
:10B29000DDF83CA0FFF7D0FF139B022B834600F0A4
:10B2A0008D80042B14BF01254FF47A750026B0461B
:10B2B000002C43D07A1C31D00022B9F1000F3BD0D2
:10B2C000BAF1FF3F19D000218A42139B10D1984553
:10B2D00010D0139B042B73D0159A136843F004030A
:10B2E0001360019B184683E8900005B0BDE8F08F1D
:10B2F000984525D110990E60F3E7D9F80810D9F8D0
:10B300000C00814272D2D1F800A0BAF1FF3F08BF11
:10B310004FF0000914BF00210121D5E7A268E168C0
:10B320008A425DD217687B1C08BF002414BF00222C
:10B330000122B9F1000FC3D10121C5E70122BCE709
:10B34000002C38D07B1C29D03946DBF80020584629
:10B35000136B2A2298473038C2B2092AB9D806EBB3
:10B36000860600EB4606129B05FB06F29A42B0DC0D
:10B37000119B2A449342ACDA214981FB0512ED1757
:10B38000C5EBA2053CB1A268E1688A421DD2043235
:10B39000A2604FF0FF3708F1010889E7A268E16871
:10B3A0008A4217D21168481C08BF002414BF0F46F8
:10B3B0004FF0FF37C9E74FF0FF31C6E70A2575E7C1
:10B3C000B8F1020F88D1643E94E722682046926A61
:10B3D0009047DEE722682046526A90470146E2E73E
:10B3E00022682046526A904707469CE7D9F8001029
:10B3F0004846496A00928847009A824685E700BF1E
:10B40000676666662DE9F04F8FB00AAC1A9E1B9FE7
:10B41000054606F16C0084E80C008946FFF70CFF36
:10B4200018AA92E803008DE803001A9B06934FF0D8
:10B43000000E08AE0DF1340C0DF1300B42F20F7A14
:10B440004FF0040894E80C0030464946CDF80CE073
:10B45000CDF808B0CDF810A0CDF81480CDF81CC000
:10B46000CDF834E0FFF706FF96E8030084E8030018
:10B470000D9B0A9C0B9EF3B90C9B1C9A002BB4BF2E
:10B480006433A3F26C735361DCB1701C20D04FF0B5
:10B4900000081898D0B1199B013327D000234345E9
:10B4A00003D13B6843F002033B60284685E8500027
:10B4B0000FB0BDE8F08F3B6843F004033B60002C05
:10B4C000E3D118984FF001080028E4D10123E6E702
:10B4D000A368E268934213D21E68711C08BF00245F
:10B4E00014BF4FF000084FF00108D2E78368C2682C
:10B4F00093420BD21868B0F1FF3253425341CEE76A
:10B50000236820465B6A98470646E6E703685B6A5D
:10B510009847F0E710B504460A4813F09FFD2368EA
:10B5200099685B68884209D253F8200030B1064917
:10B53000064A002312F07AFC10B110BD11F03AFB5C
:10B5400012F060FEACE000208C18040840FC0308F8
:10B550002DE9F047012380F8243186B004460846DF
:10B560008846FFF7D7FF0368054601461B69684612
:10B570009847009A954E134653F80C0DE060B3427D
:10B5800040F0928013F026FA2B6807461B6901A849
:10B590002946984701A83946E268002311F0ECFBE0
:10B5A000019BA3F10C00B04240F0AF80E368A760BC
:10B5B0002BB197F90030002BD4BF002301232A6858
:10B5C000237402A8536929469847029A804E13466D
:10B5D00053F80C0DA061B34240F08E80B0F1FE5FD5
:10B5E00094BF80004FF0FF3013F0F4F92B688146D0
:10B5F0005B6903A82946984703A84946A269002326
:10B6000012F0A6F8039BA3F10C00B04269D12B689D
:10B61000C4F814909B6904A829469847049A1346D5
:10B6200053F80C0D2062B34252D1B0F1FE5F94BFCB
:10B6300080004FF0FF3013F0CDF92B6882469B69F4
:10B6400005A82946984705A85146226A002312F00A
:10B650007FF8059BA3F10C00B0422ED12B68C4F8F3
:10B660001CA09B68284698472B686062DB682846C8
:10B670009847A0624046FFF7DFFD564A036811680D
:10B68000DE6A01F1240204F12C030546B047524A58
:10B690002B681168DE6A01F11A0204F1BC03284626
:10B6A000B04706B0BDE8F08752F8041C481E0029D8
:10B6B00042F8040C3FDDE06864E753F8042C511EA7
:10B6C000002A43F8041CC9DC04A912F0B9F8C5E744
:10B6D00052F8041C481E002942F8040C21DD206A9F
:10B6E000A3E753F8042C511E002A43F8041C8EDCF7
:10B6F00005A912F0A5F88AE752F8041C481E002993
:10B7000042F8040C12DDA06968E753F8042C511EBE
:10B71000002A43F8041C3FF749AF05A911F0F0FBDC
:10B7200044E7184605A912F08BF8D8E7184605A992
:10B7300012F086F8E7E7184605A911F0E1FBBAE731
:10B740004FF0000AD14612F0D1FC17B1384613F081
:10B7500095F8B9F1000F02D0484613F08FF8BAF10E
:10B76000000F02D0504613F089F8FEF705F8019B50
:10B77000044605A9A3F10C004FF0000A11F0CCFB20
:10B78000D1462046DFE7DBE712F0F6FC12F0A4FB1F
:10B79000059B044604A9A3F10C0012F05DF82046B5
:10B7A000D1E7D0E712F0A2FCDFE74FF0000ACAE7CA
:10B7B000FBE7C5E7039B044605A9A3F10C0012F0C3
:10B7C0004BF84FF0000A2046BDE7EEE7ECEE002014
:10B7D00004EF0020A00100209801002010B50446CD
:10B7E0000A4813F03BFC236899685B68884209D2D9
:10B7F00053F8200030B10649064A002312F016FB28
:10B8000010B110BD11F0D6F912F0FCFCB8E0002028
:10B810008C18040858FB03082DE9F04F01238DB064
:10B82000054680F86C3008460F46FFF7D7FF0368DF
:10B8300004469B68984723686861DB682046984700
:10B840002368A8611B6A20469847236868631B69C0
:10B85000214668469847009AAD4E134653F80C0DA2
:10B86000E860B34240F0B68013F0B4F82368804635
:10B870001B6901A82146984701A84146EA680023B0
:10B8800011F07AFA019BA3F10C00B04240F0D48091
:10B89000EB68C5F808802BB198F90030002BD4BFB5
:10B8A0000023012322682B7402A85369214698477C
:10B8B000029A984E134653F80C0D2862B34240F09A
:10B8C000B280B0F1FE5F94BF80004FF0FF3013F004
:10B8D00081F8236881465B6903A82146984703A83D
:10B8E00049462A6A002311F033FF039BA3F10C00A1
:10B8F000B04240F08C802368C5F81C909B6904A876
:10B9000021469847049A134653F80C0DA862B34297
:10B9100074D1B0F1FE5F94BF80004FF0FF3013F0A0
:10B9200059F8236882469B6905A82146984705A8CF
:10B930005146AA6A002311F00BFF059BA3F10C00EE
:10B94000B04240F08E802368C5F824A0DB6906A8C9
:10B9500021469847069A134653F80C0D2863B342C4
:10B9600076D1B0F1FE5F94BF80004FF0FF3013F04E
:10B9700031F823688346DB6907A82146984707A862
:10B9800059462A6B002311F0E3FE079BA3F10C003C
:10B99000B04228D12368C5F82CB05B6A204698478E
:10B9A000A8632368099008909B6A2046984703463D
:10B9B000E86338460B930A93FFF73EFC564A036848
:10B9C0001168DC6A01F10B0205F14003A0470DB0DC
:10B9D000BDE8F08F52F8041C481E002942F8040C00
:10B9E00050DDE86840E753F8042C511E002A43F864
:10B9F000041CCFDC0BA911F023FFCBE752F8041C89
:10BA0000481E002942F8040C41DDA86A81E753F87A
:10BA1000042C511E002A43F8041C3FF76CAF0BA9FD
:10BA200011F00EFF67E752F8041C481E002942F887
:10BA3000040C31DD286A44E753F8042C511E002A17
:10BA400043F8041C3FF724AF0BA911F059FA1FE784
:10BA500052F8041C481E002942F8040C0DDD286B26
:10BA60007FE753F8042C511E002A43F8041C3FF7CB
:10BA70006AAF0BA911F0E4FE65E718460BA911F0B7
:10BA8000DFFEECE718460BA911F03AFAA9E71846D1
:10BA90000BA911F0D5FEB8E718460BA911F0D0FE9E
:10BAA000C8E74FF0000BDA46D94612F01FFBB8F199
:10BAB000000F02D0404612F0E1FEB9F1000F02D0B3
:10BAC000484612F0DBFEBAF1000F02D0504612F0E9
:10BAD000D5FEBBF1000F02D0584612F0CFFEFDF7A5
:10BAE0004BFE019B04464FF0000BA3F10C000BA989
:10BAF00011F012FADA462046D946D6E7D1E712F01D
:10BB00003BFB12F0E9F94FF0000BDA46CDE7C8E74E
:10BB1000ECEE002004EF00209C010020039B044673
:10BB20000BA9A3F10C004FF0000B11F095FEDA46C3
:10BB30002046BAE7E7E7059B04460BA9A3F10C00F2
:10BB400011F08AFE4FF0000B2046AEE74FF0000BDD
:10BB5000ABE7FBE7D7E712F0C9FAC0E7F6E7079BC8
:10BB600004460BA9A3F10C0011F076FE20469CE7D9
:10BB70009BE700BF10B504460A4813F06FFA23682C
:10BB800099685B68884209D253F8200030B10649B1
:10BB9000064A002312F04AF910B110BD11F00AF85C
:10BBA00012F030FBBCE000208C18040858F90308A0
:10BBB0002DE9F04F01238DB0054680F86C30084622
:10BBC0000F46FFF7D7FF036804469B689847236832
:10BBD0006861DB68204698472368A8611B6A204695
:10BBE0009847236868631B69214668469847009A0E
:10BBF000AD4E134653F80C0DE860B34240F0B680EA
:10BC000012F0E8FE236880461B6901A82146984788
:10BC100001A84146EA68002311F0AEF8019BA3F1A8
:10BC20000C00B04240F0D480EB68C5F808802BB11E
:10BC300098F90030002BD4BF0023012322682B7415
:10BC400002A8536921469847029A984E134653F822
:10BC50000C0D2862B34240F0B280B0F1FE5F94BF99
:10BC600080004FF0FF3012F0B5FE236881465B691B
:10BC700003A82146984703A849462A6A002311F0E1
:10BC800067FD039BA3F10C00B04240F08C80236859
:10BC9000C5F81C909B6904A821469847049A13464E
:10BCA00053F80C0DA862B34274D1B0F1FE5F94BF9B
:10BCB00080004FF0FF3012F08DFE236882469B69B2
:10BCC00005A82146984705A85146AA6A002311F005
:10BCD0003FFD059BA3F10C00B04240F08E8023682D
:10BCE000C5F824A0DB6906A821469847069A1346A2
:10BCF00053F80C0D2863B34276D1B0F1FE5F94BFC8
:10BD000080004FF0FF3012F065FE23688346DB6948
:10BD100007A82146984707A859462A6B002311F027
:10BD200017FD079BA3F10C00B04228D12368C5F88A
:10BD30002CB05B6A20469847A86323680990089056
:10BD40009B6A204698470346E86338460B930A935C
:10BD5000FFF772FA564A03681168DC6A01F10B02B8
:10BD600005F14003A0470DB0BDE8F08F52F8041C68
:10BD7000481E002942F8040C50DDE86840E753F8FB
:10BD8000042C511E002A43F8041CCFDC0BA911F02F
:10BD900057FDCBE752F8041C481E002942F8040C5A
:10BDA00041DDA86A81E753F8042C511E002A43F8AC
:10BDB000041C3FF76CAF0BA911F042FD67E752F886
:10BDC000041C481E002942F8040C31DD286A44E7AF
:10BDD00053F8042C511E002A43F8041C3FF724AFEB
:10BDE0000BA911F08DF81FE752F8041C481E00291A
:10BDF00042F8040C0DDD286B7FE753F8042C511E2C
:10BE0000002A43F8041C3FF76AAF0BA911F018FD94
:10BE100065E718460BA911F013FDECE718460BA9CE
:10BE200011F06EF8A9E718460BA911F009FDB8E763
:10BE300018460BA911F004FDC8E74FF0000BDA46D5
:10BE4000D94612F053F9B8F1000F02D0404612F073
:10BE500015FDB9F1000F02D0484612F00FFDBAF1FE
:10BE6000000F02D0504612F009FDBBF1000F02D0C6
:10BE7000584612F003FDFDF77FFC019B04464FF08E
:10BE8000000BA3F10C000BA911F046F8DA4620468E
:10BE9000D946D6E7D1E712F06FF912F01DF84FF04E
:10BEA000000BDA46CDE7C8E7ECEE002004EF0020F7
:10BEB0009C010020039B04460BA9A3F10C004FF04A
:10BEC000000B11F0C9FCDA462046BAE7E7E7059B0C
:10BED00004460BA9A3F10C0011F0BEFC4FF0000BBF
:10BEE0002046AEE74FF0000BABE7FBE7D7E712F0D9
:10BEF000FDF8C0E7F6E7079B04460BA9A3F10C0089
:10BF000011F0AAFC20469CE79BE700BF10B5044651
:10BF10000A4813F0A3F8236899685B68884209D23D
:10BF200053F8200030B10649064A002311F07EFF85
:10BF300010B110BD10F03EFE12F064F9A0E0002038
:10BF40008C180408C0FB03082DE9F043ADF5097D0A
:10BF5000064690999DF84C729DF8505201F16C087C
:10BF6000404602AC84E80C00FFF766F98146404683
:10BF7000FFF7CCFFD9F8003080469B6A4846252160
:10BF80009847049015B30023059506970793929B55
:10BF90000093404604AB08A9802207F069FD08A879
:10BFA0001BF0B4FE25792468074645B9236808A923
:10BFB0001B6B20463A469847874218BF01253046FA
:10BFC000346035710DF5097DBDE8F0830597069560
:10BFD000DDE700BF2DE9F0034FF0000C013B1578C1
:10BFE000069E079C67460BE0B9F1000F0FDD9F42EC
:10BFF00038BF0137A4EB850434BFD55D0CF1010CCB
:10C00000C6EB0408B5EBA80F4FFA85F9ECDBB44298
:10C010000ED03346054653F8048B45F8048B9C42FA
:10C02000F9D1331DE31A23F00303043318441E44EB
:10C030001CF1FF3C1CD3016012F8078000F10409D9
:10C04000B8F1000F38D043463446013B54F8045B46
:10C0500040F8045F13F0FF03F7D108F1FF33DBB2C0
:10C0600001339B001CF1FF3C09EB03001E44E2D2AC
:10C0700002EB070C17F1FF3719D301601CF8015DC3
:10C0800000F10408B5B12B463246013B52F8044B8F
:10C0900040F8044F13F0FF03F7D16B1EDBB20133FE
:10C0A0009B0017F1FF3708EB03001E44E5D2BDE803
:10C0B000F00370474046DDE74846B9E72DE9F04117
:10C0C00082B08E46089EDDF824800A9D0B9C1046A7
:10C0D000E6B1771BBF1005EB870C72461946CDF809
:10C0E00004C0034600954046FFF774FF22683146BE
:10C0F000D21BC8EB00081BF0A1FF23684FEAA80879
:10C10000DF1B4744276002B0BDE8F081226800953C
:10C1100005EB820519467246034601954046FFF736
:10C1200059FFC8EB00008710276002B0BDE8F0811E
:10C13000F0B583B016460B9C0A982768099D0090BD
:10C1400000EB87000A460190194628463346FFF760
:10C1500041FF401B8510256003B0F0BD2DE9F04F75
:10C1600091B00AA91A9D029181E80C0005F16C0BAF
:10C170009DF82C300593064658460492FFF75CF86C
:10C180008046B34812F06AFFEB6EDF6857F8204034
:10C190008146002C00F093811C98236C07683A6854
:10C1A0009A4200F05B81A36B0D93616AD4F828B0CA
:10C1B00057F80C3C0391D8F8002007EB8303D2F822
:10C1C00014C0404604213A46E047C01B5FEAA0097C
:10C1D0000FD1049B0598029A0A938DF82C0092E8DF
:10C1E0000300002386E803003046AB6011B0BDE8D1
:10C1F000F08F0DF1400A974B4AF8083D4FEA49018C
:10C20000504611F06FFC636BC3EB0908B8F1000FE7
:10C210003CDDE26838EA230828BFC846002A00F05F
:10C220002C810E9B002153F80C2C009150464FEAB4
:10C23000480311F0A9FB0E9850F8043C002B03DBD7
:10C24000504611F089FB0E9807EB880EA169A26891
:10C25000E3680097CDF804E0FFF7BCFE0E9B069064
:10C2600053F8042C002A03DB504611F075FB0E9B9B
:10C27000069853F80C2CC11A8910914200F28B8158
:10C28000521A5046002311F0EFFA636B002B23DDA6
:10C290000E9B6269079253F80C2C53F8081C501C33
:10C2A0008842069040F2F0805046069911F01AFC40
:10C2B0000E9B53F80C2C6749079843F822008B42D9
:10C2C00040F06081B8F1000FC0F22A8107EB8801CD
:10C2D0005046626B11F068FC0E9AEB6852F80C2C19
:10C2E00003F0B00113F4007706915A4440F0C38084
:10C2F0000DF140081744574A48F8042D790040468C
:10C3000011F0F0FB069BD5F80890102B00F0D180BF
:10C3100000210791C7EB0907089701270DAB3B44A4
:10C3200013F8013C042B08D8DFE803F012685F0B18
:10C3300003004046514611F0FFFB042F12D0013795
:10C34000ECE7BBF1000F40F0AC80042FF7D113E015
:10C35000079A002AF1D0404608991B9A11F076FC02
:10C36000042FECD1BBF1010F06D9039B0BF1FF3277
:10C37000191D404611F018FC0F9951F80C3C9945D5
:10C3800040F295800698202800F084801B9A009245
:10C3900000214046C3EB09030A4611F0F5FA0F9954
:10C3A000059B53B9049803684A461B6B984781451F
:10C3B00018BF01220F9918BF0592274CA1F10C005C
:10C3C000A04240F0B9800E9BA3F10C00A0423FF4C4
:10C3D00000AF53F8042C511E002A43F8041C3FF709
:10C3E000F8AE0CA911F02CFAF3E6EB689B05A4D586
:10C3F0004046E169226A11F0D7FB9EE707980028C2
:10C40000A9D10F9B53F80C2C53F8081C501C8842E0
:10C41000099003D853F8041C002906DD4046099909
:10C4200011F060FB0F9B53F80C2C1B9843F8220073
:10C43000094AA3F10C0191423FF47FAF099943F8F7
:10C440000C1C002043F8040C43F8210075E700BFE2
:10C45000B8E0002010EF002004EF0020E26B57F856
:10C460000C3C0D92E26A0392D4F830B0002B3FF4FA
:10C47000A2AE04379FE6276A3AE75046394642465D
:10C4800011F0C2FA636B01E753F8041C00293FF76F
:10C490000BAF10E74046C3EB09011B9A11F0D6FB26
:10C4A0007DE7039B4046196811F02CFC45E799464F
:10C4B00076E74F452CBF0020012007902AE7702027
:10C4C000FDF7C4F8374B036000235946436083608F
:10C4D000C360037443618361C36103624362836227
:10C4E000C3620363436380F8383080F8393080F8E2
:10C4F0003A3080F83B3080F83C3080F83D3080F8AE
:10C500003E3080F83F3080F86C300446FFF784F905
:10C510002146E86E4A4612F07DFD57F829403BE679
:10C52000C8F100015046626C11F090FB504639464C
:10C530004A4611F039FBCFE651F8043C5A1E002B55
:10C5400041F8042C3FF73FAF0CA911F079F93AE715
:10C550000F980CAC0C38214611F07EF90E9821464C
:10C560000C3811F079F911F0B7FC0CACF6E711F0CA
:10C57000BDFD236820465B689847FDF7FDF811F084
:10C58000B5FDFAE7069943F80C1C002243F8042C89
:10C5900043F8212096E6044810F070FB11F0ECFD02
:10C5A00011F09AFC90F8030874FC03082DE9F04F91
:10C5B00091B00AA91A9D029181E80C0005F16C0B5B
:10C5C0009DF82C300593064658460492FEF734FE3B
:10C5D0008046B34812F042FDEB6EDF6857F820400A
:10C5E0008146002C00F093811C98236C07683A6800
:10C5F0009A4200F05B81A36B0D93616AD4F828B076
:10C6000057F80C3C0391D8F8002007EB8303D2F8CD
:10C6100014C0404604213A46E047C01B5FEAA00927
:10C620000FD1049B0598029A0A938DF82C0092E88A
:10C630000300002386E803003046AB6011B0BDE87C
:10C64000F08F0DF1400A974B4AF8083D4FEA490137
:10C65000504611F047FA636BC3EB0908B8F1000FBD
:10C660003CDDE26838EA230828BFC846002A00F00B
:10C670002C810E9B002153F80C2C009150464FEA60
:10C68000480311F081F90E9850F8043C002B03DBAD
:10C69000504611F061F90E9807EB880EA169A26867
:10C6A000E3680097CDF804E0FFF794FC0E9B06903A
:10C6B00053F8042C002A03DB504611F04DF90E9B71
:10C6C000069853F80C2CC11A8910914200F28B8104
:10C6D000521A5046002311F0C7F8636B002B23DD7C
:10C6E0000E9B6269079253F80C2C53F8081C501CDF
:10C6F0008842069040F2F0805046069911F0F2F917
:10C700000E9B53F80C2C6749079843F822008B4284
:10C7100040F06081B8F1000FC0F22A8107EB880178
:10C720005046626B11F040FA0E9AEB6852F80C2CEE
:10C7300003F0B00113F4007706915A4440F0C3802F
:10C740000DF140081744574A48F8042D7900404637
:10C7500011F0C8F9069BD5F80890102B00F0D18095
:10C7600000210791C7EB0907089701270DAB3B4450
:10C7700013F8013C042B08D8DFE803F012685F0BC4
:10C7800003004046514611F0D7F9042F12D001376B
:10C79000ECE7BBF1000F40F0AC80042FF7D113E0C1
:10C7A000079A002AF1D0404608991B9A11F04EFAD8
:10C7B000042FECD1BBF1010F06D9039B0BF1FF3223
:10C7C000191D404611F0F0F90F9951F80C3C9945AC
:10C7D00040F295800698202800F084801B9A0092F1
:10C7E00000214046C3EB09030A4611F0CDF80F992A
:10C7F000059B53B9049803684A461B6B98478145CB
:10C8000018BF01220F9918BF0592274CA1F10C0007
:10C81000A04240F0B9800E9BA3F10C00A0423FF46F
:10C8200000AF53F8042C511E002A43F8041C3FF7B4
:10C83000F8AE0CA911F004F8F3E6EB689B05A4D55B
:10C840004046E169226A11F0AFF99EE70798002897
:10C85000A9D10F9B53F80C2C53F8081C501C88428C
:10C86000099003D853F8041C002906DD40460999B5
:10C8700011F038F90F9B53F80C2C1B9843F8220049
:10C88000094AA3F10C0191423FF47FAF099943F8A3
:10C890000C1C002043F8040C43F8210075E700BF8E
:10C8A000BCE0002010EF002004EF0020E26B57F8FE
:10C8B0000C3C0D92E26A0392D4F830B0002B3FF4A6
:10C8C000A2AE04379FE6276A3AE750463946424609
:10C8D00011F09AF8636B01E753F8041C00293FF745
:10C8E0000BAF10E74046C3EB09011B9A11F0AEF9FC
:10C8F0007DE7039B4046196811F004FA45E7994625
:10C9000076E74F452CBF0020012007902AE77020D2
:10C91000FCF79CFE374B036000235946436083605D
:10C92000C360037443618361C361036243628362D2
:10C93000C3620363436380F8383080F8393080F88D
:10C940003A3080F83B3080F83C3080F83D3080F859
:10C950003E3080F83F3080F86C300446FFF728F90D
:10C960002146E86E4A4612F055FB57F829403BE64F
:10C97000C8F100015046626C11F068F95046394622
:10C980004A4611F011F9CFE651F8043C5A1E002B2B
:10C9900041F8042C3FF73FAF0CA910F051FF3AE7E4
:10C9A0000F980CAC0C38214610F056FF0E9821461B
:10C9B0000C3810F051FF11F08FFA0CACF6E711F0C3
:10C9C00095FB236820465B689847FCF7D5FE11F07D
:10C9D0008DFBFAE7069943F80C1C002243F8042C5F
:10C9E00043F8212096E6044810F048F911F0C4FB02
:10C9F00011F072FA80F8030874FC03082DE9F04F77
:10CA00002DED028B8DB004AF064697F850407C6048
:10CA10007C6D8B4607F1180004F16C0107F10805E5
:10CA200085E80C0097ED188B12F090F907F11800CB
:10CA3000FEF702FCD0B081460DF1100812F08CF91F
:10CA400007F12004002244F8040D41468DED028BCD
:10CA5000204600922F4BFEF77FFB8246014607F1EE
:10CA600014032046002210F0E1FEFB6953F8042C69
:10CA7000002AC24403DB204610F06EFFFB69D9F8A0
:10CA800000004146D0F82CC052464846E0477B683B
:10CA9000DBB17B6D0093BB6D019302945946304628
:10CAA00095E80C00FFF75AFBFB691B4AA3F10C0049
:10CAB000904216D107F1180012F0DAF93046243707
:10CAC000BD46BDEC028BBDE8F08F7B6D0093BB6D66
:10CAD000019302945946304695E80C00FFF766FD35
:10CAE000E2E753F8042C511E002A43F8041CE1DC51
:10CAF00007F1140110F0A4FEDCE7F86907F1140156
:10CB00000C3810F0A9FE07F1180012F0B1F911F07D
:10CB1000E3F9F8E788FC030804EF00202DE9F04171
:10CB200086B004AC84E80C000D9F0F9B0E9E9DF810
:10CB30003050009701960293804694E80C002DB97E
:10CB4000FFF734FD404606B0BDE8F081FFF706FB75
:10CB5000404606B0BDE8F0812DE9F047C668089F61
:10CB6000099D06F0B006202E894614469846C5EB6E
:10CB7000070755D0102E10D00026B24649463A4637
:10CB800020461BF063FA04EB870008EB0601CAEBB2
:10CB90000502BDE8F0471BF051BA6C30FEF74CFBC4
:10CBA00003682D219B6A06469847D8F800308342D7
:10CBB00030D0336830469B6A2B219847D8F8003034
:10CBC000834227D0336830469B6A30219847D8F893
:10CBD00000308342D0D1012DCEDD336830469B6AD0
:10CBE00078219847D8F80430834208D0336830461B
:10CBF0009B6A58219847D8F804308342BCD1D8F8B2
:10CC000000302360D8F804306360082634444FF0C5
:10CC1000020AB3E744F8043B04264FF0010AADE7EB
:10CC2000194610462A461BF009FA04EB85004946CE
:10CC30003A46BDE8F0471BF009BA00BF30B583B0F3
:10CC40001546089C2268019218460095069A079B93
:10CC5000FFF782FF256003B030BD00BF70B49DF8C0
:10CC60000C40ACB11B4E041FA6FB0153DB0803EBC9
:10CC70008305A1EB45010D1D194652F825302546C7
:10CC800044F804390029EFD1401B801070BC704774
:10CC900003F04A04402C10D013F4804F0CBF04243E
:10CCA0001424031F01F00F062644090952F82660D8
:10CCB0001D4643F80469F5D1E6E7031F01F00704B8
:10CCC0000434C90852F824401D4643F80449F5D1FC
:10CCD000DAE700BFCDCCCCCC2DE9F04F8DB004AF5E
:10CCE00007F11006BC6CB9600546664886E80C0082
:10CCF00012F0B4F9E36ED3F80C9059F82060804636
:10CD0000002E70D0D4F80C8008F04A0B96B006F1D3
:10CD10002C00BBF1400F0DF1100AF86060D0BBF1A0
:10CD2000080918BF4FF00109396DFA68CDF8009075
:10CD300043460AF15000FFF791FF327CF861C0F1E1
:10CD4000140103460AEB8101002A31D1B9F1000F29
:10CD500069D0A2689A4212DD93000E3323F00703D4
:10CD6000ADEB030D04AE07F11C0301910293F96CC6
:10CD7000B86800962346FFF761FFFB6931463E7DA8
:10CD8000D7F810800022A26056B9D8F8002040469B
:10CD9000146B7B601A46A0477B68834218BF01264C
:10CDA00028462437C5F800802E71BD46BDE8F08FB7
:10CDB000C3001033ADEB030DD6F808E0B36AF26898
:10CDC000029107F11C000DF1180A714603900094BE
:10CDD000CDF804A0B868FFF7ABF9FB695146B5E799
:10CDE0004FF00009A0E74FF49470FCF72FFC264B9E
:10CDF0000360002343608360C36003744361836105
:10CE0000C36103624362836280F8243104F16C01E0
:10CE10000646FEF79DFB3146E06E424612F0FAF8F8
:10CE200059F828606EE718F4007F92D03A6D002A16
:10CE30008FD0BBF1400F0ED0C8F380320232F868B9
:10CE400050F8222041F8042C0233F26B41F8082CF0
:10CE5000FB6108397DE7F26B41F8042C0133FB617B
:10CE6000043976E711F042F9336830465B68984739
:10CE7000FCF782FC11F03AF9FAE711F07DF911F0B4
:10CE80002BF800BFACE00020A0F8030870B586B016
:10CE900004AC84E80C000A9B0B9E0C9D009394E864
:10CEA0000C00019602950446FFF716FF204606B0D7
:10CEB00070BD00BF2DE9F04389B004AC109D119FF7
:10CEC000EE68009526F4804E84E80C002EF04A0EA1
:10CED0004EF4027380460DF118091298EB6094E845
:10CEE0000C00029001974846FFF7F6FE99E8030010
:10CEF00004908DF8141094E8030088E8030040467D
:10CF0000EE6009B0BDE8F0832DE9F04585B08246BA
:10CF10009DF838100C9F14461D46E9B1061F2046A7
:10CF200029460A220023E9F709FB0432204657F874
:10CF300022402946B0460A2246F804490023E9F770
:10CF4000FDFA04460D4654EA0500E8D1C8EB0A0094
:10CF5000801005B0BDE8F0850D9901F04A03402B23
:10CF60001BD00D9A12F4804F0CBF04221422031F11
:10CF7000200940EA05700290280904F00F0103908F
:10CF8000DDE902451144984657F8211043F8041989
:10CF9000204629460143EBD1D8E7031FE00840EAC9
:10CFA0004571E8080091019004F00702DDE90045B1
:10CFB00004322046294657F822200143984643F878
:10CFC0000429EBD1C2E700BF2DE9F04F8DB004AFCB
:10CFD00007F11006BC6CB96005466B4886E80C008A
:10CFE00012F03CF8E36ED3F80C9059F820608046BC
:10CFF000002E78D0D4F80C8008F04A0AC7F800A0B8
:10D000003A68AAB006F12C00402A0DF1100AF86027
:10D0100066D0D7F800B0BBF1080918BF4FF001097E
:10D02000F868D7E914238DE801030AF1A000FFF79F
:10D030006BFF327CF8610346C0F128000AEB8001E7
:10D04000002A31D1B9F1000F6DD0A2689A4212DDE9
:10D0500093000E3323F00703ADEB030D04AE07F18D
:10D060001C0301910293F96CB86800962346FFF700
:10D07000E5FDFB6931463E7DD7F810800022A260B5
:10D0800056B9D8F800204046146B7B601A46A0477A
:10D090007B68834218BF012628462437C5F80080E4
:10D0A0002E71BD46BDE8F08FDB001033ADEB030DF4
:10D0B000D6F808E0B36AF26802910DF1180C07F196
:10D0C0001C0071460390CDF804C00094B868C7F8FE
:10D0D00004C0FFF72DF8D7F804C0FB696146B1E73B
:10D0E0004FF000099CE74FF49470FCF7AFFA274B20
:10D0F0000360002343608360C36003744361836102
:10D10000C36103624362836280F8243104F16C01DD
:10D110000646FEF71DFA3146E06E424611F07AFFF0
:10D1200059F8286066E718F4007F8ED0D7E914AB71
:10D130005AEA0B0B89D0386840280FD0C8F38032E8
:10D140000232D7F80CA05AF8222041F8042C0233FE
:10D15000F26B41F8082CFB61083976E7F26B41F875
:10D16000042C0133FB6104396FE710F0BFFF336813
:10D1700030465B689847FCF7FFFA10F0B7FFFAE714
:10D1800010F0FAFF10F0A8FEACE00020A0F80308B1
:10D19000F0B587B004AE86E80C00DDE90E450C9BC7
:10D1A0000D9F009396E80C00CDE9024501970446D7
:10D1B000FFF70AFF204607B0F0BD00BFF8B50E46E6
:10D1C000244811F04BFF3368DF68054657F820000C
:10D1D00000B1F8BD7020FCF739FA1F4B0360002343
:10D1E00043608360C360037443618361C36103620E
:10D1F00043628362C3620363436380F8383080F81C
:10D20000393080F83A3080F83B3080F83C3080F894
:10D210003D3080F83E3080F83F3080F86C30314649
:10D220000446FEF7F9FA306821462A4611F0F2FE6C
:10D2300057F82500F8BD10F059FFFCF79DFA10F0E3
:10D2400055FF236820465B689847F6E710F094FF87
:10D2500010F042FEB8E0002090F8030810B5044634
:10D26000006840B18268C1688A4206D20432826096
:10D270004FF0FF336360204610BD0268936A984701
:10D28000F6E700BFF8B50E46244811F0E7FE336814
:10D29000DF68054657F8200000B1F8BD7020FCF7A4
:10D2A000D5F91F4B0360002343608360C3600374A0
:10D2B00043618361C361036243628362C362036348
:10D2C000436380F8383080F8393080F83A3080F89D
:10D2D0003B3080F83C3080F83D3080F83E3080F8BC
:10D2E0003F3080F86C3031460446FEF761FC306810
:10D2F00021462A4611F08EFE57F82500F8BD10F0A1
:10D30000F5FEFCF739FA10F0F1FE236820465B6861
:10D310009847F6E710F030FF10F0DEFDBCE000208B
:10D3200080F80308F8B50D461B4811F097FE2B68EE
:10D33000DE68044656F8200000B1F8BD4FF4947042
:10D34000FCF784F9154B0360002343608360C360DE
:10D35000037443618361C36103624362836280F843
:10D36000243129460746FEF7F3F828683946224655
:10D3700011F050FE56F82400F8BD10F0B7FEFCF78F
:10D38000FBF910F0B3FE3B6838465B689847F6E758
:10D3900010F0F2FE10F0A0FDACE00020A0F80308B1
:10D3A0002DE9F04F8DB004AF07F11006BC6CB960E9
:10D3B000054604F16C0107F1180086E80C00FFF740
:10D3C000B1FFD4F80C8008F04A0B064696B02C301A
:10D3D000BBF1400FF8600DF1100A70D03A6DBBF14F
:10D3E000080318BF0123002A6CDD9946396DFA68DD
:10D3F000CDF8009043460AF15000FFF72FFC327C35
:10D40000F861C0F1140103460AEB8101002A3ED104
:10D41000B9F1000F64D0386D00285ADB18F4006FA2
:10D420002ED1A2689A4212DD93000E3323F0070337
:10D43000ADEB030D04AE07F11C0301910293F96CEF
:10D44000B86800962346FFF7F9FBFB6931463E7D3D
:10D45000D7F810800022A26056B9D8F800204046C4
:10D46000146B7B601A46A0477B68834218BF012675
:10D4700028462437C5F800802E71BD46BDE8F08FE0
:10D48000326B41F8042C0133FB610439C9E7C30056
:10D490001033ADEB030DD6F808E0B36AF2680291E1
:10D4A00007F11C000DF1180A714603900094CDF8A5
:10D4B00004A0B868FEF73CFEFB695146A8E74FF0B0
:10D4C000000993E7002B90D03B6D4FF001095942C2
:10D4D0008DE7F26A41F8042C0133FB610439A0E7BF
:10D4E00018F4007F9DD03A6D002A9AD0BBF1400F0E
:10D4F0000ED0C8F380320232F86850F8222041F88A
:10D50000042C0233F26B41F8082CFB61083988E7E0
:10D51000F26B41F8042C0133FB61043981E700BF51
:10D5200070B586B004AC84E80C000A9B0B9E0C9D81
:10D53000009394E80C00019602950446FFF730FF33
:10D54000204606B070BD00BF2DE9F04F8DB004AF8E
:10D5500007F11004BE6C97F850B0D6F80CA084E820
:10D560000C001AF0010F0546904697F814901BD155
:10D57000FB6C00960193CDF808B007F1180094E811
:10D580000C00FFF70DFFD7F8188097F81C90C7F82C
:10D59000108087F8149094E80300243785E803008E
:10D5A0002846BD46BDE8F08F07F1180006F16C0172
:10D5B000FFF7B8FEBBF1000F3DD1C369FB60D0F8A7
:10D5C00020B0B3689B453DDACBEB03039A000E32E3
:10D5D00022F00702ADEB020D0DF1100C1A46604669
:10D5E000F96C7B600AF0B00AC7F808C01AF02EFD8B
:10D5F0000022BAF1200FB2607B68D7F808C032D0A1
:10D60000B9F1000FC3D1D8F800206146166B7B60DA
:10D610001A464046B0477B68834242D1D8F8003072
:10D62000F9681B6B40465A469847BBEB000918BF88
:10D630004FF00109ABE74369FB60D0F818B0B3685D
:10D640009B45C1DB0023B360B9F1000F9FD1D8F82F
:10D650000030F9681B6B40465A469847834518BF0F
:10D660004FF0010993E7B9F1000F90D1D8F80020ED
:10D67000F968166B40465A46B04783457B68D7F831
:10D6800008C00ED1D8F800206146166B7B601A46A0
:10D690004046B0477B68B3EB000918BF4FF0010963
:10D6A00075E74FF0010972E72DE9F04F8DB004AF37
:10D6B00007F11006BC6CB960054604F16C0107F176
:10D6C000180086E80C00FFF72DFED4F80C8008F057
:10D6D0004A0AC7F800A039680646AAB02C3040298B
:10D6E000F8600DF1100A7BD0B1F10803D7E91401FD
:10D6F00018BF0123012871F1000174DB9946D7E9B5
:10D700001423F8688DE801030AF1A000FFF7FCFB81
:10D71000327CF8610346C0F128000AEB8001002A40
:10D7200042D1B9F1000F6FD0D7E914ABBAF1000FB5
:10D730007BF1000B61DB18F4006F2ED1A2689A42D6
:10D7400012DD93000E3323F00703ADEB030D04AE9F
:10D7500007F11C0301910293F96CB8680096234607
:10D76000FFF76CFAFB6931463E7DD7F81080002246
:10D77000A26056B9D8F800204046146B7B601A4668
:10D78000A0477B68834218BF012628462437C5F886
:10D7900000802E71BD46BDE8F08F326B41F8042C3D
:10D7A0000133FB610439C9E7DB001033ADEB030D36
:10D7B000D6F808E0B36AF26802910DF1180C07F18F
:10D7C0001C0071460390CDF804C00094B868C7F8F7
:10D7D00004C0FEF7ADFCD7F804C0FB696146A0E7C2
:10D7E0004FF000098BE7002B88D0D7E914234FF0C6
:10D7F0000109524263EB430383E7F26A41F8042CC8
:10D800000133FB61043999E718F4007F96D0D7E91A
:10D8100014AB5AEA0B0B91D0386840280FD0C8F3EC
:10D8200080320232D7F80CA05AF8222041F8042C9A
:10D830000233F26B41F8082CFB6108397EE7F26B8A
:10D8400041F8042C0133FB61043977E7F0B587B068
:10D8500004AE86E80C00DDE90E450C9B0D9F00939D
:10D8600096E80C00CDE9024501970446FFF71CFF3E
:10D87000204607B0F0BD00BF2DE9F04F2DED028B23
:10D880008FB004AF0646BC6D97F8605004F16C0988
:10D890008B4607F10C00494687E80C0097ED1A8B80
:10D8A000FFF740FD63682A46002B07F11801804608
:10D8B0002046ACBF9A464FF0060A11F0ADF9E36876
:10D8C0005B074CBF0AF59C730AF11E030E3323F06D
:10D8D0000703ADEB030D11F03FFA07F1280204AD89
:10D8E00042F8140D07F11803CDF800A029468DED7C
:10D8F000028B10460022FDF72FFC38614846FDF7E9
:10D900009BFC3A69016893000E3323F00703ADEBEB
:10D91000030D0DF110092A44D1F82CC04B462946BD
:10D92000E047D7F810A0284652462E2114F0F4FC08
:10D9300000283DD0401B98F81020D8F8243049F832
:10D94000203009EB8000002A42D1D046A26842452F
:10D9500014DD93000E3323F00703ADEB030D04AD8C
:10D9600007F11003CDF80490029358460095F96D25
:10D970002346FFF763F9D7F81080A9463D79D7F819
:10D9800000A00023A3604DB9DAF8003049461B6BB4
:10D99000504642469847804518BF012530462C37EF
:10D9A000C6F800A03571BD46BDEC028BBDE8F08F16
:10D9B00098F81030002BC8D0BAF1020F08DD6B7850
:10D9C000392BC2D82F2BAA78BFD9303A092ABCD814
:10D9D0002B784FEACA020832ADEB020D2D2B04ADB5
:10D9E0001DD02B2B1BD04FF0000EF246D8F828305C
:10D9F000D8F80810D8F80C200090F14407F1100076
:10DA0000AE44CDF808900390CDF804E05846FEF7F8
:10DA100055FB3B695344A9463B61984696E70AF19A
:10DA2000FF32D9F800303A612B604FF0040E4FF00E
:10DA3000010ADBE72DE9D04388B006AE86E80C008A
:10DA4000DDE910890E9B0F9F0093002496E80C00DF
:10DA50000294CDE9048901970446FFF70DFF2046A3
:10DA600008B0BDE8D08300BF2DE9F04F2DED028B4B
:10DA70008FB004AF0646BC6D97F8605004F16C0996
:10DA80008B4607F10C00494687E80C0097ED1A8B8E
:10DA9000FFF748FC63682A46002B07F1180180460F
:10DAA0002046ACBF9A464FF0060A11F0B5F8E3687D
:10DAB0005B074CBF0AF59C730AF11E030E3323F07B
:10DAC0000703ADEB030D11F047F907F1280204AD90
:10DAD00042F8140D07F11803CDF800A029468DED8A
:10DAE000028B10460022FDF737FB38614846FDF7F0
:10DAF000A3FB3A69016893000E3323F00703ADEBF3
:10DB0000030D0DF110092A44D1F82CC04B462946CB
:10DB1000E047D7F810A0284652462E2114F0FCFB0F
:10DB200000283DD0401B98F81020D8F8243049F840
:10DB3000203009EB8000002A42D1D046A26842453D
:10DB400014DD93000E3323F00703ADEB030D04AD9A
:10DB500007F11003CDF80490029358460095F96D33
:10DB60002346FFF76BF8D7F81080A9463D79D7F820
:10DB700000A00023A3604DB9DAF8003049461B6BC2
:10DB8000504642469847804518BF012530462C37FD
:10DB9000C6F800A03571BD46BDEC028BBDE8F08F24
:10DBA00098F81030002BC8D0BAF1020F08DD6B785E
:10DBB000392BC2D82F2BAA78BFD9303A092ABCD822
:10DBC0002B784FEACA020832ADEB020D2D2B04ADC3
:10DBD0001DD02B2B1BD04FF0000EF246D8F828306A
:10DBE000D8F80810D8F80C200090F14407F1100084
:10DBF000AE44CDF808900390CDF804E05846FEF707
:10DC00005DFA3B695344A9463B61984696E70AF1A1
:10DC1000FF32D9F800303A612B604FF0040E4FF01C
:10DC2000010ADBE72DE9D04388B006AE86E80C0098
:10DC3000DDE910890E9B0F9F00934C2496E80C00A1
:10DC40000294CDE9048901970446FFF70DFF2046B1
:10DC500008B0BDE8D08300BF10B50446006880B1AD
:10DC60006368591C01D0184610BD8368C26893428E
:10DC70000BD21B685A1C0ABF002263602260184640
:10DC800010BD4FF0FF33184610BD03685B6A98471C
:10DC90000346EFE710B50446006882B030B363680E
:10DCA00001330BD000240868A0B14A68013213D0B8
:10DCB0000020031B5842584102B010BD8368C2685F
:10DCC000934223D21868431C12D060600868002475
:10DCD0000028EAD10120ECE78268C3689A420FD29B
:10DCE0001068421C08D048600020E2E70124DAE70F
:10DCF000002323600124D6E700230B600120D8E72E
:10DD00000268536A019198470199EAE703685B6AE0
:10DD1000019198470199D6E72DE9F04F87B000AF00
:10DD200007F11004796DD7F85090B86001F16C00DC
:10DD300084E80C00D7F84C80FC60FDF77DFA4FEAD0
:10DD400089030E3323F00703ADEB030D834607F180
:10DD500040012046FFF79EFF6E46054678B1BC6D38
:10DD6000236843F004032360FC6894E80300BC6864
:10DD70001C3784E803002046BD46BDE8F08F07F15C
:10DD80001000FFF769FFB9F1000FE8D0A8F1040A0D
:10DD9000C7F804802C46C846814608E0DBF800300E
:10DDA0009B699847814509D0013545450DD05AF802
:10DDB000043F1B684B4558461946EFD146F824509E
:10DDC0000135454504F10104F1D1012CD7F8048057
:10DDD0004FF0000956D9336858F8230019F096FF20
:10DDE000B346824601255BF8043F58F8230019F03A
:10DDF0008DFF0135824528BF8246A542F3D338699D
:10DE000040B18268C3689A4274D2043282604FF093
:10DE1000FF337B6109F10109D145A0D207F1100060
:10DE200007F14001FFF736FF002898D105464FEA79
:10DE3000890A0AE09A4217BF04F1FF34013556F807
:10DE4000243046F80B30AC421AD956F825303869E0
:10DE500058F823304FEA850B53F80A2068B17B69E4
:10DE6000591CE7D18168C36899423CD20B68591CA0
:10DE70000ABF00207B613861DCE74FF0FF33D9E750
:10DE8000012CA8D8012C7FF46AAF07F11000FFF72E
:10DE9000E5F9356858F82580404619F037FF09F153
:10DEA00001048442064608D208EB890907F11000F4
:10DEB00007F14001FFF7EEFE28B1B4427FF44FAF07
:10DEC000B96C0D6050E707F1100059F8048FFFF7A7
:10DED000C3FE8045F1D1013407F11000FFF7BEF910
:10DEE000B442E3D3E9E703685B6A3A6098473A686B
:10DEF0000346BCE703689B6A984788E72DE9F04F23
:10DF000087B000AF07F11004796D786001F16C0003
:10DF100084E80C00FC60D7F84C80FDF78DF93C6D6F
:10DF2000E3000833ADEB030D824607F1400107F132
:10DF30001000FFF7AFFE6E460546002800F0BE80D9
:10DF40000024A146254638694FEA890AC7F808A087
:10DF5000002856D07B69013300F08F804FF0000A13
:10DF6000386C002852D07B6C013300F09180002384
:10DF700053454ED03869002800F09480D7F814A09B
:10DF8000BAF1FF3F56D0002C64D000239C46C7F85E
:10DF900000A004E00CF1010C01339C421CD956F89E
:10DFA000232055F8231058F8220089454FEA8302B0
:10DFB00005EB020BEED2D7F808A050F80A1038682B
:10DFC000814258D0013C9C4256F8241055F8240058
:10DFD000B150CBF80000E2D864451AD0386948B196
:10DFE0008268C3689A4280F0CD80043282604FF02C
:10DFF000FF317961BA68043209F10109BA60002879
:10E00000A8D1386C4FF0010A0028ACD10123534548
:10E01000B0D1012C40F0A1802B6899451AD133680A
:10E020003C6DD7F848A09C4298BFC4EB0303CAF8E4
:10E03000003014E08268C3689A4280F09A80D2F877
:10E0400000A0BAF1FF3F0ABF0020C7F814A0386152
:10E05000002C9AD1BC6D236843F004032360D7F8E9
:10E060000CA07C689AE803001C3784E80300204673
:10E07000BD46BDE8F08F01338FE78268C3689A42DE
:10E080007CD21068421C10D078614FF0000A67E71C
:10E090008268C3689A425CD21068431C0AD07864D4
:10E0A000002365E74FF0FF3A6DE700233B614FF037
:10E0B000010A55E700203864012359E707F11000F1
:10E0C000FFF7CAFD3C6D620083463FF439AFA8F10B
:10E0D0000409C7F808802C46904608E0DAF80030BA
:10E0E0009B699847834509D0013545450DD059F8BE
:10E0F000043F1B685B4550461946EFD146F8245053
:10E100000135454504F10104F1D1D7F80880002C10
:10E110003DD007F11000FFF7A1F8A3000E3323F064
:10E120000703ADEB030D6D46ADF1040BA6F1040A38
:10E130004FF000095AF8043F58F8230019F0E6FDA3
:10E1400009F10109A1454BF8040FF3D14FF0010982
:10E15000F9E603685B6A98479FE7022C7FF47AAF81
:10E160002B6899453FF45BAF6B6899457FF472AFBC
:10E1700055E703685B6A9847824662E703685B6A13
:10E1800098477FE703689B6A984738692FE7A1465D
:10E190002546D8E62DE9F04F9DB00AACDDF8A08009
:10E1A00008F16C0A0546504684E80C008946FDF7E4
:10E1B000ADFE06465046FDF73FF8B3681A6D109263
:10E1C000B1689A6C496D1191B1680E92896D129186
:10E1D000B168DB6CCA6D1392B2680F93136E14931F
:10E1E000B368DB6A1593B3681B6B1693B3685B6BFC
:10E1F0001793B3689B6B1893B368DB6B1993B36881
:10E2000026AA1B6C1A9392E80300B3685B6CCDF8E6
:10E2100014808DE803000DF1340E08AE4FF0070CAA
:10E220001B930DF1300B94E80C000DF1380ACDF87A
:10E2300018E04FF0000E30464946CDF808B0CDF852
:10E240000CA0CDF810C0CDF834E0FFF757FE96E8EB
:10E25000030084E803000D9B0A9C0B9ED3B92A9F00
:10E260000C9BBB61ECB1701C22D04FF000082698CB
:10E27000E0B1279B013329D00023434504D1299FD6
:10E280003B6843F002033B60284685E850001DB020
:10E29000BDE8F08F299F3B6843F004033B60002CEE
:10E2A000E1D126984FF001080028E2D10123E4E7EC
:10E2B000A368E268934213D21E68711C08BF002451
:10E2C00014BF4FF000084FF00108D0E78368C26820
:10E2D00093420BD21868B0F1FF3253425341CCE75E
:10E2E000236820465B6A98470646E6E703685B6A50
:10E2F0009847F0E72DE9F04FA7B00AADDDF8C880E8
:10E30000339F08F16C090646484685E80C008A46AA
:10E31000FDF7FCFD04464846FCF78EFFA368D3F8E2
:10E320009C201092A168D3F89420D1F8A0101191EC
:10E33000A1680E92D1F8A4101291A168D3F8983078
:10E34000D1F8A8201392A2680F93D2F8AC3014939E
:10E35000A368D3F8B0301593A368D3F8B4301693FC
:10E36000A368D3F8B8301793A368D3F8BC301893D8
:10E37000A368D3F8C0301993A3685B6E1A93A3689F
:10E380009B6E1B93A368DB6E1C93A3681B6F1D938E
:10E39000A3685B6F1E93A3689B6F1F93A368DB6FDB
:10E3A0002093A368D3F880302193A368D3F88430F6
:10E3B0002293A368D3F888302393A368D3F88C30D2
:10E3C0002493A36830AAD3F89030259392E80300F1
:10E3D0008DE803000DF1340ECDF8148095E80C00A3
:10E3E00008AC4FF00C0CCDF818E00DF1300B4FF0ED
:10E3F000000E0DF1380920465146CDF808B0CDF891
:10E400000C90CDF810C0CDF834E0FFF777FD94E81C
:10E41000030085E803000D9B0A9C0B9DCBB9349A41
:10E420000C9B1361DCB1681C20D04FF000083098C1
:10E43000D0B1319B013327D00023984503D13B68ED
:10E4400043F002033B60304686E8300027B0BDE869
:10E45000F08F3B6843F004033B60002CE3D130981D
:10E460004FF001080028E4D10123E6E7A368E26841
:10E47000934213D21D68691C08BF002414BF4FF0DB
:10E4800000084FF00108D2E78368C26893420BD2BC
:10E490001868B0F1FF3253425341CEE7236820465B
:10E4A0005B6A98470546E6E703685B6A9847F0E7CA
:10E4B0002DE9F04F9FB00DF1380A2A9E0A9006F11F
:10E4C0006C0420460B918AE80C002D9DFDF71EFD83
:10E4D00083462046FCF7B0FE0446284619F016FC99
:10E4E0000027804610970E98002841D00F9B0133DB
:10E4F0002ED000262898002838D0299B01331BD025
:10E500000023B34212D0474510D2109E002E31D0C6
:10E510002B9C236843F0040323609AE803000A9EBF
:10E5200086E8030030461FB0BDE8F08F109B002B3B
:10E53000EED14745ECD1F0E78268C3689A4280F09B
:10E5400090831068431C00F0908029900023D8E746
:10E550008368C268934280F080831868421C00F090
:10E5600088800F90289800260028C6D10123C8E78C
:10E570000126BFE7236855F827101B6B204632465B
:10E580009847252805EB87090FD00E9855F8276086
:10E59000002867D00F9B5A1C53D09E425ED0109B20
:10E5A00043F00403109301379DE72368D9F8041062
:10E5B0001B6B3246204698474528119607F1010605
:10E5C0005BD04F2859D0413838286BD8DFE810F09D
:10E5D0008B00C400150144016A006A006A005D01F5
:10E5E00081016A006A006A008C016A006A006A00A0
:10E5F0006A0097019E01B6016A006A006A00B901CB
:10E600001501CA016A006A006A006A006A006A00AD
:10E610004F027102B202C302CE026A006A007102A6
:10E620006A006A006A006A00FC0227036A006A0046
:10E630006A006A006A005E006A006A006A00700090
:10E6400015018268C3689A4280F002831368591CDE
:10E650000ABF00220F930E929E42A0D15046FEF7B1
:10E66000FDFDA0E74FF0FF3397E700232893012338
:10E6700047E700230E9301263CE72368D9F80810EA
:10E680001B6B20460022BE1C98479CE75046FFF7B4
:10E69000E3FA236801461B6B2046002298470928AD
:10E6A00000F0C982109B43F00403109337467AE7C9
:10E6B00028AB93E803002A9F02978DE8030010AB74
:10E6C0002C9F04970393DBF808309B6805930CAFED
:10E6D00038460B999AE80C00FFF7EAFE97E803002A
:10E6E0008AE80300E2E7DBF80830DA6A12921A6B74
:10E6F00013925B6B1493DBF808309B6B1593DBF87C
:10E700000830DB6B1693DBF808301B6C179328AFCF
:10E71000DBF808E097E803002C9FDEF8443007F1AF
:10E7200018020DF1300912AF8DE8030018934FF075
:10E73000070E2A9B059310A9069102920397CDF824
:10E7400010E048460B999AE80C00FFF7E5FA99E8C3
:10E7500003008AE80300A9E7DBF808305A6E12923A
:10E760009A6E1392DB6E1493DBF808301B6F1593CF
:10E77000DBF808305B6F1693DBF808309B6F17935C
:10E78000DBF80830DB6F1893DBF80830D3F8803003
:10E790001993DBF80830D3F884301A93DBF808308B
:10E7A000D3F888301B93DBF80830D3F88C301C93F7
:10E7B000DBF80830D3F890301D9328AF97E80300BA
:10E7C0002C9A2A9B05938DE8030002F1100E4FF05E
:10E7D0000C0C12AA10A906910CAFCDF808E0039218
:10E7E000CDF810C038460B999AE80C00FFF794FA60
:10E7F00097E803008AE8030058E728AA92E8030094
:10E800000DF1440E8DE803002A9BCDF808E00022AC
:10E8100042F20F7C04210DF1400E05910CAF0693DE
:10E820000392CDF810C0CDF81CE038460B999AE859
:10E830000C00FCF71FFD97E80300109B8AE803001B
:10E84000002B7FF433AF119B2C9F002BB4BF64339C
:10E85000A3F26C737B6129E72368B249DF6A0DF18B
:10E86000480901F109024B462046B84728AF97E80E
:10E8700003002A9A029210AB2C9ACDF814900CAF98
:10E8800004928DE80300039322E728AB2C9A93E8C7
:10E89000030002F1080E0CAF00224FF0170C8DE8B8
:10E8A00003002A9BCDF808E002210DF1400E0693EB
:10E8B00038460392CDF810C00591CDF81CE00B99B5
:10E8C0009AE80C00FCF7D6FC97E803008AE80300FE
:10E8D000ECE62C9A28AF97E8030002F1080E0CAF83
:10E8E00001224FF00C0CDAE72C9B28AA92E80300D7
:10E8F0000CAF03F1040E00224FF03B0CCFE723686E
:10E900008949DF6A0DF148098A1DACE728AB93E815
:10E9100003002C9B02938DE803000CAF4FF0000E18
:10E920003D224FF0020C2A9B069310A93846CDF8E1
:10E930000CE00492CDF814C00791C0E723687B492E
:10E940008CE728AA92E803002A9F02978DE803002B
:10E9500010AB2C9F04970393DBF808301B690593D9
:10E960000CAFB5E65046FFF777F9236802469B687F
:10E9700020460121984700283FF494AE28AA92E847
:10E9800003006B4A03928DE803002A9A05920E2336
:10E9900012A810AA02900CAF0493069238460B9965
:10E9A0009AE80C00FFF7B8F997E803008AE803003B
:10E9B000504628A9FFF76EF900287FF477AE109B28
:10E9C000002B7FF473AE129B002B7FF46FAE50468A
:10E9D000FFF742F9236881469B6A20462D2198471C
:10E9E00081450BD05046FFF737F9236881469B6A73
:10E9F00020462B21984781457FF458AE28AA92E8FB
:10EA0000030012AA8DE8030002922A9A06924FF0A0
:10EA1000020C4FF00009172310AACDF814C007927A
:10EA2000CDF80C9004939AE80C0038460B99CDF879
:10EA300024C0FCF71FFC97E8030028AB8AE803001A
:10EA400012AA93E80300DDF824C002922A9BCDF8B5
:10EA50000C9010AA4FF03B0ECDF814C0069307920D
:10EA60009AE80C008DE80300CDF810E0A3E0DBF895
:10EA700008302C9F9A6C1292DA6C13921B6D1493CF
:10EA8000DBF808305B6D1593DBF808309B6D16934F
:10EA9000DBF80830DB6D1793DBF808E028AA92E872
:10EAA00003000DF1300907F11802DEF8603012AFF3
:10EAB0003AE6DBF80830D3F894201292D3F8982085
:10EAC0001392D3F89C301493DBF80830D3F8A030BD
:10EAD0001593DBF80830D3F8A4301693DBF8083030
:10EAE000D3F8A8301793DBF80830D3F8AC3018937C
:10EAF000DBF80830D3F8B0301993DBF80830D3F8DE
:10EB0000B4301A93DBF80830D3F8B8301B93DBF835
:10EB10000830D3F8BC301C93DBF80830D3F8C03091
:10EB20004AE600BF90FC03089CFC0308A4FC030811
:10EB30006001002028AF97E803002A9F02978DE824
:10EB4000030010AB2C9F04970393DBF808309B69FC
:10EB500005930CAFBCE52C9B28AA92E803000CAFF0
:10EB600003F10C0E01224FF01F0C98E65046FFF700
:10EB700073F8236802469B682046082198470028BE
:10EB80005DD05046FEF76AFB28AF034697E80300C6
:10EB90008DE803002C98012200F10C074FF0090EBC
:10EBA00010A92A980297069003920592CDF810E0DA
:10EBB00007910CCB0CAF38460B99FCF75BFB97E841
:10EBC00003008AE8030071E528AF97E803000DF120
:10EBD000440E8DE803002A9BCDF808E001224FF097
:10EBE0000C0C02210DF1400E05910CAF069303921F
:10EBF000CDF810C0CDF81CE038460B999AE80C000F
:10EC0000FCF738FB97E80300109B8AE80300002B11
:10EC10007FF44CAD119B2C9F013B3B6146E5504678
:10EC2000FFF71AF8236801461B6B2046002298471D
:10EC30000A287FF437AD5046FEF710FB36E52C9BD3
:10EC400028AA92E803000CAF03F10C0E0A228AE70F
:10EC500003685B6A98470346F9E403685B6A984770
:10EC60007CE403685B6A98476CE400BF2DE9F043DD
:10EC70008BB008AC149E159F054606F16C0084E825
:10EC80000C008946FDF742F912AA034692E80300F8
:10EC90008DE80300169A0296039704929B681B69FD
:10ECA000059306AE3046494694E80C00FFF700FC99
:10ECB00096E8030084E80300089C099E002C31D0EC
:10ECC000701C13D04FF000081298F8B1139B013359
:10ECD0001ED00023434503D13B6843F002033B6051
:10ECE000284685E850000BB0BDE8F083A368E268D1
:10ECF00093421AD21E681298711C08BF002414BFD8
:10ED00004FF000084FF001080028DFD10123E1E7B0
:10ED10008368C26893420ED21868B0F1FF32534242
:10ED20005341D7E74FF00108CEE7236820465B6ADE
:10ED300098470646DFE703685B6A9847EDE700BF40
:10ED40002DE9F0438BB008AC149E159F054606F1E3
:10ED50006C0084E80C008946FDF7D8F812AA034637
:10ED600092E803008DE80300169A02960397049236
:10ED70009B689B68059306AE3046494694E80C00B4
:10ED8000FFF796FB96E8030084E80300089C099EC1
:10ED9000002C31D0701C13D04FF000081298F8B13D
:10EDA000139B01331ED00023434503D13B6843F03E
:10EDB00002033B60284685E850000BB0BDE8F083B5
:10EDC000A368E26893421AD21E681298711C08BFA9
:10EDD000002414BF4FF000084FF001080028DFD1D5
:10EDE0000123E1E78368C26893420ED21868B0F14C
:10EDF000FF3253425341D7E74FF00108CEE7236873
:10EE000020465B6A98470646DFE703685B6A9847D7
:10EE1000EDE700BF2DE9F04F97B0229D0A9005F174
:10EE20006C0420460EAD85E80C000395FCF704FA4F
:10EE30002146054611A8FEF725FA836A00F1400431
:10EE400080460794002B00F04082036B003318BF0C
:10EE500001230D9398F81030A04C13941BB113A804
:10EE600020210EF0D9F916A90691069A42F8084D0C
:10EE70002021104606920EF0CFF916ACD8F83C309F
:10EE800044F8043D4FF0000A0994DFF858B2CDF879
:10EE900030A008F144045646CDF820A0CDF82CA0AF
:10EEA000CDF810A00594099C14F80A30042B00F248
:10EEB0000E81DFE813F01B000500EC00D4004000D9
:10EEC0000EA820A9FEF7E6FE002840F003810EA858
:10EED000FEF7C2FE2B6802469B6828460821984729
:10EEE000002800F0F7800EA8FEF7B8F94FF00109EE
:10EEF000BAF1030F00F085800E980024002800F07E
:10EF000013810F9B013300F02381002720980028F4
:10EF100000F00F81219B013300F00D810023BB42E3
:10EF200040F0E2800AF10103042B6AD0B9F1000F2E
:10EF30006FD09A46B7E70E9800284ED00F9B01334A
:10EF400000F03D810024209800284AD0219B013305
:10EF500000F040810023A34246D00E98002800F024
:10EF600050810F9C611C00F04081059821460A22C7
:10EF700019F04EF8002800F00681079C149BDBF87E
:10EF8000001053F80C2C001B8010541C0F5C53F81D
:10EF9000081C8C4203D853F8041C002906DD06988F
:10EFA00021460EF039F9149B53F80C2C9F54149BF6
:10EFB0004B49A3F10C028A4240F0C58201360E98FB
:10EFC00058B18368C268934280F0AA820433836098
:10EFD0004FF0FF330F930028B0D120980124002870
:10EFE000B4D10123A342B8D14FF00109149B53F8C7
:10EFF0000C3C002B0AF1010308BF4FF00009042B61
:10F0000094D1049D012D40F2C581B9F1000F40F06B
:10F010005E81239C236843F0040323600EA820A98B
:10F02000FEF738FE20B1239D2B6843F002032B60CE
:10F03000039C149B0A9D94E80300294CA3F10C0245
:10F04000A24285E8030040F0A88212AC1398214642
:10F050000C380DF061FF0A9817B0BDE8F08FD8F8B2
:10F060002830002B40F0F081D8F83030002B40F0F1
:10F070000282D8F82830002B00F08681D8F8303092
:10F08000002B40F0818101240B94A1464AE7229C89
:10F09000E368990540F15B81D8F820900E98002430
:10F0A000002800F0D8800F9B013300F0C4800027B7
:10F0B0002098002800F0CD80219B013300F0A4802F
:10F0C0000023BB4200F0AD804C4540F0C6804FF0BD
:10F0D000010927E74FF000090AE700BFF8EE00201A
:10F0E000ECEE00209C0100200E98002848D00F9ADA
:10F0F000531C3AD02B6828469B680821984707463E
:10F1000000283FF40FAF0E9800283FF4FFAE83684D
:10F11000C268934280F0FB81043383604FF0FF3379
:10F120000F9300287FF4EDAE2098012700287FF48C
:10F13000F1AE0123F3E68368C268934280F0FF8159
:10F140001868421C19BF2190002320940123E6E691
:10F150008368C268934280F0DF811868411C19BF40
:10F160000F9000270E940127D0E68368C26893426F
:10F1700080F030821A68571C14BF0F920E94B9E7C2
:10F180004FF0FF32B6E7D8F81430A34200F08F807A
:10F1900098F81030002B3FF427AFD8F81830A3426E
:10F1A0007FF422AF089C002C7FF41EAF002E00F0ED
:10F1B000AC81F1B213A80EF03FF90026FFE6836898
:10F1C000C268934280F0FB811868431C63D00F90A3
:10F1D0000024B8E68368C268934280F0EC81186826
:10F1E000471C54D021900023B5E68368C26893423F
:10F1F00080F0F9811C68621C0ABF00230F940E93F3
:10F20000B3E64FF0FF34B0E68368C268934280F003
:10F21000E6811868431C46D00023BB4221907FF44E
:10F2200053AF4C453FF453AF74BB2299CB6898055C
:10F230003FF52BAF4BE78368C268934280F08A8129
:10F240001868421C2BD00F902098002700287FF4CC
:10F2500033AF012335E701272AE70EA8FEF7FCFCB0
:10F26000D8F81C3053F824308342DDD10E9848B1D1
:10F270008368C268934280F05881043383604FF002
:10F28000FF310F9101340BE74FF000094AE60023EC
:10F29000209301235FE600230E93012453E600220E
:10F2A0000E92012704E700232093012309E7089A1F
:10F2B000002A7FF46DAFD8F83430002B7FF794AE7E
:10F2C00001240C960894064679E60D93C2E50B9C42
:10F2D000002C40F0B680D8F824300E9899460124CE
:10F2E0004FF0000A4FF0FF3728B30F9B013300F0B7
:10F2F000FF800025209810B3219B013300F0EB80A4
:10F3000000239D42049D1ED0AC4247D00EA8FEF7BC
:10F31000A3FC59F8043F83427FF47BAE0E9838B1CA
:10F320008368C268934280F00581043383600F973D
:10F3300001340028D9D1209801250028DCD10123EF
:10F340009D42049DE0D1AC427FF463AE26E0049C74
:10F35000012C3FF6A1AEBAF1000F3FF49DAEBAF119
:10F36000010F00F00381BAF1020F7FF4B0AE9DF8F7
:10F370005730042B3FF490AE0D9C14B1032B3FF497
:10F380008BAE0AF1010A8EE50D9C84F001095FFA4B
:10F3900089F9C7E5B9F1000F3FF43BAE149B53F870
:10F3A0000C3C012B06D90698302100220DF01EFDE1
:10F3B00000287BD10B9CFCB1149B53F8042C002A31
:10F3C00003DB06980DF03CFE149B1A78302A13D00C
:10F3D00053F8043C002B02DB06980DF031FE2D2380
:10F3E000002100930A46069801230DF057FE149B56
:10F3F0004FF0FF3243F8042C139B53F80C3CA3B19D
:10F40000089D002D65D00C9CE1B213A80EF014F8F5
:10F4100013AAD8F80800D8F80C100FF041FC20B956
:10F42000239D2B6843F004032B60089C24B1D8F87B
:10F430003430B3427FF4EDAD069924980DF0BCFC56
:10F44000ECE5D8F82C3048E70EA820A9FEF722FCFE
:10F4500000287FF409AE0EA8FEF7FEFBD8F8243092
:10F460001B6883427FF400AED8F8284004940EA8AD
:10F47000FDF7F4FE2BE60EA820A9FEF70BFC0028F2
:10F480007FF4F7AD0EA8FEF7E7FBD8F82C301B6829
:10F4900083427FF4EEADD8F8304004940EA8FDF717
:10F4A000DDFE4FF00109CDF82C903BE5149B421C8A
:10F4B0000DBF53F80C3C53F80C3C024603F1FF32ED
:10F4C0000021934238BF1A4606980B460DF03EFDC8
:10F4D00070E7F1B299E78368C268934242D2186834
:10F4E000411C19BF21900023CDF880A0012308E71B
:10F4F0008368C268934231D21868451C19BF0F90C7
:10F500000025CDF838A00125F4E6B1466EE5036884
:10F510009B6A98470E9801E603685B6A98471DE668
:10F5200003689B6A98470E9852E503689B6A984760
:10F530000E98A4E603689B6A98470E98F7E603685E
:10F540005B6A9847FDE5002243F80C4C43F8042C15
:10F550001A5533E503685B6A984772E603685B6A8D
:10F560009847CAE703685B6A9847B9E70D9C002C87
:10F570007FF492AD9DF85430032B3FF48DAD9DF890
:10F580005630012B7FF4FDAE86E512AC1398214670
:10F590000C380DF0C1FC0EF09FFC53F8041C481E03
:10F5A000002943F8040C12AC3FF750AD1046214639
:10F5B0000DF0A6FC4AE503685B6A984710E603680D
:10F5C0005B6A984701E6149812AC0C3821460DF09E
:10F5D000A3FCDBE703685B6A98470246CBE5036858
:10F5E0005B6A984716E603685B6A9847044602E63A
:10F5F0002DE9F04F97B022990A9001F16C04204652
:10F600000EA981E80C000391FBF716FE2146054682
:10F6100011A8FDF7D3FD836A00F1400480460794EA
:10F62000002B00F03E82036B003318BF01230D93C3
:10F6300098F810309F4C13941BB113A820210DF0A3
:10F64000EBFD16A90691069A42F8084D20211046B6
:10F6500006920DF0E1FD16ACD8F83C3044F8043DBC
:10F660004FF0000A0994DFF854B2CDF830A008F149
:10F6700044045646CDF820A0CDF82CA0CDF810A01B
:10F680000594099C14F80A30042B00F20C81DFE881
:10F6900013F01B000500EA00D20040000EA820A9CC
:10F6A000FEF7F8FA002840F001810EA8FEF7D4FA20
:10F6B0002B6802469B68284608219847002800F0DE
:10F6C000F5800EA8FDF7CAFD4FF00109BAF1030F4E
:10F6D00000F085800E980024002800F011810F9B17
:10F6E000013300F0218100272098002800F00D81CF
:10F6F000219B013300F00B810023BB4240F0E080EE
:10F700000AF10103042B6AD0B9F1000F6FD09A46B9
:10F71000B7E70E9800284ED00F9B013300F03B81D5
:10F720000024209800284AD0219B013300F03E811C
:10F7300000239C4246D00E98002800F04E810F9C7A
:10F74000611C00F03E81059821460A2218F060FCF9
:10F75000002800F00481079C149BDBF8001053F88C
:10F760000C2C001B8010541C0F5C53F8081C8C429E
:10F7700003D853F8041C002906DD069821460DF035
:10F780004BFD149B53F80C2C9F54149B4A49A3F136
:10F790000C028A4240F0BA8201360E9858B1836852
:10F7A000C268934280F0AD82043383604FF0FF3330
:10F7B0000F930028B0D1209801240028B4D1012350
:10F7C0009C42B8D14FF00109149B53F80C3C002B1C
:10F7D0000AF1010308BF4FF00009042B94D1049CE7
:10F7E000012C40F2C381B9F1000F40F05C81239CF1
:10F7F000236843F0040323600EA820A9FEF74AFA09
:10F8000020B1239C236843F002032360039C149BD4
:10F8100094E803000A9C84E80300A3F10C0012A9F9
:10F820000DF07AFB139812A90C380DF075FB0A98AD
:10F8300017B0BDE8F08FD8F82830002B40F0F081E9
:10F84000D8F83030002B40F00282D8F82830002B56
:10F8500000F08681D8F83030002B40F081810124FF
:10F860000B94A1464CE7229CE368990540F15B812B
:10F87000D8F820900E980024002800F0D8800F9B24
:10F88000013300F0C48000272098002800F0CD80CC
:10F89000219B013300F0A4800023BB4200F0AD8027
:10F8A0004C4540F0C6804FF0010929E74FF00009B0
:10F8B0000CE700BFF8EE0020ECEE00209C010020D9
:10F8C0000E98002848D00F9A531C3AD02B6828462F
:10F8D0009B6808219847074600283FF411AF0E980F
:10F8E00000283FF401AF8368C268934280F0FB8137
:10F8F000043383604FF0FF330F9300287FF4EFAEA3
:10F900002098012700287FF4F3AE0123F5E68368F1
:10F91000C268934280F0F1811868421C19BF21909F
:10F92000002320940123E8E68368C268934280F0B4
:10F93000F9811868411C19BF0F9000270E94012708
:10F94000D2E68368C268934280F00B821A68571C23
:10F9500014BF0F920E94B9E74FF0FF32B6E7D8F814
:10F960001430A34200F08F8098F81030002B3FF441
:10F9700029AFD8F81830A3427FF424AF089C002C9C
:10F980007FF420AF002E00F0AC81F1B213A80DF08F
:10F9900053FD002601E78368C268934280F0DD8151
:10F9A0001868431C63D00F900024BAE68368C268CD
:10F9B000934280F0E0811868471C54D021900023C6
:10F9C000B7E68368C268934280F0D0811C68621CED
:10F9D0000ABF00230F940E93B5E64FF0FF34B2E652
:10F9E0008368C268934280F0DD811868431C46D06A
:10F9F0000023BB4221907FF453AF4C453FF453AFFB
:10FA000074BB2299CB6898053FF52BAF4BE7836811
:10FA1000C268934280F0C2811868421C2BD00F90BC
:10FA20002098002700287FF433AF012335E7012712
:10FA30002AE70EA8FEF710F9D8F81C3053F8243046
:10FA40008342DDD10E9848B18368C268934280F04A
:10FA50006481043383604FF0FF310F9101340BE771
:10FA60004FF000094CE600232093012361E60023B8
:10FA70000E93012455E600220E92012704E700238D
:10FA80002093012309E7089A002A7FF46DAFD8F884
:10FA90003430002B7FF796AE01240C96089406466E
:10FAA0007BE60D93C4E50B9C002C40F0B680D8F8A3
:10FAB00024300E98994601244FF0000A4FF0FF378A
:10FAC00028B30F9B013300F0F2800025209810B37B
:10FAD000219B013300F0F88000239D4204991ED041
:10FAE0008C4247D00EA8FEF7B7F859F8043F83427E
:10FAF0007FF47DAE0E9838B18368C268934280F07F
:10FB0000F780043383600F9701340028D9D12098FF
:10FB100001250028DCD101239D420499E0D18C42CB
:10FB20007FF465AE26E0049C012C3FF6A1AEBAF14D
:10FB3000000F3FF49DAEBAF1010F00F0FF80BAF163
:10FB4000020F7FF4B0AE9DF85730042B3FF490AE17
:10FB50000D9C14B1032B3FF48BAE0AF1010A90E522
:10FB60000D9C84F001095FFA89F9C9E5B9F1000F2C
:10FB70003FF43DAE149B53F80C3C012B06D906987C
:10FB8000302100220DF032F900287BD10B9CFCB112
:10FB9000149B53F8042C002A03DB06980DF050FA4E
:10FBA000149B1A78302A13D053F8043C002B02DB44
:10FBB00006980DF045FA2D23002100930A46069879
:10FBC00001230DF06BFA149B4FF0FF3243F8042C25
:10FBD000139B53F80C3CA3B1089C002C65D00C9CE3
:10FBE000E1B213A80DF028FC13AAD8F80800D8F841
:10FBF0000C100FF055F820B9239C236843F0040340
:10FC00002360089C24B1D8F83430B3427FF4EFADC0
:10FC1000069924980DF0D0F8EEE5D8F82C3048E796
:10FC20000EA820A9FEF736F800287FF409AE0EA82A
:10FC3000FEF712F8D8F824301B6883427FF400AE38
:10FC4000D8F8284004940EA8FDF708FB2BE60EA870
:10FC500020A9FEF71FF800287FF4F7AD0EA8FDF7E6
:10FC6000FBFFD8F82C301B6883427FF4EEADD8F848
:10FC7000304004940EA8FDF7F1FA4FF00109CDF8D9
:10FC80002C903DE5149B421C0DBF53F80C3C53F8DF
:10FC90000C3C024603F1FF320021934238BF1A4662
:10FCA00006980B460DF052F970E7F1B299E78368B8
:10FCB000C26893423ED21868451C19BF0F900025B8
:10FCC000CDF838A0012501E78368C26893422DD2A0
:10FCD0001868411C19BF21900023CDF880A0012392
:10FCE000FBE6B14670E503689B6A98470E9801E60B
:10FCF00003689B6A98470E9805E703685B6A984714
:10FD00000BE603689B6A98470E984FE5002243F87C
:10FD10000C4C43F8042C1A553EE503689B6A98473F
:10FD20000E9898E603685B6A984703E603685B6A87
:10FD30009847CEE703685B6A9847BDE70D9C002CA7
:10FD40007FF496AD9DF85430032B3FF491AD9DF8B0
:10FD50005630012B7FF401AF8AE503685B6A984750
:10FD60001FE603685B6A98470246F0E503685B6A32
:10FD7000984704462BE603685B6A98471CE614988C
:10FD800012AC0C3821460DF0C7F8139821460C38F8
:10FD90000DF0C2F80EF0A0F812ACF6E703685B6A4B
:10FDA00098473AE603685B6A98471FE62DE9F042F8
:10FDB0008CB02E4C0A949DF85060169F08AC84E8D5
:10FDC0000C0012AA05468E46159B92E803005EB30E
:10FDD0008DE803000AAA06AE0293039704927146C7
:10FDE000304694E80C00FFF703FC96E80300DDF8CA
:10FDF000289084E803000EF0AFFF0CAE179946F888
:10FE0000040D3A46484633460FF000FA0A9B94E840
:10FE10000300174CA3F10C02A24285E8030011D1A4
:10FE200028460CB0BDE8F0828DE803000AAA06AEB1
:10FE30000293039704927146304694E80C00FEF753
:10FE4000E9FFD2E753F8041C481E002943F8040CCC
:10FE5000E6DC104631460DF053F8E1E70A980BA9AD
:10FE60000C380DF059F80EF037F800BFF8EE00200E
:10FE7000ECEE00202DE9F04B8CB00546179F9DF865
:10FE80005860DDF8648008AC07F16C0084E80C0071
:10FE90008B46FBF7D1F9354B0B938146002E3FD0B3
:10FEA00014AA92E803008DE803000BAB189A02979E
:10FEB00006AE039204935946304694E80C00FFF7CF
:10FEC00097FB0B9B96E8030053F80C6C84E8030047
:10FED000CEB14046314600220DF0F8FED8F8003091
:10FEE0000B9F53F8042C002A3E4404DB40460DF0DF
:10FEF00033FDD8F80030D9F8000032463946C66ADA
:10FF00004846B0470B9B94E80300194CA3F10C0240
:10FF1000A24285E8030015D128460CB0BDE8F08B5D
:10FF200014AB93E803008DE803000BAB189A02971B
:10FF300006AE039204935946304694E80C00FEF74F
:10FF400069FFBEE753F8041C481E002943F8040C5F
:10FF5000E2DC10460AA90CF0D3FFDDE70B980AA9F2
:10FF60000C380CF0D9FF0DF0B7FF00BFF8EE002001
:10FF7000ECEE00202DE9F04F8BB00DF11009169931
:10FF800003906C3107A889E80C00DDF86080FDF76C
:10FF9000C9F914A905464846FDF77CFE82460028AB
:10FFA00000F0D281002400272A7C3E464FF0010A4F
:10FFB000A84B0993002A40F0C28195F824B1BBF107
:10FFC000000F74D1BAF1000F40F04282CDF804A0C6
:10FFD000A4F13003092B31D8E1B240460DF02CFAE0
:10FFE00001260498002800F0ED808368C2689342DF
:10FFF00080F0DE8004334FF0FF3283600592836827
:020000040802F0
:10000000C268934280F072821868421C00F07681C8
:10001000059014980024002800F0D980159B013326
:1000200000F0F48000239C4200F089804846FDF7F0
:1000300013FE0446A4F13003092BCDD96B6AA34209
:1000400000F00C81D5F80431A34203D0D5F81C315F
:10005000A34274D1BAF1000F71D1002E6FD0404687
:1000600065210DF0E9F9049848B18368C2689342AC
:1000700080F03482043383604FF0FF3305934846A9
:1000800014A9FDF707FE002840F0EF814846FDF770
:10009000E3FDD5F8C0308342044600F0C280D5F8B5
:1000A000BC30834200F046814FF0010A90E7BAF17C
:1000B000000F40F0CD8105F1CC022B7CCDF804A0DF
:1000C00002921BB1AB6A9C4200F0B2806B6A9C4208
:1000D0007FD1019C002C40F01A82BAF1000F40F051
:1000E0001682099B53F80C3C1BB109A8F9B20DF01C
:1000F000A3F940462E210DF09FF9012401940498A4
:10010000002848D08368C26893423BD204334FF042
:10011000FF32836005928368C268934280F0E28177
:100120001868421C00F0E68005901498002400280E
:1001300035D0159B01335ED00023A34232D1099CF8
:1001400054F80C3C7BB1019A1AB9BAF1000F00F0D7
:10015000858109AE3246A868E9680EF0A1FD10B9A4
:10016000179D04232B6099E803003B4A039DA4F1EB
:100170000C03934285E8030040F0BC8103980BB068
:10018000BDE8F08F03689B6A984704984FF0FF33EF
:1001900005930028BFD15C4614980028C9D15B465E
:1001A000A342CCD04846FDF757FD04462B7C88E798
:1001B00003689B6A984704984FF0FF330593002823
:1001C0007FF41DAF0124149800287FF427AF01238A
:1001D00029E7029821460A2217F01AFF00284CD07E
:1001E000029C011B89103031C9B240460DF024F940
:1001F0000137012683E78368C268934280F06A81F1
:100200001868431C72D01590002396E78368C26873
:10021000934280F05B811868431C73D015900023D3
:1002200001E72B2140460DF007F94FF0010AD8E60F
:10023000019C002C40F06B81BAF1000F40F0678107
:10024000002F00F02081F9B209A80DF0F5F8002781
:1002500055E700BFF8EE0020ECEE0020019A002ADE
:100260007FF4F0AEBAF1000F7FF4ECAE40462E21E1
:100270000DF0E2F801240194B3E6D5F804319C4274
:1002800004D0D5F81C319C427FF459AFBAF1000F6D
:100290007FF455AF002E3FF452AF099B53F80C3C4E
:1002A0002BB1019C1CB909A8F9B20DF0C5F8404664
:1002B00065210DF0C1F84846FCF7D0FF14A9FDF701
:1002C000E9FC002840F0D1804846FDF7C5FCD5F890
:1002D000C020111A4A424A410446BAB9D5F8BC3086
:1002E000834213D02B7C4FF0010AEAE600231493DB
:1002F0005B4622E7002304935C464DE7002304930A
:10030000012460E70023149301238CE62B7C1BB1AE
:10031000A96AA14200F0AC80696AA14200F0958010
:10032000002A14BF2B212D2140460DF085F84FF0F7
:10033000010AE4E62D2175E77C4A0992044609A8E2
:1003400020210CF069FF38E64846FDF785FCD5F81A
:10035000C0100F1A794279410346D9B12A7C1AB1EB
:10036000A86A984200F08D80686A984217D00029E8
:1003700014BF2B212D21404600930DF05DF8484617
:10038000FCF76CFF14A9FDF785FC009B002872D0D8
:100390001C4608E6D5F8BC208242DFD02A7C002724
:1003A0003E46BB46184612B1AB6A8342C4D06B6A64
:1003B000834248D0D5F8CC40844244D1002E30D07E
:1003C0000498013700B38268C1688A426CD2043253
:1003D0004FF0FF31826005918268C1688A4271D214
:1003E0001068461C0ED005901498002680B1159B0D
:1003F00001331BD000239E420DD14FF0010A564617
:100400002A7CD5E5CDF810B0149801260028EED14D
:1004100001239E42F1D04846FDF71EFC01262A7CAE
:10042000C1E7404630210DF007F8C9E78268C3688C
:100430009A4243D21068411C19BF15900023CDF891
:1004400050B00123D7E70446B2E54FF0010A38E681
:10045000099C54F80C3C002B3FF485AEF9B209AE70
:1004600030460CF0E9FF099C74E64FF0010A66E69D
:100470004FF0010A26E64846FDF7EEFB2A7C0346CC
:100480008DE701228BE7D8F8002039463B4652F829
:100490000C2C40460CF05AFD099C54F80C3C002BE7
:1004A0003FF461AE0021DAE70268936A9847049846
:1004B0004FF0FF3205920028A6D08DE703685B6AF3
:1004C0009847B8E70268536A98478AE703685B6A07
:1004D0009847A1E603685B6A984792E603689B6ABF
:1004E0009847C9E503685B6A98471AE603685B6A40
:1004F00098478AE554F8042C511E002A44F8041C3D
:100500003FF73CAE184608A90CF0FAFC36E6099C09
:1005100054F80C3C002B7FF41CAE24E6099808A983
:100520000C380CF0F9FC0DF0D7FC00BFF8EE002001
:100530002DE9F04E8CB00CAF474C47F8084D0646FD
:100540008B4608AC3846202184E80C00DDF85C902E
:100550000BAD0CF061FE14AB93E803008DE80300D3
:10056000169B02930DF1180ACDF80C90049794E8AD
:100570000C00594650460BADFFF7FCFC9AE803000F
:100580000A9F84E803000BAD0EF0E6FB0CAD189952
:1005900045F8040D4A4638462B460EF06BFD089888
:1005A000002837D0099B01331CD00027149828B3AA
:1005B000159B013324D000239F4205D1D9F8003088
:1005C00043F00203C9F800300A9B94E80300234C6F
:1005D000A3F10C02A24286E8030021D130460CB000
:1005E000BDE8F08E8368C268934229D21868411C26
:1005F00012D00990149800270028D9D10123DBE7F5
:100600008368C268934217D21868B0F1FF32534230
:100610005341D1E70127C9E7002308930127C5E724
:1006200053F8041C481E002943F8040CD6DC10467D
:1006300029460CF065FCD1E703685B6A9847E4E75C
:1006400003685B6A9847D2E70A9829460C380CF091
:1006500063FC0DF041FC00BFF8EE0020ECEE002042
:100660002DE9F04E8CB00CAF474C47F8084D0646CC
:100670008B4608AC3846202184E80C00DDF85C90FD
:100680000BAD0CF0C9FD14AB93E803008DE803003B
:10069000169B02930DF1180ACDF80C90049794E87C
:1006A0000C00594650460BADFFF764FC9AE8030076
:1006B0000A9F84E803000BAD0EF04EFB0CAD1899B9
:1006C00045F8040D4A4638462B460EF035FD08988D
:1006D000002837D0099B01331CD00027149828B379
:1006E000159B013324D000239F4205D1D9F8003057
:1006F00043F00203C9F800300A9B94E80300234C3E
:10070000A3F10C02A24286E8030021D130460CB0CE
:10071000BDE8F08E8368C268934229D21868411CF4
:1007200012D00990149800270028D9D10123DBE7C3
:100730008368C268934217D21868B0F1FF325342FF
:100740005341D1E70127C9E7002308930127C5E7F3
:1007500053F8041C481E002943F8040CD6DC10464C
:1007600029460CF0CDFBD1E703685B6A9847E4E7C4
:1007700003685B6A9847D2E70A9829460C380CF060
:10078000CBFB0DF0A9FB00BFF8EE0020ECEE002043
:100790002DE9F04E8CB00CAF474C47F8084D06469B
:1007A0008B4608AC3846202184E80C00DDF85C90CC
:1007B0000BAD0CF031FD14AB93E803008DE80300A2
:1007C000169B02930DF1180ACDF80C90049794E84B
:1007D0000C00594650460BADFFF7CCFB9AE80300DE
:1007E0000A9F84E803000BAD0EF0B6FA0CAD189921
:1007F00045F8040D4A4638462B460EF007FD08988A
:10080000002837D0099B01331CD00027149828B347
:10081000159B013324D000239F4205D1D9F8003025
:1008200043F00203C9F800300A9B94E80300234C0C
:10083000A3F10C02A24286E8030021D130460CB09D
:10084000BDE8F08E8368C268934229D21868411CC3
:1008500012D00990149800270028D9D10123DBE792
:100860008368C268934217D21868B0F1FF325342CE
:100870005341D1E70127C9E7002308930127C5E7C2
:1008800053F8041C481E002943F8040CD6DC10461B
:1008900029460CF035FBD1E703685B6A9847E4E72B
:1008A00003685B6A9847D2E70A9829460C380CF02F
:1008B00033FB0DF011FB00BFF8EE0020ECEE002042
:1008C0002DE9F04F8FB008AD1A9C059004F16C0132
:1008D0000BA8009585E80C00FCF724FDE66806F0FF
:1008E0004A06402E804600F03182082E0CBF1025AB
:1008F0000A25029508A818A9FDF7CCF90546002895
:1009000040F0478208A8FDF7A7F9D8F8BC301F1AB5
:100910007B427B4104460793002B00F09B8198F8B3
:100920001030002B40F0E981D8F82420A24200F0DA
:10093000988108A8FCF792FC18A9FDF7ABF90028EC
:1009400000F012824FF0000A98F81030CDF818A08D
:1009500001250298102800F0C481A44ADDF808900F
:100960000D92002B40F0C481079A029998F8243127
:100970000393002A14BF4FF000406FF00040B0FB1B
:10098000F1F10490019108F1CC0B002B40F0DC80D8
:10099000002D40F00582B9F10A0F2E462F4609F1CD
:1009A000300B00F28C802F2C40F2B480A34540F233
:1009B000B180303C019AB242C0F09380029B04980F
:1009C00003FB06F6031BB34238BF47F001070AF1E9
:1009D000010AFFB226440898002861D08368C268E3
:1009E000934254D204334FF0FF32836009928368FC
:1009F000C268934280F0E1811868441C00F0828054
:100A000009901898002400284ED0199B01336AD011
:100A100000239C424BD1002401250D9B53F80C2C44
:100A2000002A7DD1BAF1000F20D10699F1B953F80F
:100A30000C2CDAB91C98002101601B9904220A6071
:100A400025B11B9D2A6842F002022A60009D684C75
:100A500095E80300A3F10C02059DA24285E803007E
:100A600040F0C98105980FB0BDE8F08F002CE1D1AE
:100A7000002F00F07381079A002A40F083811C99AF
:100A80006FF000420A601B9804220260D8E70368F6
:100A90009B6A984708984FF0FF3309930028A6D126
:100AA000012418980028B0D101239C42B3D008A893
:100AB000FDF7D2F8B9F10A0F04467FF674AFA4F13E
:100AC0003003092B1AD9A4F16103052B18D9A4F11D
:100AD0004103052B1ED8019AB242A4F13704BFF49A
:100AE0006DAF012777E78368C268934280F0718118
:100AF0001868411C0AD0199000238AE71C4659E760
:100B0000573C57E7002108910124CAE700221892B8
:100B100001237EE70D9B53F80C2C0024002A81D082
:100B20000DA85FFA8AF10CF087FC0DAAD8F808002E
:100B3000D8F80C100EF0B4F8002840F021811B9872
:100B40000D9B042202606DE7002D40F025812E46AA
:100B50002F4698F810301BB1D8F828309C4265D049
:100B6000D8F824309C42D5D0214658464A4617F042
:100B70004FFA0028CED0CBEB0004A410019B0F2C21
:100B8000C8BF063CB34244D30298049900FB06F662
:100B90000B1BB34238BF47F001070AF1010AFFB24D
:100BA0002644089800282ED08368C268934221D238
:100BB00004334FF0FF32836009928368C268934226
:100BC00080F003811868421C40D0099018980024D6
:100BD000E8B1199B01331ED000239C423FF41BAFA8
:100BE00008A8FDF739F80446B3E700BFF8EE002087
:100BF000ECEE002003689B6A984708984FF0FF339B
:100C000009930028D9D1039C18980028E1D1039BAF
:100C1000E3E70127C5E78368C268934280F0D1808B
:100C20001868431C0ED019900023D6E7BAF1000FC4
:100C300000F0BD805FFA8AF10DA80CF0FDFB4FF0CB
:100C4000000AAEE700231893039BC6E70022089230
:100C5000039CD9E7D8F8C03083423FF460AE98F8DF
:100C600010304FF0000ACDF818A0574623B1D8F83D
:100C70002820A24200F08B80D8F82420A24200F065
:100C80008680D8F8CC20A24241D0002F7FD0D8F85F
:100C9000C420A24203D0D8F8C820A24234D1002EEA
:100CA0003ED0029A102A7FD14FF0000A574608988A
:100CB00048B18368C268934280F08F8004338360B8
:100CC0004FF0FF33099308A818A9FCF7E3FF60B3BE
:100CD00002980697102898F810304FF001057FF41D
:100CE0003CAE4B4A0D924FF01609002B3FF43CAE40
:100CF0000DA820210CF090FA36E6D8F82820A24260
:100D00007FF412AE0123ACE70122069221E6AFB1D7
:100D100002980A28BBD1AEB90821B2460291C6E7B3
:100D20001020B24637460290C1E708A8FCF794FFAE
:100D30000446002F3DD098F8103097E74EB1029945
:100D4000082955D00AF1010A0127B0E708250295C4
:100D5000D0E50823B24601270293A8E7079901B11D
:100D600076421C9A16606BE608A8FCF775FF4FF0F8
:100D7000000A044698F81030CDF818A0574675E7D9
:100D80000D9B4FE61C984FF0004202607BE60697F1
:100D9000DFE500240794D5E50026374634463CE6D7
:100DA000039E3746344638E601210691D5E50124F5
:100DB00033E6069798F81030CBE503685B6A9847EE
:100DC0001BE603685B6A98472BE703685B6A9847F2
:100DD000F9E603685B6A98478BE603689B6A984765
:100DE0006EE70D980CA90C380CF096F80DF074F81D
:100DF000BA4601275BE753F8041C481E002943F854
:100E0000040C3FF72FAE10460CA90CF079F829E638
:100E1000F8EE0020F0B589B006AC84E80C000EAB0B
:100E200005468E4693E80300109B119F129E029385
:100E300094E80C008DE80300039728467146049659
:100E4000FFF73EFD284609B0F0BD00BF2DE9F04F89
:100E500091B00DF1300A1C9DEC68E70783460E4601
:100E60008AE80C002DD41AAA92E803008DE803004A
:100E70001D9A02950FAB0AAC039204934FF0FF3515
:100E8000314620469AE80C000F95FFF719FD94E8CB
:100E900003000F9B012B8AE8030040F2D5801E9EC1
:100EA0001D9C012204233270504623601AA9FCF7CE
:100EB000F1FE002800F0CC80236843F00203236099
:100EC000C6E005F16C010FA8FCF72CFA056A8769EA
:100ED00000248046281B454245413E1B77424FF087
:100EE00001037741A4461E4615B1002F40F0BA8099
:100EF0000C98002800F0A2800D9A013200F0878043
:100F00004FF000091A98002800F096801B9A0132D1
:100F100056D00022914563D00C98002800F09180B3
:100F20000D9A511C36D035B9D8F81C0050F8246001
:100F3000B11A4E424E41002E3AD1002F40F090801F
:100F4000D8F8143053F824309A1A534253412BB92D
:100F5000002D40F08980002E00F082800C98013432
:100F600048B18568C268954280F09F8004358560ED
:100F70004FF0FF300D90F6B1D8F82050AC4234BF9E
:100F800000250125D3B1D8F81870BC4234BF002722
:100F90000127A9E7D0F80890C168894580F0A380AF
:100FA000D9F80020501C14BF0D92CDF830C0BAE71C
:100FB000002FCCD1C4E70125002BE4D1012793E712
:100FC0008168C2680691914280F083800868421C63
:100FD00015BF002201221B90CDF868C091459BD11E
:100FE00001222EB1D8F820108C4201D1002C49D119
:100FF0001BB1D8F81830A34238D01E9E1D9C00218A
:101000000423317023601AB30623236020E0D0F854
:101010000890C168894552D2D9F80000411C18BF18
:101020000D901A980ABFCDF830C04FF000094FF06C
:10103000010900287FF46AAF01226BE74FF0010934
:1010400060E74FF0FF326EE71E9C03F00103237050
:101050009AE803008BE80300584611B0BDE8F08F12
:101060000022C5E70022BCE71A46BAE7002CC4D02C
:10107000002A1E981D9C0CBF00230223012202702F
:101080002360E5E71E9E002131701BB1D8F81830AF
:10109000A34206D0002A1D9E0CBF0023022333600A
:1010A000D6E71D9C04232360D2E70268926A089366
:1010B000CDF824C09047DDF824C0089B58E70268AB
:1010C000526A0893CDF824C09047DDF824C0089BED
:1010D000A4E70268526A0893CDF824C09047DDF86F
:1010E00024C0089B73E70268526A0893CDF824C0B5
:1010F0009047DDF824C0089B024653E72DE9F04FE6
:101100008FB008AD1A9C059004F16C010BA80195F5
:1011100085E80C00FCF706F9E66806F04A06402E62
:10112000804600F02682082E0CBF10250A25039564
:1011300008A818A9FCF7AEFD0546002840F0388243
:1011400008A8FCF789FDD8F8BC301F1A7B427B4108
:1011500004460793002B00F0908198F81030002B84
:1011600040F0DE81D8F82420A24200F08D8108A84A
:10117000FCF774F818A9FCF78DFD002800F0088230
:101180004FF0000A98F81030CDF818A00125039808
:10119000102800F0B981A74ADDF80C900D92002BC1
:1011A00040F0B981039898F8242104924FF6FF7318
:1011B00093FBF0F3029308F1CC0B002A40F0D580AA
:1011C000002D40F0FC81B9F10A0F2E462F4609F19F
:1011D000300B00F285802F2C40F2AD805C4580F012
:1011E000AA80303C0299B142C0F08C80039AC4F5C9
:1011F0007F4302FB06F6B6B2FF339E42C8BF47F0FC
:10120000010726440AF1010AFFB2B6B20898002885
:1012100057D08368C26893424AD204334FF0FF32FA
:10122000836009928368C268934280F0D581186810
:10123000441C78D0099018980024002845D0199BA8
:10124000013361D000239C4242D1002401250D9B33
:1012500053F80C2C002A74D1BAF1000F20D1069A51
:10126000F2B953F80C2CDAB900211C9801801B99B3
:1012700004220A6025B11B9D2A6842F002022A60FE
:10128000019D6D4C95E80300A3F10C02059DA2425F
:1012900085E8030040F0BE8105980FB0BDE8F08FEF
:1012A000002CE1D1002F00F06C814FF6FF71DCE7DC
:1012B00003689B6A984708984FF0FF33099300280A
:1012C000B0D1012418980028B9D101239C42BCD088
:1012D00008A8FCF7C1FCB9F10A0F04467FF67BAF02
:1012E000A4F13003092B1AD9A4F16103052B18D9F5
:1012F000A4F14103052B1ED80299B142A4F1370491
:10130000BFF474AF012781E78368C268934280F01D
:101310006F811868411C0AD01990002393E71C467E
:1013200060E7573C5EE7002308930124CAE70020EA
:101330001890012387E70D9B53F80C2C0024002AFA
:101340008AD00DA85FFA8AF10CF076F80DAAD8F8C9
:101350000800D8F80C100DF0A3FC002840F0248100
:101360001B990D9B04220A6076E7002D40F0238133
:101370002E462F4698F810301BB1D8F828309C42E2
:1013800067D0D8F824309C42D5D0214658464A46EA
:1013900016F03EFE0028CED0CBEB0004A41002993C
:1013A0000F2CC8BF063CB14241D3039AC4F57F431A
:1013B00002FB06F6B6B2FF339E42C8BF47F00107F4
:1013C00026440AF1010AFFB2B6B2089848B383680E
:1013D000C26893421CD204334FF0FF3283600992FB
:1013E0008368C268934280F0FF801868421C40D036
:1013F000099018980024C0B1199B01331ED0002316
:101400009C423FF422AF08A8FCF726FC0446B1E753
:1014100003689B6A984708984FF0FF3309930028A8
:10142000DED1049C18980028E6D1049BE8E7012748
:10143000CBE700BFF8EE0020ECEE00208368C26826
:10144000934280F0CD801868431C0ED01990002381
:10145000D6E7BAF1000F00F0B9805FFA8AF10DA863
:101460000BF0EAFF4FF0000AAFE700201890049B52
:10147000C6E700230893049CD4E7D8F8C030834221
:101480003FF46BAE98F810304FF0000ACDF818A07A
:10149000574623B1D8F82820A24200F08780D8F818
:1014A0002420A24200F08280D8F8CC20A24241D071
:1014B000002F7BD0D8F8C420A24203D0D8F8C8208F
:1014C000A24234D1002E3ED0039A102A7BD14FF095
:1014D000000A5746089848B18368C268934280F072
:1014E0008B80043383604FF0FF33099308A818A959
:1014F000FCF7D0FB60B303980697102898F81030DB
:101500004FF001057FF447AE494A0D924FF016099E
:10151000002B3FF447AE0DA820210BF07DFE41E6E5
:10152000D8F82820A2427FF41DAE0123ACE70122A7
:1015300006922CE6AFB103980A28BBD1AEB90821B8
:10154000B2460391C6E71020B24637460390C1E782
:1015500008A8FCF781FB0446002F39D098F810301A
:1015600097E74EB10399082951D00AF1010A0127E2
:10157000B0E708250395DBE50823B246012703936E
:10158000A8E7079A0AB17642B6B21C98068071E6BF
:1015900008A8FCF761FB4FF0000A044698F81030E9
:1015A000CDF818A0574674E70D9B55E60697EEE573
:1015B00000240794E4E500263746344647E6049EB7
:1015C0003746344643E601210691E4E501243EE630
:1015D000069798F81030DAE503685B6A984727E6C3
:1015E00003685B6A98472FE703685B6A9847FDE6E4
:1015F00003685B6A98478DE603689B6A984772E7C1
:101600000D980CA90C380BF087FC0CF065FCBA4661
:1016100001275FE753F8041C481E002943F8040C17
:101620003FF73AAE10460CA90BF06AFC34E600BF57
:10163000F8EE0020F0B589B006AC84E80C000EABE3
:1016400005468E4693E80300109B119F129E02935D
:1016500094E80C008DE80300039728467146049631
:10166000FFF74CFD284609B0F0BD00BF2DE9F04F53
:101670008FB008AD1A9C059004F16C010BA8019580
:1016800085E80C00FBF74EFEE66806F04A06402EA1
:10169000804600F01E82082E0CBF10250A250395F7
:1016A00008A818A9FCF7F6FA0546002840F02F8292
:1016B00008A8FCF7D1FAD8F8BC301F1A7B427B414E
:1016C00004460793002B00F0888198F81030002B17
:1016D00040F0D681D8F82420A24200F0858108A8E5
:1016E000FBF7BCFD18A9FCF7D5FA002800F0FF8134
:1016F0004FF0000A98F81030CDF818A00125039893
:10170000102800F0B181A34ADDF80C900D92002B57
:1017100040F0B181039898F8242104924FF0FF33F0
:10172000B3FBF0F3029308F1CC0B002A40F0D18018
:10173000002D40F0F381B9F10A0F2E462F4609F132
:10174000300B00F281802F2C40F2A9805C4580F0A4
:10175000A680303C0299B142C0F08880039AE343EE
:1017600002FB06F6B34238BF47F001070AF1010A4F
:10177000FFB226440898002857D08368C268934275
:101780004AD204334FF0FF32836009928368C26803
:10179000934280F0D0811868441C78D00990189842
:1017A0000024002845D0199B013361D000239C42BE
:1017B00042D1002401250D9B53F80C2C002A74D132
:1017C000BAF1000F20D1069AF2B953F80C2CDAB90D
:1017D00000211C9801601B9904220A6025B11B9D01
:1017E0002A6842F002022A60019D6B4C95E80300D2
:1017F000A3F10C02059DA24285E8030040F0B981E7
:1018000005980FB0BDE8F08F002CE1D1002F00F05B
:1018100068814FF0FF31DCE703689B6A98470898BE
:101820004FF0FF3309930028B0D101241898002805
:10183000B9D101239C42BCD008A8FCF70DFAB9F13C
:101840000A0F04467FF67FAFA4F13003092B1AD9A3
:10185000A4F16103052B18D9A4F14103052B1ED86F
:101860000299B142A4F13704BFF478AF012781E7B0
:101870008368C268934280F06A811868411C0AD06C
:101880001990002393E71C4664E7573C62E7002366
:1018900008930124CAE700201890012387E70D9BD5
:1018A00053F80C2C0024002A8AD00DA85FFA8AF184
:1018B0000BF0C2FD0DAAD8F80800D8F80C100DF0F6
:1018C000EFF9002840F01F811B990D9B04220A604C
:1018D00076E7002D40F01E812E462F4698F81030F6
:1018E0001BB1D8F828309C4263D0D8F824309C42F1
:1018F000D5D0214658464A4616F08AFB0028CED05D
:10190000CBEB0004A41002990F2CC8BF063CB142D7
:101910003DD3039AE34302FB06F6B34238BF47F0D8
:1019200001070AF1010AFFB22644089848B3836808
:10193000C26893421CD204334FF0FF328360099295
:101940008368C268934280F0FE801868421C40D0D1
:10195000099018980024C0B1199B01331ED00023B0
:101960009C423FF426AF08A8FCF776F90446B5E799
:1019700003689B6A984708984FF0FF330993002843
:10198000DED1049C18980028E6D1049BE8E70127E3
:10199000CBE700BFF8EE0020ECEE00208368C268C1
:1019A000934280F0CC801868431C0ED0199000231D
:1019B000D6E7BAF1000F00F0B8805FFA8AF10DA8FF
:1019C0000BF03AFD4FF0000AAFE700201890049B9F
:1019D000C6E700230893049CD4E7D8F8C0308342BC
:1019E0003FF473AE98F810304FF0000ACDF818A00D
:1019F000574623B1D8F82820A24200F08680D8F8B4
:101A00002420A24200F08180D8F8CC20A24241D00C
:101A1000002F7AD0D8F8C420A24203D0D8F8C8202A
:101A2000A24234D1002E3ED0039A102A7AD14FF030
:101A3000000A5746089848B18368C268934280F00C
:101A40008A80043383604FF0FF33099308A818A9F4
:101A5000FCF720F960B303980697102898F8103027
:101A60004FF001057FF44FAE484A0D924FF0160932
:101A7000002B3FF44FAE0DA820210BF0CDFB49E623
:101A8000D8F82820A2427FF425AE0123ACE701223A
:101A9000069234E6AFB103980A28BBD1AEB908214B
:101AA000B2460391C6E71020B24637460390C1E71D
:101AB00008A8FCF7D1F80446002F38D098F8103069
:101AC00097E74EB10399082950D00AF1010A01277E
:101AD000B0E708250395E3E50823B2460127039301
:101AE000A8E7079A02B176421C98066076E608A835
:101AF000FCF7B2F84FF0000A044698F81030CDF821
:101B000018A0574675E70D9B5AE60697F7E500249F
:101B10000794EDE50026374634464CE6049E3746EA
:101B2000344648E601210691EDE5012443E6069797
:101B300098F81030E3E503685B6A98472CE6036881
:101B40005B6A984730E703685B6A9847FEE603687C
:101B50005B6A984792E603689B6A984773E70D981B
:101B60000CA90C380BF0D8F90CF0B6F9BA460127DD
:101B700060E753F8041C481E002943F8040C3FF7A3
:101B80003FAE10460CA90BF0BBF939E6F8EE002089
:101B9000F0B589B006AC84E80C000EAB05468E4665
:101BA00093E80300109B119F129E029394E80C008F
:101BB0008DE803000397284671460496FFF756FD0B
:101BC000284609B0F0BD00BF2DE9F04F8FB008AD39
:101BD0001A9C059004F16C010BA8019585E80C0096
:101BE000FBF7A0FBE66806F04A06402E804600F0B0
:101BF0001E82082E0CBF10250A25039508A818A9D7
:101C0000FCF748F80546002840F02F8208A8FCF7AA
:101C100023F8D8F8BC301F1A7B427B410446079357
:101C2000002B00F0888198F81030002B40F0D6810E
:101C3000D8F82420A24200F0858108A8FBF70EFB0B
:101C400018A9FCF727F8002800F0FF814FF0000AE0
:101C500098F81030CDF818A001250398102800F04E
:101C6000B181A34ADDF80C900D92002B40F0B181B8
:101C7000039898F8242104924FF0FF33B3FBF0F35C
:101C8000029308F1CC0B002A40F0D180002D40F0E7
:101C9000F381B9F10A0F2E462F4609F1300B00F2FD
:101CA00081802F2C40F2A9805C4580F0A680303CDA
:101CB0000299B142C0F08880039AE34302FB06F622
:101CC000B34238BF47F001070AF1010AFFB22644C8
:101CD0000898002857D08368C26893424AD20433D8
:101CE0004FF0FF32836009928368C268934280F0AC
:101CF000D0811868441C78D00990189800240028D6
:101D000045D0199B013361D000239C4242D100246D
:101D100001250D9B53F80C2C002A74D1BAF1000F49
:101D200020D1069AF2B953F80C2CDAB900211C988C
:101D300001601B9904220A6025B11B9D2A6842F0AC
:101D400002022A60019D6B4C95E80300A3F10C028E
:101D5000059DA24285E8030040F0B98105980FB0C7
:101D6000BDE8F08F002CE1D1002F00F068814FF02A
:101D7000FF31DCE703689B6A984708984FF0FF3310
:101D800009930028B0D1012418980028B9D1012363
:101D90009C42BCD008A8FBF75FFFB9F10A0F0446CC
:101DA0007FF67FAFA4F13003092B1AD9A4F16103A8
:101DB000052B18D9A4F14103052B1ED80299B14275
:101DC000A4F13704BFF478AF012781E78368C268C4
:101DD000934280F06A811868411C0AD01990002350
:101DE00093E71C4664E7573C62E70023089301240D
:101DF000CAE700201890012387E70D9B53F80C2CAD
:101E00000024002A8AD00DA85FFA8AF10BF014FB97
:101E10000DAAD8F80800D8F80C100CF041FF0028E3
:101E200040F01F811B990D9B04220A6076E7002D6C
:101E300040F01E812E462F4698F810301BB1D8F87E
:101E400028309C4263D0D8F824309C42D5D021461B
:101E500058464A4616F0DCF80028CED0CBEB0004FA
:101E6000A41002990F2CC8BF063CB1423DD3039A7F
:101E7000E34302FB06F6B34238BF47F001070AF11D
:101E8000010AFFB22644089848B38368C2689342A7
:101E90001CD204334FF0FF32836009928368C2681A
:101EA000934280F0FE801868421C40D00990189838
:101EB0000024C0B1199B01331ED000239C423FF483
:101EC00026AF08A8FBF7C8FE0446B5E703689B6A7F
:101ED000984708984FF0FF3309930028DED1049CFF
:101EE00018980028E6D1049BE8E70127CBE700BF5C
:101EF000F8EE0020ECEE00208368C268934280F088
:101F0000CC801868431C0ED019900023D6E7BAF194
:101F1000000F00F0B8805FFA8AF10DA80BF08CFA80
:101F20004FF0000AAFE700201890049BC6E700239B
:101F30000893049CD4E7D8F8C03083423FF473AED2
:101F400098F810304FF0000ACDF818A0574623B18A
:101F5000D8F82820A24200F08680D8F82420A24297
:101F600000F08180D8F8CC20A24241D0002F7AD056
:101F7000D8F8C420A24203D0D8F8C820A24234D155
:101F8000002E3ED0039A102A7AD14FF0000A57460D
:101F9000089848B18368C268934280F08A8004330D
:101FA00083604FF0FF33099308A818A9FBF772FE6E
:101FB00060B303980697102898F810304FF0010589
:101FC0007FF44FAE484A0D924FF01609002B3FF4B4
:101FD0004FAE0DA820210BF01FF949E6D8F82820B4
:101FE000A2427FF425AE0123ACE70122069234E63B
:101FF000AFB103980A28BBD1AEB90821B24603910C
:10200000C6E71020B24637460390C1E708A8FBF7A1
:1020100023FE0446002F38D098F8103097E74EB1D1
:102020000399082950D00AF1010A0127B0E70825D1
:102030000395E3E50823B24601270393A8E7079A2F
:1020400002B176421C98066076E608A8FBF704FE0B
:102050004FF0000A044698F81030CDF818A0574603
:1020600075E70D9B5AE60697F7E500240794EDE522
:102070000026374634464CE6049E3746344648E64A
:1020800001210691EDE5012443E6069798F810300A
:10209000E3E503685B6A98472CE603685B6A984748
:1020A00030E703685B6A9847FEE603685B6A984717
:1020B00092E603689B6A984773E70D980CA90C3861
:1020C0000AF02AFF0BF008FFBA46012760E753F831
:1020D000041C481E002943F8040C3FF73FAE10468D
:1020E0000CA90AF00DFF39E6F8EE0020F0B589B032
:1020F00006AC84E80C000EAB05468E4693E8030060
:10210000109B119F129E029394E80C008DE803002F
:102110000397284671460496FFF756FD284609B0F6
:10212000F0BD00BF2DE9F0438DB008ACDDF858904C
:10213000179DD9F80C70CDF8089084E80C0014AA0B
:1021400006468C4692E8030027F04A030DF1180872
:102150000DF12C0E43F00803C9F80C3094E80C0084
:102160008DE80300039561464046CDF810E0FFF787
:102170002BFD98E803000B9BC9F80C7084E8030062
:10218000189C86E80300304623600DB0BDE8F0835C
:102190002DE9F04F93B00CAD1E9C099004F16C0139
:1021A0000FA8029585E80C00FBF7BCF8E76807F07C
:1021B0004A07402F804600F07282082F0CBF10247F
:1021C0000A240CA81CA9FBF765FD0646002840F070
:1021D0008E820CA8FBF740FDD8F8BC30B3EB000EA4
:1021E000DEF1000353EB0E0305460B93002B00F0CA
:1021F000D78198F81030002B40F02982D8F824209D
:10220000AA4200F0D4810CA8FBF728F81CA9FBF720
:1022100041FD002800F05182002198F81030039110
:102220000A910126102C00F006828D4A1192A146D7
:10223000002B40F007820B9A002A00F0AA810022AE
:102240004FF00043CDE90623E1172046CDE9000118
:1022500022460B46DDE90601E4F770F998F82441BF
:102260000894CDE90401089808F1CC04002800F096
:10227000FB80002E40F045824FF0000A4FF0000B2B
:10228000374698F8103023B1D8F828309D4200F036
:10229000BA80D8F824309D4200F0C88029462046F4
:1022A0004A4615F0B5FE002800F0C080021BDDE9AB
:1022B000040192100F2AC8BF063A594508BF50457D
:1022C000C0F094800199009D0AFB01F305FB0B33DC
:1022D000AAFB05014FEAE27B92461944DDE9062399
:1022E000039DB2EB0A0263EB0B038B4208BF8242F1
:1022F00038BF47F0010701351AEB000A0395FFB21A
:102300004BEB010B0C98002864D08368C2689342A1
:1023100057D204334FF0FF3283600D928368C26856
:10232000934280F010821868421C77D00D901C9860
:102330000025002852D01D9B013359D000239D4217
:102340004FD100240126119D55F80C3C002B73D170
:10235000039911BB0A9A02BB55F80C3CEBB9209CBF
:1023600000220023C4E900231F9C0421216026B120
:102370001F9C236843F002032360029C394A94E8BF
:102380000300A5F10C03099C934284E8030040F08C
:10239000E281099813B0BDE8F08F002CDFD1002F47
:1023A00000F083810B9C002C40F09081209C4FF02A
:1023B000FF326FF00043C4E900231F9C0423236015
:1023C000D5E703689B6A98470C984FF0FF330D934D
:1023D0000028A3D1089D1C980028ACD1089B9D42E1
:1023E000AFD00CA8FBF738FC05464AE7012789E780
:1023F0008368C268934280F0AA811868431C11D098
:102400001D9000239BE7039D002D00F08781E9B21A
:1024100011A80BF011F80025039573E700200C902C
:10242000089DD8E700211C91089B88E7119D55F86D
:102430000C3C0024002B8BD0039D11A8E9B20AF0BC
:10244000FBFF11AAD8F80800D8F80C100CF028FCF3
:10245000002840F039811F98119D0423036077E71D
:10246000F8EE0020ECEE0020002E40F0438109F150
:102470003004B9F10A0F4FF0000A4FF0000B374655
:1024800008944FD82F2DD1D9089CAC42CED9A5F1B4
:102490003000DDE904455D4508BF544561D3019D29
:1024A00000990AFB05F301FB0B33AAFB01451D4410
:1024B000DDE90623C117121A63EB0103AB4208BF23
:1024C000A242039A38BF47F00107013210EB040A19
:1024D0000392FFB241EB050B0C9800283BD08368B8
:1024E000C26893422ED204334FF0FF3283600D92C4
:1024F0008368C268934280F022811868441C40D0EF
:102500000D901C98002450B31D9B01332BD0002349
:102510009C423FF416AF0CA8FBF79EFBB9F10A0FE3
:102520000546AFD9A5F130000928B2D9A5F161035C
:10253000052B23D9A5F14103052B3FF677AFA5F174
:102540003700A6E703689B6A98470C984FF0FF3363
:102550000D930028CCD101241C980028D4D101234C
:10256000D6E70127B8E78368C268934280F0E3802A
:102570001868411C09D01D900023C9E7A5F1570038
:1025800087E700230C930124E6E700251C9501232F
:10259000BEE74FF0FF306FF00041CDE9060153E692
:1025A000D8F8C03083423FF424AE98F810300020B1
:1025B000B24603903E460A908146074623B1D8F8BA
:1025C0002820AA4200F08E80D8F82420AA4200F0E9
:1025D0008980D8F8CC20AA4246D0002F00F0828013
:1025E000D8F8C420AA4203D0D8F8C820AA4235D1CE
:1025F000002E40D0102C40F08B804FF000094F4649
:102600000C9848B18268C3689A4280F09080043286
:1026100082604FF0FF330D930CA81CA9FBF73AFB27
:1026200068B3102C0A97CDF80C9098F810304FF042
:1026300001067FF4FAAD534A11924FF01609002BB0
:102640003FF4F9AD11A820210AF0E6FDF3E5D8F832
:102650002820AA427FF4D2AD0123A8E70120CDF8BB
:102660000C9056460A90DDE597B10A2CB8D196B980
:10267000B1460824C4E7B14637461024C0E70CA889
:10268000FBF7EAFA0546002F4AD098F8103095E794
:102690003EB1082C73D009F101090127B0E70824E5
:1026A0008FE5B14601270824AAE70B9CACB9504638
:1026B0005946209CC4E9000159E60CA8FBF7CCFA66
:1026C00098F81030054672E7119D41E6209C0022E3
:1026D0004FF00043C4E900236FE6DAF100006BEB32
:1026E0004B01E6E70A97CDF80C9056469AE500258F
:1026F0000B9591E5089F4FF0000A3C464FF0000B08
:1027000021E600273C464FF0000A4FF0000B1AE686
:102710000121CDF80C9056460A9186E5012412E677
:102720000A97CDF80C90564698F810307AE5036871
:102730009B6A98476DE703685B6A984719E70368E7
:102740005B6A9847DAE603685B6A9847ECE50368DA
:102750005B6A984752E655F8042C511E002A45F84A
:10276000041C3FF716AE184610A90AF0C9FB10E684
:10277000119810A90C380AF0CFFB0BF0ADFBB9464D
:1027800001273DE7F8EE0020F0B589B006AC84E8FB
:102790000C000EAB05468E4693E80300109B119F7C
:1027A000129E029394E80C008DE8030003972846DC
:1027B00071460496FFF7ECFC284609B0F0BD00BF57
:1027C0002DE9F04F93B00CAD1E9C099004F16C0103
:1027D0000FA885E80C000195FAF7A4FDE36803F063
:1027E0004A08B8F1400F074600F04B82B8F1080FD5
:1027F0000CBF10240A240CA81CA9FBF74BFA0646B0
:10280000002840F05E820CA8FBF726FAD7F8BC300F
:10281000B3EB000EDEF1000353EB0E0305460B9302
:10282000002B00F0B2813B7C002B40F000827A6AE2
:10283000AA4200F0B0810CA8FAF710FD1CA9FBF722
:1028400029FA002800F02B8200213B7C05910A9197
:102850000126102C00F0DF81814A04941192002B94
:1028600040F0E081E1172046CDE9020122460B4607
:102870004FF0FF304FF0FF31E3F760FE97F824414F
:102880000894CDE9060107F1CC09002C40F0EC805A
:10289000002E40F02182049C04F13009049C0A2C93
:1028A0004FF0000A4FF0000BB04600F298802F2D39
:1028B00040F2BD804D4580F0BA80303DDDE9060133
:1028C000594508BF5045C0F09880039A029B0AFB07
:1028D00002F103FB0B112C46AAFB0323ED170B445B
:1028E000E043E943994208BF9042059838BF48F059
:1028F0000108013014EB020A05905FFA88F845EBF5
:10290000030B0C9800285BD08368C26893424ED2B8
:1029100004334FF0FF3283600D928368C2689342A4
:1029200080F0F8811868441C79D00D901C98002420
:10293000002849D01D9B013362D000239C4246D120
:1029400000240126119D55F80C3C002B75D10599EA
:1029500011BB0A9A02BB55F80C3CEBB900220023CC
:10296000209CC4E900231F9C0421216026B11F9CE8
:10297000236843F002032360019C3A4A94E8030071
:10298000A5F10C03099C934284E8030040F0D58133
:10299000099813B0BDE8F08F002CDFD1B8F1000F1B
:1029A00000F075814FF0FF324FF0FF33D8E7036836
:1029B0009B6A98470C984FF0FF330D930028ACD1D9
:1029C00001241C980028B5D101239C42B8D00CA842
:1029D000FBF742F9049C0A2C05467FF668AFA5F187
:1029E0003004092C17D9A5F16103052B15D9A5F1E0
:1029F0004103052B1BD8373D60E74FF0010880E706
:102A00008368C268934280F081811868411C0AD0B3
:102A10001D90002392E7254650E7573D4EE70021E1
:102A20000C910124CDE700221C92012386E7119D21
:102A300055F80C3C0024002B89D0059D11A8E9B263
:102A40000AF0FAFC11AAB868F9680CF029F9002814
:102A500040F02B811F98119D0423036077E700BF8E
:102A6000F8EE0020ECEE0020002E40F02D814FF01B
:102A7000000A4FF0000BB0463B7C13B1BB6A9D428D
:102A800070D07B6A9D42D2D029464846049A15F000
:102A9000BFFA0028CBD0C9EB0004DDE90601A41081
:102AA0000F2CC8BF063C594508BF50454CD3039A6C
:102AB000029B0AFB02F103FB0B11E517AAFB0323A0
:102AC0000B44E043E943994208BF9042059838BF60
:102AD00048F00108013014EB020A05905FFA88F80B
:102AE00045EB030B0C9848B38368C26893421CD231
:102AF00004334FF0FF3283600D928368C2689342C3
:102B000080F010811868421C3BD00D901C98002466
:102B1000C0B11D9B01331AD000239C423FF410AF7B
:102B20000CA8FBF799F80546A6E703689B6A984747
:102B30000C984FF0FF330D930028DED1089C1C98B1
:102B40000028E6D1089BE8E74FF00108CAE7836850
:102B5000C268934280F0E2801868431C0DD01D903B
:102B60000023DAE7059C002C00F0C480E1B211A834
:102B70000AF062FC00240594B4E700201C90089B36
:102B8000CBE700250C95089CD9E7D7F8C0308342E5
:102B90003FF449AE3B7C0020B24605900A90814646
:102BA00006461BB1BA6AAA4200F086807A6AAA4237
:102BB00000F08280D7F8CC20AA4244D0002E7BD0EF
:102BC000D7F8C420AA4203D0D7F8C820AA4234D1EB
:102BD000B8F1000F40D0102C40F086804FF0000973
:102BE0004E460C9848B18268C3689A4280F08A8049
:102BF000043282604FF0FF330D930CA81CA9FBF741
:102C000049F868B3102C0A96CDF814903B7C4FF02D
:102C100001067FF421AE16220492504A1192002B35
:102C20003FF420AE11A820210AF0F6FA1AE6BA6A9B
:102C3000AA427FF4FCAD0123ADE70120CDF814904A
:102C400056460A9005E69EB10A2CB9D1B8F1000F9C
:102C500013D1C1460824C4E7C14646461024C0E744
:102C60000CA8FAF7F9FF0546002E45D03B7C98E703
:102C7000B8F1000F07D0082C6CD009F1010901262A
:102C8000AFE70824B7E5C14601260824A9E70B9C55
:102C90006CB952465B46209CC4E9002366E60CA84A
:102CA000FAF7DAFF3B7C054675E7119D4FE6DAF14E
:102CB00000026BEB4B03EEE70A96CDF814905646F4
:102CC000C7E500250B95BFE54FF0000844464FF0DF
:102CD000000A4FF0000B35E6DDF820804FF0000AC7
:102CE00044464FF0000B2DE60121CDF814905646D6
:102CF0000A91B1E5012425E60A96CDF814905646CE
:102D00003B7CA6E503689B6A984773E703685B6AA8
:102D100098477BE603685B6A984704E603685B6A4A
:102D200098471AE703685B6A9847ECE6119810A980
:102D30000C380AF0F1F80BF0CFF855F8042C511EBE
:102D4000002A45F8041C3FF723AE184610A90AF0E4
:102D5000D7F81DE6B146012643E700BFF8EE002094
:102D6000F0B589B006AC84E80C000EAB05468E4683
:102D700093E80300109B119F129E029394E80C00AD
:102D80008DE803000397284671460496FFF718FD67
:102D9000284609B0F0BD00BF244B1A68D0075CBFBD
:102DA00001221A60224B1A68D1075CBF01221A6007
:102DB000204B1A68D2075CBF01221A601E4B1A68AA
:102DC000D0075CBF01221A601C4B1A68D1075CBF98
:102DD00001221A601A4B1A68D2075CBF01221A60DE
:102DE000184B1A68D0075CBF01221A60164B1A688C
:102DF000D1075CBF01221A60144B1A68D2075CBF6E
:102E000001221A60124B1A68D0075CBF01221A60B7
:102E1000104B1A68D1075CBF01221A600E4B1A686A
:102E2000D2075CBF01221A60704700BF8CE000200F
:102E300088E0002084E0002080E000207CE000208A
:102E400078E0002074E0002070E000206CE00020BA
:102E500068E0002064E0002060E0002008B504483D
:102E6000EDF7C4F910B10248EDF7D4F908BD00BF81
:102E700078EE00202DE9F04F0446064D064821600B
:102E800000221C21A16083B0134622616060E560CE
:102E9000294605E008EE002028ED00206068E16882
:102EA000CA50C2500433702BF8D1B84DB84E2561CA
:102EB0002E600BF061FF038833802A460423002133
:102EC000D1500433182B04D02269D1500433182B6D
:102ED000FAD100210A46AF4801230CF02BFC204612
:102EE000AD49AC4A0BF0D6FFAC48012101F0E0F847
:102EF0002046AB49A94A0BF0CDFFAA4ADFF830B310
:102F0000A94BAA4E136001250023104619465560AF
:102F1000CBF80450C2F808B0CBF80060CBF808300A
:102F2000CBF80C308BF81030CBF81430CBF81830CD
:102F3000CBF81C30CBF820308BF824308BF82530C0
:102F40008BF864300CF024FD20469949954A0BF02B
:102F5000A1FF984B984A1A60012598495D601A466E
:102F600020460BF097FF964B964A1A6096495D6093
:102F70001A4620460BF08EFF944D954B2B60012393
:102F80006B600BF0E9FEA86092492A4620460BF0E0
:102F900081FFDFF8A0A2904DDFF89CE28F4FCAF8C6
:102FA00000E000230126CAF8083019461A462846D0
:102FB000CAF80C308AF810308AF811308AF81230CA
:102FC000CAF81430CAF81830CAF81C30CAF82030D1
:102FD000CAF82430CAF82830CAF82C308AF83030C1
:102FE0008AF831308AF832308AF833308AF834304F
:102FF0008AF835308AF836308AF837308AF8433024
:10300000CAF804606E60C5F808A02F600CF05AFA88
:10301000204673492A460BF03DFFDFF82092714DA0
:10302000DFF81CE2704FC9F800E000230126C9F860
:10303000083019461A462846C9F80C3089F810306D
:1030400089F8113089F81230C9F81430C9F81830ED
:10305000C9F81C30C9F82030C9F82430C9F8283024
:10306000C9F82C3089F8303089F8313089F832309D
:1030700089F8333089F8343089F8353089F83630BA
:1030800089F8373089F84330C9F804606E60C5F8B4
:1030900008902F600CF0C2F9204654492A460BF0E4
:1030A000F9FE534B534A1A60012553495D601A4695
:1030B00020460BF0EFFE514B514A1A6051495D60BA
:1030C0001A4620460BF0E6FE4F4E504B336000236D
:1030D0007560B360F36033617361B361F361336250
:1030E0007362B362F36233637363B363F363336432
:1030F0007364B364F36433657365B365F365336612
:103100007366B366F36633677367B367F367C6F8CE
:1031100080303F48C6F884302A463146C6F88830A9
:10312000C6F88C30C6F89030C6F89430C6F898309F
:10313000C6F89C30C6F8A030C6F8A430C6F8A8304F
:10314000C6F8AC30C6F8B030C6F8B430C6F8B830FF
:10315000C6F8BC30C6F8C03086F8C43001F0A8FB11
:1031600020462C492A4A0BF095FE2B4B2B4A1A601D
:103170002B495D601A4620460BF08CFE294B2A4AEB
:103180001A602A495D601A4620465BE0BCE10020D7
:10319000E8E0002010E3002018EF002040E10020CC
:1031A00084EE00201CE100204803040850050408B8
:1031B000D8EE00207CEE002070030408D4EE00203E
:1031C00038E10020B0030408D0EE0020D4E0002055
:1031D00028030408BCEE00203CE600203804040864
:1031E000E8EE002024E6002000040408E4EE0020BD
:1031F00044E50020C0040408E0EE002028E100209F
:10320000D8040408DCEE002054E60020E0030408A3
:10321000C0E00020CCEE0020C8EC00200805040827
:10322000C4EE00201CE60020F0040408C8EE0020D4
:1032300098ED00200CEC002030050408D0EC0020B4
:10324000400504080BF026FEB348294601F04AFB6E
:103250002046B249B04A0BF01DFEB14829460BF09A
:103260003FFC2046AF49AE4A0BF014FEAE4829465B
:1032700000F036FF2046AD49AB4A0BF00BFEAC4ADE
:10328000DFF840E3AB4BAC4F136000231046194608
:103290005560CEF80450C2F808E0CEF80070CEF8C1
:1032A0000830CEF80C308EF81030CEF81430CEF84E
:1032B0001830CEF81C30CEF82030CEF82430CEF8BE
:1032C00028308EF824310CF0B5FB20469B49984AF3
:1032D0000BF0E0FD9A4B9B4A1A6001259A495D600C
:1032E0001A4620460BF0D6FD984B994A1A60994928
:1032F0005D601A4620460BF0CDFD974D974B2B6035
:1033000001236B600BF028FDA86095492A462046F2
:103310000BF0C0FDDFF8B082924B934FDFF8ACE2C8
:10332000C3F8088000200125C8F8080001460246BD
:10333000C8F80C0088F81000C8F81400C8F8180085
:10334000C8F81C00C8F82000C8F82400C8F82800F5
:10335000C8F82C00C8F83000C8F8340088F83800E5
:1033600088F8390088F83A0088F83B0088F83C0073
:1033700088F83D0088F83E0088F83F0088F86C0027
:103380005D6018461F60C8F800E0C8F804500CF0F3
:1033900045F920467549734A0BF07CFD744F754B17
:1033A000DFF82CC2DFF82CE2C7F800C000200125AE
:1033B000B86001460246F86038747861B861F86117
:1033C00038627862B862F8623863786387F83800E8
:1033D00087F8390087F83A0087F83B0087F83C0007
:1033E00087F83D0087F83E0087F83F0087F86C00BB
:1033F0007D6018465D609F60C3F800E00CF0B6F891
:1034000020465D495B4A0BF045FD5C4B5C4A1A6007
:1034100001255C495D601A4620460BF03BFD5A4B86
:103420005A4A1A605A495D601A4620460BF032FD2E
:10343000584D594B2B604FF0010E0023C5F804E0A6
:10344000AB60EB602B616B61AB61EB612B626B621C
:10345000AB62EB622B636B63AB63EB632B646B64FC
:10346000AB64EB642B656B65AB65EB652B666B66DC
:10347000AB66EB662B676B67AB67EB67C5F88030B5
:103480004648C5F8843072462946C5F88830C5F8E4
:103490008C30C5F89030C5F89430C5F89830C5F830
:1034A0009C30C5F8A030C5F8A430C5F8A830C5F8E0
:1034B000AC30C5F8B030C5F8B430C5F8B830C5F890
:1034C000BC30C5F8C03085F8C430F7F787FE204619
:1034D0003349324A0BF0DEFC324B334A1A604FF06C
:1034E000010E3249C3F804E01A4620460BF0D2FC24
:1034F0002F4B304A1A604FF0010E2F49C3F804E0F9
:103500001A4620460BF0C6FC2C480121F7F780FE36
:1035100020462B4960E000BF0CE10020C0EE0020F7
:103520001CE7002014EF002000E1002088EE0020BE
:10353000F4E0002098F60308A0F80308ACE00020AF
:103540004CE50020C0F60308A8E0002030E1002090
:1035500000F70308A4E0002030E6002038F6030856
:1035600090E00020DCE1002088F70308BCE00020A8
:1035700050EC002048E60020B8E00020E0E0002009
:1035800010F80308B4E00020C0EC002028F803087D
:10359000B0E0002054E5002030F7030830E50020BB
:1035A000A0E00020D4E1002058F8030898E00020B3
:1035B00000EE002040F803089CE00020FCEB002017
:1035C00094E00020E8E100204CE1002080F80308AE
:1035D00090F8030850F70308414A0BF05BFCE368DE
:1035E000404801930BF03AFD019B43F820B03E4860
:1035F000D4F80CB00BF032FD4BF820A03B48D4F8C7
:103600000CA00BF02BFD4AF820903948D4F80C9010
:103610000BF024FD49F820603648E6680BF01EFDEB
:10362000354A46F820203548E6680BF017FD46F885
:1036300020803348E6680BF011FD46F820703148D1
:10364000E6680BF00BFD46F82050204603B0BDE8BD
:10365000F08F013141D00AF03FFC04460D462A4864
:103660000BF064FB20462946F3E704460D46274845
:103670000BF05CFB20462946EBE704460D46244848
:103680000BF054FB20462946E3E704460D4621484B
:103690000BF04CFB20462946DBE704460D461E484E
:1036A0000BF044FB20462946D3E704460D461B4851
:1036B0000BF03CFB20462946CBE704460D46184854
:1036C0000BF034FB20462946C3E704460D46154857
:1036D0000BF02CFB20462946BBE7F6F7AFFC00BFFA
:1036E000FCEB0020D8EE0020E8EE0020E4EE002005
:1036F000CCEE0020ACE00020E8E10020BCE000209F
:10370000B8E00020A0E0002048E6002024E60020E9
:103710003CE60020D4E000201CE1002030E6002040
:10372000F4E00020DCE1002010B5054C0221204629
:10373000FFF7A0FB034A044B14601C6010BD00BFE0
:1037400014ED00201CEF00202CEF002070B50023AA
:10375000104D03602B680446C3B10F4E33682360DD
:103760002A6893420DD00D4B1B68DB0706D53368E2
:103770001A6801321A602046236070BDFFF76EFBA5
:10378000F5E71A6801321A60204670BDFFF7CCFFDA
:10379000E3E700BF1CEF00202CEF002078EE0020B4
:1037A0002DE9F84F824600200E4601469146984684
:1037B0000A9F0EF089FA8346EBF7B2FC451C2846B7
:1037C0000BF008F92A4659460446EBF711FDDAF8E2
:1037D000101000200EF078FA3046494642463B462B
:1037E0000FF044FB0546214600200EF06DFA14B19F
:1037F00020460BF043F815B93570BDE8F88FBDE8E9
:10380000F88F013101D00AF067FBF6F717FC00BF13
:103810002DE9F84F84680546002C00F08880694B3C
:1038200069496A4ADFF800B2DFF800A2DFF80092C7
:10383000DFF80082DFF800C2654F664E664D6748CC
:10384000A160E160226166496261A361654AE3614A
:10385000A362C4F820B0644BDFF8E0B1C4F824A040
:10386000C4F82C90DFF8D8A1DFF8D891C4F83080E4
:10387000C4F834C0DFF8D081DFF8D0C1A763E663B5
:103880005A4F5B4E256460645A4D5B48A164E26404
:103890005A495B4A2365C4F854B05A4BDFF8B0B1BB
:1038A000C4F858A0C4F85C90DFF8A8A1DFF8A8918C
:1038B000C4F86080C4F864C0A766E66625676067E0
:1038C000A167E267C4F88030C4F884B0C4F888A067
:1038D000DFF88881C4F88C90DFF884C14A4F4B4EE2
:1038E0004B4D4C494C4A4D4BDFF878B1DFF878A18D
:1038F000DFF87891C4F8A4004948C4F89080C4F86F
:1039000094C0C4F89870C4F89C60C4F8A050C4F87F
:10391000A810C4F8AC20C4F8B030C4F8B4B0C4F8EF
:10392000B8A0C4F8BC90C4F8C000BDE8F88FC820A7
:10393000F5F78CFE3B4A44608460C46004614461D6
:103940008461C461046244628462C4620463446347
:103950008463C463046444648464C4640465446527
:103960008465C465046644668466C4660467446707
:103970008467C467C0F880400260C0F88440C0F823
:103980008840C0F88C40C0F89040C0F89440C0F81F
:103990009840C0F89C40C0F8A040C0F8A440C0F8CF
:1039A000A840C0F8AC40C0F8B040C0F8B440C0F87F
:1039B000B840C0F8BC40C0F8C04080F8C440A8601F
:1039C00004462CE7500F040890FC0308A4FC0308ED
:1039D000FCFC030808FD030814FD03081CFD030894
:1039E00028FD03082CFD030830FD03084CFD0308E7
:1039F00058FD030860FD030868FD03086CFD03081B
:103A000074FD03087CFD0308B4FD0308B8FD03083A
:103A1000BCFD0308C0FD0308C4FD0308C8FD03087E
:103A2000D8FD0308E0030408DCFC0308E0FC0308FD
:103A3000E4FC0308ECFC0308F4FC030834FD030871
:103A400038FD03083CFD030840FD030844FD03085E
:103A500084FD030890FD030898FD0308A4FD0308F6
:103A6000B0FD0308CCFD0308D0FD0308D4FD030816
:103A70002DE9F84F824600200E46014691469846B1
:103A80000A9F0EF021F98346EBF74AFB451C2846B6
:103A90000AF0A0FF2A4659460446EBF7A9FBDAF8DC
:103AA000101000200EF010F94946304642463B46C1
:103AB00013F086FB2146054600200EF005F914B1EF
:103AC00020460AF0DBFE15B93560BDE8F88FBDE889
:103AD000F88F013101D00AF0FFF9F6F7AFFA00BF15
:103AE0002DE9F84F84680546002C00F08880694B6A
:103AF00069496A4ADFF800B2DFF800A2DFF80092F5
:103B0000DFF80082DFF800C2654F664E664D6748F9
:103B1000A160E160226166496261A361654AE36177
:103B2000A362C4F820B0644BDFF8E0B1C4F824A06D
:103B3000C4F82C90DFF8D8A1DFF8D891C4F8308011
:103B4000C4F834C0DFF8D081DFF8D0C1A763E663E2
:103B50005A4F5B4E256460645A4D5B48A164E26431
:103B60005A495B4A2365C4F854B05A4BDFF8B0B1E8
:103B7000C4F858A0C4F85C90DFF8A8A1DFF8A891B9
:103B8000C4F86080C4F864C0A766E666256760670D
:103B9000A167E267C4F88030C4F884B0C4F888A094
:103BA000DFF88881C4F88C90DFF884C14A4F4B4E0F
:103BB0004B4D4C494C4A4D4BDFF878B1DFF878A1BA
:103BC000DFF87891C4F8A4004948C4F89080C4F89C
:103BD00094C0C4F89870C4F89C60C4F8A050C4F8AD
:103BE000A810C4F8AC20C4F8B030C4F8B4B0C4F81D
:103BF000B8A0C4F8BC90C4F8C000BDE8F88FC820D5
:103C0000F5F724FD3B4A44608460C460046144616C
:103C10008461C461046244628462C4620463446374
:103C20008463C463046444648464C4640465446554
:103C30008465C465046644668466C4660467446734
:103C40008467C467C0F880400260C0F88440C0F850
:103C50008840C0F88C40C0F89040C0F89440C0F84C
:103C60009840C0F89C40C0F8A040C0F8A440C0F8FC
:103C7000A840C0F8AC40C0F8B040C0F8B440C0F8AC
:103C8000B840C0F8BC40C0F8C04080F8C440A8604C
:103C900004462CE7242A0408DCFD030800FE030880
:103CA00094FE0308BCFE0308E0FE0308FCFE0308C4
:103CB00020FF030830FF030840FF0308B0FF03089C
:103CC000D4FF0308ECFF03080400040814000408F0
:103CD000280004083C000408F8000408080104084F
:103CE00018010408280104083801040848010408E0
:103CF0008801040830F7030824FE030830FE030897
:103D00003CFE030858FE030874FE030850FF030836
:103D100060FF030870FF030880FF030890FF03089B
:103D20005800040880000408A0000408C400040827
:103D3000E800040858010408680104087801040830
:103D40002DE9F04F894603C985B00DF108089B465F
:103D500017460F9CDDF840A088E803000DF0AAFF8D
:103D6000C7EB0B029210CAEB040302FB00300028E1
:103D700032DDBB4525D9544538BF3D460ED320E042
:103D80009E4242D8EBF734FA98E80300AB4534443E
:103D900089E803002F4614D9A24512D92968424662
:103DA00001A813F06BF90646B6F1FF3F2F4601A9B3
:103DB00020463246C4EB0A0305F10405E0D1022097
:103DC00003E0BB4594BF002001200E9B1F60119BA8
:103DD0001C6005B0BDE8F08FBB45F2D93D4607E059
:103DE00098E80300AB451C4489E803002F46E8D956
:103DF00029684246204613F041F9421C2F460346EB
:103E000005F10405ECD10220DFE70120DDE700BF6A
:103E10002DE9F04E8A4603C982B09A4215461E46E5
:103E2000E9468DE803000B9FDDF830B01DD25F45F9
:103E300010D31AE0831C23D008B93860012499E814
:103E400003002544AE4207F104078AE803000CD9B9
:103E5000BB450AD9721B384629466B460EF016FA46
:103E6000421C0446E6D1022003E0AE4294BF00208B
:103E700001200A9B1D600D9B1F6002B0BDE8F08E03
:103E80000120F6E708B50DF015FF431E58425841D2
:103E900008BD013101D00AF01FF8F6F7CFF800BFD6
:103EA00008B50DF007FF08BD013101D00AF014F884
:103EB000F6F7C4F82DE9F047884603C982B09A4264
:103EC000154699466E468DE803000A9F20D217B327
:103ED0004FF0000A0BE0002808BF012496E8030019
:103EE0002544A945A24488E803000DD967B16B4673
:103EF00000202946C5EB09020EF0C8F9831C012BEE
:103F0000044607F1FF37E6D8504602B0BDE8F08717
:103F10004FF0000AF8E7BA46F6E700BF10B50446CE
:103F20000649074AA260074B002284E8060040F8D1
:103F30000C3F0AF04BFE204610BD00BFCC01040828
:103F4000A401040860F50308A0F10800E6E700BF3B
:103F5000036853F80C3C1844E0E700BF10B5044672
:103F60000749084A084BA260002284E8060040F88E
:103F70000C3F0AF02BFE2046EBF70AFA204610BD54
:103F8000CC010408A401040860F50308A0F10800AE
:103F9000E4E700BF036853F80C3C1844DEE700BFB9
:103FA0000A68026030B452F80C4C4A6902518A69BE
:103FB0008260CA68826052F80C5C0A690544002479
:103FC000AA604A68026052F80C5C8A6842514460F8
:103FD00030BC70470098039B019902600320196070
:103FE000704700BF009B03201A6070470098039B36
:103FF0000199026003201960704700BF01207047DB
:104000000120704700989B1A834238BF18467047BA
:1040100001207047009B03201A6070470020704702
:104020000A4B10B5044640F8083B0BF073F9084BF7
:10403000236020460AF07AFE204610BD044B236020
:1040400020460AF073FE09F047FF00BFD0020408C3
:104050009004040810B50446FFF7E2FF2046EBF792
:1040600097F9204610BD00BF0A4B10B5044640F832
:10407000083B0BF04FF9084B236020460AF056FE30
:10408000204610BD044B236020460AF04FFE09F085
:1040900023FF00BFA0020408E0F7030810B50446A0
:1040A000FFF7E2FF2046EBF773F9204610BD00BF93
:1040B000003138B518BF0121074B41600360044649
:1040C000064D0AF049FEA060204638BD2560204616
:1040D0000AF02CFE09F000FFD00204089004040846
:1040E000003138B518BF0121074B41600360044619
:1040F000064D0AF031FEA060204638BD25602046FE
:104100000AF014FE09F0E8FEA0020408E0F7030834
:104110008368587C704700BF8368987C704700BFF5
:104120008368D86A704700BF83681B6B0020DAB2CF
:1041300062F30700C3F3072262F30F20C3F30742C1
:1041400062F317401B0E63F31F6082B002B070472A
:1041500083685B6B0020DAB262F30700C3F30722C7
:1041600062F30F20C3F3074262F317401B0E63F3A1
:104170001F6082B002B070478368587C704700BFF0
:104180008368987C704700BF8368D86A704700BF17
:1041900083681B6B0020DAB262F30700C3F30722C7
:1041A00062F30F20C3F3074262F317401B0E63F361
:1041B0001F6082B002B0704783685B6B0020DAB288
:1041C00062F30700C3F3072262F30F20C3F3074231
:1041D00062F317401B0E63F31F6082B002B070479A
:1041E000836893F824007047836893F8250070472C
:1041F0000020704700207047704700BF91424FF089
:10420000000006D211F8013B914203EB7060F9D136
:104210007047704710B5034B036004460AF086FDF3
:10422000204610BDC004040810B5034B03600446CB
:104230000AF07CFD204610BDD804040810B5034BDD
:10424000036004460AF072FD204610BD70030408A6
:1042500010B5034B036004460AF068FD204610BD0C
:10426000B003040810B5034B036004460AF05EFD7A
:10427000204610BDE003040810B5034B036004465C
:104280000AF054FD204610BDF004040810B5034B9D
:10429000036004460AF04AFD204610BD08050408E4
:1042A00010B5034B036004460AF040FD204610BDE4
:1042B0009004040810B58B6882B0996801AA04467E
:1042C00009F08EF9204602B010BD00BF10B58B6812
:1042D00082B0596901AA044609F082F9204602B069
:1042E00010BD00BF10B58B6882B0D96901AA044621
:1042F00009F076F9204602B010BD00BF10B58B68FA
:1043000082B0596A01AA044609F06AF9204602B04F
:1043100010BD00BF10B58B6882B0996801AA044631
:1043200009F05EF9204602B010BD00BF10B58B68E1
:1043300082B0596901AA044609F052F9204602B038
:1043400010BD00BF10B58B6882B0D96901AA0446C0
:1043500009F046F9204602B010BD00BF10B58B68C9
:1043600082B0596A01AA044609F03AF9204602B01F
:1043700010BD00BF10B58B6882B0996801AA0446D1
:1043800009F02EF9204602B010BD00BF10B58B68B1
:1043900082B0596901AA044609F022F9204602B008
:1043A00010BD00BF10B58B6882B0D96901AA044660
:1043B00009F016F9204602B010BD00BF90F8433056
:1043C0000C4A10B5044602607BB1806808B10AF05F
:1043D00055FA606908B10AF051FAE06908B10AF0CB
:1043E0004DFA606A08B10AF049FA20460AF09EFCCC
:1043F000204610BD3005040890F843300C4A10B533
:10440000044602607BB1806808B10AF037FA60693F
:1044100008B10AF033FAE06908B10AF02FFA606ACD
:1044200008B10AF02BFA20460AF080FC204610BDA5
:104430004005040890F864300A4A10B5044602604A
:104440005BB1806808B10AF019FA606908B10AF036
:1044500015FAE06908B10AF011FA20460AF066FC84
:10446000204610BD5005040810B50446FFF7A6FF0E
:104470002046EAF78DFF204610BD00BF10B5044668
:10448000FFF7BAFF2046EAF783FF204610BD00BFC2
:1044900010B5054B036004460AF048FC2046EAF7D5
:1044A00077FF204610BD00BFC004040810B5054BBF
:1044B000036004460AF03AFC2046EAF769FF20460A
:1044C00010BD00BFD804040810B50446FFF7B2FFC2
:1044D0002046EAF75DFF204610BD00BF10B5054B32
:1044E000036004460AF022FC2046EAF751FF20460A
:1044F00010BD00BF7003040810B5054B03600446EF
:104500000AF014FC2046EAF743FF204610BD00BF26
:10451000B003040810B50446FFF7A4FE2046EAF7EE
:1045200037FF204610BD00BF10B5054B03600446A1
:104530000AF0FCFB2046EAF72BFF204610BD00BF27
:10454000F004040810B5054B036004460AF0EEFBC6
:104550002046EAF71DFF204610BD00BF08050408ED
:1045600010B5054B036004460AF0E0FB2046EAF76D
:104570000FFF204610BD00BF90040408084B10B583
:10458000044640F8083B0AF0C5FE20460AF0CEFB80
:10459000204610BD20460AF0C9FB09F09DFC00BF73
:1045A0007004040810B50446FFF7E8FF2046EAF758
:1045B000EFFE204610BD00BF084B10B5044640F882
:1045C000083B0AF0A7FE20460AF0B0FB204610BDCB
:1045D00020460AF0ABFB09F07FFC00BF280304086B
:1045E00038B50F4B0360056904460AF0C5FB8542E8
:1045F00003D015B128460AF041F9A06810B103684C
:104600005B68984704F10C000AF084FE20460AF02B
:104610008DFB204638BD20460AF088FB09F05CFC83
:10462000F003040810B50446FFF7DAFF2046EAF766
:10463000AFFE204610BD00BF38B504460D460AF057
:104640002FFA236829469B692046984738BD00BF4A
:10465000094B10B5044640F8083B0AF05BFE2046C3
:104660000AF064FB2046EAF793FE204610BD204680
:104670000AF05CFB09F030FC280304082DE9F04F38
:104680001F4685B0464B03600446154689461046D2
:10469000394603AA4FF0000308F06AFF01907F1B20
:1046A00050F80C3CDDF804A07F0038469A440AF02C
:1046B00091F90646019D4FF0000B1DE0236853F869
:1046C0000C2C53F8081C02F10108884500F1010583
:1046D00003D853F8041C002906DD2046414608F0A3
:1046E0009BFD236853F80C2C03F802B023682D4976
:1046F000A3F10C028A422FD1484631462A463B4656
:1047000007F026FF87420ED8471C16B130460AF044
:10471000B5F838460AF05EF90646314648462A465C
:104720003B4607F015FF02463146204608F0D8FD0B
:104730002846EAF7F5FC28445045BFD116B130466B
:104740000AF09CF8019A03A9A2F10C0008F0E4FB1E
:10475000204605B0BDE8F08F43F804BC43F80C8C4C
:1047600003F808B0C8E709F0C1FC16B130460AF0FA
:1047700085F8F5F701F809F0B9FCFAE709F0FCFC57
:10478000019B03A9A3F10C0008F0C6FB206803A954
:104790000C3808F0C1FB09F09FFBF1E7F6E700BF1A
:1047A000F8EE0020ECEE00202DE9F04782B01D4627
:1047B00007464FF000030846114601AA0A9C08F07C
:1047C000D7FE2146814601AA28464FF0000308F093
:1047D000CFFE59F80C3C50F80C6C82460546064456
:1047E00009EB03084C4603E0B04224D00134451CD9
:1047F000384621462A4607F09FFED0B92046EAF700
:104800008FFC04442846EAF78BFC44452844EBD14E
:10481000351A18BF6FF00005164CAAF10C00A04223
:104820000BD1A9F10C00A04219D1284602B0BDE875
:10483000F0870546F0E70125EEE75AF8043C5A1EDA
:10484000002B4AF8042CECDC01A908F059FBE8E73E
:10485000A9F10C0001A908F05FFB09F03DFB59F834
:10486000043C5A1E002B49F8042CDEDC01A908F098
:1048700047FBDAE7ECEE0020F0B5057F012D83B0B1
:10488000044616460F460DD03DB120683946C5692D
:1048900032462046A84703B0F0BD01930AF000F964
:1048A000019BF2E71846521AEAF7A2FC3046F2E7FB
:1048B000003218BF01220A4B10B5816042600360CC
:1048C00004460AF059FA002120612046FEF7A0FFB5
:1048D000204610BD20460AF029FA09F0FDFA00BF73
:1048E000F0030408003118BF0121074B10B54160E7
:1048F000036004460AF030FAA060204610BD20464E
:104900000AF014FA09F0E8FA7004040810B5044635
:104910000A480AF0A3FB236899685B68884209D2B9
:1049200053F8200030B10649064A002309F07EFA08
:1049300010B110BD08F03EF909F064FC18EF00203A
:104940008C180408301604082DE9F04F85B004A92E
:1049500001E90C00149A0F9B019002F16C00009386
:10496000029C039EDDF838A0FFF7D0FF139A009B4E
:10497000022A83467CD0042A14BF01254FF47A759D
:104980000027B846002C7CD0721C4ED04FF0000996
:10499000BAF1000F78D0591C3FD000224A450BD104
:1049A000139B98455BD1109A1760019B184683E8CA
:1049B000500005B0BDE8F08F13998845F3D0002C66
:1049C00064D0701C37D0F1B28946D94499F81D01E2
:1049D000002836D03038C2B2092A40D807EB870702
:1049E00000EB4707129905FB07F28A4237DC119961
:1049F0002A44914233DA404981FB0512ED17C5EB99
:104A0000A2053CB1A268E1688A4243D20132A260A9
:104A10004FF0FF3608F10108B4E7DAF80830DAF8A9
:104A20000C2093424BD21B78B7E7A268E1688A4218
:104A300037D21678AAE7A268E1688A424CD2167883
:104A4000C1E7DBF800205846D2F820C000932A22A4
:104A5000E0472A28009B02D089F81D01BAE7139B82
:104A6000042B07D0159A136843F0040313609CE7E6
:104A70000A2585E7B8F1020FF4D11099643F0F6061
:104A800093E74FF0010983E7012287E74FF0FF0921
:104A900049469AE722682046926A00939047009B15
:104AA000B6E722682046526A0093904706460130D6
:104AB000009B7FF46BAF4FF00109002468E7DAF840
:104AC000003050465B6A9847421C03467FF465AF4E
:104AD00001224FF0000A61E722682046526A0093E3
:104AE0009047411C0646009B7FF46DAF4FF0FF09D5
:104AF0004946002469E700BF676666662DE9F04F06
:104B00008FB00AAC1A9E1B9F054606F16C0084E824
:104B10000C008946FFF7FAFE18AA92E803008DE818
:104B200003001A9B06934FF0000E08AE0DF1340CF3
:104B30000DF1300B42F20F7A4FF0040894E80C00AC
:104B400030464946CDF80CE0CDF808B0CDF810A0BD
:104B5000CDF81480CDF81CC0CDF834E0FFF7F4FE9A
:104B600096E8030084E803000D9B0A9C0B9EF3B9B2
:104B70000C9B1C9A002BB4BF6433A3F26C7353617B
:104B80005CB3721C18D04FF00008189818B3199B2A
:104B9000013317D00023434503D13B6843F00203A0
:104BA0003B60284685E850000FB0BDE8F08F3B68B9
:104BB00043F004033B60E3E7A368E26893420FD24B
:104BC0001E78E0E78268C3689A42E3D303685B6AB1
:104BD00098470130DED10123DDE74FF00108D4E72B
:104BE000236820465B6A9847431C0646CBD14FF0AA
:104BF00001080024C9E700BF10B504460A480AF0BE
:104C00002DFA236899685B68884209D253F820001E
:104C100030B10649064A002309F008F910B110BD69
:104C200007F0C8FF09F0EEFAD8EE00208C1804084F
:104C3000840704082DE9F04F012380F8643087B021
:104C4000044608468846FFF7D7FF03680546014635
:104C50001B6968469847009AA14E134653F80C0DFD
:104C6000E060B34240F0C98009F0B4FE2B6807460B
:104C70001B6901A82946984701A83946E268002324
:104C800008F07AF8019BA3F10C00B04240F0BE801E
:104C9000E368A7602BB197F90030002BD4BF002345
:104CA00001232A68237402A8536929469847029A67
:104CB000134653F80C0DA061B34240F0B38009F0E5
:104CC00089FE2B6881465B6903A82946984703A89B
:104CD0004946A269002308F04FF8039BA3F10C009A
:104CE000B0427ED12B68C4F814909B6904A8294671
:104CF0009847049A134653F80C0D2062B34267D1CB
:104D000009F068FE2B6882469B6905A829469847EA
:104D100005A85146226A002308F02EF8059BA3F14E
:104D20000C00B04249D12B68C4F81CA09B682846EF
:104D3000984784F824002B682846DB68984784F855
:104D400025004046FFF7E2FD664A037F1668012B07
:104D5000054604F1260806F1240B28D0D3B12868B3
:104D600031465A46C66943462846B0475E4B297FBE
:104D70001E68012904F14A0406F11A0811D061B134
:104D8000286823463146C46942462846A04707B0F2
:104D9000BDE8F08F09F084FEE1E7284609F080FEC7
:104DA000EEE7204631461A22EAF722FAEFE74046BC
:104DB00031462422EAF71CFAD8E753F8042C511E96
:104DC000002A43F8041CAEDC04A908F099F8AAE70D
:104DD00052F8041C481E002942F8040C2BDD206AFE
:104DE0008EE753F8042C511E002A43F8041C3FF7A9
:104DF00079AF05A908F084F874E752F8041C481E3E
:104E0000002942F8040C20DDE0682DE753F8042C5B
:104E1000511E002A43F8041C3FF73AAF05A908F0D9
:104E20006FF835E752F8041C481E002942F8040CBC
:104E300006DDA06943E7184605A908F061F8CEE74A
:104E4000184605A908F05CF8F3E7184605A908F02C
:104E500057F8D9E74FF0000AD14609F047F917B1E2
:104E6000384609F00BFDB9F1000F02D0484609F0B1
:104E700005FDBAF1000F02D0504609F0FFFCF4F72F
:104E80007BFC059B044604A9A3F10C0008F044F840
:104E90002046E2E7E1E709F06FF909F01DF8039B0E
:104EA000044605A9A3F10C0008F036F84FF0000AFB
:104EB0002046D2E74FF0000ACFE709F017F9DEE706
:104EC000C8E7019B044605A9A3F10C004FF0000AB6
:104ED00008F022F8D1462046BFE7BBE7EAE7E9E75A
:104EE000ECEE0020A00100209801002010B504463F
:104EF0000A480AF0B3F8236899685B68884209D2C7
:104F000053F8200030B10649064A002308F08EFF0E
:104F100010B110BD07F04EFE09F074F9D0EE00207C
:104F20008C180408D005040810B504460A480AF095
:104F300095F8236899685B68884209D253F8200085
:104F400030B10649064A002308F070FF10B110BDC9
:104F500007F030FE09F056F9D4EE00208C18040852
:104F6000E406040810B504460A480AF077F82368F6
:104F700099685B68884209D253F8200030B106492D
:104F8000064A002308F052FF10B110BD07F012FED0
:104F900009F038F9E4EE00208C18040858070408DA
:104FA0002DE9F04F01238DB0054680F843300846C7
:104FB0000F46FFF7D7FF03689B680446984768745D
:104FC00023682046DB689847A874236820461B6A3C
:104FD00098472368E8621B69214668469847009A0B
:104FE000AA4E134653F80C0DE860B34240F0B68069
:104FF00009F0F0FC236880461B6901A82146984708
:1050000001A84146EA68002307F0B6FE019BA3F120
:105010000C00B04240F0D480EB68C5F808802BB19A
:1050200098F90030002BD4BF0023012322682B7491
:1050300002A8536921469847029A134653F80C0D6B
:10504000A861B34240F0B38009F0C4FC23688146F4
:105050005B6903A82146984703A84946AA6900232B
:1050600007F08AFE039BA3F10C00B04240F093804E
:105070002368C5F814909B6904A821469847049AB0
:10508000134653F80C0D2862B3427BD109F0A2FC01
:10509000236882469B6905A82146984705A8514682
:1050A0002A6A002307F068FE059BA3F10C00B042BA
:1050B00040F09B802368C5F81CA0DB6906A8214648
:1050C0009847069A134653F80C0DA862B34240F075
:1050D000838009F07FFC23688346DB6907A82146AB
:1050E000984707A85946AA6A002307F045FE079B80
:1050F000A3F10C00B0423AD12368C5F824B05B6A32
:105100002046984728632368099008909B6A2046A8
:1051100098470346686338460B930A93FFF7F6FBFC
:105120005B4A037F1668012B044605F1380506F13A
:105130000B070DD04BB120682B463146C5693A4666
:105140002046A8470DB0BDE8F08F09F0A9FCF2E7B2
:10515000284631460B22EAF74BF8F3E752F8041CD5
:10516000481E002942F8040C50DDE86840E753F877
:10517000042C511E002A43F8041CBDDC0BA907F0C7
:10518000BFFEB9E752F8041C481E002942F8040C7F
:1051900041DD286A7AE753F8042C511E002A43F8AF
:1051A000041C3FF765AF0BA907F0AAFE60E752F8B1
:1051B000041C481E002942F8040C31DDA86943E7AD
:1051C00053F8042C511E002A43F8041C3FF724AF67
:1051D0000BA907F095FE1FE752F8041C481E002992
:1051E00042F8040C0DDDA86A73E753F8042C511E35
:1051F000002A43F8041C3FF75DAF0BA907F080FEBF
:1052000058E718460BA907F07BFEECE718460BA9F8
:1052100007F076FEA9E718460BA907F071FEB8E77C
:1052200018460BA907F06CFEC8E708F05FFFB8F15D
:10523000000F02D0404609F021FBB9F1000F02D067
:10524000484609F01BFBBAF1000F02D0504609F0A6
:1052500015FBBBF1000F02D0584609F00FFBF4F725
:105260008BFA08F043FFFAE7019B04464FF0000B6E
:10527000A3F10C000BA907F04FFEDA462046D946F1
:10528000D3E708F079FF08F027FE00BFECEE00201E
:105290009C0100204FF0000BDA46D946C5E7F9E73C
:1052A000F8E7059B04460BA9A3F10C0007F034FEB8
:1052B0004FF0000B2046B8E74FF0000BB5E74FF07A
:1052C000000BDA46B1E7FAE7039B04460BA9A3F10A
:1052D0000C004FF0000B07F01FFEDA462046A4E753
:1052E000EDE7E9E7E8E7079B04460BA9A3F10C000B
:1052F00007F012FE204698E710B504460A4809F068
:10530000ADFE236899685B68884209D253F8200093
:1053100030B10649064A002308F088FD10B110BDDF
:1053200007F048FC08F06EFFE8EE00208C18040837
:10533000C40704082DE9F04F01238DB0054680F81D
:10534000433008460F46FFF7D7FF03689B680446C3
:105350009847687423682046DB689847A8742368D8
:1053600020461B6A98472368E8621B692146684605
:105370009847009AAA4E134653F80C0DE860B342C2
:1053800040F0B68009F026FB236880461B6901A81F
:105390002146984701A84146EA68002307F0ECFC43
:1053A000019BA3F10C00B04240F0D480EB68C5F83B
:1053B00008802BB198F90030002BD4BF00230123C3
:1053C00022682B7402A8536921469847029A134613
:1053D00053F80C0DA861B34240F0B38009F0FAFA1B
:1053E000236881465B6903A82146984703A849467C
:1053F000AA69002307F0C0FC039BA3F10C00B04294
:1054000040F093802368C5F814909B6904A8214656
:105410009847049A134653F80C0D2862B3427BD187
:1054200009F0D8FA236882469B6905A82146984767
:1054300005A851462A6A002307F09EFC059BA3F1AC
:105440000C00B04240F09B802368C5F81CA0DB69CB
:1054500006A821469847069A134653F80C0DA862F1
:10546000B34240F0838009F0B5FA23688346DB69D4
:1054700007A82146984707A85946AA6A002307F0BB
:105480007BFC079BA3F10C00B0423AD12368C5F81E
:1054900024B05B6A204698472863236809900890E7
:1054A0009B6A204698470346686338460B930A93E5
:1054B000FFF72CFA5B4A037F1668012B044605F1BF
:1054C000380506F10B070DD04BB120682B4631464D
:1054D000C5693A462046A8470DB0BDE8F08F09F0EF
:1054E000DFFAF2E7284631460B22E9F781FEF3E7BF
:1054F00052F8041C481E002942F8040C50DDE868EC
:1055000040E753F8042C511E002A43F8041CBDDC6C
:105510000BA907F0F5FCB9E752F8041C481E002956
:1055200042F8040C41DD286A7AE753F8042C511E36
:10553000002A43F8041C3FF765AF0BA907F0E0FC15
:1055400060E752F8041C481E002942F8040C31DDC3
:10555000A86943E753F8042C511E002A43F8041CA1
:105560003FF724AF0BA907F0CBFC1FE752F8041C50
:10557000481E002942F8040C0DDDA86A73E753F8B1
:10558000042C511E002A43F8041C3FF75DAF0BA901
:1055900007F0B6FC58E718460BA907F0B1FCECE79A
:1055A00018460BA907F0ACFCA9E718460BA907F0B1
:1055B000A7FCB8E718460BA907F0A2FCC8E708F05B
:1055C00095FDB8F1000F02D0404609F057F9B9F146
:1055D000000F02D0484609F051F9BAF1000F02D08D
:1055E000504609F04BF9BBF1000F02D0584609F0C4
:1055F00045F9F4F7C1F808F079FDFAE7019B044694
:105600004FF0000BA3F10C000BA907F085FCDA4664
:105610002046D946D3E708F0AFFD08F05DFC00BF97
:10562000ECEE00209C0100204FF0000BDA46D9463A
:10563000C5E7F9E7F8E7059B04460BA9A3F10C00C1
:1056400007F06AFC4FF0000B2046B8E74FF0000B64
:10565000B5E74FF0000BDA46B1E7FAE7039B0446E3
:105660000BA9A3F10C004FF0000B07F055FCDA4634
:105670002046A4E7EDE7E9E7E8E7079B04460BA926
:10568000A3F10C0007F048FC204698E710B504464B
:105690000A4809F0E3FC236899685B68884209D2EC
:1056A00053F8200030B10649064A002308F0BEFB3B
:1056B00010B110BD07F07EFA08F0A4FDCCEE00207A
:1056C0008C180408100704082DE9F043A7B005461C
:1056D0002E99309F9DF8C4909DF8C86001F16C0828
:1056E000404602A981E80C00FFF710F90446404645
:1056F000FFF7CCFF237F8046002B2ED094F842008A
:105700008DF8140026B300238DF815608DF81690DF
:105710008DF817300097404606A9802205ABFEF7AA
:105720003FF806A8E9F7FCFC9DF80C40029E0746EE
:1057300044B9336806A91B6B30463A4698478742FE
:1057400018BF012428462E602C7127B0BDE8F083D5
:105750008DF815908DF81660DCE7204609F0A0F969
:10576000236820469B6925219847C9E710B5044660
:105770000A4809F073FC236899685B6888420BD279
:1057800053F8200048B10649064A002308F04EFBB2
:10579000003018BF012010BD002010BD18EF002000
:1057A0008C1804083016040810B504460A4809F09D
:1057B00055FC236899685B6888420BD253F8200037
:1057C00048B10649064A002308F030FB003018BFF4
:1057D000012010BD002010BDD0EE00208C18040860
:1057E000D005040810B504460A4809F037FC2368C0
:1057F00099685B6888420BD253F8200048B106498B
:10580000064A002308F012FB003018BF012010BD2B
:10581000002010BDD4EE00208C180408E406040813
:105820002DE9F0030027013B92F800C0069C079D7C
:105830003E460BE0B9F1000F0EDD9E4238BF013647
:10584000CCEB050534BF12F806C00137C4EB0508E0
:10585000E0454FFA8CF9EDDCA5420AD02346844698
:1058600013F8018B0CF8018BAB42F9D11B1B1844C8
:105870001C4417F1FF3717D30170935D00F1010845
:1058800083B303F1FF3C5FFA8CFC0CF1010C04EBD9
:105890000C0514F8013B00F8013FAC42F9D117F1B7
:1058A000FF3708EB0C00E7D2971916F1FF3614D337
:1058B000017017F8013D00F1010C8BB15D1EEDB2D6
:1058C0000135621914F8013B00F8013F9442F9D107
:1058D00016F1FF360CEB0500EAD2BDE8F003704785
:1058E0006046E2E74046C4E7F0B583B008ACD0CCF0
:1058F0000B9D8E461046A4B172460097194601943E
:1059000003463046FFF78CFF2A68E71BD21B21466F
:10591000861BE9F76DFC2B68DF1BB819286003B004
:10592000F0BD2A680097174419467246034601974E
:105930003046FFF775FF801B286003B0F0BD00BF45
:10594000F0B583B016460B9C0A982768099D009015
:1059500038440A460190194628463346FFF760FF4F
:10596000401B206003B0F0BD2DE9F04F91B00AA9B3
:1059700002919DF86C10069102991A9D049281E89B
:105980000C0005F16C0A9DF82C3005930646504634
:10599000FEF7BCFF8346B14809F060FBEB6EDF68A1
:1059A00057F820408046002C00F073811C9894F832
:1059B0003830D0F8008098F800209A4200F02A8110
:1059C000236BE169D4F820A058F80C0C0D930391D7
:1059D0004044804580F0DC80DBF8181098F80030F7
:1059E000CB5C5F0740F1D48008F1010383421F467E
:1059F00040F0DE80C8EB0307002F00F0C9800DF1F6
:105A0000400B974B4BF8083D7900584607F004FCD3
:105A1000E36AC3EB0709B9F1000F3CDDE26839EA3C
:105A2000230928BFB946002A00F003810E9B0021FC
:105A300053F80C2C009158464FEA490307F02EFB0F
:105A40000E9850F8043C002B03DB584607F0F8FA98
:105A50000E9808EB090EA17CA268E368CDF80080DF
:105A6000CDF804E0FFF7DCFE0E9B079053F8042C02
:105A7000002A03DB584607F0E3FA0E9B079853F819
:105A80000C2CC11A914200F25B81521A5846002335
:105A900007F05CFAE36A002B0DDD5846617C07F0E5
:105AA000CBFCB9F1000FC0F2DF8008EB09015846CA
:105AB000E26A07F015FC0E9AEB6852F80C2C03F022
:105AC000B00113F400770791524440F0B0800DF11B
:105AD00040081744624A48F8042D7900404607F010
:105AE0009BFB079BD5F80890102B00F0CC80002181
:105AF0000891C7EB0907099701270DAB3B4413F841
:105B0000013C042B62D8DFE803F06B7D74655D0017
:105B1000BAF1010F06D9039A4046511C0AF1FF322F
:105B200007F0DEFB0F9951F80C3C994540F2A98033
:105B30000798202800F08480069A009200214046B1
:105B4000C3EB09030A4607F0A9FA0F99059B53B95D
:105B5000049803684A461B6B9847814518BF012289
:105B60000F9918BF05923F4CA1F10C00A04240F0E4
:105B7000C1800E9BA3F10C00A04209D053F8042C65
:105B8000511E002A43F8041C02DC0CA907F0B8F9E6
:105B9000049B0598029A0A938DF82C0092E8030062
:105BA000002386E803003046AB6011B0BDE8F08FFB
:105BB0003A788A5C520703F101033FF517AFC8EB4F
:105BC000070719E74046594607F050FB042F9FD0BE
:105BD000013792E7BAF1000F39D1042FF8D1A1E7CC
:105BE00008990029F2D040460999069A07F0C8FBA7
:105BF000ECE7EB689B05E9D540466169A26907F0CF
:105C00006FFBE3E708980028EDD14046069907F0BE
:105C100013FCDBE758F80C0C636B626A0D9303927C
:105C2000D4F828A00028B3D008F10108D0E6A7696D
:105C30004DE7584641464A4607F072FAE36A2AE7BA
:105C40004046C3EB0901069A07F09AFB7DE7039BE8
:105C50004046197807F0F0FBB8E700BFE4EE0020FB
:105C6000F8EE0020ECEE0020C9F10001584694F84F
:105C7000392007F085FB584641463A4607F030FB8D
:105C800019E7994662E74F452CBF00200120089094
:105C90002FE74420F3F7DAFC2D4B03600023514635
:105CA00043608360C360037443748374436183619E
:105CB000C361036243628362C36280F8303080F85C
:105CC000313080F8323080F8333080F8343080F86A
:105CD000353080F8363080F8373080F8433004466D
:105CE000FFF75EF92146E86E424609F093F957F84E
:105CF00028405BE651F8043C5A1E002B41F8042C66
:105D00003FF737AF0CA907F0FBF832E70CAC0E9861
:105D100021460C3807F000F908F0DEF80F980CACBB
:105D20000C38214607F0F8F8F1E708F0DFF92368AE
:105D300020465B689847F3F71FFD08F0D7F9FAE7AC
:105D4000044806F09BFF08F017FA08F0C5F800BFFA
:105D50004005040874FC03082DE9F04F91B00AA92E
:105D600002919DF86C10069102991A9D049281E8A7
:105D70000C0005F16C0A9DF82C3005930646504640
:105D8000FEF7C4FD8346B14809F068F9EB6EDF68A1
:105D900057F820408046002C00F073811C9894F83E
:105DA0003830D0F8008098F800209A4200F02A811C
:105DB000236BE169D4F820A058F80C0C0D930391E3
:105DC0004044804580F0DC80DBF8181098F8003003
:105DD000CB5C5F0740F1D48008F1010383421F468A
:105DE00040F0DE80C8EB0307002F00F0C9800DF102
:105DF000400B974B4BF8083D7900584607F00CFADA
:105E0000E36AC3EB0709B9F1000F3CDDE26839EA48
:105E1000230928BFB946002A00F003810E9B002108
:105E200053F80C2C009158464FEA490307F036F915
:105E30000E9850F8043C002B03DB584607F000F99D
:105E40000E9808EB090EA17CA268E368CDF80080EB
:105E5000CDF804E0FFF7E4FC0E9B079053F8042C08
:105E6000002A03DB584607F0EBF80E9B079853F81F
:105E70000C2CC11A914200F25B81521A5846002341
:105E800007F064F8E36A002B0DDD5846617C07F0EB
:105E9000D3FAB9F1000FC0F2DF8008EB09015846D0
:105EA000E26A07F01DFA0E9AEB6852F80C2C03F028
:105EB000B00113F400770791524440F0B0800DF127
:105EC00040081744624A48F8042D7900404607F01C
:105ED000A3F9079BD5F80890102B00F0CC80002187
:105EE0000891C7EB0907099701270DAB3B4413F84D
:105EF000013C042B62D8DFE803F06B7D74655D0024
:105F0000BAF1010F06D9039A4046511C0AF1FF323B
:105F100007F0E6F90F9951F80C3C994540F2A98039
:105F20000798202800F08480069A009200214046BD
:105F3000C3EB09030A4607F0B1F80F99059B53B963
:105F4000049803684A461B6B9847814518BF012295
:105F50000F9918BF05923F4CA1F10C00A04240F0F0
:105F6000C1800E9BA3F10C00A04209D053F8042C71
:105F7000511E002A43F8041C02DC0CA906F0C0FFE5
:105F8000049B0598029A0A938DF82C0092E803006E
:105F9000002386E803003046AB6011B0BDE8F08F07
:105FA0003A788A5C520703F101033FF517AFC8EB5B
:105FB000070719E74046594607F058F9042F9FD0C4
:105FC000013792E7BAF1000F39D1042FF8D1A1E7D8
:105FD00008990029F2D040460999069A07F0D0F9AD
:105FE000ECE7EB689B05E9D540466169A26907F0DB
:105FF00077F9E3E708980028EDD14046069907F0C5
:106000001BFADBE758F80C0C636B626A0D93039282
:10601000D4F828A00028B3D008F10108D0E6A76979
:106020004DE7584641464A4607F07AF8E36A2AE7C0
:106030004046C3EB0901069A07F0A2F97DE7039BEE
:106040004046197807F0F8F9B8E700BFE8EE0020FD
:10605000F8EE0020ECEE0020C9F10001584694F85B
:10606000392007F08DF9584641463A4607F038F98D
:1060700019E7994662E74F452CBF002001200890A0
:106080002FE74420F3F7E2FA2D4B0360002351463B
:1060900043608360C36003744374837443618361AA
:1060A000C361036243628362C36280F8303080F868
:1060B000313080F8323080F8333080F8343080F876
:1060C000353080F8363080F8373080F84330044679
:1060D000FFF730F92146E86E424608F09BFF57F87B
:1060E00028405BE651F8043C5A1E002B41F8042C72
:1060F0003FF737AF0CA906F003FF32E70CAC0E9860
:1061000021460C3806F008FF07F0E6FE0F980CACAD
:106110000C38214606F000FFF1E707F0E7FF23689F
:1061200020465B689847F3F727FB07F0DFFFFAE7A5
:10613000044806F0A3FD08F01FF807F0CDFE00BFED
:106140003005040874FC03082DE9F04F8FB004AF4C
:10615000804697F85040BC6097F858407C607C6D52
:10616000F96007F1200004F16C0107F1100585E8E2
:106170000C00D7E918AB08F0E9FD07F12000FEF7A5
:10618000C5FBD0B006460DF1100908F0E5FD07F19A
:106190002804002244F8040D4946CDE902AB20460C
:1061A0000092384BF4F7D8FF8346014607F11C03F1
:1061B0002046002206F09AFED7F824A05AF8043CA4
:1061C000002BCB4404DB204606F03AFFD7F824A08E
:1061D000337F012B35D0002B2FD030684946D0F8C3
:1061E0001CC05A4653463046E047BB68CBB17B6D76
:1061F00000937B6801930294F968404695E80C008F
:10620000FFF7B2FB7B6A204AA3F10C0090421FD13A
:1062100007F1200008F02CFE40462C37BD46BDE8B3
:10622000F08F7B6D00937B6801930294F968404680
:1062300095E80C00FFF790FDE4E7304608F030FCED
:10624000CBE74946C9EB0B025046E8F7D1FFCCE754
:1062500053F8042C511E002A43F8041CD8DC07F123
:106260001C0106F04DFED3E7786A07F11C010C38DB
:1062700006F052FE07F1200008F0FAFD07F02CFEB0
:10628000F8E700BF88FC0308ECEE0020F0B587B00B
:1062900004AC84E80C009DF838600D9B9DF83070CC
:1062A0008DE848000F9B0293054694E80C0027B93F
:1062B000FFF752FD284607B0F0BDFFF755FB284613
:1062C00007B0F0BD2DE9F843C668089F099D06F0A8
:1062D000B006202E894614469846C5EB070744D0E1
:1062E000102E0DD0002649463A462046E8F75EFFBC
:1062F000E01908EB0601AA1BBDE8F843E8F778BFF0
:106300006C30FEF703FB037F0646002B49D090F864
:106310004A0098F80030834233D0327F002A44D0BC
:1063200096F8480098422DD0327F7AB396F84D0007
:106330009842D7D1012DD5DD337F002B40D096F880
:10634000950098F80130834206D0327F002A3CD075
:1063500096F875008342C5D198F80030237098F8FC
:106360000130637002263444BDE7194610462A46C0
:10637000E8F73EFF601949463A46BDE8F843E8F7BA
:1063800015BF034604F8013B0126ACE7304608F090
:1063900087FB336830469B693021984798F8003076
:1063A000C6E72D21FEF748F9B3E7304608F078FB41
:1063B000336830469B692B21984798F80030B1E745
:1063C00030467821FEF738F9BBE730465821FEF712
:1063D00033F998F80130BDE730B583B01546089C15
:1063E0002268019218460095069A079BFFF76AFFFC
:1063F000256003B030BD00BF70B49DF80C409CB167
:10640000194E441EA6FB0153DB0803EB8305A1EBE9
:106410004501551819462B79254604F801390029FC
:10642000F0D1401B70BC704703F04A04402C0FD0E1
:1064300013F4804F0CBF042314231A44431E01F0AD
:106440000F040909145D1D4603F80149F7D1E8E777
:10645000431E01F007041444C90824791D4603F8BB
:106460000149F6D1DDE700BFCDCCCCCC2DE9F04F12
:106470008DB004AF07F1100697F84C50BC6C7D60EE
:1064800005466948B96086E80C0008F0E7FDE36E50
:10649000D3F80C9059F820608046002E72D0D4F8C2
:1064A0000C8008F04A0B88B006F12601BBF1400FC2
:1064B0000DF1100AF96062D0BBF1080918BF4FF066
:1064C00001090AF11400396DFA68CDF800904346CD
:1064D000FFF792FF327CF861C0F1140103468A4451
:1064E000002A33D1B9F1000F6DD0A2689A4213DDB2
:1064F00002F10E0323F00703ADEB030D04AE07F129
:106500001C03CDF804A00293B8687968009623466E
:10651000FFF762FFFB69B2463E7DD7F8108000228C
:10652000A2605EB9D8F800205146146B3B601A4651
:106530004046A0473B68834218BF012628462437BF
:10654000C5F800802E71BD46BDE8F08F43001033C2
:1065500023F00703ADEB030DB16896F82530F26820
:10656000CDF808A007F11C000DF1120A0390009469
:10657000CDF804A0B868FFF7E3F9FB69B2E74FF084
:1065800000099EE76820F3F761F8284B03600023B9
:1065900043608360C360037443618361C3610362CA
:1065A00080F8243080F8253080F8643004F16C01E4
:1065B0000646FEF73FFB3146E06E424608F02AFDF4
:1065C00059F828606BE718F4007F8ED03A6D002AE6
:1065D0008BD0BBF1400F0FD0F968C8F380320A446A
:1065E000023392780AF8012C96F82A200AF8022C35
:1065F000FB61AAF1020A78E796F82A200AF8012C32
:106600000133FB610AF1FF3A6FE707F06FFD336872
:1066100030465B689847F3F7AFF807F067FDFAE795
:1066200007F0AAFD07F058FCD8EE0020500504083A
:1066300070B586B004AC84E80C000A9B9DF82C6011
:106640000C9D009394E80C00019602950446FFF718
:106650000DFF204606B070BD2DE9F04188B004ACB6
:106660000E9D9DF83CE0EF68009527F4804684E895
:106670000C0026F04A0646F402730DF1180806468F
:106680001098EB6094E80C000290CDF804E04046CE
:10669000FFF7ECFE98E8030004908DF8141094E8DE
:1066A000030086E803003046EF6008B0BDE8F081E3
:1066B0002DE9F04784B082469DF838100C9F1446AF
:1066C0001D46D9B1461E204629460A220023DFF77F
:1066D00035FF3A44204614792946B0460A2206F886
:1066E00001490023DFF72AFF04460D4654EA05005E
:1066F000E9D1C8EB0A0004B0BDE8F0870D9901F0BC
:106700004A03402B1CD00D9A12F4804F0CBF042377
:10671000142307EB0309431E200940EA05712809E9
:106720000291039004F00F02DDE90245204629465C
:1067300019F802200143984603F80129ECD1D8E763
:10674000431EE00840EA4571E8080091019004F01A
:106750000702DDE900453A44204629461279014303
:10676000984603F80129ECD1C3E700BF2DE9F04FAB
:106770008DB004AF07F1100697F84C50BC6C7D60EB
:1067800005466E48B96086E80C0008F067FCE36EC9
:10679000D3F80C9059F820608046002E7AD0D4F8B7
:1067A0000C8008F04A0B8CB006F12600BBF1400FBC
:1067B0000DF1100AF8606AD0BBF1080918BF4FF05C
:1067C0000109F968D7E914238DE802030AF12800CA
:1067D000FFF76EFF0346307CFB61C3F12802524491
:1067E000002835D1B9F1000F75D0A6689E4215DD9D
:1067F00006F10E0323F00703ADEB030D0DF11008B6
:1068000007F11C030192029332462346B868796867
:10681000CDF80080FFF7E0FDFB6942463E7DD7F8EA
:1068200010800021A1605EB9D8F800001146046B09
:106830003B601A464046A0473B68834218BF01268A
:1068400028462437C5F800802E71BD46BDE8F08F7C
:106850005B00103323F00703ADEB030DD6F80CE01B
:1068600096F82530B16802920DF1120C07F11C0068
:1068700072460390CDF804C00094B868C7F800C011
:10688000FFF75EF8D7F800C0FB696246AAE74FF051
:10689000000996E76820F2F7D9FE294B0360002330
:1068A00043608360C360037443618361C3610362B7
:1068B00080F8243080F8253080F8643004F16C01D1
:1068C0000646FEF7B7F93146E06E424608F0A2FBF5
:1068D00059F8286063E718F4007F86D0D7E91401DF
:1068E000014382D0BBF1400F10D0D7F80CA0C8F301
:1068F0008038C24402339AF8021002F8011C96F85C
:106900002A1002F8021CFB61023A6EE796F82A1080
:1069100002F8011C0133FB61013A66E707F0E6FB70
:10692000336830465B689847F2F726FF07F0DEFBD6
:10693000FAE707F021FC07F0CFFA00BFD8EE0020FD
:1069400050050408F0B587B004AE86E80C00DDE918
:106950000E450C9B9DF83470009396E80C00CDE931
:10696000024501970446FFF701FF204607B0F0BD3E
:10697000F8B50E46244808F071FB3368DF68054619
:1069800057F8200000B1F8BD4420F2F75FFE1F4B1E
:106990000360002343608360C360037443748374A3
:1069A00043618361C361036243628362C36280F8AF
:1069B000303080F8313080F8323080F8333080F871
:1069C000343080F8353080F8363080F8373080F851
:1069D000433031460446FEF7E3FA306821462A4642
:1069E00008F018FB57F82500F8BD07F07FFBF2F719
:1069F000C3FE07F07BFB236820465B689847F6E7F9
:106A000007F0BAFB07F068FAE4EE0020400504083E
:106A100010B50446006840B18268C1688A4206D257
:106A2000013282604FF0FF336360204610BD026880
:106A3000936A9847F6E700BFF8B50E46244808F079
:106A40000DFB3368DF68054657F8200000B1F8BD3C
:106A50004420F2F7FBFD1F4B03600023436083607B
:106A6000C36003744374837443618361C3610362CD
:106A700043628362C36280F8303080F8313080F83E
:106A8000323080F8333080F8343080F8353080F898
:106A9000363080F8373080F8433031460446FEF710
:106AA00049FC306821462A4608F0B4FA57F8250018
:106AB000F8BD07F01BFBF2F75FFE07F017FB23683A
:106AC00020465B689847F6E707F056FB07F004FAA4
:106AD000E8EE002030050408F8B50D461C4808F023
:106AE000BDFA2B68DE68044656F8200000B1F8BDF8
:106AF0006820F2F7ABFD174B03600023436083600F
:106B0000C360037443618361C361036280F824300E
:106B100080F8253080F8643029460746FEF78AF869
:106B200028683946224608F075FA56F82400F8BD60
:106B300007F0DCFAF2F720FE07F0D8FA3B68384697
:106B40005B689847F6E707F017FB07F0C5F900BF49
:106B5000D8EE0020500504082DE9F04F8DB004AFA9
:106B600007F11006BC6C97F84C507D60B960054683
:106B700004F16C0107F1180086E80C00FFF7ACFF88
:106B8000D4F80C8008F04A0B88B000F12601BBF164
:106B9000400F0646F9600DF1100A74D03A6DBBF152
:106BA000080318BF0123002A70DD9946396D0AF1E8
:106BB0001400FA68CDF800904346FFF71DFC327CC4
:106BC000F861C0F1140103468A44002A42D1B9F1A8
:106BD000000F6BD0396D00295FDB18F4006F30D1E6
:106BE000A2689A4213DD02F10E0323F00703ADEB16
:106BF000030D04AE07F11C03CDF804A00293B8689E
:106C0000796800962346FFF7E7FBFB69B2463E7DB5
:106C1000D7F810800022A2605EB9D8F80020514653
:106C2000146B3B601A464046A0473B68834218BF3E
:106C3000012628462437C5F800802E71BD46BDE8E0
:106C4000F08F96F827200AF8012C0133FB610AF136
:106C5000FF3AC5E74300103323F00703ADEB030D04
:106C6000B16896F82530F268CDF808A007F11C004D
:106C70000DF1120A03900094CDF804A0B868FEF755
:106C80005FFEFB69A3E74FF000098FE7002B8CD074
:106C90003B6D4FF00109594289E796F826200AF822
:106CA000012C0133FB610AF1FF3A99E718F4007FE8
:106CB00096D03A6D002A93D0BBF1400F0FD0F968FF
:106CC000C8F380320A44023392780AF8012C96F80D
:106CD0002A200AF8022CFB61AAF1020A80E796F842
:106CE0002A200AF8012C0133FB610AF1FF3A77E709
:106CF00070B586B004AC84E80C000A9B9DF82C604B
:106D00000C9D009394E80C00019602950446FFF751
:106D100023FF204606B070BD2DE9F04F8DB004AFC3
:106D200007F11004BE6C97F84CC0D6F80CA097F889
:106D300050B084E80C001AF0010F0546904697F811
:106D400014901AD18DE84010CDF808B007F1180062
:106D500094E80C00FFF700FFD7F8188097F81C9014
:106D6000C7F8108087F8149094E80300243785E86A
:106D700003002846BD46BDE8F08F07F1180006F174
:106D80006C01C7F804C0FFF7A7FED7F804C0BBF139
:106D9000000F39D1C369FB60D0F820B0B3689B45C0
:106DA00039DACBEB030303F10E0222F00702ADEB5D
:106DB000020D04AABA60104661461A460AF0B00AEB
:106DC0007B60E8F7F3F90022BAF1200FB2607B682C
:106DD00032D0B9F1000FC3D1D8F80020B968166BD2
:106DE0007B601A464046B0477B68834240D1D8F862
:106DF0000030F9681B6B40465A469847BBEB0009C8
:106E000018BF4FF00109ABE74369FB60D0F818B039
:106E1000B3689B45C5DB0023B360B9F1000F9FD178
:106E2000D8F80030F9681B6B40465A4698478345AE
:106E300018BF4FF0010993E7B9F1000F90D1D8F8CE
:106E40000020F968166B40465A46B04783457B6878
:106E50000ED1D8F80020B968166B7B601A46404600
:106E6000B0477B68B3EB000918BF4FF0010977E723
:106E70004FF0010974E700BF2DE9F04F8DB004AF6A
:106E800007F11006BC6C97F84C507D60B960054660
:106E900004F16C0107F1180086E80C00FFF71CFEF6
:106EA000D4F80C8008F04A0B06468CB02630BBF1B3
:106EB000400FF8600DF1100A00F08280D7E914014C
:106EC000BBF1080318BF0123012871F100017ADB2F
:106ED0009946D7E91423F8688DE801030AF12800E0
:106EE000FFF7E6FB0346307CFB61C3F12802524406
:106EF000002846D1B9F1000F77D0D7E91401002856
:106F000071F1000169DB18F4006F32D1A6689E426E
:106F100015DD06F10E0323F00703ADEB030D0DF1B4
:106F2000100807F11C030192029332462346B86809
:106F30007968CDF80080FFF74FFAFB6942463E7D45
:106F4000D7F810800021A1605EB9D8F80000114682
:106F5000046B3B601A464046A0473B68834218BF1B
:106F6000012628462437C5F800802E71BD46BDE8AD
:106F7000F08F96F8271002F8011C0133FB61013AEB
:106F8000C4E75B00103323F00703ADEB030DD6F825
:106F90000CE096F82530B16802920DF1120C07F161
:106FA0001C0072460390CDF804C00094B868C7F87E
:106FB00000C0FEF7C5FCD7F800C0FB69624699E740
:106FC0004FF0000985E7002B82D0D7E914234FF05A
:106FD0000109524263EB43037DE796F8261002F85D
:106FE000011C0133FB61013A90E718F4007F8DD05A
:106FF000D7E91401014389D0BBF1400F10D0D7F875
:107000000CA0C8F38038C24402339AF8021002F888
:10701000011C96F82A1002F8021CFB61023A75E77F
:1070200096F82A1002F8011C0133FB61013A6DE762
:10703000F0B587B004AE86E80C00DDE90E450C9B88
:107040009DF83470009396E80C00CDE90245019755
:107050000446FFF711FF204607B0F0BD2DE9F04FC1
:107060002DED028B93B004AF07F1100EBC6E97F8B4
:107070006C50F96004F16C063146804607F11C0043
:107080008EE80C00BD6097ED1E8B97F87050FFF7EF
:1070900023FD63682A46002B07F12801814620461C
:1070A000ACBF9A464FF0060A07F0B6FDE3685B07EF
:1070B0004CBF0AF59C730AF11E030E3323F007033D
:1070C000ADEB030D07F048FE07F1380204AD42F8BE
:1070D000140D07F12803CDF800A029468DED028B91
:1070E00010460022F4F738F838623046FDF70EFCFF
:1070F0003B6A027F03F10E0626F00706ADEB060D94
:107100000DF1170A4FEADA0A012A01464FEACA0BC3
:1071100005EB030600F08480002A73D00B6832462A
:107120000846DE6929465B46B0473E6A33461A4642
:1071300028462E217B600BF0EFF87B68002878D082
:10714000401B99F8242000F83A2099F81020584460
:1071500032B35B002A780E3323F00703ADEB030D47
:107160002D2A04AD53D02B2A51D04FF0000E764675
:1071700099F82530D9F80810D9F80C2000900BEBBD
:107180000E0C07F12000AE440390CDF804E0CDF8DA
:1071900008C0F868FEF7A8FB3B6A1E44AB463E6297
:1071A000A268964213DA02F10E0323F00703ADEB57
:1071B000030D04AD07F12003CDF804B00293F86885
:1071C000B96800952346FFF707F93E6AAB463D7D57
:1071D000D7F810900023A3604DB9D9F80030594674
:1071E0001B6B484632469847864218BF01254046E9
:1071F0003C37C8F8009088F80450BD46BDEC028BBF
:10720000BDE8F08F786007F04BFC796886E7013EB7
:107210009BF800303E624FF0010E2B707646A7E7D8
:10722000721B584629467B60E7F7E2FF7B681E46E3
:107230007DE799F81020002AB2D0022E89DD6A7805
:10724000392AADD82F2AA978AAD930390929A7D83F
:107250007FE700BF2DE9D04388B006AE86E80C007A
:10726000DDE910890E9B9DF83C400093002796E8CD
:107270000C000194CDE9048902970446FFF7EEFE65
:10728000204608B0BDE8D0832DE9F04F2DED028BEC
:1072900093B004AF07F1100EBC6E97F86C50F96014
:1072A00004F16C063146804607F11C008EE80C00A4
:1072B000BD6097ED1E8B97F87050FFF70DFC63686B
:1072C0002A46002B07F1280181462046ACBF9A468A
:1072D0004FF0060A07F0A0FCE3685B074CBF0AF515
:1072E0009C730AF11E030E3323F00703ADEB030D6D
:1072F00007F032FD07F1380204AD42F8140D07F132
:107300002803CDF800A029468DED028B10460022FF
:10731000F3F722FF38623046FDF7F8FA3B6A027F46
:1073200003F10E0626F00706ADEB060D0DF1170A68
:107330004FEADA0A012A01464FEACA0B05EB0306B7
:1073400000F08480002A73D00B6832460846DE695C
:1073500029465B46B0473E6A33461A4628462E21E8
:107360007B600AF0D9FF7B68002878D0401B99F831
:10737000242000F83A2099F81020584432B35B00DA
:107380002A780E3323F00703ADEB030D2D2A04AD4D
:1073900053D02B2A51D04FF0000E764699F8253065
:1073A000D9F80810D9F80C2000900BEB0E0C07F15F
:1073B0002000AE440390CDF804E0CDF808C0F86892
:1073C000FEF792FA3B6A1E44AB463E62A2689642C2
:1073D00013DA02F10E0323F00703ADEB030D04AD46
:1073E00007F12003CDF804B00293F868B96800955E
:1073F0002346FEF7F1FF3E6AAB463D7DD7F810907D
:107400000023A3604DB9D9F8003059461B6B48469C
:1074100032469847864218BF012540463C37C8F897
:10742000009088F80450BD46BDEC028BBDE8F08F9B
:10743000786007F035FB796886E7013E9BF80030FD
:107440003E624FF0010E2B707646A7E7721B58463E
:1074500029467B60E7F7CCFE7B681E467DE799F8FE
:107460001020002AB2D0022E89DD6A78392AADD8E0
:107470002F2AA978AAD930390929A7D87FE700BFD0
:107480002DE9D04388B006AE86E80C00DDE910890E
:107490000E9B9DF83C4000934C2796E80C0001940D
:1074A000CDE9048902970446FFF7EEFE204608B0B6
:1074B000BDE8D08310B50446006860B16368591C0C
:1074C00001D0184610BD8368C268934206D21B786B
:1074D0006360184610BD4FF0FF33F2E703685B6A44
:1074E0009847421C0346F3D100222260184610BD83
:1074F00010B50446006882B0F0B1636801330BD068
:1075000000240868D0B14A6801320DD00020031B66
:107510005842584102B010BD8368C26893420FD2EE
:10752000187860600024ECE78268C3689A4212D23F
:10753000107848600020EAE70124E2E70120E6E74E
:1075400003685B6A01919847411C0199E9D10023C6
:1075500023600124D5E70268536A01919847421CD1
:107560000199E6D100230B600120D0E72DE9F04F0F
:1075700087B000AF07F11004796DD7F85090B8606C
:1075800001F16C0084E80C00FE6CFC60FDF7BEF9B4
:107590004FEA89030E3323F00703ADEB030D834657
:1075A00007F140012046FFF7A3FFEA46054678B100
:1075B000BC6D236843F004032360FC6894E8030077
:1075C000BC681C3784E803002046BD46BDE8F08F48
:1075D00007F11000FFF76EFFC2B2B9F1000FE7D05C
:1075E000A6F104087E602C46164608E0DBF8003061
:1075F0009B689847864209D001354D450DD058F813
:10760000043F1B78B34258461946EFD14AF824503C
:1076100001354D4504F10104F1D1012C7E684FF094
:10762000000851D9DAF8003056F82300E7F778FD62
:10763000D346814601255BF8043F56F82300E7F75F
:107640006FFD0135814528BF8146A542F3D33869D6
:1076500040B18268C3689A4274D2013282604FF0AE
:10766000FF337B6108F10108C845A1D207F1100082
:1076700007F14001FFF73CFF002899D1054602467B
:107680000BE0DBB2994517BF04F1FF3401355AF81E
:1076900024304AF80B30AC4214D95AF825303869F6
:1076A00056F823304FEA850B13F8089068B37B69CE
:1076B000591CE6D18168C368994239D2087878614B
:1076C000C3B2DFE7012CADD8012C7FF471AF07F115
:1076D0001000FFF79DF9DAF8005056F825A0504643
:1076E000E7F71EFD08F101048442064607D2D044A4
:1076F00007F1100007F14001FFF7FAFE38B1B4427C
:107700007FF456AFB86C056057E7FF23BAE707F17F
:10771000100018F8019FFFF7CDFEC0B28145EED1F1
:10772000013407F11000FFF773F9B442E0D3E6E744
:1077300003685B6A3A609847431C3A68BFD13A6174
:10774000FF239FE703689B6A984788E72DE9F04F7E
:1077500087B000AF07F11004796D786001F16C001B
:1077600084E80C00FC60D7F84C80FDF7CFF83C6D46
:10777000E3000833ADEB030D824607F1400107F14A
:107780001000FFF7B5FE6E460546002800F0978012
:107790000024A146254638694FF0000B002800F070
:1077A000DB807B69013366D04FF0000A386C00281B
:1077B00000F0D5807B6C013344D0002353454BD07F
:1077C0003869002800F0C5807B695A1C5CD05FFADC
:1077D00083FC002C63D00023BB6005E0B968013155
:1077E000B96001339C4219D956F8232055F823007B
:1077F00058F8221081454FEA830205EB020AEDD2C8
:1078000011F8091061451BD0013C9C4256F8241028
:10781000B15055F82420CAF80020E5D8B868844251
:107820001AD0386948B18268C3689A4280F0B7803C
:10783000013282604FF0FF337B6109F10109ADE74E
:107840000133CFE78268C3689A4280F09E80107847
:10785000002353457864B3D1012C40F08C802B6811
:1078600099451CD133683C6DB86C9C4298BFC4EB01
:107870000303036018E08268C3689A4271D21078EB
:1078800078614FF0000A91E78268C3689A4280F0FD
:107890008E80107878615FFA80FC002C9BD1BC6DE3
:1078A000236843F004032360FC6894E803007C68C9
:1078B0001C3784E803002046BD46BDE8F08F07F181
:1078C0001000FFF7F7FD3C6D62005FFA80FB3FF4AC
:1078D0005FAFA8F10409C7F808802C46904608E07D
:1078E000DAF800309B689847834509D00135454553
:1078F0000DD059F8043F1B785B4550461946EFD12F
:1079000046F824500135454504F10104F1D1D7F87A
:107910000880002C48D007F110004FEA8409FFF7D7
:1079200077F809F10E0323F00703ADEB030D6D4665
:107930004FF0000A56F80A3058F82300E7F7F0FB3A
:1079400045F80A000AF1040AD145F3D14FF00109C4
:1079500021E74FF0FF0C3CE74FF0010A26E7012337
:107960002CE703685B6A9847421C89D1C7F810B0BE
:107970004FF0010A1AE7022C91D12B6899453FF488
:1079800071AF6B6899458AD16CE703685B6A984769
:10799000431C7FF45DAFC7F840B001230EE70368D6
:1079A0009B6A9847386945E7A1462546F3E6036890
:1079B0005B6A9847411C7FF46DAFC7F810B04FF079
:1079C000FF0C06E72DE9F04F9DB00AACDDF8A08072
:1079D00008F16C0A0546504684E80C008946FDF71C
:1079E00055FE06465046FCF791FFB3681A6D10929B
:1079F000B1689A6C496D1191B1680E92896D1291BE
:107A0000B168DB6CCA6D1392B2680F93136E149356
:107A1000B368DB6A1593B3681B6B1693B3685B6B33
:107A20001793B3689B6B1893B368DB6B1993B368B8
:107A300026AA1B6C1A9392E80300B3685B6CCDF81E
:107A400014808DE803000DF1340E08AE4FF0070CE2
:107A50001B930DF1300B94E80C000DF1380ACDF8B2
:107A600018E04FF0000E30464946CDF808B0CDF88A
:107A70000CA0CDF810C0CDF834E0FFF767FE96E813
:107A8000030084E803000D9B0A9C0B9EDBB92A9F30
:107A90000C9BBB61002C2DD0721C1AD04FF000083B
:107AA000269828B3279B013319D00023434504D1DE
:107AB000299F3B6843F002033B60284685E850005D
:107AC0001DB0BDE8F08F299F3B6843F004033B6085
:107AD000E0E7A368E26893420FD21E78DEE782688F
:107AE000C3689A42E1D303685B6A98470130DCD1EE
:107AF0000123DBE74FF00108D2E7236820465B6AE9
:107B00009847431C0646C9D14FF001080024C7E737
:107B10002DE9F04FA7B00AADDDF8C880339F08F11A
:107B20006C090646484685E80C008A46FDF7AEFD1E
:107B300004464846FCF7EAFEA368D3F89C2010925E
:107B4000A168D3F89420D1F8A0101191A1680E92E9
:107B5000D1F8A4101291A168D3F89830D1F8A820D8
:107B60001392A2680F93D2F8AC301493A368D3F8A1
:107B7000B0301593A368D3F8B4301693A368D3F844
:107B8000B8301793A368D3F8BC301893A368D3F820
:107B9000C0301993A3685B6E1A93A3689B6E1B9306
:107BA000A368DB6E1C93A3681B6F1D93A3685B6FB8
:107BB0001E93A3689B6F1F93A368DB6F2093A3683A
:107BC000D3F880302193A368D3F884302293A3683C
:107BD000D3F888302393A368D3F88C302493A36818
:107BE00030AAD3F89030259392E803008DE8030083
:107BF0000DF1340ECDF8148095E80C0008AC4FF070
:107C00000C0CCDF818E00DF1300B4FF0000E0DF11B
:107C1000380920465146CDF808B0CDF80C90CDF883
:107C200010C0CDF834E0FFF791FD94E8030085E83B
:107C300003000D9B0A9C0B9DCBB9349A0C9B1361DE
:107C40005CB36A1C18D04FF00008309818B3319B11
:107C5000013317D00023434503D13B6843F00203AF
:107C60003B60304686E8300027B0BDE8F08F3B68C7
:107C700043F004033B60E3E7A368E26893420FD25A
:107C80001D78E0E78268C3689A42E3D303685B6AC1
:107C900098470130DED10123DDE74FF00108D4E73A
:107CA000236820465B6A9847431C0546CBD14FF0BA
:107CB00001080024C9E700BF2DE9F04F9FB02A9DBD
:107CC0000B9005F16C0420460EAD0A9185E80C007E
:107CD0002D9F0895FDF7DAFC81462046FCF716FE3D
:107CE00006463846E7F71CFA0024804610940E98A2
:107CF000002800F0E1830F9B01332CD04FF0000AE5
:107D00002898002800F0DB83299B01331AD0002338
:107D10009A45109B11D044450FD233B32B9C236856
:107D200043F004032360089D0B9C95E8030084E85E
:107D3000030020461FB0BDE8F08F002BEED1444574
:107D4000ECD1F0E78368C268934280F0C78318786B
:107D500029900023DCE78368C268934280F0B383F4
:107D600018780F904FF0000ACAE7395D06EB010B57
:107D700007EB040A9BF81D21002A64D0252A50D164
:107D800004F1010A17F80A1006EB010B9BF81D21FC
:107D9000002A00F081800023452A11935DD04F2AEC
:107DA0005BD05446413A382A00F28580DFE812F071
:107DB0003803FF02CF02CD02830083008300C2029A
:107DC000B702830083008300AC028300830083003A
:107DD0008300A7029002770283008300830065027C
:107DE000CF02D301830083008300830083008300DC
:107DF000A4014C013A011601E900830083004C0103
:107E00008300830083008300BE00B00083008300F2
:107E1000830083008300A200830083008300850029
:107E2000CF020E989AF800A0002800F04A830F9B1A
:107E30005D1C23D0DBB29A452AD0109B43F004038B
:107E40001093013453E7336830461B6A9847002883
:107E5000E7D08BF81D01024690E70234395D06EB4E
:107E6000010A9AF81D21002A9CD1336830461B6A0A
:107E700098470246F8B18AF81D0193E78368C26803
:107E8000934280F035831878C3B29A450F90D4D1CD
:107E90000EA8FEF7BDFDD4E7336830461B6A98474D
:107EA000024628B9109B43F0040354461093C8E7D8
:107EB0008BF81D016FE7A246F4E728AA92E80300B9
:107EC0002A9D02958DE8030010AB2C9D0495039329
:107ED000D9F808309B6805930DF1300A089D0A997E
:107EE000504695E80C00FFF7E7FE9AE8030085E8A6
:107EF0000300A6E70EA8FFF7DDFAC1B206EB010A00
:107F00009AF81D21002A00F0CC82092A95D1BFE7FA
:107F10000EA8FFF7CFFAC1B206EB010A9AF81D21AD
:107F2000002A00F0B3820A2A87D1B1E728AA92E892
:107F300003002A9D06958DE803000DF1440ECDF84F
:107F400008E0089D01220C2302210DF1400E05914D
:107F50000DF1300A03920493CDF81CE050460A99C3
:107F600095E80C00FCF7F0FC9AE80300109B85E80C
:107F70000300002B7FF465AF119B2C9D013B2B610F
:107F80005FE70EA8FFF796FAB369C0B21B5C1A0749
:107F900040F172820EA8FEF73BFD28AA034692E844
:107FA00003002C9D8DE8030005F10C0E01222A9D93
:107FB0000695092010A904900791CDF808E00392D6
:107FC00005920DF1300A50460A990CCBFCF7BCFC27
:107FD0009AE80300089D85E8030032E72C9D28AA53
:107FE00092E803000DF1300A05F10C0E01221F2367
:107FF0008DE803002A9DCDF808E002210DF1400E26
:1080000006955046039204930591CDF81CE0089D17
:108010000A9995E80C00FCF797FC9AE8030085E8BC
:1080200003000EE728AA92E803002A9D02958DE836
:10803000030010AB2C9D04950393D9F808309B697D
:1080400005930DF1300A49E7D9F80830D3F89420A8
:108050001292D3F898201392D3F89C301493D9F845
:108060000830D3F8A0301593D9F80830D3F8A430ED
:108070001693D9F80830D3F8A8301793D9F80830F8
:10808000D3F8AC301893D9F80830D3F8B03019933E
:10809000D9F80830D3F8B4301A93D9F80830D3F8A7
:1080A000B8301B93D9F80830D3F8BC301C93D9F8FA
:1080B0000830D3F8C0301D9328AA92E803002C9D05
:1080C0000DF1300A05F1100E12AA0C232A9D059518
:1080D0008DE80300CDF808E010A950460392049300
:1080E000089D069195E80C000A99FFF73FFA9AE877
:1080F000030085E80300A4E6D9F808302C9D9A6CAB
:108100001292DA6C13921B6D1493D9F808305B6DE0
:108110001593D9F808309B6D1693D9F80830DB6DAC
:108120001793D9F808E028AA92E80300DEF8603037
:10813000189305F118022A9B059312AD8DE80300F0
:108140000DF1300A4FF0070E10A902920395504628
:10815000CDF810E0C4E70EA8FFF7ACF9B369C0B2E0
:108160001B5CDB077FF569AE28AA92E80300A84DE7
:1081700003958DE803002A9D05950E23089D049321
:1081800012A810A9029006910DF1300A50460A99E2
:1081900095E80C00FFF7EAF99AE8030085E8030088
:1081A0000EA828A9FFF7A4F900287FF44AAE109B77
:1081B000002B7FF446AE129B002B7FF442AE0EA83C
:1081C000FFF778F9327F5FFA80FB002A00F09A818E
:1081D00096F84A0083450DD00EA8FFF76BF9327F61
:1081E0005FFA80FB002A00F0928196F848008345F0
:1081F0007FF427AE28AD95E8030012AA8DE80300AE
:108200002A9D02924FF0000C06951723089DCDF889
:108210000CC04FF0020B10AA07920493CDF814B0D3
:1082200095E80C0050460A99CDF824C0FCF78CFB69
:108230009AE8030028AA85E8030092E803002A9D33
:108240000695DDF824C0089DCDF80CC012AB10AA2D
:108250004FF03B0ECDF814B00293079295E80C0056
:108260008DE80300CDF810E050460A99FCF76CFB4E
:108270009AE8030085E80300E3E528AA92E80300F2
:108280002A9D02958DE8030010AB2C9D0495039365
:10829000D9F808301B6905930DF1300A1EE65D49D7
:1082A0000DF1480B01F109025B463046FCF7E4FA98
:1082B00028AA92E803002A9D029510AB2C9DCDF8C8
:1082C00014B00DF1300A04958DE80300039305E620
:1082D00028AA92E803002C9D02958DE803000DF179
:1082E000300A4FF0000E3D2202232A9D069510A968
:1082F0005046CDF80CE004920593079187E6464975
:108300000DF1480B8A1DCFE72C9D28AA92E80300A7
:108310000DF1300A05F1040E00223B2368E62C9D86
:1083200028AA92E803000DF1300A05F1080E012297
:108330000C235DE62C9D28AA92E803000DF1300A7B
:1083400005F1080E0022172352E63449A8E728AAAF
:1083500092E803002A9D06958DE803000DF1440E76
:10836000CDF808E0089D002242F20F7304210DF1C0
:10837000400E05910DF1300A03920493CDF81CE0F4
:1083800050460A9995E80C00FCF7DEFA9AE80300DB
:10839000109B85E80300002B7FF453AD119B2C9DAF
:1083A000002BB4BF6433A3F26C736B6149E5D9F859
:1083B00008305A6E12929A6E1392DB6E1493D9F8AB
:1083C00008301B6F1593D9F808305B6F1693D9F8F6
:1083D00008309B6F1793D9F80830DB6F1893D9F8E2
:1083E0000830D3F880301993D9F80830D3F88430A6
:1083F0001A93D9F80830D3F888301B93D9F808308D
:10840000D3F88C301C93D9F80830D3F8903052E66A
:1084100028010020A4FC03089CFC030890FC03082E
:10842000D9F808302C9DDA6A12921A6B13925B6BA2
:108430001493D9F808309B6B1593D9F80830DB6B8F
:108440001693D9F808301B6C1793D9F808E028AABE
:1084500092E8030005F11802DEF84450189512ABBB
:108460002A9D05958DE803000DF1300A4FF0070EA7
:1084700010A9029203936AE62C9D28AA92E80300B1
:108480000DF1300A05F10C0E0A22B0E533683046D2
:108490001B6A984700283FF4D0AC8AF81D010246B9
:1084A00041E5336830461B6A984700283FF4C5AC65
:1084B0008AF81D01024628E54FF0010A20E4012355
:1084C00026E4FF23B7E403685B6A9847421C7FF405
:1084D00048AC00230E934FF0010A11E403685B6A75
:1084E0009847431C7FF434AC0023289301230FE406
:1084F00003685B6A9847411C7FF4C6AC00230E9367
:10850000FF2398E430462D21FCF796F862E63046CA
:108510002B21FCF791F86AE62DE9F0438BB008AC0B
:10852000149E159F054606F16C0084E80C008946F0
:10853000FDF7ACF812AA034692E803008DE80300A9
:10854000169A0296039704929B681B69059306AEE0
:108550003046494694E80C00FFF7AEFB96E803006E
:1085600084E80300089C099E34B3721C13D04FF0BA
:1085700000081298F0B1139B013312D000239845E4
:1085800003D13B6843F002033B60284685E8500076
:108590000BB0BDE8F083A368E26893420FD21E7867
:1085A000E5E78268C3689A42E8D303685B6A984744
:1085B0000130E3D10123E2E74FF00108D9E7236856
:1085C00020465B6A9847431C0646D0D14FF001080D
:1085D0000024CEE72DE9F0438BB008AC149E159F24
:1085E000054606F16C0084E80C008946FDF74EF85C
:1085F00012AA034692E803008DE80300169A029639
:10860000039704929B689B68059306AE30464946E3
:1086100094E80C00FFF750FB96E8030084E80300A1
:10862000089C099E34B3721C13D04FF000081298B6
:10863000F0B1139B013312D00023984503D13B685E
:1086400043F002033B60284685E850000BB0BDE8CC
:10865000F083A368E26893420FD21E78E5E7826850
:10866000C3689A42E8D303685B6A98470130E3D154
:108670000123E2E74FF00108D9E7236820465B6A4F
:108680009847431C0646D0D14FF001080024CEE79E
:108690002DE9F04F97B022990A9001F16C04204621
:1086A0000EA981E80C000291FCF730F921468146C1
:1086B00011A8FEF75DF9036A00F1380280460792BF
:1086C000002B00F0F281836A003318BF01230D9361
:1086D00098F81030A74C13941BB113A8202104F074
:1086E0009BFD16AB202143F8084D1846059304F076
:1086F00093FD16A9D8F8343041F8043D002208F162
:108700003903DFF874A2099103920C92154608927E
:108710000B92934616460493099A0399535C042BD3
:1087200000F2D680DFE813F019000500B200D60091
:108730003A000EA820A9FEF7DBFE002840F0E280F8
:108740000EA8FEF7B7FEC0B2D9F818301B5C1B07A5
:1087500040F1D8800EA8FEF75BF9012403990329A4
:1087600069D00E98002800F09E810F9B013300F025
:10877000F38000272098002800F0FA80219B013325
:1087800000F0C2800023BB4240F0C98003994B1C1B
:10879000042B50D0002C55D00393BDE70E98002831
:1087A00036D00F9B013300F0FB8000242098002876
:1087B00032D0219B013300F0EA800023A3422ED067
:1087C0000E98002800F07D820F9B5F1C00F0F18066
:1087D000DCB2214604980A2209F09EFD002800F030
:1087E000F880079BC01ADAF80030195C059804F08D
:1087F00023FE01350E9858B18368C268934280F019
:108800008682013383604FF0FF330F930028C8D175
:10881000209801240028CCD10123A342D0D10124E7
:10882000149B039953F80C3C002B01F1010308BF82
:108830000024042BAED1BBF1010F40F29881002C33
:1088400040F03581239A136843F0040313600EA8A7
:1088500020A9FEF74DFE20B123990B6843F00203D7
:108860000B60029A149B92E803000A9A82E80300C4
:10887000A3F10C0012A904F04FFB139812A90C38B5
:1088800004F04AFB0A9817B0BDE8F08F229AD3682B
:10889000980540F14B810E98D8F8183006930024C3
:1088A000002800F0EF800F9B013300F0C480002708
:1088B0002098002800F0CB80219B013300F0A48099
:1088C00000239F4200F0AB80069B9C4240F0C18099
:1088D00001245BE7D8F82030002B40F0A081D8F8C5
:1088E0002830002B40F0B281D8F82030002B00F067
:1088F0003981D8F82830002B40F0348101220B92C6
:10890000144643E7002429E78368C268934280F055
:10891000EB8118780023BB4221903FF437AF0E98CB
:10892000002800F0CC810F9B5A1C27D0DBB2D9F86D
:108930001820D35C18077FF529AF0E98002800F0A7
:10894000B2808368C268934280F0C0810133836043
:108950004FF0FF330F9305E78368C268934280F0BE
:10896000BA8118780F902098002700287FF406AF6E
:10897000012308E7F8EE00209C0100208368C2680C
:10898000934280F0FB8118780F90C3B2CFE78368E1
:10899000C268934280F015821878219000230DE779
:1089A0008368C268934280F0038218780F90002495
:1089B000FCE68368C268934280F0F0811878C4B204
:1089C0000F90214604980A2209F0A6FC00287FF4A3
:1089D00008AF98F81130A34258D098F81030002B07
:1089E0003FF41DAF98F81230A3427FF418AF089BF4
:1089F000002B7FF414AF002D00F06681E9B213A8BC
:108A000004F01AFD0025F5E68368C268934280F001
:108A1000A481187800239F4221907FF455AF0699D6
:108A20008C423FF455AF002C2ED12299CB689B0588
:108A30003FF5ACAE4CE78368C268934280F0CA81D0
:108A400018780F902098002700287FF435AF012375
:108A500037E70EA8FEF72EFDD8F814301B5DC0B224
:108A60008342E0D10E9848B18368C268934280F097
:108A70004481013383604FF0FF320F9201340028AC
:108A80007FF411AF012713E700247FE6089900293E
:108A9000A3D1D8F82C30002B7FF7C1AE01220C9562
:108AA00008920546A6E6012764E60D9310E60B9AA8
:108AB000002A40F0B180D8F81C300E989946012465
:108AC0004FF0000A4FF0FF3728B30F9B013300F03F
:108AD000EE800026209810B3219B013300F0DF8048
:108AE0000023B3421ED05C4544D00EA8FEF7E2FC42
:108AF00019F8013FC0B283427FF4A4AE0E9838B19A
:108B00008368C268934280F0FD80013383600F97D1
:108B100001340028D9D1209801260028DCD1012376
:108B2000B342E0D15C457FF48DAE23E0BBF1010F91
:108B30003FF6B1AE039B002B3FF4ADAE012B00F02E
:108B4000FD80039A022A7FF4C3AE9DF85730042BB0
:108B50003FF4A1AE0D9911B1032B3FF49CAE039BE2
:108B6000013319E60D9A82F00104E4B20EE6002CFE
:108B70003FF468AE149B53F80C3C012B06D90598C2
:108B80003021002204F032F9002878D10B9BFBB190
:108B9000149B53F8042C002A03DB059804F050FAC8
:108BA000149B1A78302A13D053F8043C002B02DBB4
:108BB000059804F045FA2D23002100930A460598F4
:108BC000012304F06BFA149B4FF0FF3243F8042C9E
:108BD000139B53F80C3C9BB1089900295CD1E9B276
:108BE00013A804F029FC13AAD8F80800D8F80C1030
:108BF00006F056F820B923990B6843F004030B6084
:108C0000089A22B1D8F82C30AB427FF41BAE0599FC
:108C1000249804F0D1F81AE6D8F824304DE70EA8CD
:108C200020A9FEF765FC00287FF459AE0EA8FEF7D8
:108C300041FCD8F81C301B78C0B283427FF44FAEA1
:108C40000EA8D8F820B0FDF7E3FE41E60EA820A953
:108C5000FEF74EFC00287FF447AE0EA8FEF72AFC74
:108C6000D8F824301B78C0B283427FF43DAE0EA802
:108C7000D8F828B0FDF7CCFE01240B9486E5431C00
:108C800005BF149B53F80C2C024602F1FF320598E5
:108C9000002104F0EDF979E70C9AD1B2A0E78368DE
:108CA000C268934241D218782190002319E7836863
:108CB000C268934230D218780F9000260AE7FF234B
:108CC00035E6FF210C4685E52C46A9E503689B6A3D
:108CD00098470E983CE603685B6A9847471C7FF408
:108CE00041AE0E96012745E503685B6A9847411C33
:108CF0007FF410AE2096012345E503689B6A9847F0
:108D00000E98B8E603689B6A98470E98FFE60368DA
:108D10009B6A98470E9876E503685B6A9847411C02
:108D2000CAD1CDF838A00126D4E603685B6A98471B
:108D3000421CB9D1CDF880A00123D2E60D990029BB
:108D40007FF4A9AD9DF85430032B3FF4A4AD9DF8FA
:108D50005630012B7FF403AF9DE503685B6A9847AB
:108D6000421C7FF457AE20960123AAE512AC13985B
:108D700021460C3804F0D0F805F0AEF803685B6AC1
:108D80009847471C7FF400AE0E96FF23CFE514985A
:108D900012AC0C38214604F0BFF8E8E703685B6AC0
:108DA0009847441C7FF40BAEFF210E960C4611E54C
:108DB00003685B6A9847411C7FF4F8AD0E96012466
:108DC000F4E403685B6A9847421C7FF4E6AD2096A2
:108DD0000123F3E403685B6A9847411C7FF431AEDA
:108DE0000E96012764E500BF2DE9F04F97B0229958
:108DF0000A9001F16C0420460EA981E80C00029152
:108E0000FBF784FD2146814611A8FDF715FE036A94
:108E100000F1380280460792002B00F0F281836A4D
:108E2000003318BF01230D9398F81030A74C13940A
:108E30001BB113A8202104F0EFF916AB202143F851
:108E4000084D1846059304F0E7F916A9D8F8343010
:108E500041F8043D002208F13903DFF874A20991BA
:108E600003920C92154608920B9293461646049371
:108E7000099A0399535C042B00F2D680DFE813F0C3
:108E800019000500B200D6003A000EA820A9FEF78E
:108E90002FFB002840F0E2800EA8FEF70BFBC0B2CB
:108EA000D9F818301B5C1B0740F1D8800EA8FDF7DD
:108EB000AFFD01240399032969D00E98002800F022
:108EC0009E810F9B013300F0F3800027209800283B
:108ED00000F0FA80219B013300F0C2800023BB42E6
:108EE00040F0C98003994B1C042B50D0002C55D066
:108EF0000393BDE70E98002836D00F9B013300F096
:108F0000FB8000242098002832D0219B013300F000
:108F1000EA800023A3422ED00E98002800F07D8224
:108F20000F9B5F1C00F0F180DCB2214604980A22FE
:108F300009F0F2F9002800F0F880079BC01ADAF86F
:108F40000030195C059804F077FA01350E9858B195
:108F50008368C268934280F08682013383604FF059
:108F6000FF330F930028C8D1209801240028CCD1CA
:108F70000123A342D0D10124149B039953F80C3C44
:108F8000002B01F1010308BF0024042BAED1BBF17B
:108F9000010F40F29881002C40F03581239A13682C
:108FA00043F0040313600EA820A9FEF7A1FA20B134
:108FB00023990B6843F002030B60029A149B92E81A
:108FC00003000A9A82E80300A3F10C0012A903F03F
:108FD000A3FF139812A90C3803F09EFF0A9817B04C
:108FE000BDE8F08F229AD368980540F14B810E9826
:108FF000D8F8183006930024002800F0EF800F9B6B
:10900000013300F0C48000272098002800F0CB80B6
:10901000219B013300F0A48000239F4200F0AB802D
:10902000069B9C4240F0C18001245BE7D8F82030C9
:10903000002B40F0A081D8F82830002B40F0B281FE
:10904000D8F82030002B00F03981D8F82830002BD8
:1090500040F0348101220B92144643E7002429E7B3
:109060008368C268934280F0EB8118780023BB428A
:1090700021903FF437AF0E98002800F0CC810F9B71
:109080005A1C27D0DBB2D9F81820D35C18077FF51B
:1090900029AF0E98002800F0B2808368C26893421E
:1090A00080F0C081013383604FF0FF330F9305E7F9
:1090B0008368C268934280F0BA8118780F90209834
:1090C000002700287FF406AF012308E7F8EE002010
:1090D0009C0100208368C268934280F0FB8118786D
:1090E0000F90C3B2CFE78368C268934280F01582C5
:1090F0001878219000230DE78368C268934280F0BE
:10910000038218780F900024FCE68368C2689342BB
:1091100080F0F0811878C4B20F90214604980A229A
:1091200009F0FAF800287FF408AF98F81130A3424C
:1091300058D098F81030002B3FF41DAF98F812303B
:10914000A3427FF418AF089B002B7FF414AF002DCF
:1091500000F06681E9B213A804F06EF90025F5E687
:109160008368C268934280F0A481187800239F42EC
:1091700021907FF455AF06998C423FF455AF002CF7
:109180002ED12299CB689B053FF5ACAE4CE78368A6
:10919000C268934280F0CA8118780F902098002707
:1091A00000287FF435AF012337E70EA8FEF782F9D8
:1091B000D8F814301B5DC0B28342E0D10E9848B19C
:1091C0008368C268934280F04481013383604FF02A
:1091D000FF320F92013400287FF411AF012713E70B
:1091E00000247FE608990029A3D1D8F82C30002B61
:1091F0007FF7C1AE01220C9508920546A6E601272D
:1092000064E60D9310E60B9A002A40F0B180D8F87E
:109210001C300E98994601244FF0000A4FF0FF379A
:1092200028B30F9B013300F0EE800026209810B386
:10923000219B013300F0DF800023B3421ED05C4548
:1092400044D00EA8FEF736F919F8013FC0B28342A8
:109250007FF4A4AE0E9838B18368C268934280F060
:10926000FD80013383600F9701340028D9D1209805
:1092700001260028DCD10123B342E0D15C457FF414
:109280008DAE23E0BBF1010F3FF6B1AE039B002B87
:109290003FF4ADAE012B00F0FD80039A022A7FF46B
:1092A000C3AE9DF85730042B3FF4A1AE0D9911B118
:1092B000032B3FF49CAE039B013319E60D9A82F019
:1092C0000104E4B20EE6002C3FF468AE149B53F8A0
:1092D0000C3C012B06D905983021002203F086FDB5
:1092E000002878D10B9BFBB1149B53F8042C002A67
:1092F00003DB059803F0A4FE149B1A78302A13D0E0
:1093000053F8043C002B02DB059803F099FE2D2353
:10931000002100930A460598012303F0BFFE149B29
:109320004FF0FF3243F8042C139B53F80C3C9BB1D5
:10933000089900295CD1E9B213A804F07DF813AABA
:10934000D8F80800D8F80C1005F0AAFC20B9239929
:109350000B6843F004030B60089A22B1D8F82C3054
:10936000AB427FF41BAE0599249803F025FD1AE665
:10937000D8F824304DE70EA820A9FEF7B9F8002848
:109380007FF459AE0EA8FEF795F8D8F81C301B787C
:10939000C0B283427FF44FAE0EA8D8F820B0FDF7DC
:1093A00037FB41E60EA820A9FEF7A2F800287FF4BB
:1093B00047AE0EA8FEF77EF8D8F824301B78C0B26E
:1093C00083427FF43DAE0EA8D8F828B0FDF720FB0D
:1093D00001240B9486E5431C05BF149B53F80C2C09
:1093E000024602F1FF320598002103F041FE79E7C1
:1093F0000C9AD1B2A0E78368C268934241D2187830
:109400002190002319E78368C268934230D218780C
:109410000F9000260AE7FF2335E6FF210C4685E57D
:109420002C46A9E503689B6A98470E983CE60368BA
:109430005B6A9847471C7FF441AE0E96012745E5CD
:1094400003685B6A9847411C7FF410AE20960123A5
:1094500045E503689B6A98470E98B8E603689B6ADF
:1094600098470E98FFE603689B6A98470E9876E542
:1094700003685B6A9847411CCAD1CDF838A0012621
:10948000D4E603685B6A9847421CB9D1CDF880A046
:109490000123D2E60D9900297FF4A9AD9DF854303F
:1094A000032B3FF4A4AD9DF85630012B7FF403AF9E
:1094B0009DE503685B6A9847421C7FF457AE20968F
:1094C0000123AAE512AC139821460C3803F024FDC1
:1094D00004F002FD03685B6A9847471C7FF400AE06
:1094E0000E96FF23CFE5149812AC0C38214603F0FA
:1094F00013FDE8E703685B6A9847441C7FF40BAEF2
:10950000FF210E960C4611E503685B6A9847411CE3
:109510007FF4F8AD0E960124F4E403685B6A984783
:10952000421C7FF4E6AD20960123F3E403685B6AF6
:109530009847411C7FF431AE0E96012764E500BFC9
:109540002DE9F0428CB02E4C0A949DF85060169F85
:1095500008AC84E80C0012AA05468E46159B92E8DA
:1095600003005EB38DE803000AAA06AE02930397D8
:1095700004927146304694E80C00FFF789F896E8AB
:109580000300DDF8289084E8030005F0E5FB0CAE4D
:10959000179946F8040D3A464846334605F036FE1C
:1095A0000A9B94E80300174CA3F10C02A24285E841
:1095B000030011D128460CB0BDE8F0828DE803000D
:1095C0000AAA06AE0293039704927146304694E8C5
:1095D0000C00FFF709FCD2E753F8041C481E0029D1
:1095E00043F8040CE6DC1046314603F089FCE1E761
:1095F0000A980BA90C3803F08FFC04F06DFC00BF37
:10960000F8EE0020ECEE00202DE9F04F8DB005467D
:10961000199F9DF86060DDF86C8008AC07F16C0064
:1096200084E80C008B46FBF771F93E4B0B938146A7
:10963000002E46D016AA92E803008DE803000BAB7B
:109640001A9A029706AE039204935946304694E85C
:109650000C00FFF71DF80B9B96E8030053F80C6C09
:1096600084E8030006B340463146002203F0C8FEFA
:10967000D8F80070DDF82CA057F8043C002B5644B5
:1096800004DB404603F0DCFCD8F8007099F81C308D
:10969000012B2CD03BB3D9F8000032465146C669A5
:1096A0003B464846B0470B9B94E803001E4CA3F191
:1096B0000C02A24285E8030021D128460DB0BDE886
:1096C000F08F16AB93E803008DE803000BAB1A9AFA
:1096D000029706AE039204935946304694E80C0074
:1096E000FFF782FBB7E7484605F0DAF9D3E75146C2
:1096F000CAEB06023846E5F77BFD0B9BD4E753F82F
:10970000041C481E002943F8040CD6DC10460AA9A4
:1097100003F0F6FBD1E70B980AA90C3803F0FCFB29
:1097200004F0DAFBF8EE0020ECEE00202DE9F04F1B
:109730008BB00DF11008169903906C3107A888E8DA
:109740000C00DDF86090FDF7C7F914A90546404606
:10975000FDF7CEFE8246002800F0A48100240027F9
:109760002A7C3E464FF0010A994B0993002A40F0AB
:10977000948195F864200292002A40F0AC80BAF1FE
:10978000000F40F02082D346A4F13003DBB2092B56
:1097900054D8E1B2484603F04FFE0126049848B180
:1097A0008368C268934280F04382013383604FF044
:1097B000FF3305934046FDF77DFEB0F1FF32149B69
:1097C00054425441002B00F0FC81159A013222D002
:1097D00000239C4229D1099C54F80C3C6BB1BBF18D
:1097E000000F00F0C18009AE3246A868E96805F0B4
:1097F00057FA10B9179A0423136098E80300039BE3
:1098000083E80300A4F10C0008A903F085FB03988A
:109810000BB0BDE8F08F9A68D9688A4280F0238245
:10982000107800239C421590D5D04046FDF742FEAB
:10983000C4B2A4F13003DBB2092BAAD995F82430C5
:10984000A34239D095F85C30A34203D095F862303A
:10985000A342C0D1BAF1000FBDD1002EBBD0484603
:10986000652103F0E9FD049848B18368C26893421A
:1098700080F0F581013383604FF0FF33059340465C
:1098800014A9FDF735FE002840F094814046FDF70D
:1098900011FE95F84B30C4B2A34206D095F84A3079
:1098A000A34216D04FF0010A6EE72B21484603F081
:1098B000C3FD4FF0010A71E7BBF1000FC2D1BAF14D
:1098C000000FBFD148462E2103F0B6FD4FF0010B2B
:1098D00064E72D21EAE7BAF1000F40F0748105F149
:1098E0004E022B7C0192D34623B195F82530A3423A
:1098F00000F0AA8095F82430A34252D00198214666
:109900000A2208F009FD002864D0019C001B00F128
:109910003001C9B2484603F08FFD01370126049893
:10992000002833D08368C268934280F07681013387
:109930004FF0FF32836005928368C26893421ED263
:109940001878059000241498002800F03881159BA1
:1099500001331DD00023A3423FF43DAF4046FDF745
:10996000A9FDC4B22B7CBFE7BAF1000F7FF43BAF77
:10997000F9B209AE304603F05FFD099C34E7036895
:109980005B6A9847421CDCD100230493029CDAE70F
:109990008368C268934280F058811878159000233C
:1099A000D9E7BBF1000F40F07081BAF1000F40F031
:1099B0006C81099B53F80C3C1BB109A8F9B203F068
:1099C0003BFD48462E2103F037FD4FF0010BA6E783
:1099D000F8EE002095F85C30A34204D095F8623090
:1099E000A3427FF4F8AEBAF1000F7FF4F4AE002E7C
:1099F0003FF4F1AE099B53F80C3C33B1BBF1000FBF
:109A000003D109A8F9B203F017FD4846652103F018
:109A100013FD4046FCF7FCFF14A9FDF769FD002883
:109A200040F0C8804046FDF745FD95F84B20C4B294
:109A3000111B4A424A41C2B995F84A30A34214D098
:109A40002B7C4FF0010A4FE7BBF1000F40F01D8166
:109A5000BAF1000F40F01981002F00F0C380F9B275
:109A600009A803F0E9FC002759E72B7C23B195F8FE
:109A70002510A14200F09B8095F82410A14239D016
:109A8000002A14BF2B212D21484603F0D5FC4FF0AE
:109A9000010A44E7804A0992044609A8202103F0FC
:109AA000BBFB66E64046FDF705FD95F84B10C3B2DB
:109AB000CF1A7942794101B32A7C22B195F8250069
:109AC000984200F08D8095F8240098421AD0002921
:109AD00014BF2B212D214846009303F0ADFC4046D6
:109AE000FCF796FF14A9FDF703FD009B002871D039
:109AF0001C4634E64FF0010AF6E695F84A209A42F1
:109B0000DAD02A7C00273E46BB4618461AB195F8A3
:109B100025108142BED095F82410814245D095F899
:109B20004E40844241D1002E3AD00498013728B3E8
:109B30008268C1688A4266D201324FF0FF3182608A
:109B400005918268C1688A4210D21078059000267B
:109B50001498002831D0159A013211D00023B34255
:109B600017D14FF0010A56462A7CFDE50268536A78
:109B70009847461C08BFCDF810B0E7D10126E7E7AB
:109B80008168C268914257D208780023B342159089
:109B9000E7D04046FDF78EFC0126C0B22A7CB5E72F
:109BA0004846302103F048FCBFE70446DCE54FF0AF
:109BB000010A9AE64FF0010A0DE60123CFE7029B66
:109BC000C9E6012305E6099C54F80C3C002B7FF400
:109BD000CFAE12E64046FDF76DFC2A7CC3B291E79A
:109BE00001228FE7D9F8002039463B4652F80C2C69
:109BF000484603F0ABF9099C54F80C3C002B3FF4A9
:109C0000FCAD0021B5E60268936A984704984FF0CE
:109C1000FF320592002894D1B0E703689B6A984709
:109C200004984FF0FF33059300287FF485AEADE62E
:109C300003689B6A9847BAE50268536A9847411CD3
:109C4000A3D1CDF850B0012389E703685B6A984738
:109C5000431C7FF4A3AE00231493029B7BE60368AE
:109C60009B6A984708E61A681846536A9847431C47
:109C70007FF4D7AD002314930123AAE5099808A91E
:109C80000C3803F049F904F027F9099C54F80C3C0E
:109C9000002B7FF4A8ADB0E5F8EE00202DE9F04EE2
:109CA0008CB00CAF434C47F8084D06468B4608ACC9
:109CB0003846202184E80C00DDF85C900BAD03F001
:109CC000ABFA14AB93E803008DE80300169B0293F4
:109CD0000DF1180ACDF80C90049794E80C00594641
:109CE00050460BADFFF722FD9AE803000A9F84E877
:109CF00003000BAD05F030F80CAD189945F8040DD4
:109D00004A4638462B4605F0B5F90898002832D067
:109D1000099B01331CD00027149850B3159B0133C5
:109D20001ED000239F4205D1D9F8003043F0020332
:109D3000C9F800300A9B94E803001F4CA3F10C0201
:109D4000A24286E8030018D130460CB0BDE8F08E80
:109D50008368C26893421CD2187809900027DBE719
:109D60008268C3689A42DCD303685B6A9847013013
:109D7000D7D10123D6E70127CEE753F8041C481EAC
:109D8000002943F8040CDFDC1046294603F0B8F83C
:109D9000DAE703685B6A9847431CDED10023089327
:109DA0000127B9E70A9829460C3803F0B5F804F002
:109DB00093F800BFF8EE0020ECEE00202DE9F04E05
:109DC0008CB00CAF434C47F8084D06468B4608ACA8
:109DD0003846202184E80C00DDF85C900BAD03F0E0
:109DE0001BFA14AB93E803008DE80300169B029363
:109DF0000DF1180ACDF80C90049794E80C00594620
:109E000050460BADFFF792FC9AE803000A9F84E8E6
:109E100003000BAD04F0A0FF0CAD189945F8040D3C
:109E20004A4638462B4605F087F90898002832D074
:109E3000099B01331CD00027149850B3159B0133A4
:109E40001ED000239F4205D1D9F8003043F0020311
:109E5000C9F800300A9B94E803001F4CA3F10C02E0
:109E6000A24286E8030018D130460CB0BDE8F08E5F
:109E70008368C26893421CD2187809900027DBE7F8
:109E80008268C3689A42DCD303685B6A98470130F2
:109E9000D7D10123D6E70127CEE753F8041C481E8B
:109EA000002943F8040CDFDC1046294603F028F8AB
:109EB000DAE703685B6A9847431CDED10023089306
:109EC0000127B9E70A9829460C3803F025F804F071
:109ED00003F800BFF8EE0020ECEE00202DE9F04E74
:109EE0008CB00CAF434C47F8084D06468B4608AC87
:109EF0003846202184E80C00DDF85C900BAD03F0BF
:109F00008BF914AB93E803008DE80300169B0293D2
:109F10000DF1180ACDF80C90049794E80C005946FE
:109F200050460BADFFF702FC9AE803000A9F84E855
:109F300003000BAD04F010FF0CAD189945F8040DAB
:109F40004A4638462B4605F061F90898002832D079
:109F5000099B01331CD00027149850B3159B013383
:109F60001ED000239F4205D1D9F8003043F00203F0
:109F7000C9F800300A9B94E803001F4CA3F10C02BF
:109F8000A24286E8030018D130460CB0BDE8F08E3E
:109F90008368C26893421CD2187809900027DBE7D7
:109FA0008268C3689A42DCD303685B6A98470130D1
:109FB000D7D10123D6E70127CEE753F8041C481E6A
:109FC000002943F8040CDFDC1046294602F098FF14
:109FD000DAE703685B6A9847431CDED100230893E5
:109FE0000127B9E70A9829460C3802F095FF03F0DB
:109FF00073FF00BFF8EE0020ECEE00202DE9F04FDB
:10A000008FB008AD1A9C059004F16C010BA8009567
:10A0100085E80C00FCF760FDE66806F04A06402E75
:10A02000804600F00D82082E0CBF10250A250295EF
:10A0300008A818A9FDF75CFA0546002840F023821D
:10A0400008A8FDF737FA98F84A30C4B21F1B7B42C4
:10A050007B410793002B00F0758198F81030002B9E
:10A0600040F0C58198F82420A24200F0728108A82F
:10A07000FCF7CEFC18A9FDF73BFA002800F0EE81B2
:10A080004FF0000A98F81030CDF818A0012502987A
:10A09000102800F0A081A94ADDF808900D92002B4D
:10A0A00040F0A081079A029998F864300493002A3E
:10A0B00014BF4FF000406FF00040B0FBF1F103908F
:10A0C000019108F14E0B002B40F0C980002D40F0AB
:10A0D000E58109F1300B5FFA8BFB2E462F46B9F173
:10A0E0000A0F7AD82F2C40F2A080A34540F29D8021
:10A0F000303C019AB242C0F08380029B039803FB7C
:10A1000006F6031BB34238BF47F001070AF1010A04
:10A11000FFB22644089800285DD08368C268934245
:10A1200080F0C98101334FF0FF3283600992836868
:10A13000C268934248D218780990002418980028E1
:10A1400000F0A481199B01335CD000239C4263D1B1
:10A15000002401250D9B53F80C2C002A6BD1BAF179
:10A16000000F20D10699F1B953F80C2CDAB91C98DC
:10A17000002101601B9904220A6025B11B9D2A68F9
:10A1800042F002022A60009D6D4C95E80300A3F1A5
:10A190000C02059DA24285E8030040F0BA810598B3
:10A1A0000FB0BDE8F08F002CE1D1002F00F05081FE
:10A1B000079A002A40F060811C996FF000420A6003
:10A1C0001B9804220260D8E703685B6A9847441C26
:10A1D000B2D1002308930124B0E7A4F13003DAB22E
:10A1E000092A1ED9A4F16103052B1CD9A4F141034E
:10A1F000052B1AD8019AB242A4F13704BFF47DAFFF
:10A20000012787E78368C268934280F074811878D9
:10A2100000239C4219909BD008A8FDF74BF9C4B2CB
:10A220005DE71C4665E7573C63E70D9B53F80C2C34
:10A230000024002A93D00DA85FFA8AF103F0FCF8FD
:10A240000DAAD8F80800D8F80C1004F029FD002851
:10A2500040F010811B980D9B042202607FE7002DC7
:10A2600040F018812E462F4698F810301BB198F810
:10A270002530A34256D098F82430A342D5D02146A9
:10A2800058464A4608F048F80028CED0CBEB0004E8
:10A2900001990F2CC8BF063CB14238D3029A0398EB
:10A2A00002FB06F6031BB34238BF47F001070AF171
:10A2B000010AFFB22644089838B38368C268934203
:10A2C00080F0048101334FF0FF328360099283688C
:10A2D000C268934212D21878099000241898002876
:10A2E00000F0D680199B013313D000239C423FF429
:10A2F0002FAF08A8FDF7DEF8C4B2B5E703685B6AC4
:10A300009847421CE8D100210891049CE6E7012708
:10A31000D1E78368C268934280F0E380187819908F
:10A320000023E3E7BAF1000F00F0BF805FFA8AF183
:10A330000DA803F081F84FF0000ABCE7F8EE00200A
:10A34000ECEE002098F84B30A3423FF486AE98F82C
:10A3500010304FF0000ACDF818A0574623B198F8F6
:10A360002520A24200F08D8098F82420A24200F01F
:10A37000888098F84E20A24243D0002F00F08180C0
:10A3800098F84C20A24203D098F84D20A24235D133
:10A39000002E3FD0029A102A40F084804FF0000A2D
:10A3A0005746089848B18368C268934280F0AD80F0
:10A3B000013383604FF0FF33099308A818A9FDF714
:10A3C00097F860B302980697102898F810304FF06D
:10A3D00001057FF460AE5A4A0D924FF01609002B2A
:10A3E0003FF460AE0DA8202102F016FF5AE698F85F
:10A3F0002520A2427FF436AE0123AAE7012206926D
:10A4000045E6AFB102980A28BAD1AEB90821B246E2
:10A410000291C6E71020B24637460290C1E708A86D
:10A42000FDF748F8C4B2002F41D098F8103095E7F6
:10A430004EB10299082979D00AF1010A0127B0E743
:10A4400008250295F4E50823B24601270293A8E700
:10A45000079901B176421C9A16608EE608A8FDF7AE
:10A4600029F84FF0000A98F81030CDF818A0C4B2BF
:10A47000574673E70D9B72E61C984FF0004202604E
:10A480009EE6069703E600240794F9E501235DE6BE
:10A49000049B2BE70026374634465BE6049E37468E
:10A4A000344657E601210691F5E5012452E6069768
:10A4B00098F81030EBE503689B6A984708984FF0CE
:10A4C000FF33099300287FF432AE84E603689B6A69
:10A4D000984708984FF0FF33099300287FF4F7AEB0
:10A4E00013E703685B6A9847431C7FF418AF0022A8
:10A4F0001892049BFAE603685B6A9847411C7FF454
:10A5000087AE00231893012320E603689B6A9847CF
:10A5100050E753F8041C481E002943F8040C3FF789
:10A520003EAE10460CA902F0EBFC38E6BA46012715
:10A5300037E70D980CA90C3802F0EEFC03F0CCFCC8
:10A54000F8EE0020F0B589B006AC84E80C000EAB44
:10A5500005468E4693E80300109B119F129E0293BE
:10A5600094E80C008DE80300039728467146049692
:10A57000FFF744FD284609B0F0BD00BF2DE9F04FBC
:10A580008FB00DF1280A1A9DEC68E40783460E4649
:10A590008AE80C002DD418AA92E803008DE8030085
:10A5A0001B9A02950DAB08AC039204934FF0FF3554
:10A5B000314620469AE80C000D95FFF71FFD94E800
:10A5C00003000D9B012B8AE8030040F2AE801C9E25
:10A5D0001B9C0122042332705046236018A9FCF70B
:10A5E00087FF002800F0A580236843F00203236062
:10A5F0009FE005F16C010DA8FCF76EFA056A87690A
:10A600000024291B4D4280464D41381B01234742FF
:10A610004741A4461E4615B1002F40F094800A9889
:10A62000002800F0A0800B9A01326DD04FF0000995
:10A630001898002800F09A80199A013243D000221D
:10A6400091454AD00A98002800F092800B9A511C3C
:10A6500063D0D2B22DB9D8F81C00065DB11A4E42B3
:10A660004E4146BB002F6CD1D8F814301B5D9A1AAE
:10A67000534253411BB9002D67D1002E61D00A9877
:10A68000013448B18568C268954280F08680013502
:10A6900085604FF0FF320B9286B1D8F82050AC4263
:10A6A00034BF0025012563B1D8F81870BC4234BF0F
:10A6B00000270127AFE7002FDCD1D5E70125002BCC
:10A6C000F2D10127A7E78268C1688A4280F08E80B4
:10A6D0001078002291451990B4D101222EB1D8F8FA
:10A6E00020108C4201D1002C44D11BB1D8F8183075
:10A6F000A3422CD01C9E1B9C00210423317023609C
:10A70000BAB10623236014E08268C1688A425DD230
:10A7100010780B904FF000098AE78268C1688A427E
:10A7200045D210780B90C2B294E71C9C03F0010351
:10A7300023709AE803008BE8030058460FB0BDE889
:10A74000F08F0022D1E70022C8E71A46C6E7002CA6
:10A75000D0D0002A1C981B9C0CBF0023022301228E
:10A7600002702360E5E74FF0010961E7012267E726
:10A77000FF226FE71C9E002131701BB1D8F8183002
:10A78000A34206D0002A1B9E0CBF00230223336085
:10A79000CFE71B9C04232360CBE70268926A0693F1
:10A7A000CDF81CC09047DDF81CC0069B71E702681D
:10A7B000526A0693CDF81CC09047431CDDF81CC0BC
:10A7C000069BAFD1CDF828C0FF2243E70268526A4A
:10A7D0000693CDF81CC09047421C069BDDF81CC0B8
:10A7E00097D1CDF828C04FF0010921E70268526ADD
:10A7F0000693CDF81CC09047431CDDF81CC0069B97
:10A800007FF467AFCDF860C0012219E72DE9F04F62
:10A810008FB008AD1A9C059004F16C010BA801954E
:10A8200085E80C00FCF758F9E66806F04A06402E69
:10A83000804600F00182082E0CBF10250A250395E2
:10A8400008A818A9FCF754FE0546002840F013821A
:10A8500008A8FCF72FFE98F84A30C4B21F1B7B42B1
:10A860007B410793002B00F06B8198F81030002B90
:10A8700040F0B98198F82420A24200F0688108A82D
:10A88000FCF7C6F818A9FCF733FE002800F0E381B6
:10A890004FF0000A98F81030CDF818A00125039861
:10A8A000102800F09481A44ADDF80C900D92002B42
:10A8B00040F09481039898F8642004924FF6FF7357
:10A8C00093FBF0F3029308F14E0B002A40F0C18095
:10A8D000002D40F0DB8109F1300B5FFA8BFB2E4637
:10A8E0002F46B9F10A0F73D82F2C40F298805C459F
:10A8F00080F09580303C0299B1427BD3039AC4F535
:10A900007F4302FB06F6B6B2FF339E42C8BF47F054
:10A91000010726440AF1010AFFB2B6B208980028DE
:10A9200054D08368C268934280F0BD8101334FF0F8
:10A93000FF32836009928368C26893423FD21878DD
:10A94000099000241898002800F09881199B013381
:10A9500052D00023A34259D1002401250D9B53F866
:10A960000C2C002A61D1BAF1000F20D10699F1B95F
:10A9700053F80C2CDAB900211C9801801B99042291
:10A980000A6025B11B9D2A6842F002022A60019DDF
:10A990006A4C95E80300A3F10C02059DA24285E8EC
:10A9A000030040F0AE8105980FB0BDE8F08F002C99
:10A9B000E1D1002F00F048814FF6FF71DCE703681A
:10A9C0005B6A9847441CBBD1002308930124B9E774
:10A9D000A4F13003DAB2092A1DD9A4F16103052BD1
:10A9E0001BD9A4F14103052B19D80299B142A4F156
:10A9F000370483D2012791E78368C268934280F0CD
:10AA0000728118780023A3421990A5D008A8FCF7FA
:10AA100051FDC4B265E71C466DE7573C6BE70D9BE3
:10AA200053F80C2C0024002A9DD00DA85FFA8AF15F
:10AA300002F002FD0DAAD8F80800D8F80C1004F0B6
:10AA40002FF9002840F013811B980D9B042202600F
:10AA500089E7002D40F016812E462F4698F81030D9
:10AA60001BB198F82530A34259D098F82430A3425E
:10AA7000D5D0214658464A4607F04EFC0028CED095
:10AA8000CBEB0004029B0F2CC8BF063CB3423BD368
:10AA90000398C4F57F4300FB06F6B6B2FF339E422F
:10AAA000C8BF47F0010726440AF1010AFFB2B6B257
:10AAB000089838B38368C268934280F0FF800133FE
:10AAC0004FF0FF32836009928368C268934212D2CA
:10AAD0001878099000241898002800F0D180199B5C
:10AAE000013313D000239C423FF436AF08A8FCF793
:10AAF000E1FCC4B2B2E703685B6A9847421CE8D144
:10AB000000210891049CE6E70127D1E78368C26829
:10AB1000934280F0DE80187819900023E3E7BAF1C1
:10AB2000000F00F0BA805FFA8AF10DA802F084FCF1
:10AB30004FF0000ABCE700BFF8EE0020ECEE00206A
:10AB400098F84B30A3423FF490AE98F810304FF095
:10AB5000000ACDF818A0574623B198F82520A24244
:10AB600000F0878098F82420A24200F0828098F8B4
:10AB70004E20A24241D0002F7BD098F84C20A24218
:10AB800003D098F84D20A24234D1002E3ED0039A33
:10AB9000102A7FD14FF0000A5746089848B18368C1
:10ABA000C268934280F0A980013383604FF0FF3385
:10ABB000099308A818A9FCF79BFC60B303980697B3
:10ABC000102898F810304FF001057FF46CAE584A09
:10ABD0000D924FF01609002B3FF46CAE0DA820210A
:10ABE00002F01AFB66E698F82520A2427FF442AEF6
:10ABF0000123ACE70122069251E6AFB103980A287F
:10AC0000BBD1AEB90821B2460391C6E71020B246C7
:10AC100037460390C1E708A8FCF74CFCC4B2002FEC
:10AC20003DD098F8103097E74EB10399082975D0B8
:10AC30000AF1010A0127B0E70825039500E6082379
:10AC4000B24601270393A8E7079A0AB17642B6B243
:10AC50001C98068095E608A8FCF72CFC4FF0000A2B
:10AC600098F81030CDF818A0C4B2574674E70D9B81
:10AC700079E6069713E60024079409E6012369E6BE
:10AC8000049B30E700263746344667E6049E374685
:10AC9000344663E60121069105E601245EE6069747
:10ACA00098F81030FBE503689B6A984708984FF0C6
:10ACB000FF33099300287FF43EAE87E603689B6A62
:10ACC000984708984FF0FF33099300287FF4FCAEB3
:10ACD00018E703685B6A9847431C7FF41DAF0022A6
:10ACE0001892049BFFE603685B6A9847411C7FF457
:10ACF00089AE0023189301232CE603689B6A9847CA
:10AD000054E753F8041C481E002943F8040C3FF78D
:10AD10004AAE10460CA902F0F3F844E6BA46012701
:10AD20003BE70D980CA90C3802F0F6F803F0D4F8C4
:10AD3000F8EE0020F0B589B006AC84E80C000EAB4C
:10AD400005468E4693E80300109B119F129E0293C6
:10AD500094E80C008DE8030003972846714604969A
:10AD6000FFF754FD284609B0F0BD00BF2DE9F04FB4
:10AD70008FB008AD1A9C059004F16C010BA80195E9
:10AD800085E80C00FBF7A8FEE66806F04A06402EB0
:10AD9000804600F0F981082E0CBF10250A25039586
:10ADA00008A818A9FCF7A4FB0546002840F00A8271
:10ADB00008A8FCF77FFB98F84A30C4B21F1B7B42FF
:10ADC0007B410793002B00F0638198F81030002B33
:10ADD00040F0B18198F82420A24200F0608108A8D8
:10ADE000FBF716FE18A9FCF783FB002800F0DA81B8
:10ADF0004FF0000A98F81030CDF818A001250398FC
:10AE0000102800F08C81A04ADDF80C900D92002BE8
:10AE100040F08C81039898F8642004924FF0FF333F
:10AE2000B3FBF0F3029308F14E0B002A40F0BD8013
:10AE3000002D40F0D28109F1300B5FFA8BFB2E46DA
:10AE40002F46B9F10A0F6FD82F2C40F294805C4541
:10AE500080F09180303C0299B14277D3039AE3436A
:10AE600002FB06F6B34238BF47F001070AF1010AB8
:10AE7000FFB226440898002854D08368C2689342E1
:10AE800080F0B88101334FF0FF328360099283680C
:10AE9000C26893423FD2187809900024189800287D
:10AEA00000F09381199B013352D00023A34259D162
:10AEB000002401250D9B53F80C2C002A61D1BAF116
:10AEC000000F20D10699F1B953F80C2CDAB9002102
:10AED0001C9801601B9904220A6025B11B9D2A68F9
:10AEE00042F002022A60019D684C95E80300A3F13C
:10AEF0000C02059DA24285E8030040F0A981059857
:10AF00000FB0BDE8F08F002CE1D1002F00F044819C
:10AF10004FF0FF31DCE703685B6A9847441CBBD104
:10AF2000002308930124B9E7A4F13003DAB2092A17
:10AF30001DD9A4F16103052B1BD9A4F14103052BF5
:10AF400019D80299B142A4F1370487D2012791E7B9
:10AF50008368C268934280F06D8118780023A34211
:10AF60001990A5D008A8FCF7A5FAC4B269E71C4659
:10AF700071E7573C6FE70D9B53F80C2C0024002A17
:10AF80009DD00DA85FFA8AF102F056FA0DAAD8F802
:10AF90000800D8F80C1003F083FE002840F00E8162
:10AFA0001B980D9B0422026089E7002D40F011815F
:10AFB0002E462F4698F810301BB198F82530A34242
:10AFC00055D098F82430A342D5D0214658464A4659
:10AFD00007F0A2F90028CED0CBEB0004029B0F2C87
:10AFE000C8BF063CB34237D30398E34300FB06F6E1
:10AFF000B34238BF47F001070AF1010AFFB2264405
:10B00000089838B38368C268934280F0FE800133A9
:10B010004FF0FF32836009928368C268934212D274
:10B020001878099000241898002800F0D080199B07
:10B03000013313D000239C423FF43AAF08A8FCF739
:10B0400039FAC4B2B6E703685B6A9847421CE8D194
:10B0500000210891049CE6E70127D1E78368C268D4
:10B06000934280F0DD80187819900023E3E7BAF16D
:10B07000000F00F0B9805FFA8AF10DA802F0DCF948
:10B080004FF0000ABCE700BFF8EE0020ECEE002015
:10B0900098F84B30A3423FF498AE98F810304FF038
:10B0A000000ACDF818A0574623B198F82520A242EF
:10B0B00000F0868098F82420A24200F0818098F861
:10B0C0004E20A24241D0002F7AD098F84C20A242C4
:10B0D00003D098F84D20A24234D1002E3ED0039ADE
:10B0E000102A7ED14FF0000A5746089848B183686D
:10B0F000C268934280F0A880013383604FF0FF3331
:10B10000099308A818A9FCF7F3F960B30398069708
:10B11000102898F810304FF001057FF474AE584AAB
:10B120000D924FF01609002B3FF474AE0DA82021AC
:10B1300002F072F86EE698F82520A2427FF44AAE3B
:10B140000123ACE70122069259E6AFB103980A2821
:10B15000BBD1AEB90821B2460391C6E71020B24672
:10B1600037460390C1E708A8FCF7A4F9C4B2002F42
:10B170003CD098F8103097E74EB10399082974D065
:10B180000AF1010A0127B0E70825039508E608231C
:10B19000B24601270393A8E7079A02B176421C98AA
:10B1A00006609AE608A8FCF785F94FF0000A98F8BF
:10B1B0001030CDF818A0C4B2574675E70D9B7EE657
:10B1C00006971CE60024079412E601236EE6049B12
:10B1D00031E70026374634466CE6049E374634464F
:10B1E00068E6012106910EE6012463E6069798F8C9
:10B1F000103004E603689B6A984708984FF0FF33C5
:10B20000099300287FF443AE8CE603689B6A984755
:10B2100008984FF0FF33099300287FF4FDAE19E73B
:10B2200003685B6A9847431C7FF41EAF00221892A4
:10B23000049B00E703685B6A9847411C7FF48EAE6D
:10B2400000231893012331E603689B6A984755E76A
:10B2500053F8041C481E002943F8040C3FF74FAE76
:10B2600010460CA901F04CFE49E6BA4601273CE71E
:10B270000D980CA90C3801F04FFE02F02DFE00BF16
:10B28000F8EE0020F0B589B006AC84E80C000EABF7
:10B2900005468E4693E80300109B119F129E029371
:10B2A00094E80C008DE80300039728467146049645
:10B2B000FFF75CFD284609B0F0BD00BF2DE9F04F57
:10B2C0008FB008AD1A9C059004F16C010BA8019594
:10B2D00085E80C00FBF700FCE66806F04A06402E05
:10B2E000804600F0F981082E0CBF10250A25039531
:10B2F00008A818A9FCF7FCF80546002840F00A82C7
:10B3000008A8FCF7D7F898F84A30C4B21F1B7B4254
:10B310007B410793002B00F0638198F81030002BDD
:10B3200040F0B18198F82420A24200F0608108A882
:10B33000FBF76EFB18A9FCF7DBF8002800F0DA81B8
:10B340004FF0000A98F81030CDF818A001250398A6
:10B35000102800F08C81A04ADDF80C900D92002B93
:10B3600040F08C81039898F8642004924FF0FF33EA
:10B37000B3FBF0F3029308F14E0B002A40F0BD80BE
:10B38000002D40F0D28109F1300B5FFA8BFB2E4685
:10B390002F46B9F10A0F6FD82F2C40F294805C45EC
:10B3A00080F09180303C0299B14277D3039AE34315
:10B3B00002FB06F6B34238BF47F001070AF1010A63
:10B3C000FFB226440898002854D08368C26893428C
:10B3D00080F0B88101334FF0FF32836009928368B7
:10B3E000C26893423FD21878099000241898002828
:10B3F00000F09381199B013352D00023A34259D10D
:10B40000002401250D9B53F80C2C002A61D1BAF1C0
:10B41000000F20D10699F1B953F80C2CDAB90021AC
:10B420001C9801601B9904220A6025B11B9D2A68A3
:10B4300042F002022A60019D684C95E80300A3F1E6
:10B440000C02059DA24285E8030040F0A981059801
:10B450000FB0BDE8F08F002CE1D1002F00F0448147
:10B460004FF0FF31DCE703685B6A9847441CBBD1AF
:10B47000002308930124B9E7A4F13003DAB2092AC2
:10B480001DD9A4F16103052B1BD9A4F14103052BA0
:10B4900019D80299B142A4F1370487D2012791E764
:10B4A0008368C268934280F06D8118780023A342BC
:10B4B0001990A5D008A8FBF7FDFFC4B269E71C46A8
:10B4C00071E7573C6FE70D9B53F80C2C0024002AC2
:10B4D0009DD00DA85FFA8AF101F0AEFF0DAAD8F851
:10B4E0000800D8F80C1003F0DBFB002840F00E81B8
:10B4F0001B980D9B0422026089E7002D40F011810A
:10B500002E462F4698F810301BB198F82530A342EC
:10B5100055D098F82430A342D5D0214658464A4603
:10B5200006F0FAFE0028CED0CBEB0004029B0F2CD5
:10B53000C8BF063CB34237D30398E34300FB06F68B
:10B54000B34238BF47F001070AF1010AFFB22644AF
:10B55000089838B38368C268934280F0FE80013354
:10B560004FF0FF32836009928368C268934212D21F
:10B570001878099000241898002800F0D080199BB2
:10B58000013313D000239C423FF43AAF08A8FBF7E5
:10B5900091FFC4B2B6E703685B6A9847421CE8D1E2
:10B5A00000210891049CE6E70127D1E78368C2687F
:10B5B000934280F0DD80187819900023E3E7BAF118
:10B5C000000F00F0B9805FFA8AF10DA801F034FF96
:10B5D0004FF0000ABCE700BFF8EE0020ECEE0020C0
:10B5E00098F84B30A3423FF498AE98F810304FF0E3
:10B5F000000ACDF818A0574623B198F82520A2429A
:10B6000000F0868098F82420A24200F0818098F80B
:10B610004E20A24241D0002F7AD098F84C20A2426E
:10B6200003D098F84D20A24234D1002E3ED0039A88
:10B63000102A7ED14FF0000A5746089848B1836817
:10B64000C268934280F0A880013383604FF0FF33DB
:10B65000099308A818A9FBF74BFF60B30398069756
:10B66000102898F810304FF001057FF474AE584A56
:10B670000D924FF01609002B3FF474AE0DA8202157
:10B6800001F0CAFD6EE698F82520A2427FF44AAE8A
:10B690000123ACE70122069259E6AFB103980A28CC
:10B6A000BBD1AEB90821B2460391C6E71020B2461D
:10B6B00037460390C1E708A8FBF7FCFEC4B2002F91
:10B6C0003CD098F8103097E74EB10399082974D010
:10B6D0000AF1010A0127B0E70825039508E60823C7
:10B6E000B24601270393A8E7079A02B176421C9855
:10B6F00006609AE608A8FBF7DDFE4FF0000A98F80E
:10B700001030CDF818A0C4B2574675E70D9B7EE601
:10B7100006971CE60024079412E601236EE6049BBC
:10B7200031E70026374634466CE6049E37463446F9
:10B7300068E6012106910EE6012463E6069798F873
:10B74000103004E603689B6A984708984FF0FF336F
:10B75000099300287FF443AE8CE603689B6A984700
:10B7600008984FF0FF33099300287FF4FDAE19E7E6
:10B7700003685B6A9847431C7FF41EAF002218924F
:10B78000049B00E703685B6A9847411C7FF48EAE18
:10B7900000231893012331E603689B6A984755E715
:10B7A00053F8041C481E002943F8040C3FF74FAE21
:10B7B00010460CA901F0A4FB49E6BA4601273CE774
:10B7C0000D980CA90C3801F0A7FB02F085FB00BF17
:10B7D000F8EE0020F0B589B006AC84E80C000EABA2
:10B7E00005468E4693E80300109B119F129E02931C
:10B7F00094E80C008DE803000397284671460496F0
:10B80000FFF75CFD284609B0F0BD00BF2DE9F0430D
:10B810008DB008ACDDF85890179DD9F80C70CDF8B4
:10B82000089084E80C0014AA06468C4692E80300AF
:10B8300027F04A030DF118080DF12C0E43F0080310
:10B84000C9F80C3094E80C008DE8030003956146BC
:10B850004046CDF810E0FFF731FD98E803000B9B60
:10B86000C9F80C7084E80300189C86E80300304691
:10B8700023600DB0BDE8F0832DE9F04F95B00EAD1B
:10B88000209C0B9004F16C0111A8019585E80C0037
:10B89000FBF722F9E66806F04A06402E074600F05C
:10B8A0005682082E0CBF10240A240EA81EA9FBF7EE
:10B8B0001FFE8046002840F070820EA8FBF7FAFDBC
:10B8C00097F84A30C5B2B3EB050EDEF1000353EB37
:10B8D0000E030D93002B00F0BA813B7C002B40F04F
:10B8E0000B8297F82420AA4200F0B7810EA8FBF73C
:10B8F0008FF81EA9FBF7FCFD002800F0368200211E
:10B900003B7C05910C914FF00108102C00F0E88170
:10B91000844A1392A146002B40F0E9810D9A002A37
:10B9200000F08E8100224FF00043CDE90823E1179B
:10B930002046CDE9020122460B46DDE90801DAF78F
:10B94000FDFD97F864400A9407F14E0404940A9CA4
:10B95000CDE90601002C00F0E980B8F1000F40F0BD
:10B960002A824FF0000A4FF0000B46463B7C23B181
:10B9700097F82530AB4200F0B18097F82430AB4205
:10B9800000F0B780294604984A4606F0C5FC002816
:10B9900000F0AF80049D401BDDE906450F28C8BFBD
:10B9A00006385D4508BF5445C0F08780039D029965
:10B9B0000AFB05F301FB0B33AAFB01451D44DDE93E
:10B9C0000823C117121A63EB0103AB4208BFA2425E
:10B9D000059A38BF46F00106013210EB040A0592C1
:10B9E000F6B241EB050B0E98002864D08368C2685C
:10B9F000934280F0FE8101334FF0FF3283600F925B
:10BA00008368C26893424FD218780F9000241E9822
:10BA1000002800F0C7811F9B013350D000239C42B7
:10BA200057D100244FF00108139D55F80C3C002B12
:10BA300065D1059921BB0C9A12BB55F80C3CFBB99A
:10BA4000229C00220023C4E90023219C04212160C0
:10BA5000B8F1000F04D0219C236843F00203236057
:10BA6000019C314A94E80300A5F10C030B9C93421E
:10BA700084E8030040F0E7810B9815B0BDE8F08F33
:10BA8000002CDDD1002E00F068810D9C002C40F0D0
:10BA90007481229C4FF0FF326FF00043C4E9002311
:10BAA000219C04232360D3E703685B6A9847421C08
:10BAB000ABD100250E950A9CA9E7012693E7836880
:10BAC000C268934280F0AE81187800239C421F9098
:10BAD000A7D00EA8FBF7EEFCC5B247E7059C002CEB
:10BAE00000F07581E1B213A801F0A6FC00240594D2
:10BAF00079E7139D55F80C3C0024002B99D0059D47
:10BB000013A8E9B201F098FC13AAB868F96803F029
:10BB1000C7F8002840F02F812198139D042303606B
:10BB200087E700BFF8EE0020ECEE0020B8F1000F30
:10BB300040F03A8109F1300A5FFA8AFAB9F10A0F46
:10BB4000CDF810A04FF0000B4FF0000A46464FD83A
:10BB50002F2DCED9049CAC42CBD9A5F13000DDE924
:10BB600006455D4508BF54455CD3039D02990AFB19
:10BB700005F301FB0B33AAFB01451D44DDE9082356
:10BB8000C117121A63EB0103AB4208BFA242059A28
:10BB900038BF46F00106013210EB040A0592F6B2F6
:10BBA00041EB050B0E9800283AD08368C268934297
:10BBB00080F0148101334FF0FF3283600F9283686D
:10BBC000C268934225D218780F9000241E9800284E
:10BBD00000F0E6801F9B013326D000239C423FF4F7
:10BBE00020AF0EA8FBF766FCB9F10A0FC5B2AFD9BA
:10BBF000A5F13000C3B2092BB1D9A5F16103052B22
:10BC00001BD9A5F14103052B3FF673AFA5F1370012
:10BC1000A5E703685B6A9847441CD5D100230E93BF
:10BC20000124D3E70126BDE78368C268934280F010
:10BC3000EF8018781F900023D0E7A5F157008EE71A
:10BC40004FF0FF306FF00041CDE908016FE697F843
:10BC50004B30AB423FF441AE3B7C0020B1460590F7
:10BC60000C908246064623B197F82520AA4200F0A0
:10BC7000908097F82420AA4200F08B8097F84E20FD
:10BC8000AA4245D0002E00F0848097F84C20AA42AA
:10BC900003D097F84D20AA4235D1B9F1000F40D01A
:10BCA000102C40F08F804FF0000A56460E9848B195
:10BCB0008268C3689A4280F0A780013282604FF0A8
:10BCC000FF330F930EA81EA9FBF712FC68B3102CCC
:10BCD0000C96CDF814A03B7C4FF001087FF418AE11
:10BCE000614A13924FF01609002B3FF417AE13A8C8
:10BCF000202101F091FA11E697F82520AA427FF45D
:10BD0000F0AD0123A9E70120CDF814A00C90FCE5CB
:10BD10009EB10A2CB9D1B9F1000F14D1CA4608243A
:10BD2000C4E7CA464E461024C0E70EA8FBF7C2FB84
:10BD3000C5B2002E4DD03B7C95E7B9F1000F08D07D
:10BD4000082C00F08D800AF1010A0126AEE70824D4
:10BD5000ABE5CA4601260824A8E70D9CA4B95046C5
:10BD60005946229CC4E9000172E60EA8FBF7A2FB2B
:10BD70003B7CC5B271E7139D5BE6229C00224FF02D
:10BD80000043C4E900238BE6DAF100006BEB4B01C2
:10BD9000E7E70C96CDF814A0B7E500250D95AEE5C4
:10BDA00001231BE70A9B3AE60A9E4FF0000A34463D
:10BDB0004FF0000B38E6002634464FF0000A4FF0F3
:10BDC000000B31E60121CDF814A00C91A0E501246F
:10BDD0002AE60C96CDF814A03B7C96E503689B6A96
:10BDE00098470E984FF0FF330F9300287FF4E7AE8B
:10BDF00016E703689B6A98470E984FF0FF330F933E
:10BE000000287FF4FDAD56E603689B6A984756E725
:10BE100003685B6A9847411C7FF40CAF00231E93B4
:10BE20000123DBE603685B6A9847431C7FF44DAE51
:10BE300000201E900A9BF2E5139812A90C3801F01D
:10BE40006BF802F049F855F8042C511E002A45F809
:10BE5000041C3FF711AE184612A901F051F80BE689
:10BE6000B246012622E700BFF8EE0020F0B589B007
:10BE700006AC84E80C000EAB05468E4693E8030042
:10BE8000109B119F129E029394E80C008DE8030012
:10BE90000397284671460496FFF7EEFC284609B042
:10BEA000F0BD00BF2DE9F04F93B00CAD1E9C099082
:10BEB00004F16C010FA8019585E80C00FAF70CFE5F
:10BEC000E66806F04A06402E074600F02F82082E4C
:10BED0000CBF10240A240CA81CA9FBF709FB804600
:10BEE000002840F042820CA8FBF7E4FA97F84A30A9
:10BEF000C5B2B3EB050EDEF1000353EB0E030B935B
:10BF0000002B00F094813B7C002B40F0E48197F8FB
:10BF10002420AA4200F091810CA8FAF779FD1CA90F
:10BF2000FBF7E6FA002800F00F8200213B7C059128
:10BF30000A914FF00108102C00F0C181AA4A049424
:10BF40001192002B40F0C281E1172046CDE9020199
:10BF500022460B464FF0FF304FF0FF31DAF7EEFA92
:10BF600097F864400894CDE9060107F14E09002CCA
:10BF700040F0D780B8F1000F40F00582049C04F136
:10BF800030095FFA89F94FF0000A4FF0000B46467E
:10BF9000049C0A2C00F289802F2D40F2AA804D4586
:10BFA00080F0A780303DDDE90601594508BF5045C6
:10BFB000C0F08A80039A029B0AFB02F103FB0B117B
:10BFC0002C46AAFB0323ED170B44E043E9439942B7
:10BFD00008BF9042059838BF46F00106013014EBC7
:10BFE000020A0590F6B245EB030B0C9800285AD0D4
:10BFF0008368C268934280F0D98101334FF0FF32E9
:10C0000083600D928368C268934245D218780D9080
:10C0100000241C98002800F0AB811D9B013355D0F3
:10C020000023A3425CD100244FF00108119D55F874
:10C030000C3C002B63D1059921BB0A9A12BB55F821
:10C040000C3CFBB900220023209CC4E900231F9C68
:10C0500004212160B8F1000F04D01F9C236843F035
:10C0600002032360019C614A94E80300A5F10C03DC
:10C07000099C934284E8030040F0CD81099813B0F5
:10C08000BDE8F08F002CDDD1002E00F055814FF07F
:10C09000FF324FF0FF33D7E703685B6A9847441CD1
:10C0A000B5D100230C930124B3E7A5F13004E3B22A
:10C0B000092B1AD9A5F16103052B18D9A5F1410364
:10C0C000052B16D8373D6EE701268EE78368C268D8
:10C0D000934280F0858118780023A3421D90A2D05E
:10C0E0000CA8FBF7E7F9C5B252E725465BE7573DD9
:10C0F00059E7119D55F80C3C0024002B9BD0059D61
:10C1000011A8E9B201F098F911AAB868F96802F02B
:10C11000C7FD002840F01E811F98119D0423036075
:10C1200089E7B8F1000F40F027814FF0000A4FF087
:10C13000000B46463B7C1BB197F82530AB426BD0D9
:10C1400097F82430AB42D4D029464846049A06F0EA
:10C15000E3F80028CDD0C9EB0004DDE906010F2C7F
:10C16000C8BF063C594508BF50454AD3039A029BB5
:10C170000AFB02F103FB0B11E517AAFB03230B4497
:10C18000E043E943994208BF9042059838BF46F022
:10C190000106013014EB020A0590F6B245EB030BE1
:10C1A0000C9800282BD08368C268934280F00981E4
:10C1B00001334FF0FF3283600D928368C26893426F
:10C1C00016D218780D9000241C98002800F0D28018
:10C1D0001D9B013317D000239C423FF424AF0CA8D1
:10C1E000FBF768F9C5B2A5E7F8EE0020ECEE0020F9
:10C1F00003685B6A9847421CE4D100250C95089CB3
:10C20000E2E70126CCE78368C268934280F0F280BF
:10C2100018781D900023DFE7059C002C00F0BF80FC
:10C22000E1B211A801F008F900240594B8E797F8E5
:10C230004B30AB423FF467AE3B7C0020B1460590EB
:10C240000A908246064623B197F82520AA4200F0BC
:10C25000888097F82420AA4200F0838097F84E2027
:10C26000AA4244D0002E7CD097F84C20AA4203D09A
:10C2700097F84D20AA4235D1B9F1000F40D0102CCB
:10C2800040F088804FF0000A56460C9848B182680A
:10C29000C3689A4280F0A080013282604FF0FF3381
:10C2A0000D930CA81CA9FBF723F968B3102C0A9670
:10C2B000CDF814A03B7C4FF001087FF43FAE16226E
:10C2C00004925D4A1192002B3FF43EAE11A820214A
:10C2D00000F0A2FF38E697F82520AA427FF417AEB7
:10C2E0000123AAE70120CDF814A00A9023E69EB10D
:10C2F0000A2CB9D1B9F1000F14D1CA460824C4E7F9
:10C30000CA464E461024C0E70CA8FBF7D3F8C5B2C6
:10C31000002E46D03B7C96E7B9F1000F08D0082CE0
:10C3200000F086800AF1010A0126AEE70824D2E572
:10C33000CA4601260824A8E70B9C6CB952465B4606
:10C34000209CC4E9002385E60CA8FBF7B3F83B7CEE
:10C35000C5B272E7119D6EE6DAF100026BEB4B039A
:10C36000EEE70A96CDF814A0E5E500250B95DCE58F
:10C37000012356E6089B2FE7002634464FF0000ABB
:10C380004FF0000B52E6089E4FF0000A34464FF083
:10C39000000B4BE60121CDF814A00A91CEE5012453
:10C3A00044E60A96CDF814A03B7CC4E503689B6A7A
:10C3B00098470C984FF0FF330D9300287FF422AE7E
:10C3C00071E603689B6A98470C984FF0FF330D9312
:10C3D00000287FF4F2AE12E703689B6A98475DE796
:10C3E00003685B6A9847411C7FF476AE00231C9378
:10C3F000012316E603685B6A9847431C7FF409AF84
:10C4000000201C90089BE7E6119810A90C3800F05A
:10C4100083FD01F061FD55F8042C511E002A45F8FA
:10C42000041C3FF72BAE184610A900F069FD25E665
:10C43000B246012629E700BFF8EE0020F0B589B02A
:10C4400006AC84E80C000EAB05468E4693E803006C
:10C45000109B119F129E029394E80C008DE803003C
:10C460000397284671460496FFF71CFD284609B03D
:10C47000F0BD00BF244B1A68D0075CBF01221A60D0
:10C48000224B1A68D1075CBF01221A60204B1A6840
:10C49000D2075CBF01221A601E4B1A68D0075CBF2E
:10C4A00001221A601C4B1A68D1075CBF01221A6076
:10C4B0001A4B1A68D2075CBF01221A60184B1A681F
:10C4C000D0075CBF01221A60164B1A68D1075CBF07
:10C4D00001221A60144B1A68D2075CBF01221A604D
:10C4E000124B1A68D0075CBF01221A60104B1A6801
:10C4F000D1075CBF01221A600E4B1A68D2075CBFDD
:10C5000001221A60704700BFB8EE0020B4EE002090
:10C51000B0EE0020ACEE0020A8EE0020A4EE00203B
:10C52000A0EE00209CEE002098EE002094EE00206B
:10C5300090EE00208CEE002008B50846114606F06B
:10C5400047FA831700280CBF184643F0010008BDC6
:10C55000084611461A4608F009BB00BF08B5084650
:10C5600011460AF0B7FD831700280CBF184643F0A8
:10C57000010008BD084611461A460BF07BBC00BFFF
:10C5800010B5002282B041F2020306218260C3602E
:10C590000446416001A8F7F7D9F801A904F16C003D
:10C5A00002F04AFC01A802F063FC02B010BD00BF1B
:10C5B00010B50446054A2260054B0022626040F82F
:10C5C000083F02F003FB204610BD00BF1C09040811
:10C5D00060F50308036853F80C3C1844E8E700BF13
:10C5E00010B50446064A074B22600022626040F8FC
:10C5F000083F02F0EBFA2046E2F7CAFE204610BDE3
:10C600001C09040860F50308036853F80C3C18443F
:10C61000E6E700BF08B503689B6A984708BD00BFFE
:10C6200008B503685B6A984708BD00BFF8B50B689A
:10C6300053F80C3C0C46234400210170064658690F
:10C64000154610BB186F28B100F044F9236853F861
:10C650000C3C234495B9DA68D1040FD59D6FAA68C4
:10C66000E9688A4243D21078DF6F002F3DD0421C28
:10C670002FD0C0B2BA69125C11070ED4586918B92C
:10C68000012333703046F8BD002141F0040101431D
:10C690001846EEF741F93046F8BDAB68EA689342B8
:10C6A0000ED20133AB60934216D21878C3B2BA6986
:10C6B000D35C1B07F1D4236853F80C3C2344DDE71B
:10C6C0002846FFF7A7FF01300CD1236853F80C3C34
:10C6D000234458690221D8E72846FFF7A1FF421CEE
:10C6E000F3D0E3E7AB68EA68DDE700F063FA2846D9
:10C6F000FFF796FF236853F80C3C2344B4E700BFD0
:10C70000704700BF704700BF10B400244FF0FF32E5
:10C710004FF0FF338460C460C0E900235DF8044B30
:10C72000704700BF82B0F0B404AF87E80C00002669
:10C730004FF0FF344FF0FF35C0E900458660C6601A
:10C74000F0BC02B0704700BF002070470020704767
:10C750004FF0FF30704700BF036810B55B6A0446B6
:10C760009847431C03D0A36813F8010BA36010BDC6
:10C770004FF0FF30704700BF4FF0FF30704700BFF1
:10C780002DE9F041B2F1000804460F464FF00005D4
:10C7900022DDA368E6681946F31AC5EB080238469D
:10C7A0000DD1236820469B6A9847431C07F101037B
:10C7B00012D00135A84538700EDD1F46E9E79A42D0
:10C7C000B4BF16461E463246E2F712FDA368354452
:10C7D0003344A845A36002DC2846BDE8F081374415
:10C7E000DFE700BF2DE9F041B2F1000804460F4633
:10C7F0004FF0000521DD6369A6691846F31AC5EB01
:10C80000080239460CD1236839785B6B204698477B
:10C81000013007F1010710D00135A845EBDC0CE031
:10C820009A42B4BF16461E463246E2F7E1FC6369FF
:10C8300035443344A845636102DC2846BDE8F081F5
:10C840003744E0E710B5044A044640F81C2B02F0D8
:10C850000FFB204610BD00BF6009040810B5054B52
:10C86000044640F81C3B02F003FB2046E2F790FD33
:10C87000204610BD6009040810B50446044A054B63
:10C88000226040F8043F02F0A1F9204610BD00BF2D
:10C89000E409040860F50308036853F80C3C1844E5
:10C8A000EAE700BF10B50446054A064B226040F88F
:10C8B000043F02F08BF92046E2F76AFD204610BDE6
:10C8C000E409040860F50308036853F80C3C1844B5
:10C8D000E8E700BF036810B553F80C3C0344044676
:10C8E000986F70B103689B699847013009D123683C
:10C8F00053F80C3C23441846596941F00101EEF706
:10C900000BF8204610BD01290ED101F0EFFB236882
:10C9100053F80C3C1C446369226943F00103D207BD
:10C92000636115D5ECF728FF01F0E0FB236853F8AD
:10C930000C3C23445A69196942F001025A61CB0741
:10C9400008D401F019FCDCE701F016FC01F0C4FA90
:10C95000ECF712FFECF710FF01F00EFC01F0BCFA4F
:10C9600008B503685B6A984708BD00BF08B503684F
:10C970009B6A984708BD00BF2DE9F04F83B0814600
:10C980000F4616460146012201A8FFF74FFE9DF80B
:10C99000043073B90423D9F8002052F80C2C4A440F
:10C9A000104651691943EDF7B7FF484603B0BDE89B
:10C9B000F08F3B68002153F80C2C38460B4600F0F2
:10C9C000C5FAD9F8003053F80C3C4B449C6FD4F8AE
:10C9D00008B0E3689B4580F0AE809BF8000086427B
:10C9E00031D0DFF8AC81002504E0864240D0D4F895
:10C9F00008B0E368644ACBEB030A521B5245B8BF48
:10CA00009246BAF1010F38DD58463146524605F0DC
:10CA100083FC08B1CBEB000A59463846524600F079
:10CA20005FFCA268E36802EB0A0199425544A160E9
:10CA30004DD212F80A00454511D8431CD5D1002D1E
:10CA40007ED00223A7E701259B456FD20BF101039E
:10CA5000A360002DA9D12B4643F004039BE7431CA0
:10CA6000EFD0864296D1D4F808B0E3680135EBE701
:10CA70000135D4F808B0E368E6E73B6853F80C2CBE
:10CA800053F8081C02F1010A8A455FFA80FB03D8BB
:10CA900053F8041C002906DD3846514600F0BCFB63
:10CAA0003B6853F80C2C03F802B03B683749A3F1FC
:10CAB0000C028A421CD1A268E3689A4205F1010582
:10CAC0000ED20132A2609A4206D21078B3E72368F0
:10CAD00020465B6A9847AEE72046FFF741FFAAE78A
:10CAE0002046FFF743FF421CA5D0A268E368EAE7AF
:10CAF000002243F80CAC43F8042C03F80A20DAE7D0
:10CB00000025012924D101F0F1FAD9F8003053F8B9
:10CB10000C3C9944D9F81430D9F8102043F00103A3
:10CB2000D107C9F8143011D5ECF726FE2046FFF7DF
:10CB30001DFF8EE7E5E72046FFF712FF411C18D1E5
:10CB4000022389E701F018FB01F0C6F9ECF714FEA7
:10CB500001F0CCFAD9F8003053F80C3C4B445A6938
:10CB6000196942F001025A61CA0707D401F004FBB7
:10CB70006FE7D4F808B0E36831E7C1E7ECF7FCFDF4
:10CB800001F0FAFA01F0A8F9FCFFFF3FECEE0020FB
:10CB9000FBFFFF3F08B50420ECF726FE024B0360C5
:10CBA0000249034AECF7A0FD78140408881404082D
:10CBB000BDE0020808B50420ECF716FE024B036046
:10CBC0000249034AECF790FDA015040880150408FB
:10CBD00089E8020830B5054685B00820ECF704FE68
:10CBE0002946044601AA03A800F0FAFC204603A93E
:10CBF00002F05AFE039802A90C3800F08DF9204685
:10CC00000749084AECF770FD2046ECF719FE01F0E1
:10CC100063F9039802A90C3800F07EF9F4E700BF2D
:10CC20004C190408A1F7020830B5054685B0082064
:10CC3000ECF7DAFD2946044601AA03A800F0D0FC6F
:10CC4000204603A902F040FE039802A90C3800F028
:10CC500063F920460749084AECF746FD2046ECF701
:10CC6000EFFD01F039F9039802A90C3800F054F9EE
:10CC7000F4E700BFD0190408F5F7020830B50546FF
:10CC800085B00820ECF7B0FD2946044601AA03A8A8
:10CC900000F0A6FC204603A902F020FE039802A99A
:10CCA0000C3800F039F920460749084AECF71CFD1A
:10CCB0002046ECF7C5FD01F00FF9039802A90C38E6
:10CCC00000F02AF9F4E700BFB019040825F80208BB
:10CCD00030B5054685B00820ECF786FD29460446A8
:10CCE00001AA03A800F07CFC204603A902F000FE84
:10CCF000039802A90C3800F00FF920460749084AAA
:10CD0000ECF7F2FC2046ECF79BFD01F0E5F8039808
:10CD100002A90C3800F000F9F4E700BF401904083C
:10CD200055F8020830B5054685B00820ECF75CFDE3
:10CD30002946044601AA03A800F052FC03A9204694
:10CD400002F000FF039802A90C3800F0E5F8204635
:10CD50000449054AECF7C8FC2046ECF771FD01F0E8
:10CD6000BBF800BF581A0408F1FA0208014B03602F
:10CD7000704700BFF8EE002070B5066856F80C5CEE
:10CD8000AB4213D8EC1A944228BF144644B1012C8C
:10CD900006EB030206D0084611462246E2F728FABF
:10CDA000204670BDF35C0B70204670BD0148FFF754
:10CDB00065FF00BF300A0408026852F8043C002BEB
:10CDC000B8BF002310B4B8BF42F8043C0B6853F856
:10CDD000044C002CBCBF002443F8044C03605DF8F5
:10CDE000044B0A60704700BF00687047036853F83F
:10CDF0000C0C824210B40BD29C5C8C42134404D0C5
:10CE00000BE013F8011FA14207D101328242F8D38F
:10CE10004FF0FF305DF8044B704710465DF8044B4F
:10CE2000704700BFF8B5046808460D46E2F778F988
:10CE300054F80C6C074629462046B74234BF3A46A0
:10CE40003246E2F7FFF900B9F01BF8BD134B9842E8
:10CE500010B504461ED8884214D94A00944238BFFF
:10CE6000144604F11D02B2F5805F04F10D000BD9E8
:10CE7000A14209D204F58054C2F30B02A41A9C42C9
:10CE800028BF1C4604F10D00ECF7E0FB00224460D3
:10CE9000826010BD0248FFF7C7FE00BFFCFFFF3FE6
:10CEA0005C0A040870B50E46044610B90D4B1846CE
:10CEB00070BD0021FFF7CAFF012C054600F10C03ED
:10CEC0000DD0184631462246E2F770F90346064A6D
:10CED0009542ECD000222C60AA601A55E7E72E7329
:10CEE000F5E700BFF8EE0020ECEE002010B5044698
:10CEF000084611461A46FFF7D5FF2060204610BDB0
:10CF0000E2F746BA836810B5002B03F1FF34846062
:10CF100001DCFFF7F5FF10BD024B834200D17047E3
:10CF2000FFF7F0BFECEE002010B504460068064B9A
:10CF30000C38984282B002D1204602B010BD01A93F
:10CF4000FFF7E0FFF8E700BFECEE00202DE9F04727
:10CF500004681646074654F80C0C54F8082CC6EB27
:10CF600003088044C1EB000A904582B099460D4603
:10CF7000C6EB0A0A03D854F8043C002B2ADD1146FC
:10CF8000404601AAFFF762FF00F10C0425B1012D14
:10CF900039683BD10B780373BAF1000F0CD13868B4
:10CFA000264D0C38A84245D13C60A4F10C03AB429D
:10CFB00038D102B0BDE8F0873B68A944BAF1010F4F
:10CFC000354404EB090003EB050127D15B5D04F850
:10CFD0000930E4E7BAF1000F01D1184DE5E74E45FD
:10CFE000FBD0A944BAF1010F354404EB090004EB6E
:10CFF000050105D1635D04F80930104D3C68D4E7A4
:10D00000524605F0D1F90D4D3C68CEE720462A4640
:10D01000E2F7EEF8BAF1000FC1D0CDE75246E2F7E1
:10D02000E7F8BCE7002344F80C8C44F8043C04F80F
:10D030000830BEE701A9FFF765FFB5E7ECEE002079
:10D040000A4A0368934210B504460DD053F8042CE5
:10D05000002A05DD00210B460A46FFF777FF23680B
:10D060004FF0FF3243F8042C10BD00BFF8EE002053
:10D0700038B5056855F80C5CA942044608D86B1A07
:10D08000934238BF1A460023FFF760FF204638BDA1
:10D090000148FFF7F3FD00BF74FC03082DE9F041E0
:10D0A0000568114C55F80C5C9DF81880641B1444FD
:10D0B000A34206461D460F4613D8FFF747FF45B16A
:10D0C0003368012D03EB070006D041462A46E2F7FC
:10D0D0006DF83046BDE8F08103F807803046BDE8C2
:10D0E000F0810248FFF7A0FDFCFFFF3F740A04082F
:10D0F000F8B5069C1F46234605460E46FFF726FF59
:10D1000044B12B68012C03EB060005D039462246BA
:10D11000E2F76EF82846F8BD3A789A552846F8BDE9
:10D12000F0B505461F482C68824283B0164654F875
:10D130000C7C0B4633D8A14207D2009628463A46CB
:10D140000021FFF7D5FF03B0F0BDE0198142F4D80C
:10D1500054F8040C0028F0DC081B824212D8012E7F
:10D1600019D02046E2F744F82C680F4B9C4208BFC8
:10D170002846E8D0002344F80C6C44F8043C2846C8
:10D18000A355E0E70028F0D0012E04D0204605F09A
:10D190000BF92C68E9E71B7823702C68E5E7034856
:10D1A000FFF742FDFCFFFF3FF8EE0020C40A040831
:10D1B00038B5054608460C46E1F7B2FF214602465F
:10D1C0002846FFF7ADFF38BD38B50B46044603C807
:10D1D00010441A46FFF73AFE2268054622B90C3081
:10D1E0000C4B9D4210D138BD012A00F10C0306D032
:10D1F000184604F10C01E1F7FBFF2268F0E7227BFF
:10D20000027322681846EBE700232A60AB60835460
:10D21000E9E700BFECEE002030B5036853F8082CB6
:10D22000914283B004460D4615D0184601A950F826
:10D230000C2D95422CBFC2EB0502C2EB0202FFF798
:10D24000C3FF2368084A0546A3F10C00904207D1AA
:10D25000256003B030BD53F8042C002AE5DCF8E764
:10D2600001A9FFF74FFEF3E7ECEE00202DE9F041B6
:10D270000F46096851F80C5C0446DDB1036853F8A9
:10D280000C6C53F8082C06EB0508904515D941465F
:10D290002046FFF7C1FF2368396853F80C6C012D55
:10D2A00003EB06000ED02A46E1F7A2FF23680B4AE3
:10D2B00093420AD12046BDE8F08153F8042C002A9D
:10D2C000E5DCECE70A789A55F0E7002243F80C8C8D
:10D2D00043F8042C03F80820ECE700BFF8EE002028
:10D2E000F8B5154604460E46F2B10368214953F8D5
:10D2F0000C2C891A8D4239D853F8081CAF188F426C
:10D3000014D99E421ED220463946FFF785FF236876
:10D3100053F80C2C012D03EB02000ED131789954F7
:10D320002368154A93421AD12046F8BD53F8041CCD
:10D330000029EFDD9E42E6D304E031462A46E1F7BC
:10D3400057FFEDE71A449642DDD820463946F61AD3
:10D35000FFF762FF23681E4453F80C2CDAE7002223
:10D3600043F80C7C43F8042CDA55DDE70348FFF75B
:10D370005BFC00BFFCFFFF3FF8EE0020DC0A040866
:10D380002DE9F0410D4604469046F1B10368194875
:10D3900053F80C6C801B814229D853F8082C8F1944
:10D3A000974215D920463946FFF736FF236853F8D0
:10D3B0000C6C012D03EB06000FD041462A46E1F725
:10D3C000F5FE23680C4A93420AD12046BDE8F0815D
:10D3D00053F8042C002AE5DCEBE703F80680F0E7BD
:10D3E000002243F80C7C43F8042CDA55EDE703489F
:10D3F000FFF71AFCFCFFFF3FF8EE0020DC0A0408F0
:10D4000038B50B4D0368A94253F80C4C0CD8A14217
:10D4100006D800D338BD621A0023FFF797FD38BD48
:10D42000091BFFF7ADFF38BD0248FFF7FDFB00BF4A
:10D43000FCFFFF3FF40A0408036853F80C2C70B596
:10D44000044653F8080C551C85420E4603D853F881
:10D45000041C002906DD20462946FFF7DDFE23686F
:10D4600053F80C2C9E54064A2368934200D170BD99
:10D47000002243F80C5C43F8042C5A5570BD00BFE1
:10D48000F8EE0020036853F80C2C70B5044653F8EE
:10D49000080C551C85420E4603D853F8041C00297D
:10D4A00006DD20462946FFF7B7FE236853F80C2C0B
:10D4B0009E54064A2368934201D1204670BD002243
:10D4C00043F80C5C43F8042C5A55F6E7F8EE0020BC
:10D4D00010B50B6853F8042C002A044682B0A3F15F
:10D4E0000C000BDB0949884218BF0132184618BFEF
:10D4F00043F8042C2060204602B010BD01A9002290
:10D50000FFF762FE2060204602B010BDECEE002066
:10D5100030B502680B6804460C3AA3F10C00824255
:10D5200083B00ED053F8045C002D0DDB0D4988420A
:10D530001CBF013543F8045C10461D4688420DD1DE
:10D540002560204603B030BD01A90022FFF73CFE54
:10D55000226804490546A2F10C00EFE701A9FFF794
:10D56000D1FCEDE7ECEE002008B5FFF7D1FF08BDD8
:10D57000884270B50B4604461ED000B30E1A3046E2
:10D580000021FFF763FC012E054600F10C030CD1CE
:10D5900022782A730F4A954216D1184670BDFFF7BC
:10D5A00055FC2646054600F10C0318462146324636
:10D5B000E1F71EFE0346EDE7074B184670BD002B52
:10D5C000EDD00648FFF706FB00222E60AA609A55B0
:10D5D000E3E700BFECEE0020F8EE00200C0B04089F
:10D5E00070B50C460546164661B10846E1F798FD50
:10D5F0002118204632464FF00003FFF7B9FF28609C
:10D60000284670BD4FF0FF31F3E700BF0048704778
:10D61000280C040800487047300C0408014B0360D4
:10D62000704700BFA00B040802604160704700BF54
:10D6300010B5036882B014461B690A460146684665
:10D6400098476368019A9A4202D0002002B010BD48
:10D650002068009B1B1A5842584102B010BD00BF01
:10D660004B68834201D0002070470868831A5842F3
:10D6700058417047014B0360704700BFA00B04087E
:10D68000014B0360704700BFA00B040810B5034BAB
:10D6900003600446E1F77CFE204610BDA00B0408A1
:10D6A00010B5034B03600446E1F772FE204610BD3F
:10D6B000A00B040810B5034B03600446E1F768FEB5
:10D6C000204610BDA00B040810B5044682B01046D9
:10D6D00005F04EFB01AA01462046FFF781FF2046D8
:10D6E00002B010BD10B5044682B0104605F040FBF4
:10D6F00001AA01462046FFF773FF204602B010BD85
:10D7000010B5084C0848094B094903602246ECF75C
:10D71000A1FB0848084B094903602246BDE81040B8
:10D72000ECF798BB0C25002000EF0020080C040843
:10D7300081D60208FCEE0020C80B040875D602084A
:10D7400000EB8102002301608360D360704700BF5B
:10D7500070B5066856F80C5CAB4214D8EC1A9442CB
:10D7600028BF144644B1012C06EB830206D00846BC
:10D77000114622460AF062FC204670BD56F823305E
:10D780000B60204670BD0148FFF778FA300A0408A4
:10D79000134B984210B504461FD8884215D94A0049
:10D7A000944238BF1446201D800000F11002B2F5EB
:10D7B000805F0CD9A1420AD2C2F30B02C2F580529B
:10D7C00004EB92049C4228BF1C46201D8000EBF70E
:10D7D0003DFF00224460826010BD0248FFF724FA3A
:10D7E000FEFFFF0F5C0A0408F8B50F46054610B9A6
:10D7F0000C4C2046F8BD0021FFF7CAFF012D06465C
:10D8000000F10C040CD0394620462A460AF01EFCD2
:10D81000054B9E42EDD030462946FFF791FFE8E7E1
:10D82000F760F5E710EF002004EF002010B5044684
:10D83000084611461A46FFF7D7FF2060204610BD64
:10D84000E1F7A6BD836810B5002B03F1FF348460B7
:10D8500001DCFFF7F5FF10BD024B834200D170479A
:10D86000FFF7F0BF04EF00202DE9F04704681646EB
:10D87000074654F80C0C54F8082CC6EB03088044F7
:10D88000C1EB000A904582B099460D46C6EB0A0AE4
:10D8900003D854F8043C002B2ADD1146404601AA67
:10D8A000FFF776FF3B6800F10C041DB1012D3AD162
:10D8B0001A68C260BAF1000F0CD1264DA3F10C001A
:10D8C000A84243D13C60A4F10C00A8423AD102B076
:10D8D000BDE8F087A944BAF1010F354404EB890093
:10D8E00003EB850129D153F8252044F82920E4E7EA
:10D8F000BAF1000F01D1174DE5E74E45FBD0A94421
:10D90000BAF1010F354404EB890004EB850104D121
:10D9100054F8253044F82930EDE752460AF092FBDE
:10D920000C4D3C68CFE7194620462A460AF086FB94
:10D930003B68BAF1000FC0D0CCE752460AF07EFB3C
:10D940003B68BAE74146FFF7FBFEC0E701A9FFF7D6
:10D9500079FFB7E704EF00200A4A0368934210B545
:10D9600004460DD053F8042C002A05DD00210B4697
:10D970000A46FFF779FF23684FF0FF3243F8042C83
:10D9800010BD00BF10EF0020F8B505680F4C55F82A
:10D990000C5C641B1444A34206461D460F4612D875
:10D9A000FFF762FF45B13368012D03EB870005D017
:10D9B0002A4606990AF04AFB3046F8BD069A43F813
:10D9C00027203046F8BD0248FFF72EF9FEFFFF0F73
:10D9D000740A0408F8B5069C1F46234605460E4601
:10D9E000FFF742FF44B12B68012C03EB860005D002
:10D9F000394622460AF022FB2846F8BD3A6843F829
:10DA000026202846F8BD00BFF0B505461F482C6803
:10DA1000824283B0164654F80C7C0B4633D8A142A0
:10DA200007D2009628463A460021FFF7D3FF03B0FD
:10DA3000F0BD04EB87008142F3D854F8040C0028B1
:10DA4000EFDC081B8010824211D8012E18D020462E
:10DA50000AF0F4FA2C680E4BA4F10C00984208BFAF
:10DA60002846E4D03146FFF76BFE2846DFE7002862
:10DA7000F1D0012E04D020460AF0E4FA2C68EAE73F
:10DA80001B682360E7E70348FFF7CEF8FEFFFF0FB0
:10DA900004EF0020C40A040870B50B46044603C80E
:10DAA00010441A46FFF774FE2268054600F10C0682
:10DAB0003AB1012A0AD0304604F10C010AF0BEFA4C
:10DAC0002268074B9D4205D1304670BDE368C360B4
:10DAD0002268F6E728461146FFF732FEF4E700BF5A
:10DAE00004EF002030B5036853F8082C914283B04E
:10DAF00004460D4615D0184601A950F80C2D954244
:10DB00002CBFC2EB0502C2EB0202FFF7C5FF236880
:10DB1000084A0546A3F10C00904207D1256003B0E6
:10DB200030BD53F8042C002AE5DCF8E701A9FFF723
:10DB300089FEF3E704EF00202DE9F0410F46096864
:10DB400051F80C5C0446EDB1036853F80C6C53F8C3
:10DB5000082C06EB0508904517D941462046FFF7EB
:10DB6000C1FF2368396853F80C6C012D03EB860064
:10DB700010D02A460AF062FA23680A4AA3F10C0080
:10DB800090420BD12046BDE8F08153F8042C002AC6
:10DB9000E3DCEAE70A6843F82620EEE74146FFF7B0
:10DBA000CFFDEFE704EF0020F8B5154604460E461A
:10DBB00002B30368224953F80C2C891A8D423CD8D1
:10DBC00053F8081CAF188F4216D99E4221D2204626
:10DBD0003946FFF787FF236853F80C2C012D03EB20
:10DBE000820010D1316843F82210164AA3F10C00CC
:10DBF00090421ED12046F8BD53F8041C0029EDDDEB
:10DC00009E42E4D305E031462A460AF017FA23681B
:10DC1000EBE703EB82029642D9D820463946F61A42
:10DC2000FFF760FF2368B61003EB860653F80C2C51
:10DC3000D4E73946FFF784FDDCE70348FEF7F4FF3D
:10DC4000FEFFFF0F04EF0020DC0A04082DE9F0417D
:10DC50000D460446904601B30368194853F80C6C0E
:10DC6000801B814228D853F8082C8F19974217D966
:10DC700020463946FFF736FF236853F80C6C012D18
:10DC800003EB860011D041462A460AF0DFF92368EB
:10DC90000C4AA3F10C0090420AD12046BDE8F08165
:10DCA00053F8042C002AE3DCE9E743F82680EFE789
:10DCB0003946FFF745FDF0E70348FEF7B5FF00BF23
:10DCC000FEFFFF0F04EF0020DC0A040838B50B4DFF
:10DCD0000368A94253F80C4C0CD8A14206D800D3D3
:10DCE00038BD621A0023FFF7BFFD38BD091BFFF7DF
:10DCF000ADFF38BD0248FEF797FF00BFFEFFFF0FE4
:10DD0000F40A0408036853F80C2C70B5044653F861
:10DD1000080C551C85420E4603D853F8041C0029F4
:10DD200006DD20462946FFF7DDFE236853F80C2C5C
:10DD3000064943F82260A3F10C00884200D170BD6F
:10DD40002946BDE87040FFF7FBBC00BF04EF002090
:10DD500010B50B6853F8042C002A044682B0A3F1D6
:10DD60000C000BDB0949884218BF0132184618BF66
:10DD700043F8042C2060204602B010BD01A9002207
:10DD8000FFF78AFE2060204602B010BD04EF00209D
:10DD90008842F8B504460B461ED000B30B1A9F10FC
:10DDA00038460021FFF7F4FC012F064600F10C0570
:10DDB0000CD12368F3600F4B9E4215D12846F8BD65
:10DDC000FFF7E6FC2746064600F10C0521462846EB
:10DDD0003A460AF033F9EEE7074D2846F8BD002B26
:10DDE000EED00648FEF7F6FE30463946FFF7A8FCAF
:10DDF000E4E700BF04EF002010EF00200C0B040844
:10DE000070B50C460546164669B1084609F07EFF16
:10DE100004EB8001204632464FF00003FFF7B8FFC5
:10DE20002860284670BD6FF00301F3E72DE9F0414B
:10DE30000546006850F8084C50F8040C88B02C4493
:10DE40000F460168009405AC0394904600240197A6
:10DE500002951022D1F81CC00792194606221E46D0
:10DE6000059443468DF818408DF819408DF81A40F6
:10DE7000E047059AC2B19DF81A4004F00603062B4C
:10DE800025D09DF819109DF818300B4003F00603BB
:10DE9000062B1CD001F00501042905D024B9002E61
:10DEA00006DB1644B54212D0002008B0BDE8F08170
:10DEB000B31CF9D0D8F80040009531463B46246A9F
:10DEC0004046A04700F006000628EDD1059A10460E
:10DED00008B0BDE8F08100BF1EB400F08BF81EBC96
:10DEE000D9F782F9F0B50278472A83B00D461E466D
:10DEF0001AD00023244C0193226820469368984747
:10DF000080B1019B1B68019302272A68214628469D
:10DF10001469012301AAA04710B1019B3360384660
:10DF200003B0F0BD0127F0E743784E2BE1D18378B1
:10DF3000552BDED1C378432BDBD10379462B16D08A
:10DF40000379432BD5D143792B2BD2D183792B2B3A
:10DF5000CFD1C379012BCCD804D050F8204C583005
:10DF60000190C9E750F8200C50F8784CF8E7437955
:10DF70004F2BE5D18379522BE2D1C379002BDFD12E
:10DF80000193024CB8E700BF3CF30308D0F203084A
:10DF900010B50446EBF75AFF2378472BA4F1200273
:10DFA00004D0836823BB8260012010BD63784E2BB0
:10DFB000F7D1A378552BF4D1E378432BF1D1237912
:10DFC000432BEED163792B2BEBD1A3792B2BE8D10B
:10DFD000E379012BE5D854F8043C0133012B44F8D4
:10DFE000043CE1D1836844F8083C8260012010BD04
:10DFF00000F04CF808B5EBF729FF836883B393F87A
:10E000002020472A04D00022826003F1200008BDAE
:10E0100093F821204E2AF6D193F82220552AF2D1E6
:10E0200093F82320432AEED193F82420432AEAD1FF
:10E0300093F825202B2AE6D193F826202B2AE2D12B
:10E0400093F82720012ADED8DA69013ADA61002A3A
:10E05000DBD19A69826000229A6103F1200008BD39
:10E0600000F014F808B58047E9F79EFF00F03EF88D
:10E07000E9F79AFF0C46054600F07EF8013401D01E
:10E08000FFF72AFF2846EBF7D9FF00BF08B5024B80
:10E090001868FFF7E7FF00BF2401002008B580479C
:10E0A000FFF7F4FF08B5024B1868FFF7F7FF00BF52
:10E0B00020010020004870479414040810B5034B59
:10E0C00003600446EBF764FF204610BD7814040893
:10E0D00010B5054B03600446EBF75AFF2046E1F705
:10E0E00057F9204610BD00BF7814040838B504461F
:10E0F000EBF7ACFE217803684729A4F1200205D094
:10E10000002B31D11C460260204638BD61784E2973
:10E11000F6D1A1785529F3D1E1784329F0D12179BD
:10E120004329EDD161792B29EAD1A1792B29E7D1B6
:10E13000E1790129E4D854F80C5C002D11DB01359C
:10E14000416844F80C5C9A4201F1FF3141601CBF08
:10E1500044F8103C02602046646AD8F781FC2046EF
:10E1600038BDC5F10105EBE7FFF790FF013101D0A4
:10E17000FFF7B2FEEBF762FF08B5EBF763FE02466E
:10E18000006800283DD090F82010472906D00021D3
:10E1900020301160BDE80840D8F764BC90F8211029
:10E1A0004E29F4D190F822105529F0D190F823107F
:10E1B0004329ECD190F824104329E8D190F8251098
:10E1C0002B29E4D190F826102B29E0D190F82710C4
:10E1D0000129DCD84169002905DB013908D04B1C35
:10E1E0000DD0416108BD0131FBD103691360F8E72F
:10E1F000016911602030BDE80840D8F733BCFFF753
:10E2000045FF08BD08B50420EBF7EEFA024B0360AA
:10E210000249034AEBF768FAA015040880150408C0
:10E2200089E8020870B5036884B000249E690094F0
:10E2300010231546029312688DF804406B46039430
:10E24000B0479DF8043003F00603062B03BF009B84
:10E250002B600120204604B070BD00BF00989042A2
:10E2600014BF01200620704710B5034B036004461D
:10E2700001F080FC204610BDC014040810B5054B09
:10E280000360044601F076FC2046E1F781F8204661
:10E2900010BD00BFC014040838B515461C4601F077
:10E2A0007FFC20B1082206232560E260237138BD7F
:10E2B000F8B516461C4607460D4601F071FC08B934
:10E2C000032C00D9F8BD2B68394632465B692846D5
:10E2D0009847F8BDF0B583B01746089C0A9DAC423C
:10E2E00006460CD03046194601F05AFC20B10B9975
:10E2F00001230C600F718B71002003B0F0BD0999F0
:10E30000019301F04DFC019B0028EBD00B9A577153
:10E31000F2E700BF10B5034B03600446FFF7A4FF0C
:10E32000204610BD5815040810B5054B036004467F
:10E33000FFF79AFF2046E1F72BF8204610BD00BFFB
:10E34000581504082DE9F04F83B09146DDF830A050
:10E3500052450F46984604462FD0E56804EBC504A5
:10E360000434013D1AE0A06810F0020F4FEA2022A9
:10E3700012D010F0010B04D0F81C0DD0D9F8000019
:10E3800082586068D0F800E0CDF800A04A44DEF87A
:10E390002060B047032809D8083C013D6A1C394673
:10E3A0004346E0D1012003B0BDE8F08FBBF1000F80
:10E3B000F9D040F00100C0B2F5E7194601F0F0FBDA
:10E3C0000028CAD00620EEE72DE9F04F93B08B4627
:10E3D0001F9CDDF870A0A5681E9E0693E90644BF49
:10E3E0008368A360B24509900B9200F047810998B9
:10E3F000069901F0D5FB0790002840F09B80BBF107
:10E40000000FAABF1E9EDDF81CC0CBEB060C002639
:10E4100008960D96354601260A960B9E534646F001
:10E420000106E2460C96DC469B46099EF36806EB25
:10E43000C307043703F1FF39B9F1FF3F00F017813B
:10E44000BB68A0681190DA074FEA232148BFDBF8C8
:10E4500000200F9548BF51588DF840508DF841501D
:10E460008DF842504CBF0C9A0B9A5944BAF1000FE8
:10E4700009D051450A9E94BF4FF000084FF00108A3
:10E48000B04500F0CD809E0705D41CF1020F00F0CE
:10E49000CA8002F0FD027868036800911D9901911D
:10E4A0000FAE1E9902910396DE69069BCDF814C04B
:10E4B0006146B04763799DF841209DF84260DDF8E0
:10E4C00014C01343062E637100F0C780022E00F0C3
:10E4D000C480089A2168002A40F08880002900F052
:10E4E000AF800F9A914200F0A180002A00F0A48032
:10E4F000032B94F8068040F28480DB0702D5A368E2
:10E5000098077ED4B8F1000F08BF4FF00108002E25
:10E510004ED188F00103DBB2032B58D8012606EA5E
:10E520000806F6B2032E00F2E58001232560A371F0
:10E53000089354E00B9EC4F800A0BBF1000F2671B5
:10E54000C0F2AB801E9EDA44564514BF4FF0010A5C
:10E550004FF0060A002684F806A00796079813B025
:10E56000BDE8F08F09988368980751D5BCF1000F7A
:10E57000C0F29B801E9A61448A4214BF4FF001088A
:10E580004FF00608A6B9B8F1030F06D918F0010F2D
:10E59000BFD0099EB3689B07BBD5BCF1000F0F9A93
:10E5A000C0F296801E986244904214BF012606264F
:10E5B00088EA0603DBB2032BB1D9032E07D90F9AE1
:10E5C0009DF840302260B04600262371089618F06E
:10E5D000020F84F80680C1D118F0010FBED0637914
:10E5E000042B57D009F1FF39083F25E700297FF4B4
:10E5F00078AF0F9A002AF3D0032B94F806803FF6E9
:10E600007CAFB8F1000FBDD1032EAFD9F307A9D469
:10E6100086F00103DBB2032BD2D84FF001087EE76E
:10E6200001260D96DEE78007DCD032E722799DF8DF
:10E6300040100A432271D3E700287FF459AFCFE797
:10E640000F9A9DF840102260217122B16BB1099E92
:10E65000B268D2075AD50890C2E70F9B9DF84020B8
:10E66000A67107902360227178E70890BAE70D9EA3
:10E6700086B10A9E76B100260A96D6E609981D99BB
:10E6800001F08EFA00283FF4B2AE0B9E66710026B0
:10E69000079663E7089E079660E71BF1020FF6D125
:10E6A00001230026A371079658E71CF1020F28D01A
:10E6B00006981E9A03680092D3F82080CDF814C003
:10E6C0000A461D9B6146C047DDF814C0804659E7E5
:10E6D0001CF1020F18D0069E069833681E9E009605
:10E6E0001E6ACDF814C061461D9BB047DDF814C00A
:10E6F00006465DE70022022301262260A3710796E9
:10E700002CE74FF001083DE7012651E7079025E788
:10E710002DE9F04F8BB09046059003919A46FFF794
:10E72000BBFD8146002861D1DAF8089019F0100F7E
:10E730001CBF059FD7F80890059FFE68B41C07EB27
:10E74000C404013E06AF0297731C09F001074FF0A5
:10E750000005049743D054F8042C0695C2F34007F3
:10E760008DF81C50CDF82090099502F0010B0FB9DF
:10E77000049B83B3B8F1000F3CD01212BBF1000F21
:10E7800002D0D8F800309A58424454F8080C039943
:10E790000368D3F818C006ABE0478446D8B1099B9C
:10E7A000082B29D09DF81C30032B04D91FB923F066
:10E7B00002038DF81C30DAF80C1021B3DAF80030BF
:10E7C000069A93424ED17BB39AF804309DF81C20F0
:10E7D00013438AF80430013E083C731CBBD19AF8FD
:10E7E000049019F1000918BF4FF0010948460BB019
:10E7F000BDE8F08F4246C8E7BBF1000FD2D054F815
:10E80000083C0993CEE7029F97E80F008AE80F00C3
:10E810009AF80430032B05D99F071AD5059FBB68CA
:10E82000D807D8D4E146E1E70998082809D0082993
:10E8300007D0CDF804C001F0B3F9DDF804C000281A
:10E84000C2D1E146022348468AF804300BB0BDE845
:10E85000F08FD907E6D5059FBB689A07E2D5013E40
:10E86000083CBAE7E146002202234846CAF80020E5
:10E870008AF804300BB0BDE8F08F00BFE0F788BD28
:10E8800000487047B015040810B5034B03600446F8
:10E89000EBF77EFB204610BDA015040810B5054B14
:10E8A00003600446EBF774FB2046E0F771FD204659
:10E8B00010BD00BFA015040810B5034B036004464B
:10E8C000FFF7D2FC204610BDC815040810B5054B53
:10E8D00003600446FFF7C8FC2046E0F759FD2046D8
:10E8E00010BD00BFC815040870B584B00D46089C63
:10E8F0009442064607D0B068066800942946346AF8
:10E90000A04704B070BD19460392029301F048F984
:10E91000039A029B0028EED00620F2E72DE9F04F83
:10E9200085B0884619461F4692460E9EDDF84090F7
:10E93000119D834601F034F9044698B1B8F1000FF7
:10E940002E6085F804A022DB46440024B14514BFA4
:10E950004FF001094FF00609204685F8069005B0F2
:10E96000BDE8F08F4E4517D0DBF808000F9B046818
:10E9700001930096CDF808900395E469414652460C
:10E980003B46A0470446204605B0BDE8F08F18F18D
:10E99000020F0AD00024F6E758460F9901F000F95B
:10E9A0000028E1D085F805A0EDE70123AB71002434
:10E9B000E9E700BFF8B507460E4615461C46FFF7C7
:10E9C0006BFC30B9B8680768234631462A46BC69F3
:10E9D000A047F8BD08B5EAF739FE08BD013101D0FE
:10E9E000FFF77AFAEBF72AFB0846704708467047AC
:10E9F00010B518461446521AE0F7FAFB204610BD2F
:10EA000010B502981446521AE0F7F2FB204610BDEA
:10EA10000A4B10B5044640F8083B00F07BFC084B5D
:10EA20002360204600F082F9204610BD044B23608D
:10EA3000204600F07BF9FFF74FFA00BFA816040844
:10EA400058F603080B4B10B5044640F8083B00F09D
:10EA500061FC237B1BB1A06908B1FFF70FFF2046C3
:10EA600000F064F9204610BD204600F05FF9FFF782
:10EA700033FA00BF6816040810B50446FFF7C8FF54
:10EA80002046E0F785FC204610BD00BF10B50446C7
:10EA9000FFF7D8FF2046E0F77BFC204610BD00BF03
:10EAA000F0B50546C1B000240DF804400134B4F5BA
:10EAB000807FF9D12B6805F11D06DF696946334671
:10EAC00040AA2846B84701233146684622462B779C
:10EAD000E0F7B8FB08B102232B7741B0F0BD00BFCF
:10EAE000003138B518BF01210A4B4160036004466C
:10EAF000094D00F031F90023A0602373204601F096
:10EB0000DFF9204638BD2560204600F00FF9FFF7F9
:10EB1000E3F900BFA816040858F6030810B5002250
:10EB200004460F4B036042608260C2600261426132
:10EB30008261C261026204F12C03243004F16C0191
:10EB400043F8082C43F8042C08338B42F8D10822F0
:10EB5000A06662661846F4F7F9FD204610BD00BFB6
:10EB6000E816040870B5846905460E4644B163682A
:10EB7000A2683046294698472468002CF7D170BD1A
:10EB800070BDFFF7B3FAFFF7F7FAF5E7013101D0EF
:10EB9000FFF7A2F9EBF752FA38B50546806918B1CC
:10EBA000C3685A1EC2601BB10023AB6138BD20464A
:10EBB0000468E0F7EDFB002CF6D0E3685A1EE26033
:10EBC000002BF4D00023AB6138BD00BF0C4B10B557
:10EBD000002104460360FFF7C5FF2046FFF7DCFF76
:10EBE000A06E04F12403984204D008B1FFF746FE5A
:10EBF0000023A36604F16C0000F03AF9204610BD32
:10EC0000E816040810B50446FFF7E0FF2046E0F7D9
:10EC1000BFFB204610BD00BFC36810B425201C05F3
:10EC2000087045BF2B20487001310231580502D5CC
:10EC30002320087001312E242A200C704870A2B9BC
:10EC400003F48272042A01F1020115D0B2F5807F2B
:10EC50001AD013F4804F0CBF672347230B70013188
:10EC600000230B705DF8044B70478A7003F48272C6
:10EC7000042A01F10301E9D166230B70013100235D
:10EC80000B705DF8044B704713F4804F0CBF652385
:10EC900045230B70013100230B705DF8044B704766
:10ECA0002DE9F001166856F80C2C0139531E9942D3
:10ECB00034BF8C469C468046BCF1000F30D0B11862
:10ECC0000CEB0007024600E010B312F8014B11F8FC
:10ECD000015D2C1B60426041BA4203F1FF33F3D166
:10ECE000BBB1C8B118F80C2000E028B1F05C811A63
:10ECF00048424841013BF8D153B2002B05DD33783F
:10ED000093428CBF002000F00100BDE8F001704785
:10ED100013B918F80C20EFE718F80C200020EBE7E7
:10ED2000002BDFD102780120E6E700BF014B036032
:10ED3000704700BF7018040810B5034B0360044609
:10ED4000E0F726FB204610BD701804080B6803602E
:10ED50001A6801321A60704710B5054C22680AB172
:10ED6000104610BD2046034900F0C2FA206810BDCD
:10ED700020EF0020941804080048704794180408F5
:10ED800038B505464068C8B1AA68AAB1002403E0B6
:10ED9000AA680134A2420ED950F82430002BF8D0D2
:10EDA0005A68511E012A5960F2D11A6818465368F0
:10EDB00098476868ECE708B1FFF760FDE868C8B1FC
:10EDC000AA68AAB1002403E0AA680134A2420ED9BD
:10EDD00050F82430002BF8D05A68511E012A59608F
:10EDE000F2D11A68184653689847E868ECE708B10A
:10EDF000FFF744FD2B6963B10024185910B1FFF7E8
:10EE00003DFD2B690434182CF7D113B11846FFF7D8
:10EE100035FD284638BDFFF769F9FFF7ADF9C8E7BA
:10EE2000FFF764F9FFF7A8F9DFE7013102D0FFF738
:10EE300053F8FAE7EBF702F90B681A6870B501327C
:10EE400005681A602A680E46012A02F1FF3104465D
:10EE5000296002D02360204670BD2846FFF790FF4E
:10EE60002846E0F795FA33682360204670BD00BF5E
:10EE700038B5046823685A1E012B0546226001D06C
:10EE8000284638BD2046FFF77BFF2046E0F780FA92
:10EE9000284638BD2DE9F84F17460546002A00F0F0
:10EEA00090800E682EB95A4B1A6801321A601646C5
:10EEB0000A60AB6806F1FF38013B434557D206F1C3
:10EEC0000309B9F1FE5F94BF4FEA89004FF0FF30AC
:10EED000D5F804B0FFF77EFDA968044639B1880073
:10EEE00000236A68D258E25004338342F9D189453D
:10EEF0000BD9C1F1030030440023800004EB8101F1
:10EF00001A46CA5004338342FBD1B9F1FE5FD5F8EB
:10EF10000CA05AD94FF0FF30FFF75CFDA96841B152
:10EF20004FEA810C0023EA68D258C250043363458B
:10EF3000F9D189450BD9C1F103031E440023B60062
:10EF400000EB81011A46CA500433B342FBD1C5F825
:10EF500008906C60E860BBF1000F02D05846FFF7E4
:10EF60008DFCBAF1000F02D05046FFF787FC6C68A9
:10EF70007B6854F8280001337B6020B143685A1E37
:10EF8000012B426024D0AA6844F82870CAB100243A
:10EF9000274604E0AA681F600134A24213D9EB6837
:10EFA00053F82400A60033440028F5D04268511ECF
:10EFB000012A4160EED103685B689847EB683344EF
:10EFC000E8E7BDE8F88FBDE8F88F4FEA8900A3E7CE
:10EFD00003685B689847D6E7FFF788F8FFF7CCF837
:10EFE000D1E7FFF783F8FFF7C7F8E7E7FFF77EF809
:10EFF00014B12046FFF742FCEAF7BEFB013105D011
:10F00000FEF76AFFFAE7FFF7B7F8F9E7EBF716F84C
:10F0100024EF0020F8B5104D2B68DB0707460C469F
:10F0200016460FD5FB6853F826202AB14CB1236849
:10F0300020465B689847F8BD62680132626043F819
:10F040002640F8BD2846E1F7D1F80028EAD0284646
:10F05000E1F7E0F8E6E700BF28EF002003682BB9EE
:10F06000034A1168013111600B460160581E704758
:10F0700024EF00202DE9F0430546002083B00F4621
:10F080000146914602F020FE8046E0F749F8461C12
:10F090003046FFF79FFC414632460446E0F7A8F8A9
:10F0A0002149002002F010FE284601A905F014FCB9
:10F0B000019B3860AB4207EE900A01D01B787BB110
:10F0C000002204233A60C9F800300020214602F0F3
:10F0D000FBFD14B12046FFF7D1FB03B0BDE8F08380
:10F0E0009FED127AF4EEC77AF1EE10FA06DC9FED8E
:10F0F000107AF4EEC77AF1EE10FAE6D5F5EEC07AA2
:10F10000F1EE10FA05DD0B4B3B600423C9F800302B
:10F11000DBE76FF400033B60F7E7013101D0FEF756
:10F12000DBFEEAF78BFF00BF68FC0308FFFF7F7F71
:10F13000FFFF7FFFFFFF7F7F2DE9F0438146002027
:10F1400083B00F460146904602F0BEFD0546DFF74C
:10F15000E7FF441C2046FFF73DFC224629460646B1
:10F16000E0F746F82749002002F0AEFD484601A925
:10F1700005F0AAFB019B04460D464B45C7E9004537
:10F1800001D01B788BB1002400250423C7E900457A
:10F19000C8F800300020314602F096FD16B1304626
:10F1A000FFF76CFB03B0BDE8F0834FF0FF32164B66
:10F1B000D6F7F8FF48B9204629464FF0FF326FF4E2
:10F1C0008013D6F7D1FF0028E4D02046294600223C
:10F1D0000023D6F7E7FF40B10B4B4FF0FF32C7E9F2
:10F1E00000230423C8F80030D4E74FF0FF326FF457
:10F1F0008013C7E90023F4E7013101D0FEF76CFE6C
:10F20000EAF71CFF68FC0308FFFFEF7F2DE9F843D6
:10F21000054600200F460146904602F055FD814606
:10F22000DFF77EFF441C2046FFF7D4FB2246494609
:10F230000646DFF7DDFF2B49002002F045FD28469A
:10F2400029493A4603F054FB013001281FD9D7E978
:10F2500000454FF0FF32254B20462946D6F7A2FF46
:10F2600038B32046294600220023D6F79BFF58B327
:10F270001E4B4FF0FF32C7E900230423C8F80030CB
:10F280000020314602F020FD76B9BDE8F883002465
:10F2900000250423C7E90045C8F8003000203146A6
:10F2A00002F012FD002EF0D03046BDE8F843FFF723
:10F2B000E5BA204629464FF0FF326FF48013D6F7A7
:10F2C00053FF0028CDD1E9E74FF0FF326FF48013F0
:10F2D000C7E90023D1E7013101D0FEF7FDFDEAF7D0
:10F2E000ADFE00BF68FC030898180408FFFFEF7F1D
:10F2F00008B50346002208461A600449DFF7D2FF2A
:10F3000000B908BD0248FDF7E3FC00BF68FC030834
:10F310009C18040800230360704700BF10B5044622
:10F320008068084B236010B103685B6898472046EB
:10F33000FFF7FCFC204610BD2046FFF7F7FCFEF768
:10F34000CBFD00BF0004040810B50446FFF7E6FF3C
:10F350002046E0F71DF8204610BD00BF10B504465A
:10F360008068084B236010B103685B6898472046AB
:10F37000FFF7DCFC204610BD2046FFF7D7FCFEF768
:10F38000ABFD00BF3804040810B50446FFF7E6FFE4
:10F390002046DFF7FDFF204610BD00BF10B5044634
:10F3A0008068084B236010B103685B68984720466B
:10F3B000FFF7BCFC204610BD2046FFF7B7FCFEF768
:10F3C0008BFD00BF50F7030810B50446FFF7E6FFBA
:10F3D0002046DFF7DDFF204610BD00BF10B5044614
:10F3E0008068084B236010B103685B68984720462B
:10F3F000FFF79CFC204610BD2046FFF797FCFEF768
:10F400006BFD00BF88F7030810B50446FFF7E6FF61
:10F410002046DFF7BDFF204610BD00BF70B58568F0
:10F42000044605B32E236B74224AA368156822494B
:10F430002C229A74A26808681063A6681F4991601C
:10F4400000235161D1615162D36093611362936271
:10F45000D3627063A268E95C1A4401330B2B82F813
:10F460003810F7D170BD4420EAF7F0F8144B45602E
:10F470008560C56005744574857445618561C561A5
:10F48000056245628562C56280F8305080F831506F
:10F4900080F8325080F8335080F8345080F835507E
:10F4A00080F8365080F8375080F8435003600546A6
:10F4B000A060B7E79C01002004170408500F04085F
:10F4C0004005040870B58568044605B32E236B74A7
:10F4D000224AA368156822492C229A74A2680868F7
:10F4E0001063A6681F49916000235161D161516288
:10F4F000D360936113629362D3627063A268E95C24
:10F500001A4401330B2B82F83810F7D170BD442018
:10F51000EAF79CF8144B45608560C5600574457436
:10F52000857445618561C561056245628562C56214
:10F5300080F8305080F8315080F8325080F83350E5
:10F5400080F8345080F8355080F8365080F83750C5
:10F5500080F8435003600546A060B7E79C01002097
:10F5600004170408500F040830050408F8B584682F
:10F5700005460CB3244A254B1068A063AE68244AA4
:10F58000A3602449E26100234FF02E0C2C27626215
:10F59000E262C4F814C0A761E3602362A36223633C
:10F5A0006363F063AA680868C15C116401330B2BC4
:10F5B00002F10402F8D1F8BD7020EAF747F8164BC3
:10F5C00044608460C460047444618461C461046202
:10F5D00044628462C4620463446380F8384080F803
:10F5E000394080F83A4080F83B4080F83C4080F851
:10F5F0003D4080F83E4080F83F4080F86C4003601A
:10F600000446A860B6E700BF04170408500F0408BA
:10F61000242A04089C01002090F80308F8B58468A7
:10F6200005460CB3244A254B1068A063AE68244AF3
:10F63000A3602449E26100234FF02E0C2C27626264
:10F64000E262C4F814C0A761E3602362A36223638B
:10F650006363F063AA680868C15C116401330B2B13
:10F6600002F10402F8D1F8BD7020E9F7EFFF164B64
:10F6700044608460C460047444618461C461046251
:10F6800044628462C4620463446380F8384080F852
:10F69000394080F83A4080F83B4080F83C4080F8A0
:10F6A0003D4080F83E4080F83F4080F86C40036069
:10F6B0000446A860B6E700BF04170408500F04080A
:10F6C000242A04089C01002080F8030883695B5CFD
:10F6D0009B0746BF2039C8B208467047914270B5B3
:10F6E0001646054609D20C462B6821789B682846A9
:10F6F000984704F8010BB442F6D1304670BD00BF04
:10F7000083695B5CDB0746BF2031C8B2084670479F
:10F71000914270B51646054609D20C462B682178F1
:10F720001B692846984704F8010BB442F6D13046CD
:10F7300070BD00BF38B504460033154818BF01231B
:10F7400084E80900F1B1BAB9227322616261A16152
:10F7500000210D4604F11D004FF48072DFF726FDF5
:10F760002577294604F21D104FF48072DFF71EFD45
:10F7700084F81D52204638BD0023012222732361E4
:10F780006361E4E72173216161610249DFE700BF42
:10F7900068160408891B0408406870474068704771
:10F7A00010B543680C4A0D4901600446A3F10C00F2
:10F7B000904282B005D12046EAF7EAFB204602B02B
:10F7C00010BD53F8042C511E002A43F8041CF2DC2F
:10F7D00001A9FDF795FBEEE7ECEE0020A019040867
:10F7E00010B50446FFF7DCFF2046DFF7D1FD2046C9
:10F7F00010BD00BF10B5034B03600446FFF7D0FFF8
:10F80000204610BDE819040810B5054B03600446F6
:10F81000FFF7C6FF2046DFF7BBFD204610BD00BF47
:10F82000E819040810B5034B03600446FFF7B8FF5E
:10F83000204610BD8819040810B5054B0360044626
:10F84000FFF7AEFF2046DFF7A3FD204610BD00BF47
:10F850008819040810B543680C4A0D490160044634
:10F86000A3F10C00904282B005D12046EAF790FB4C
:10F87000204602B010BD53F8042C511E002A43F854
:10F88000041CF2DC01A9FDF73BFBEEE7ECEE0020E7
:10F890003019040810B50446FFF7DCFF2046DFF7F7
:10F8A00077FD204610BD00BF064B10B5044640F85A
:10F8B000043BFDF70DFE204610BD2046EAF768FB2D
:10F8C000FEF70AFBA019040810B50446FFF7ECFF89
:10F8D000014B2360204610BDE819040810B504460A
:10F8E000FFF7E2FF014B2360204610BD8819040892
:10F8F000064B10B5044640F8043BFDF7E9FD2046F1
:10F9000010BD2046EAF744FBFEF7E6FA301904087A
:10F9100010B504468068084B236010B103685B682B
:10F9200098472046FFF702FA204610BD2046FFF711
:10F93000FDF9FEF7D1FA00BF4803040810B50446EC
:10F94000FFF7E6FF2046DFF723FD204610BD00BF8E
:10F9500010B504468068084B236010B103685B68EB
:10F9600098472046FFF7E2F9204610BD2046FFF7F2
:10F97000DDF9FEF7B1FA00BF98F6030810B50446AA
:10F98000FFF7E6FF2046DFF703FD204610BD00BF6E
:10F9900038B58568044655B32E2385F824301F49B1
:10F9A000A2681F4BAB60086800232C21EB602B740E
:10F9B00082F82510A268C15C1A440133242B82F816
:10F9C0002610F7D1174B18680023A268C15C1A44AF
:10F9D00001331A2B82F84A10F7D1A368124A13494F
:10F9E0005A61042005229861D9611A6238BD6820E5
:10F9F000E9F72CFE0E4B45608560C56005744561D6
:10FA00008561C561056280F8245080F8255080F832
:10FA1000645003600546A060BEE700BFA00100205F
:10FA2000500F040898010020B00E0408A80E040826
:10FA30005005040838B58468054634B31D4B1E488C
:10FA4000A360224600232E252C21E36023746562E7
:10FA5000006842F8281FC15C42F8041F0133242BC0
:10FA6000F9D1164B04F1B80218680023C15C42F8C2
:10FA7000041F01331A2BF9D1114B124A636104217F
:10FA80000523A161E261236238BD4FF49470E9F768
:10FA9000DDFD0D4B44608460C46004744461846186
:10FAA000C46104624462846280F8244103600446B5
:10FAB000A860C3E7500F0408A001002098010020AF
:10FAC000F81904080C1A0408A0F8030810B50399E3
:10FAD0000446FDF7FDFC204610BD00BF10B503999C
:10FAE0000446FEF735F9204610BD00BF4068704758
:10FAF00010B543680C4A0D4901600446A3F10C009F
:10FB0000904282B005D12046EAF742FA204602B080
:10FB100010BD53F8042C511E002A43F8041CF2DCDB
:10FB200001A9FDF7EDF9EEE7ECEE0020301A04082C
:10FB300010B50446FFF7DCFF2046DFF729FC20461E
:10FB400010BD00BF0A4B70B5044640F8043BFDF7FA
:10FB5000BFFC204670BD0E4605462046EAF718FA5F
:10FB6000013601D0FEF7B8F92846EAF767FA00BF78
:10FB7000301A0408014B0360704700BF881A04085C
:10FB800000207047002070470020704710B5034BDD
:10FB900003600446DFF7FCFB204610BD881A04080A
:10FBA000814208B511D0406803782A2B0BD04968F0
:10FBB0000B782A2B08BF0131DFF774FBD0F101006D
:10FBC00038BF002008BD002008BD012008BD00BFCF
:10FBD000FFF7E6BF082932D009D8032922D010D96F
:10FBE00004292FD0072920D11B4808F009BA202961
:10FBF0002BD00DD9442912D0972916D1174808F0D7
:10FC0000FFB9012918D002290FD1154808F0F8B919
:10FC100010291DD0172908D1124808F0F1B912484F
:10FC200008F0EEB9114808F0EBB911F0440FF6D125
:10FC300011F09700E2D170470D4808F0E1B90D4886
:10FC400008F0DEB90C4808F0DBB90C4808F0D8B968
:10FC50000B4808F0D5B900BFE81A0408A81A040830
:10FC6000C01A0408F01A0408E01A0408C81A0408A4
:10FC7000B81A0408A01A0408D01A0408B01A040814
:10FC8000D81A0408084607F06BB900BF914270B556
:10FC900016460DD20B1DD51CED1A25F003050C469A
:10FCA0001D44206807F05CF944F8040BAC42F8D11D
:10FCB000304670BD084607F045B900BF914270B5A7
:10FCC00016460DD20B1DD51CED1A25F003050C466A
:10FCD0001D44206807F036F944F8040BAC42F8D113
:10FCE000304670BD2DE9F04106460F469046054668
:10FCF000002403E0082C05F104050FD0331901346A
:10FD000093F890341F42F5D04046D5F8A01401F086
:10FD10002BFF0028EED00120BDE8F0810020BDE8D7
:10FD2000F08100BF91422DE9F84F934680469946F5
:10FD300021D20E1D02F1030AC6EB0A0A03EB9A0A4E
:10FD40000AF1010A002427464546D5F8A01456F8C2
:10FD5000040C01F009FF043508EB0403013410B171
:10FD600093F890341F43082CEFD109F8017BD1455B
:10FD700006F10406E6D15846BDE8F88F9A422DE90F
:10FD8000F843144699460646884602D32046BDE805
:10FD9000F883154630682A688768414630462C4605
:10FDA0000435B8470028F1D1A9452C46F2D82046A1
:10FDB000BDE8F8839A422DE9F84314469946064671
:10FDC000884602D32046BDE8F883154630682A6885
:10FDD0008768414630462C460435B8470028F1D0A4
:10FDE000A9452C46F2D82046BDE8F883243150F8C6
:10FDF00021007047914250B40AD20139561E11F8C1
:10FE0000014F2434B14250F8244043F8044BF6D15A
:10FE1000104650BC704700BF7F2910B5144601D86A
:10FE2000037B3BB9084608F027F8431C14BFC0B257
:10FE3000204610BD0144487B10BD00BF2DE9F047AE
:10FE40008146007B089C17469846C0B9914213D260
:10FE50006FEA0109914404EB990909F101090D1FA9
:10FE600055F8040F08F008F8431C14BFC0B2404610
:10FE700004F8010B4C45F3D13846BDE8F0879142B8
:10FE8000FAD26FEA010AA31C92440E1F03EB9A0AEE
:10FE9000013405E05B7B04F8013C01345445EBD0B0
:10FEA00056F8040F7F2809EB0003F3D907F0E4FFAD
:10FEB000421C14BFC0B2404604F8010CEDE700BF7D
:10FEC000F8B50646002402E0802C58732AD020465C
:10FED00007F0D2FF421C06EB040304F10104F3D146
:10FEE0000023337306F18C050024204601F0FEFB4D
:10FEF0000134B4F5807F45F8040FF6D1354600246F
:10FF00000127331907FA04F1C9B283F89014304677
:10FF1000FFF760FE0134082CC5F8A00405F10405C4
:10FF2000EFD1F8BD01233373DCE700BF0000000010
:10FF30002DE9F04FB64B21F000469E4283B00446B7
:10FF40000D4689460FDDB3498E4200F3B38000F0C1
:10FF5000AE80B9F1000F40F3EF8091A1D1E900012B
:10FF600003B0BDE8F08FAC4B9E4200F3BD80A3F11F
:10FF7000DE739E4240F3A7804FF0FF3C22462B46A3
:10FF800020462946CDF804C0D5F77CFE02460B4634
:10FF900082468B46D5F776FE83A3D3E90023064637
:10FFA0000F46D5F76FFE82A3D3E90023D5F7B8FC3F
:10FFB00032463B46D5F766FE7FA3D3E90023D5F74B
:10FFC000AFFC32463B46D5F75DFE7DA3D3E9002367
:10FFD000D5F7A6FC32463B46D5F754FE7AA3D3E9C3
:10FFE0000023D5F79DFC32463B46D5F74BFE78A360
:10FFF000D3E90023D5F794FC52465B46D5F742FE81
:020000040803EF
:1000000075A3D3E9002382468B4630463946D5F79F
:1000100039FE73A3D3E90023D5F780FC32463B4673
:10002000D5F730FE70A3D3E90023D5F777FC32462D
:100030003B46D5F727FE6EA3D3E90023D5F76EFC28
:1000400032463B46D5F71EFE6BA3D3E90023D5F716
:1000500065FC32463B46D5F715FEDDF804C0BCF121
:10006000FF3F02460B466BD0504659464FEACC063E
:10007000D5F756FC22462B46D5F704FE674F684B52
:1000800037441E44D6E90023D5F748FC22462B46C8
:10009000D5F744FC02460B46D7E90001D5F73EFCF4
:1000A000B9F1000F0CDA01F10045294608E00028FB
:1000B0003FF44FAF2046294622462B46D5F730FC69
:1000C00003B0BDE8F08F4EA3D3E90023D5F728FC99
:1000D0000022544BD6F766F800283FF44DAF204677
:1000E000294603B0BDE8F08F00F0CAF84E4B9E429F
:1000F00004460D4633DCA3F550239E4200F3A58051
:1001000002460B46D5F70CFC0022464BD5F706FC01
:10011000002206460F46204629464FF08043D5F779
:10012000FFFB02460B4630463946D5F7D5FE4FF069
:10013000000C04460D4621E733A1D1E90001BFE7D9
:1001400050465946D5F7ECFB22462B46D5F79AFD8B
:1001500002460B4620462946D5F7E0FBB0E7334B75
:100160009E4267DC0022324BD5F7D8FB00220646C0
:100170000F46204629462E4BD5F784FD0022294BF9
:10018000D5F7CEFB02460B4630463946D5F7A4FEDE
:100190004FF0020C04460D46F0E600BFAFF30080BE
:1001A000182D4454FB21F93F11DA22E33AAD903F78
:1001B000EB0D76244B7BA93F513DD0A0660DB13F9E
:1001C0006E204CC5CD45B73FFF8300922449C23F06
:1001D0000D5555555555D53F2F6C6A2C44B4A2BFCB
:1001E0009AFDDE522DDEAD3F6D9A74AFF2B0B33F93
:1001F000711623FEC671BC3FC4EB98999999C93F0B
:100200009C7500883CE4377E182D4454FB21F9BFCF
:10021000FFFF0F440000F07FFFFFDB3F181B0408C7
:10022000F81A04080000F03FFFFFF23FFF7F034091
:100230000000F83F02460B4600200F49D5F74CFE60
:100240004FF0030C04460D4698E600220B4BD5F701
:1002500065FB002206460F4620462946074BD5F788
:100260005FFB02460B4630463946D5F735FE4FF068
:10027000010C04460D4681E60000F0BF0000F03F8F
:1002800021F00041704700BF00F0D2B92DE9F04FD6
:10029000DFF8E8A28BB01D4680468946144600F080
:1002A000BFFA9AF90030013306460F4604D02046C3
:1002B000294601F0BFF820B9304639460BB0BDE8F9
:1002C000F08F4046494601F0B5F8834600282CD10E
:1002D0002046294600220023D5F73CFF0028EBD01A
:1002E0009F4B9AF900109F48CDF820B000220126BC
:1002F000CDE906234B1CCDE90289CDE904450096E2
:1003000001900DD002290BD0684601F0BBF80028FF
:1003100000F09580089B1BB101F010FA089B036068
:10032000DDE906010BB0BDE8F08F404649460022EA
:100330000023D5F70FFF08B32046294600220023EB
:10034000D5F708FF8346002850D0CDE904450024A6
:100350000025844A9AF90030019245EC174B01219F
:100360000022CDE902898DED067B00910892002BD9
:10037000CAD07B4B0022CDE90623D1E7304639466F
:1003800001F052F8834600285ED0304639460022FC
:100390000023D5F7DFFE00288ED04046494601F005
:1003A00043F8002888D02046294601F03DF800286F
:1003B00082D0CDE904459AF900306A4A01920024BE
:1003C000002545EC174B04210022022BCDE90289C0
:1003D0008DED067B009108927BD0684601F052F8C3
:1003E000002876D0089B002B9AD095E72046294616
:1003F00001F01AF800283FF45FAF2046294600229A
:100400000023D5F7B1FE00283FF456AF554B9AF8BC
:100410000010CDF820B001228DE80C00CDE9028952
:10042000CDE90445002200292CD04F4B0229CDE90B
:1004300006232AD101F082F921230360D2E701F0DB
:100440007DF92123036065E74046494600F0ECFF53
:1004500000289AD02046294600F0E6FF002894D0D4
:100460003046394600F0E6FFA8B93E4B9AF80060E6
:1004700008900122CDE90289CDE904458DE80C0000
:1004800066BB00220023CDE90623684600F0FAFF90
:100490000028A7D1CEE7334A9AF90030CDF820B032
:1004A0000321CDE90289CDE904458DE8060003BBAF
:1004B0002E4F4FF060464046494600220023CDE9CA
:1004C0000667D5F751FE002834D19AF90030022B87
:1004D00083D101F033F92223036083E70020002158
:1004E00002460B46D5F7F8FC022ECDE90601A1D055
:1004F000CBE71F4F00264046494600220023CDE9A6
:100500000667D5F731FE0028DFD00022194B2046C0
:100510002946D5F7B7FB04460D4600F0BBFF22463F
:100520002B46D5F717FE0028CFD10F4B0022CDE97F
:100530000623CAE700220F4B20462946D5F7A2FB27
:1005400004460D4600F0A6FF22462B46D5F702FED4
:100550000028BAD1084B4FF06042CDE90623B4E73A
:100560000000F03F381B04080000F0FFFFFFEF47DA
:100570000000F07F0000E03FFFFFEFC7A401002074
:100580002DE9F047DFF8A0A08AB004460D4600F040
:100590008BFE9AF90030013306460F460FD02046F5
:1005A000294600F047FF50B14FF000084FF0000916
:1005B0002046294642464B46D5F7D6FD20B930465F
:1005C00039460AB0BDE8F087164B9AF800600193EF
:1005D00001220023CDE90445CDE9024500920893AC
:1005E00066B9CDE90689684600F04CFF80B1089BEA
:1005F0009BB9DDE906010AB0BDE8F08740464946EF
:1006000042464B46D5F768FC022ECDE90601EAD1F9
:1006100001F094F821230360E9E701F08FF8089BCB
:100620000360E6E73C1B0408A40100200000000072
:100630002DE9F047C2F1000949EA020923F0004818
:10064000DFF8D4C148EAD97982B0E14514461D46A5
:10065000CDE900010F4647D8C0F1000A4AEA000A76
:1006600021F0004949EADA7AE2453DD803F1404CED
:100670000CF5801C5CEA020C4CD04FEAA37A0AF01D
:10068000020A4AEAD17A59EA000136D058EA04014E
:100690003AD06149884551D05F49894534D0C8EB8B
:1006A00009084FEA2858B8F13C0F43DC002D70DBF5
:1006B000DDE90001D5F710FCFFF7E2FDFFF738FC9C
:1006C000BAF1010F62D0BAF1020F52D0BAF1000FA5
:1006D00010D03FA3D3E90023D5F720F93EA3D3E9F7
:1006E0000023D5F71BF905E010461946DDE9002384
:1006F000D5F716F902B0BDE8F087BAF1030FC5D8F7
:10070000DFE80AF00D0D1410002F2EDB34A1D1E923
:100710000001EFE702B0BDE8F047FFF709BCDDE9F3
:100720000001E7E730A1D1E90001E3E72AA1D1E91F
:100730000001DFE72AA1D1E90001C1E7C1452ED0C0
:10074000BAF1030FA8D801A151F82AF065070308F0
:100750005D0703082D0703082507030800204FF055
:100760000041C7E700200021C4E721A1D1E9000131
:10077000C0E717A3D3E90023D5F7D0F802460B460C
:1007800015A1D1E90001D5F7C9F8B3E701F100419E
:10079000B0E718F13C0F8BDA0020002190E7BAF1A6
:1007A000030FB1D8DFE80AF006020E0A12A1D1E960
:1007B00000019FE712A1D1E900019BE712A1D1E955
:1007C000000197E712A1D1E9000193E7AFF30080A0
:1007D000075C143326A6A13C182D4454FB21094084
:1007E000182D4454FB21F93F182D4454FB2109C016
:1007F000182D4454FB21F9BF182D4454FB21E9BFA7
:10080000182D4454FB21E93FD221337F7CD902C00B
:10081000D221337F7CD902400000F07FAFF300800B
:100820002DE9F04F23F0004B91B089460F465BEA6B
:100830000201CDE9022314461D46804606462ED00D
:10084000634B29F0004A9A4522DC1FD0604B9B4540
:100850001EDC76D0002F77DB0022049264BB5C4B59
:100860009B4500F090805B4B9B4564D0B5F1804F79
:1008700000F0FA83584B9D421ED1002F1CDB4046EE
:10088000494611B0BDE8F04F00F00EBD0028DDD0A4
:100890000AF1404A0AF5801A5AEA060A04D14D497B
:1008A000002011B0BDE8F08F4C4811B0BDE8F04F0A
:1008B00000F0EABD0021049140464946FFF7E0FC04
:1008C000DEB9BAF1000F04D0424B27F040429A4201
:1008D00013D1002DC0F20D84002FE2DA0AF1404A54
:1008E000049A0AF5801A52EA0A025ED0049B012B90
:1008F000D7D101F100431946D3E7FB0F049A03F166
:10090000FF3C52EA0C024ED0354B9B456EDD03F1A5
:1009100004739B4540F3F583324B9A4540F39E8325
:10092000002D40F39E8328A1D1E9000102460B4629
:10093000D5F7A8F9B5E7002DC0F24F8440464946E7
:10094000AFE7002C86D0A3E7274B9B4536DCA3F10D
:1009500054739B4540F38F834FEA2B5340F213426D
:10096000934240F35084C3F58663033324FA03F2C1
:1009700002FA03F3A3427FF46FAF02F00102C2F167
:10098000020204926AE70AF1404303F580133343FD
:1009900085D0144B9A4540F3A483002DC0F26183A7
:1009A000DDE902017DE74046494602460B46D4F7A1
:1009B000B5FF02460B46D5F78FFA72E70223049380
:1009C0004CE700BFAFF300809C7500883CE4377EA5
:1009D0000000F07F0000F03F0000E03F500F0408EF
:1009E0000000E041FFFFEF3FFFFF3F43BAF5801FEC
:1009F0004FF0000209DAAC4BCDF804C0D5F742F94C
:100A0000DDF804C06FF034028A464FEA2A55A74B3E
:100A1000CAF3130AA5F2FF354AF07F5415449A45EC
:100A20000F9544F4401440F3D583A14B9A4540F30D
:100A300000840F9B002501330F93A4F580142B46EF
:100A40009C4ACDF804C0DB000E931344D3E9006741
:100A5000214632463B46CDE90A01D4F75FFF3246D4
:100A6000804689463B46DDE90A01D4F759FF024634
:100A70000B4600209049D5F72FFACDE90C01DDE9AE
:100A80000C2340464946D5F7FDF8CDE90601611033
:100A90009DED067B41F0005101F500214B1900212D
:100AA0008DED087B0891DDE908AB002250465946E0
:100AB00014461D46D5F7E6F802460B464046494621
:100AC000D4F72CFF3246804689463B4620462946CD
:100AD000D4F724FF02460B46DDE90A01D4F71EFFD6
:100AE00002460B4650465946D5F7CCF802460B460F
:100AF00040464946D4F712FFDDE90C23D5F7C2F88A
:100B000006460F46DDE9060102460B46D5F7BAF860
:100B100002460B4604460D46D5F7B4F852A3D3E976
:100B200000238046894620462946D5F7ABF850A3D6
:100B3000D3E90023D4F7F4FE22462B46D5F7A2F8DA
:100B40004DA3D3E90023D4F7EBFE22462B46D5F77D
:100B500099F84BA3D3E90023D4F7E2FE22462B46B3
:100B6000D5F790F848A3D3E90023D4F7D9FE22465D
:100B70002B46D5F787F846A3D3E90023D4F7D0FE58
:100B800002460B4640464946D5F77CF8DDE9062388
:100B900004460D4650465946D4F7C2FE32463B46FF
:100BA000D5F770F822462B46D4F7BAFE5246804657
:100BB00089465B4650465946D5F764F800223F4BBC
:100BC000CDE90A01D4F7ACFE42464B46D4F7A8FE65
:100BD00008980D46044622462B4650465946D5F7FE
:100BE00051F8224682468B462B4630463946D5F789
:100BF00049F8002206460F46204629462F4BD4F7D7
:100C00008DFEDDE90A23D4F789FE02460B464046F5
:100C10004946D4F783FEDDE90623D5F733F80246CB
:100C20000B4630463946D4F77BFE8046894642461D
:100C30004B4650465946D4F773FE089816A3D3E99D
:100C4000002304460D46D5F71DF815A3D3E900236C
:100C5000CDE9060120462946D5F714F85246064646
:100C60002EE000BFAFF30080EF4E454A287ECA3F1A
:100C700065DBC9934A86CD3F01411DA96074D13F10
:100C80004D268F515555D53FFFAB6FDBB66DDB3F22
:100C9000033333333333E33F000000E009C7EE3F53
:100CA000F5015B14E02F3EBE000040438E98030028
:100CB00079B60B00681B04080000F03F00000840F4
:100CC0000F465B4620462946D4F728FE02460B46CF
:100CD00040464946D4F722FEB8A3D3E90023D4F70F
:100CE000D1FF02460B4630463946D4F719FE0E9A1C
:100CF000AF4B1344D3E90023D4F712FE06460F98F6
:100D00000F46D4F759FFAB4B0D460E990B44D3E970
:100D100000AB044632463B46DDE90601D4F700FE4F
:100D200052465B46D4F7FCFD22462B46D4F7F8FD2D
:100D3000089822462B4680468946D4F7EFFD524656
:100D40005B46D4F7EBFDDDE90623D4F7E7FD024669
:100D50000B4630463946D4F7E1FDDDF804C0824643
:100D60008B46049A531E53EA0C0340F0B5819FED65
:100D70007C7B8DED087B9DED027B00218DED047B5E
:100D80000491DDE9044551EC170B2B462246D4F7BC
:100D9000C5FD42464B46D4F775FF524606460F4600
:100DA0005B46DDE90201D4F76DFF02460B46304693
:100DB0003946D4F7B5FD42464B4682468B4620461F
:100DC0002946D4F75FFF06460F463B465046594634
:100DD0003246D4F7A5FD784B9942804689460D46A8
:100DE00040F34D8101F13F4303F5E003034340F03D
:100DF000FC815DA3D3E9002350465946D4F790FD0A
:100E00003246CDE902013B4640464946D4F786FDCD
:100E100002460B46DDE90201D5F7C4F9002840F08F
:100E2000E481CC464FEA2C53A3F2FE334FF48010FA
:100E300018412844C0F30A51DFF888E1A1F2FF34D9
:100E40004EFA04FEC1F58261C0F3130420EA0E03DA
:100E5000033144F4801040FA01F1002D0491BCBF2D
:100E600049420491002230463946D4F757FD0646E0
:100E70000F463246504659463B46D4F751FD049A38
:100E80001205029200243AA3D3E9002320460D461E
:100E9000D4F7F8FE3246804689463B46204629462E
:100EA000D4F73CFD02460B4650465946D4F736FD72
:100EB00031A3D3E90023D4F7E5FE31A3D3E900231E
:100EC00006460F4620462946D4F7DCFE02460B466E
:100ED00030463946D4F724FD06460F4632463B4697
:100EE00040464946D4F71CFD42464B4604460D4653
:100EF000D4F714FD02460B4630463946D4F70EFDB2
:100F0000224682468B4620462B462946D4F7BAFE17
:100F10001DA3D3E9002306460F46D4F7B3FE1CA356
:100F2000D3E90023D4F7FAFC32463B46D4F7AAFEB5
:100F300019A3D3E90023D4F7F3FC32463B46D4F798
:100F4000A1FE17A3D3E90023D4F7E8FC32463B46C1
:100F5000D4F798FE14A3D3E90023D4F7E1FC33E0DF
:100F6000000000000000F0BFFE822B654715973C93
:100F700000000000432EE63FEF39FAFE422EE63F26
:100F8000396CA80C615C20BED0A4BE726937663E85
:100F9000F16BD2C541BDBB3E2CDE25AF6A56113F79
:100FA00093BDBE166CC1663F3E5555555555C53F60
:100FB000581B0408481B0408FFFF8F40FD033ADC60
:100FC00009C7EE3FFFFF0F0032463B46D4F75AFEFB
:100FD00002460B4620462946D4F7A0FC06460F469B
:100FE00032463B4620462946D4F74CFE0022804636
:100FF0008946304639464FF08043D4F78FFC02468D
:101000000B4640464946D4F767FF524606460F4610
:1010100020465B462946D4F735FE52465B46D4F758
:101020007FFC02460B4630463946D4F777FC224611
:101030002B46D4F773FC02460B4600209449D4F7A4
:101040006DFC029C0C44B4F5801F0246C0F2F58092
:101050002346DDE90801D4F715FE22E4002DFFF652
:1010600062AC002000211CE44046494642464B4603
:10107000D4F708FE15E400210491FFF7EFBB854B80
:1010800021F0004C9C4540F3CD8001F17D5303F5E8
:101090003C1303F55053034310D132463B46CDF881
:1010A00004C0D4F73BFC02460B4650465946D5F7E0
:1010B00065F8DDF804C000283FF4B4AEDDE90801AE
:1010C00065A3D3E90023D4F7DDFD63A3D3E90023AF
:1010D000D4F7D8FDFFF7E5BB9FED617B8DED087B75
:1010E00049E6002DBDDA039B029803F10041FFF7AA
:1010F000D8BB02460B4600206549D4F7EDFEFFF74A
:10110000EBBB654B9A45A9DD614B9A453FF708ACAF
:1011100000225F4BCDF804C0D4F700FC52A3D3E902
:10112000002304460D46D4F7ADFD51A3D3E90023B7
:1011300006460F4620462946D4F7A4FD224682469D
:101140008B462B4620462946D4F79CFD002280463C
:10115000894620462946514BD4F794FD02460B465A
:1011600045A1D1E90001D4F7D9FB22462B46D4F79B
:1011700089FD02460B4600204949D4F7CFFB0246C1
:101180000B4640464946D4F77DFD3DA3D3E90023F5
:10119000D4F778FD02460B4650465946D4F7BEFBBD
:1011A00004460D4622462B4630463946D4F7B8FB56
:1011B000002032463B4680468946D4F7AFFB0246C4
:1011C0000B4620462946D4F7A9FBDDF804C0824629
:1011D0008B46C6E500252B4632E442464B460020AE
:1011E0002B49D4F779FEFFF75CBBDDE9080126A3A4
:1011F000D3E90023D4F746FD23A3D3E90023D4F792
:1012000041FDFFF74EBB002C7FF454ABC3F5826366
:1012100003334BFA03F202FA03F35B4513D0049451
:10122000FFF721BB1E4B9C453FF7FCAD049B02938F
:1012300028E64FF48025012302E4049A00F0B8F96F
:1012400002460B4605E702F00102C2F102020492D7
:10125000FFF709BBAFF3008059F3F8C21F6EA50179
:10126000000000000000F03F000000604715F73F5D
:1012700044DF5DF80BAE543E555555555555D53F99
:10128000FE822B654715F73F9C7500883CE4377E4E
:101290000000F03FFFCB9040FEFFEF3F0000D03F4B
:1012A0000000E03FAFF3008021F0004C2DE9F8434F
:1012B0004FEA1C5CDFF86C814FEA0C5CC4450646C3
:1012C0000F460B46024600F08F8000296FDD0F1598
:1012D00078D0A7F2FF37C3F31303F90743F4801361
:1012E00060D4D10F4FF0000C01EB43037F1052008C
:1012F000654616204FF400116C189C424FEAD276D6
:101300004FEA420202DC1B1B65188C44013806EBD5
:1013100043034FEA5101EFD1804620264FF00041B0
:1013200009E023D0D40F013E4FEA510104EB4303FF
:101330004FEA42021ED0AB4201EB0804F1DD04F09B
:101340000049B9F1004F04EB010809D0A9465B1B25
:10135000944288BF03F1FF33121B08444D46E1E776
:10136000B8F1000FF2DB05F10109F0E79442E6D98C
:101370001D46D7E71A4304D0431C41D000F00103B7
:10138000184446084FEA6C031CF0010F03F17F5329
:1013900003F5001318BF46F0004603EB0751304633
:1013A000BDE8F883D10F01EB4303520099E721F028
:1013B0000043034322D051BB0F46D30A153F5205C9
:1013C000002BFAD013F480111DD15B00D80201F17B
:1013D0000101FAD5C1F10100C1F1200422FA04F49F
:1013E000234307448A4074E702460B46D4F74AFC7D
:1013F00032463B46D4F794FABDE8F883BDE8F8835B
:101400000CF1010CBEE7202401200021E6E7024692
:101410000B46D4F783FA02460B46D4F75DFDBDE8D0
:10142000F88300BF0000F07F41F0004101F580101B
:10143000C00F704731F0004310B408D00F4AA3F535
:10144000801494420AD804205DF8044B70470028A9
:101450000CBF022003205DF8044B7047B3F5801FDA
:1014600001D20320F7E7064A934201D00020F2E7B9
:10147000D0F1010038BF0020EDE700BFFFFFDF7FA4
:101480000000F07F0020704700200149704700BF36
:101490000000F87F2DE9F043C1F30A57A7F2FF36A9
:1014A000132E83B002460B46894684464FEAD17814
:1014B00031DC002E4CDB3B49314101EA0300104393
:1014C0002ED0490801EA030C5CEA020C0DD04FF45F
:1014D0008029132E23EA010149FA06F641EA06099A
:1014E00014BF4FF0000C4FF0004C2F4B03EBC8081B
:1014F000D8E9004562464B4620462946D4F710FA03
:10150000CDE9000122462B46DDE90001D4F706FAB9
:1015100003B0BDE8F083332E07DDB6F5806F3DD014
:101520001046194603B0BDE8F083A7F213474FF009
:10153000FF31F9400142F3D049080142D5D04FF0C4
:10154000804C20EA01014CFA07F741EA070CCCE78E
:1015500021F000410143E3D0C3F3130101434C42A6
:101560000C431148590C240B490404F4002400EBEB
:10157000C80044EA0103D0E9004520462946D4F7D3
:10158000CFF9CDE900012B462246DDE90001D4F771
:10159000C5F921F0004343EAC871C3E7D4F7C0F9A5
:1015A000C0E700BFFFFF0F00781B04080000000029
:1015B000C1F30A532DE9F041904606460F460A460C
:1015C0001BBB21F00043034334D03B4B0022D4F734
:1015D00059FB3A4B984506460F463BDBC1F30A538D
:1015E000363B0A46434440F2FE718B4216DD3246DA
:1015F0003B462DA1D1E9000100F066F82AA3D3E90A
:101600000023D4F73FFBBDE8F08140F2FF74A34212
:1016100027D0434440F2FE718B42E8DC002B0BDD07
:1016200022F0FF4222F4E00242EA035730463946F4
:10163000BDE8F081BDE8F08113F1350F17DA4CF207
:101640005033984532463B4620DC19A1D1E90001D0
:1016500000F03AF816A3D3E90023D4F713FBBDE852
:10166000F08102460B46D4F75BF9BDE8F08122F029
:10167000FF4222F4E002363342EA0357304639464D
:1016800000220F4BD4F7FEFABDE8F08106A1D1E9A4
:10169000000100F019F804A3D3E90023D4F7F2FA0B
:1016A000BDE8F081AFF300809C7500883CE4377E94
:1016B00059F3F8C21F6EA50100005043B03CFFFF74
:1016C0000000903CAFF3008030B403F0004321F001
:1016D000004243EA020130BC704700BF002103F022
:1016E000F3B800BF00210A2203F098B970B5421C7C
:1016F00086B0034603D14FF0FF3006B070BD04AC96
:101700000021082220468DF80B30DDF74FFD094AF5
:10171000094B15681E6800F0C9FA03A98DE811008D
:101720000DF10B0230460123A8470128E3D80398A6
:10173000E3E700BF480A0020D8050020014B1868E5
:10174000704700BFD8050020084B70B51C680646DE
:101750000D4624B1A36B13B9204607F073FD204654
:1017600031462A46BDE8704000F082BED805002010
:1017700030B587B00546084614460191DDF7D0FC28
:1017800001AA012305900290039204930DB1AB6B63
:1017900083B1A3899A0406D4626E43F4005322F401
:1017A0000052A38162662846214603AA00F00EF883
:1017B00007B030BD284607F045FDEAE7024B0A4670
:1017C00001461868FFF7D4BFD80500202DE9F04F77
:1017D000936883B0164681460C462BB38B89190754
:1017E00026D5226922B303F0020292B23568002A9C
:1017F0002CD04FF0000ADFF8E8B2D046D84534BF0D
:1018000043465B4652464846B8F1000F4FD0E16967
:10181000676AB847002856DDB3681B1A8244C0EBDC
:101820000808B360002BE9D1002003B0BDE8F08FB9
:101830004846214606F016FC002840F04881A3895E
:10184000356803F0020292B2002AD2D113F0010AE5
:1018500042D1D046B8F1000F23D09A05A76876D5BB
:10186000B845C0F0A48013F4906F40F0B2802068B7
:10187000BB4651465A4600F097FDA2682168D21B2C
:1018800001EB0B03A26023604246B3689B1A9244AB
:10189000C2EB0808B360002BC6D0A389B8F1000FD3
:1018A000DBD1D5F800A0D5F804800835D2E7D5F80B
:1018B00000A0D5F804800835A0E74846214607F087
:1018C000A5FC002859D0A38943F040034FF0FF3016
:1018D000A38103B0BDE8F08F9246019293469046F3
:1018E000B8F1000F2BD0019F002F64D02068216930
:1018F000D4F808C06269C24534BF534643468842A3
:101900001F4603D99444634500F3AE80934236DB0F
:101910001346676AE16948465A46B847071ED2DD52
:10192000BAEB070A3AD0B368DB1BBB44C7EB080825
:10193000B360002B3FF478AFB8F1000FD3D100278C
:10194000D5F800B0D5F8048001970835C8E72068BD
:101950002369984202D86369984572D2B84538BF66
:1019600047463A46514600F01FFDA3682268DB1B3C
:101970003A44A3602260002B9FD03A4685E71A467E
:101980005946009300F010FD009BA1682268C91A17
:10199000BAEB070A1344A1602360C4D1484621462C
:1019A00007F034FC00288ED1CDF804A0BBE72068F6
:1019B0004746C3465DE758460A21424600F0ACFC64
:1019C00000287FD000F1010A0127CBEB0A0A01971A
:1019D0008CE7226821696769C1EB020C07EB4707B6
:1019E0000CF1010207EBD77742447F10974234BFD6
:1019F00017463A465B054FD511464846CDF800C01C
:101A000000F07AF9DDF800C08346002862D0624613
:101A10002169CDF800C0DDF7EBFBA289DDF800C03D
:101A200022F4906242F08002A2810BEB0C00CCEB1E
:101A30000702C4F810B067612060A2604746C34641
:101A400017E76FF00042904538BF424692FBF3F231
:101A500002FB03F3676AE16948465246B84700282B
:101A60007FF731AF024610E762465946CDF800C015
:101A700000F09AFCDDF800C0236863442360484608
:101A80002146CDF800C007F0C1FBDDF800C00028FA
:101A90007FF419AF674643E74846CDF800C000F031
:101AA0001BFDDDF800C083460028BED148462169F1
:101AB00007F094FCA3890C2223F080039BB2C9F8A1
:101AC000002001E7012708F1010A01970EE74FF016
:101AD000FF30AAE60C23C9F80030A389F4E600BF62
:101AE00000FCFF7F2DE9F04186B002FB03F51746AD
:101AF000984601AA0123019102950595039204934A
:101B00000C9C064608B1836BD3B1A289930406D41A
:101B1000636E42F4005223F40053A28163663046A0
:101B2000214603AAFFF752FE30B10598281AB0FBF0
:101B3000F7F006B0BDE8F081404606B0BDE8F081A0
:101B400007F080FBE1E700BF30B583B0054C0093A0
:101B500024680D46134601462A462046FFF7C2FF79
:101B600003B030BDD805002001390B291FD8DFE8AC
:101B700001F0080A0C0E10121416181A1C0600F0B8
:101B800067B808F0D5B808F0E1B808F0EDB808F08B
:101B9000FFB800F00FB800F013B800F01FB800F065
:101BA00025B800F031B800F03DB800F049B8002089
:101BB000704700BF303809288CBF002001207047D3
:101BC00010B5044600F012F830B1204600F02AF8B3
:101BD000D0F1010038BF002010BD00BF10B5044691
:101BE00005F0BEF9001B18BF012010BDFF2806D864
:101BF000044B1B681844407800F0970070470020A1
:101C0000704700BFA801002010B5044608F090F806
:101C100008B1002010BD2046FFF7D2FF003018BFEA
:101C2000012010BDFF2807D8044B1B6818444078DA
:101C300000F00800C0B2704700207047A8010020E3
:101C400010B5044605F07EF9001B18BF012010BD39
:101C5000A0F13003092B07D920F0200041380528D6
:101C60008CBF0020012070470120704710B514463A
:101C700022B110460A49DDF715FB08B9094810BD25
:101C800020460849DDF70EFB0028F7D0204606491C
:101C9000DDF708FB034B00280CBF1846002010BDE1
:101CA0006CFC030868FC0308500F040800487047E8
:101CB00014060020014B1868704700BF340600204E
:101CC00000487047DC050020024B0A4601461868B0
:101CD000FFF7CCBFD8050020024B0146186800F082
:101CE0000BB800BFD8050020024B0146186807F06A
:101CF00075BB00BFD80500202DE9F04F01F10B05A1
:101D0000162D83B0064627D935F0070527D4A942FA
:101D100025D8304600F0A8FBB5F5FC7F26D2C14F90
:101D20004FEAD50C07EBCC03DC689C4200F0D28173
:101D30006368E268A16823F00303234430465D68CA
:101D4000CA6045F0010591605D6000F08FFB0834CA
:101D5000204603B0BDE8F08F1025A942D9D9002450
:101D60000C232046336003B0BDE8F08F5FEA552CAA
:101D700000F08A80BCF1040F00F260814FEA951CEC
:101D80000CF1380C4FEA4C01A64F07EB8101CC68EF
:101D9000A14205D10CE0002B7ADAE468A14207D019
:101DA000626822F00302531B0F2BF4DD0CF1FF3CA1
:101DB0000CF1010C9B4B3C6903F1080E744500F0DB
:101DC0007E81616821F003014A1B0F2A00F36481C0
:101DD000002AC3F814E0C3F810E06ADAB1F5007F16
:101DE00080F03A81C90803EBC1004FEAA1085A68A4
:101DF0008168A1604FF0010909FA08F848EA020277
:101E0000E0605A608460CC604FEAAC0301209840E7
:101E100090425BD8024206D12CF0030C40000242F3
:101E20000CF1040CFAD007EBCC084446E146E36819
:101E30009C4207D145E1002A80F25681DB689C4232
:101E400000F03F81596821F003014A1B0F2AF2DD9F
:101E50001C46D3F80CC054F8088F591945F00109F5
:101E600042F00105C3F804903046C8F80CC0CCF825
:101E7000088079613961C1F80CE0C1F808E04D6073
:101E80008A5000F0F3FA63E77E214FF03F0C7BE7C6
:101E90002244E3685068A16840F00105CB603046F9
:101EA0009960556000F0E2FA0834204603B0BDE8BE
:101EB000F08F214430464B6843F001034B6000F043
:101EC000D5FA0834204603B0BDE8F08FBC686368DB
:101ED00023F00309A94504D3C5EB09030F2B00F335
:101EE0009180514B514A19681368013305EB010A7F
:101EF00004EB090B00F061810AF5805A0AF10F0A20
:101F00002AF47F6A2AF00F0A304651460192E6F71A
:101F100001F8B0F1FF3F8046019A00F0008183454F
:101F200000F2FA80DFF810C1DCF80030C3455344FA
:101F3000CCF8003000F04A8112683C4901321BBFE6
:101F4000CBEB080B5B44C1F80080CCF8003018F0F4
:101F5000070300F01381C3F10802C3F580539044D6
:101F60000833C244CAF30B0ACAEB030A514630468F
:101F7000CDF804C0E5F7CEFF431CDDF804C000F047
:101F80003581C8EB0002524442F00102DCF8003017
:101F9000C7F808805344BC42C8F80420CCF800308D
:101FA000DFF894A015D0B9F10F0F40F2EA80616814
:101FB000A9F10C0222F0070201F0010EA118052080
:101FC00042EA0E0E0F2AC4F804E04860886000F26E
:101FD0001181174ABC6811688B4288BF1360154A8B
:101FE00011688B4288BF1360626822F00302954239
:101FF000C5EB020301D80F2B04DC304600F036FAA3
:102000000024A5E6621943F0010345F0010565606F
:102010003046BA60536000F029FA0834204603B015
:10202000BDE8F08F3806002038EF0020440A002079
:1020300034EF002030EF00203CEF0020BCF1140F03
:1020400061D9BCF1540F00F28F804FEA153C0CF1BE
:102050006E0C4FEA4C0197E64B0A042B58D9142B0F
:1020600000F2AE8003F15B02500007EB8000DFF866
:10207000BC818368834200F08A805A6822F00302A0
:10208000914202D29B689842F7D1D9687A68E160A0
:10209000A3608C60DC60B7E6611942F0010745F08F
:1020A00001056560304659611961C1F80CE0C1F85D
:1020B00008E04F608A50083400F0D8F948E65A68C2
:1020C000A2E609F1010919F0030F04F108047FF4F5
:1020D000AEAE2DE004F108036469A34208BF0CF121
:1020E000020C3FF467AE23E619441C464868DB68DF
:1020F00054F8082F40F001054D603046D3609A60D7
:1021000000F0B4F924E60CF15B0C4FEA4C013BE61D
:102110008A0938325000A8E7BC423FF403AFBC68DC
:10212000626822F0030262E7D8F8008098457BD10C
:102130001CF0030FA8F108030CF1FF3CF4D17B68FD
:1021400023EA00037B60400098423FF6BFAE0028C0
:102150003FF4BCAE0342CC467FF465AE4000034280
:102160000CF1040CFAD05EE6BCF5AA7F1AD84FEA4F
:10217000D53C0CF1770C4FEA4C0105E64FF4805347
:10218000EFE60123C8F80430444600222FE79110FF
:102190000120D8F8042000FA01F10A43C8F804200D
:1021A000194674E740F254539C451BD84FEA954CAE
:1021B0000CF17C0C4FEA4C01E6E50AF1100AA3E6AB
:1021C000542B1FD80A0B6E3250004EE7CBF30B0195
:1021D00000297FF4B1AE0AEB0901BA6841F00101B0
:1021E0005160F6E6FC214FF07E0CCDE501224FF068
:1021F000000ACBE604F10801304607F0EFF8DAF800
:102200000030E6E6B3F5AA7F03D8CA0B7732500058
:102210002BE740F25452934203D88A0C7C32500090
:1022200023E7FC207E2220E77B688CE7380600202D
:102230002DE9F04383B01F461446054688460A9EA2
:10224000104B9AB1D3F80090FFF730FD41468DE86E
:10225000410022463B462846C847431C03D1002282
:102260008A2332602B6003B0BDE8F0831F68FFF75C
:102270001DFD21468DE84100034A28460123B84749
:10228000EBE700BF480A0020500F04082DE9F04397
:10229000134D1E4683B00C46804617462D68114BE1
:1022A00099B1D3F80090FFF701FD41468DE8410058
:1022B00022463B462846C847431C03D100228A23B6
:1022C00032602B6003B0BDE8F0831F68FFF7EEFCBF
:1022D00021468DE84100044A28460123B847EBE730
:1022E000D8050020480A0020500F040882B049B1E8
:1022F0005AB16BB113780B601078003018BF012011
:1023000002B0704701A9002AF3D1104602B070470D
:102310006FF00100F4E700BF830770B4C9B23FD08B
:10232000541E2AB303788B4223D0431C04E0FCB133
:1023300004788C421DD0144613F0030F184604F1A4
:10234000FF3203F10103F2D1032C14D8651E4CB304
:1023500003788B420DD0421C002302E004788C42AB
:1023600007D0AB42104603F1010302F10102F5D19F
:10237000002070BC704741EA0126034646EA064643
:102380001846043302687240A2F1013525EA0202C0
:1023900012F0803FDAD1043C032C1846F0D8D5E780
:1023A0001446D1E72046E4E78842F0B410D98C18EF
:1023B000A0420DD28518531E42B121462A4611F87B
:1023C000014D02F8014D013B5C1CF8D1F0BC704797
:1023D0000F2A3FD940EA01039B073FD1A2F1100722
:1023E0003F0900EB071610360C46034625681D60B2
:1023F00065685D60A5689D60E568DD601033B34287
:1024000004F11004F2D17B1C02F00F0C1B01BCF193
:10241000030F1944034423D90E461D466446043C69
:1024200056F8047B45F8047B032CF8D8ACF104047F
:1024300024F00304043402F0030223442144002A5C
:10244000C4D01A4411F8014B03F8014B9342F9D15F
:10245000F0BC70470346002AF3D1B7E70346F0E724
:102460006246002AEDD1B1E7704700BF704700BF58
:1024700070B50D461446064608B1836BD3B1A36808
:10248000013B002BA36006DB23681D7023685A1CE8
:102490002260187870BDA26993420EDB23681D701C
:1024A000236819780A29F2D130462246BDE87040E7
:1024B00004F090BD06F0C6FEE1E73046294622460C
:1024C000BDE8704004F086BD024B0A46014618681C
:1024D00000F002B8D80500202DE9F04F0C4683B07B
:1024E00090468146002900F0E280FFF7BDFF08F129
:1024F0000B0654F8043C162E23F00305A4F108073C
:102500004BD810210E46B0454CD88D4278DADFF812
:1025100090B3DBF808E07819864500F0CE80426879
:1025200022F0010C8444DCF804C01CF0010F7AD0C6
:1025300000221046DB0700F1928054F8083CC3EB00
:10254000070ADAF8043023F003032B4488B37045FC
:1025500000F0ED8002EB030E8E452ADBC368826833
:102560005746D3609A6057F8081FDAF80C30CB60F2
:102570002A1F242A996000F22681132A40F2B38090
:102580002368CAF808306368CAF80C301B2A00F2C6
:10259000308108340AF11003A6E026F00706002E69
:1025A0003146B0DA0C230020C9F8003003B0BDE892
:1025B000F08F8B4253DB5746DAF80C1057F8080FB0
:1025C0002A1F242AC160886000F20981132A40F280
:1025D00004812168CAF808106168CAF80C101B2A27
:1025E00000F21C8108340AF1100221681160616850
:1025F0005160A16891601D46DAF804303C465746A8
:10260000AA1B0F2A03F0010319D82B433D447B601A
:102610006B6843F001036B604846FFF727FF2046D5
:1026200003B0BDE8F08F22F0030202EB050C8C45ED
:1026300080DBC26881686546CA609160E0E7B919CD
:1026400042F001001E430A447E604860536843F034
:10265000010308315360484606F0C0FEDCE74146FE
:102660004846FFF749FB8046D0B154F8043C23F0BC
:1026700001023A44A0F10801914200F09E802A1F15
:10268000242A50D8132A23D80346224611681960F9
:102690005168596092689A602146484606F09EFE4D
:1026A0004846FFF7E3FE404603B0BDE8F08F114611
:1026B00003B0BDE8F04FFFF71FBBDEF8042022F0A7
:1026C0000302501906F1100C604519DA704631E723
:1026D00023680360636843601B2A63D800F1080322
:1026E00004F10802D2E73B4622681A6062685A6029
:1026F000A2689A603C467546DAF8043057467FE790
:102700003744831B43F00103CBF808707B6054F817
:10271000043C03F001031E43484644F8046CFFF7F1
:10272000A5FE20467CE72146FFF73EFEB4E702EB1C
:10273000030C06F110029445FFF63BAF5746DAF85A
:102740000C3057F8081F2A1F242ACB60996000F22A
:102750008780132A78D92368CAF808306368CAF8D2
:102760000C301B2A00F2858008340AF1100322681D
:102770001A6062685A60A2689A600AEB0603C6EBA8
:102780000C0242F00102CBF808305A60DAF804304B
:1027900003F001031E434846CAF80460FFF766FED3
:1027A00038463DE7A3688360E368C360242A2CD0E1
:1027B00000F1100304F1100268E750F8042C22F035
:1027C000030215441CE72146384675463C46FFF790
:1027D000EBFD5746DAF8043012E73A4605E72146A2
:1027E00038461D463C46FFF7DFFD5746DAF8043011
:1027F00006E7A368CAF81030E368CAF81430242A40
:1028000018D010340AF118036EE723690361636975
:10281000436104F1180200F1180337E7A168CAF810
:102820001010E168CAF81410242A0FD010340AF1ED
:102830001802DAE62369CAF818306369CAF81C304E
:1028400018340AF120034FE73B4690E72269CAF8A3
:1028500018206269CAF81C2018340AF12002C4E664
:1028600021463846CDF804C0FFF79EFDDDF804C0D0
:1028700083E7A368CAF81030E368CAF81430242A42
:1028800003D010340AF1180371E72369CAF818302D
:102890006369CAF81C3018340AF1200367E700BFE7
:1028A000380600200EB4F0B59CB021AB0F4953F8A8
:1028B000042B019305466FF00044086802954FF41D
:1028C00002774FF6FF7602A90695ADF814700494CE
:1028D0000794ADF8166002F067F9029B00221A70A7
:1028E0001CB0BDE8F04003B0704700BFD805002021
:1028F0000EB4F0B59CB021AC4FF4017254F8046BE7
:10290000ADF8142002900690DCF70AFC0C4B019401
:10291000054632460B4F1868039523464FF6FF765F
:10292000002402A907950A970E941394ADF8166037
:1029300003F0BAFB1CB0BDE8F04003B0704700BF25
:10294000D80500206D29030810B50C46B1F90E100A
:1029500007F014FF002803DB236D0344236510BD3B
:10296000A38923F48053A38110BD00BF00207047CA
:102970002DE9F0410C4689891D46CB0516460746D0
:1029800006D5B4F90E100022022307F013FAA1892C
:1029900021F48051A1813846B4F90E1032462B46FD
:1029A000BDE8F041E5F7A4BA10B50C46B1F90E1038
:1029B00007F000FAA389421C0EBF23F4805343F4AE
:1029C00080532065A38110BDB1F90E1005F0B0BB96
:1029D000DCF768BC10B504468E2900F22581DFE8DB
:1029E00011F091008F0021011F011D011B01190130
:1029F00017011501130111010F010D010B0109014F
:102A000023010701050103010101FF00FD00FB0097
:102A1000F900F700F500F300F100EF00ED00EB0026
:102A2000E900E700E500E300E100DF002301230106
:102A3000230123012301230123012301DD00DB0006
:102A40002301230123012301230123012301230166
:102A500023012301230123012301D9002301D700EE
:102A6000D500230123012301D300230123012301E6
:102A7000D10023012301CF0023012301CD00230135
:102A80002301230123012301230123012301230126
:102A90002301CB002301C900C700C5002301230186
:102AA000C300230123012301230123012301230167
:102AB00023012301C100BF00BD00BB00B9002301F9
:102AC000B700B500B300B100AF00AD00AB00A90086
:102AD000A700A500A300A1009F002301230123015B
:102AE0009D009B0023012301230123012301990061
:102AF0002301230123012301230197009500930063
:102B0000504810BD504810BD504810BD504810BD31
:102B1000504810BD504810BD504810BD504810BD21
:102B2000504810BD504810BD504810BD504810BD11
:102B3000504810BD504810BD504810BD504810BD01
:102B4000504810BD504810BD504810BD504810BDF1
:102B5000504810BD504810BD504810BD504810BDE1
:102B6000504810BD504810BD504810BD504810BDD1
:102B7000504810BD504810BD504810BD504810BDC1
:102B8000504810BD504810BD504810BD504810BDB1
:102B9000504810BD504810BD504810BD504810BDA1
:102BA000504810BD504810BD504810BD504810BD91
:102BB000504810BD504810BD504810BD504810BD81
:102BC000504810BD504810BD504810BD504810BD71
:102BD000504810BD504810BD504810BD504810BD61
:102BE000504810BD504810BD504810BD504810BD51
:102BF000504810BD504810BD504810BD504810BD41
:102C0000504810BD504810BD504810BD504810BD30
:102C1000504810BD504810BD504810BD504810BD20
:102C2000504810BD504810BD08461146002B14BF37
:102C30001A46224604F0A6F94C4B002808BF184655
:102C400010BD00BF941C04088C1C040860220408FA
:102C500048220408342204083C1F04080022040807
:102C60001822040874200408982204086C1D040823
:102C7000341D04083C1E0408101F04082C1E040800
:102C8000AC220408801E0408F01F0408DC2104089C
:102C9000C4210408B02104089821040878210408FC
:102CA00058210408282104080C210408742204086F
:102CB000F4200408D8200408C4200408A82004082C
:102CC0009C20040888200408642004084C20040880
:102CD00038200408202004081020040808200408D4
:102CE000E41F0408D01F0408B41F0408A01F040830
:102CF000901F0408841F0408741F04085C1F040844
:102D00004C1F0408241F0408001F0408F01E0408B8
:102D1000D81E0408C41E0408A41E04086C1E04085F
:102D20005C1E04081C1E04080C1E0408F81D040880
:102D3000EC1D0408D41D0408C81D0408B41D0408B3
:102D4000A01D04088C1D0408601D0408501D040803
:102D5000201D04080C1D0408F01C0408E41C0408D1
:102D6000CC1C0408BC1C0408A01C0408500F040858
:102D7000034B0022014618681346FFF72BBE00BF25
:102D8000D80500204369002B10B40CDBA3F16402CA
:102D9000940705D1642192FBF1F401FB14226AB976
:102DA0006FF063024FE003F26C72910749D1642126
:102DB00092FBF1F401FB1422002A42D00122816926
:102DC000C069490001EB00131344212B0BDC202BBD
:102DD0001FDA0D2B2FDC0A2B1BDA012B19D900204F
:102DE0005DF8044B704741F2C662934216DC41F233
:102DF000C262934209DA41F2A262934205D0EEDB4D
:102E0000A3F5B553123B022BE9D801205DF8044B22
:102E100070474FF0FF305DF8044B704741F2D562C8
:102E20009342F2D041F2D7629342EED041F2D362A4
:102E30009342D4D1E9E7102BD1DB112BE9DD1C3B08
:102E4000CBE740F26C7208491A4481FB0243D11768
:102E5000C1EBE3134FF4C87101FB1322D2F101025D
:102E600038BF0022ABE700BF1F85EB512DE9F04FC3
:102E70008FB006460D4614461F4604F053F84FF037
:102E80000009059023786BB1252B15D06A1E91455A
:102E900080F0A88006F809300134237809F101098F
:102EA000002BF1D1002D00F004840023484606F8E1
:102EB00009300FB0BDE8F08F94F80180B8F1300F01
:102EC00000F09480B8F12B0F00F090804146A1F102
:102ED0003103082B04F101044FF0000840F28E800A
:102EE00045294FF0000A00F094804F2900F09180AE
:102EF000A1F12502552A75D8DFE812F0AD00740063
:102F00007400740074007400740074007400740021
:102F10007400740074007400740074007400740011
:102F20007400740074007400740074007400740001
:102F300074007400B600D900BC038003740056000E
:102F4000190356035D037400740074007403740065
:102F500074007A027400BB02C902D502E402F102D5
:102F6000FF021103FA001001740074007400740071
:102F700074007400450169018C01A501A50174006C
:102F8000B50169017400E70156035D033B023F028E
:102F900074007A0274004902740051025B027400EA
:102FA000670272028E00FA0125238DF81830B8F1FD
:102FB000000F00F0AA83BAF1050F8DF8198000F216
:102FC0009C840DF11A084046C249DCF7C7F806EBAD
:102FD0000900C9EB050106AA3B46FFF747FF002899
:102FE00000F32F8100200FB0BDE8F08FA178A1F190
:102FF0003103082B04F102043FF672AF204606A904
:103000000A2201F0A7FD069C2178452982467FF41B
:103010006CAF617801346BE778690028C0F2E58312
:10302000AD49C31781FB0012C3EB6213642202FB9C
:10303000130306EB0900C9EB0501A84A07F0EEFBF4
:103040000028CFDB81444D45CCD92378002B3FF4B9
:1030500029AF013416E76B1E9945C3D2252306F824
:10306000093009F10109F0E7BB69DDF814B00BEB99
:103070008303D3F87C804046DCF752F80028E4D084
:1030800005F1FF3AD145ADD24A464FF0000C8144DC
:10309000B318614601E09245A4D918F80C005854C1
:1030A000013201314A458C46F5D19146CDE73B6965
:1030B000DDF814B00C335BF823804046DCF730F8C1
:1030C0000028C2D005F1FF3AD1458BD24A464FF0D5
:1030D000000C8144B318614601E0524582D218F8D1
:1030E0000C005854013201314A458C46F5D1DCE7D9
:1030F0007A697B498A4202F26C7380F2DE822D2269
:103100005B428DF81820BAF1000F00F0FE830AF13F
:10311000FF3A0DF119000DF1180BD4E23B6A002BB8
:1031200097DB03F02BFF3B6ADFF8C0A1002BD4BF75
:10313000002301235AF82300DBF7F2FF0028D8BF51
:10314000C8461CDD05F1FF3EF14580F03683C846D8
:1031500006EB08038144002202E0F04580F02D8355
:10316000396A0029D4BF0021012108F101085AF869
:103170002110C845895C995402F10102EDD103F098
:10318000FFFEC14661E7BB69DDF814B018335BF898
:1031900023804046DBF7C4FF00283FF456AF05F11B
:1031A000FF3AD145BFF41EAF4A464FF0000C8144B0
:1031B000B318614602E05245BFF414AF18F80C0092
:1031C0005854013201314A458C46F4D16DE73B69D0
:1031D000DDF814B05BF823804046DBF7A1FF002840
:1031E0003FF433AF05F1FF3AD145BFF4FBAE4A4699
:1031F0004FF0000C8144B318614602E05245BFF421
:10320000F1AE18F80C005854013201314A458C4691
:10321000F4D14AE7DDF814B0DBF8A0804046DBF7D4
:103220007FFF98F80030002B3FF40FAF424606EBCB
:103230000900C9EB05013B46FFF718FE00287FF7A0
:10324000D1AE814401E72748244AFB68642918BFAE
:10325000024606EB0900C9EB050107F0DFFA00287A
:10326000BFF6F0AEBEE63846FFF78CFD80467869C3
:103270000028C0F2C882184B83FB0032C317C3EB8F
:103280006213642202FB1303B8F1000FC0F28382C1
:1032900005D013497A698A42B8BF4FF0FF380E480B
:1032A0000D49984480FB08024FEAE873C3EB6212B1
:1032B000642303FB128808EB030281FB0210D11781
:1032C000C1EB601103FB1123B3E6FB69064A01332E
:1032D000BFE700BFF42204081F85EB51D422040885
:1032E00094F8FFFFDC220408002304084C0A0020A5
:1032F0003B6A002BFFF6ADAE06F016FD804603F0EC
:103300003DFE3B6ADFF864A3002BCCBF1C230023E7
:10331000984406EB090BD8F82030C3F1000803F0FD
:103320002FFE8AFB08104FEAE87C4044CCEB60108B
:10333000CDF810C006F03AFD80FB0A23C218C04940
:10334000DDF810C0C317C3EB6213C3EB031381FB9B
:103350000812A0EB830090440090C9EB0501CCEB70
:10336000E8235846B74A07F059FA0028BFF66AAE74
:1033700038E63B69B44A01336BE76B1E9945BFF4ED
:1033800031AE0A2306F8093009F101095DE6DDF8DE
:1033900014B0DBF8E4804046DBF7C2FE41E76B1E69
:1033A0009945BFF41FAE092306F8093009F1010958
:1033B0004BE66B1E9945BFF415AEBB6953B9372375
:1033C00006F8093009F101093FE66B1E9945BFF483
:1033D00009AEBB69303306F8093009F1010934E65A
:1033E000DDF814B0DBF89C804046DBF799FE18E767
:1033F000BB68DDF814B00B2BCCBFA423A0235B4427
:10340000D3F804804046DBF78BFE00283FF41DAE66
:1034100005F1FF3AD145BFF4E5AD4A464FF0000C47
:103420008144B31861460BE018F80C0058544A4523
:1034300001F101018C463FF438AE5245BFF4D2ADE4
:103440002078502802F10102EED1DFF824B218F8FA
:103450000CC0DBF8000000EB0C0B60469BF801B0E1
:103460000BF0030BBBF1010F08BF0CF12000C0B241
:10347000DCE77A68BB68009206EB0900C9EB05013E
:10348000724A07F0CBF90028BFF6DCADAAE506EBDF
:103490000900C9EB05016C4A3B6807F0BFF9002839
:1034A000BFF6D0AD9EE597E80E0006EB090000924E
:1034B0000191674AC9EB050107F0B0F90028BFF692
:1034C000C1AD8FE5F969BB6962485F4A0731C91A26
:1034D00080FB01030B44C917C1EBA303B9E63846CF
:1034E000FFF750FCBB69002B00F01F81013B002857
:1034F000FA6940F3578101239BE5BB69002B00F07B
:103500001681591EF869DFF84CB14F4A0730411A4D
:103510008BFB01B30B44C917C1EBA30399E6DDF89C
:1035200014B0DBF898804046DBF7FAFD79E64A4AAA
:10353000D7F814B09345ACBF00220122384603925D
:10354000FFF720FCBBF1000F0346039AC0F26A812B
:1035500042484FEAEB7180FB0B0CC1EB6C1C0CF189
:10356000130C3E4880FB0B0EC1EB6E1E642101FB69
:103570001EBE002BC0F2078103D012B14FF0FF3303
:1035800001227344591C00F0F380642B04BF0CF13A
:10359000010C0023642101FB0C33002A00F08D8014
:1035A0002D228DF81820AEE527482D4ABB686B29DF
:1035B00018BF02464DE6BA68002A00F0BA800C2A0D
:1035C00000F0FF80274B83FB0230D317C3EB60036F
:1035D00003EB4303A2EB830321481B4A492918BF8D
:1035E000024636E606EB0900C9EB0501164A7B6880
:1035F00007F014F90028BFF625ADF3E47A693B69BA
:10360000D7F80CA0002A03F1010306EB0908C9EB67
:103610000501C0F2D880DFF844B0D0178BFB02BEA2
:10362000C0EB6E1E642000FB1E2E8DE80044404659
:103630000D4A07F0F3F80028BFF604ADD2E400BF4E
:10364000C5B3A29124230408D42204080823040843
:10365000142304089324499294F8FFFF1F85EB512B
:10366000DC220408ABAAAA2AE022040889888888F8
:10367000A80100207869A84B9842ACBF4FF0000B1E
:103680004FF0010B0028C0F2F780A44A82FB002112
:10369000C017C0EB61111331B8F1000F4BD0632993
:1036A00063DD9F489F4BA04AB8F12B0F18BF184607
:1036B00043E048460FB0BDE8F08FB8F12B0F5BD068
:1036C0000DF1180B584625220270B8F1000F18D1E1
:1036D000013096490293DBF741FD029B00935A4665
:1036E000534606EB0900C9EB050107F097F80028DF
:1036F000BFF6A8AC76E40DF1380B25220BF8202D8F
:103700005846302242700230E3E72B238DF81930FF
:1037100004230DF11A0840461E21854A07F07EF861
:1037200000287FF750AC40444EE40623DFE6062134
:10373000E8E60C2350E77B487E4ABAF1010F98BFB8
:103740004FF0020A7C4B0191CBEB0A01BBF1000F59
:1037500008BF0346009106EB0900C9EB050107F01D
:103760005DF80028BFF66EAC3CE46E486E4AE4E7B4
:103770000CF1FF3C63230DE742F20F729342BAD97A
:103780008DF81880BFE46D4879698142BFF6F9AEC3
:1037900001231A46F5E669497A698A42B8BF4FF0B3
:1037A00001087CE573D10A326549D31A81FB031203
:1037B0001A44DB17C3EBA2033BE403F0E1FB002058
:1037C00011E4134608E702F26C700491029304F0CE
:1037D000ABFC524A029B049982FB002EC217C2EB3B
:1037E0006E1E642202FB1E0E1FE700F26C7004F0D6
:1037F0009BFC4A4B83FB0032C317C3EB621364226A
:1038000002FB130315E400F26C7004F08DFCDFF88A
:103810000CB1C3178BFB00B2C3EB6213642202FB33
:10382000130331E50BF26C700392029304F07CFCFD
:10383000D7F814B03949039A029B81FB001CBBF1F5
:10384000000F4FEAE070C0EB6C1C5BDA0BF26C709F
:1038500003920293CDF810C004F066FC2F49DDF806
:1038600010C0029B039A81FB001EC117C1EB6E1EA4
:10387000642101FB1E0E7CE600F26C7004F054FC27
:10388000264B83FB0031C017C0EB611104E7786958
:103890000028C2EB030322DBA0F165018A0706D1F1
:1038A0004FF0640E91FBFEF20EFB121191BB6FF014
:1038B00064011A4A014482FB0120CA17C2EBE012DC
:1038C0004FF4C87000FB1211D1F1010138BF002183
:1038D0005B1A042BCCBF34233523FFF7AABB00F2BD
:1038E0006B718A0706D14FF0640E91FBFEF20EFB5E
:1038F000121179B940F26B71DBE7BAF106033FF4BC
:1039000060AB06E74FEAEB712BE60DF119000DF104
:10391000180BD8E60121DBE794F8FFFF1F85EB5178
:103920008C120408500F0408CC220408FC2204085E
:10393000F0220408C42204083812040895F8FFFF96
:10394000932449922DE9F0410D46904606F0C2FDC0
:1039500006460F46B8F1000F0FD0C5F30A53C3F166
:103960006B03002B09DD1C0504F17F5303F54013A5
:103970000022D2F787F9BDE8F08130463946BDE82C
:10398000F08100BF000000002DE9F04F0025002469
:1039900045EC174B9FB08DED027B002305920D4641
:1039A000199183460A461A93164612F8014B2D2C9C
:1039B00000F25881DFE814F0390056015601560133
:1039C000560156015601560156017D007D007D00CD
:1039D0007D007D00560156015601560156015601E3
:1039E000560156015601560156015601560156011F
:1039F00056015601560156017D00560156015601E9
:103A000056015601560156015601560156014D0008
:103A100056017F00002301229A460B92002840F0B5
:103A200051810A9C002C40F04D8100244FF0000889
:103A30004FF0000919950794059C0CB1199B236060
:103A4000079D002D40F09E80404649461FB0BDE8CE
:103A5000F08F00240794731C19937478002CE4D021
:103A6000302C1E4600F00381002306960A93A4F131
:103A700030030027092BB9463E461FD806994B1C38
:103A80000FE009EB890904EB4909A9F13009199301
:103A9000984613F8014BA4F13002092A06F10106F9
:103AA0000ED8082EEDDD07EB870704EB4707303F04
:103AB000EDE7199278E701240794CCE7DDF8188048
:103AC0005846FEF7FDF8D0F800A05846FEF7F8F883
:103AD0000068DBF725FB514602464046DBF718FC41
:103AE0008046002800F04781002003460B90B24634
:103AF00024F02002452A00F0E1800021BAF1000FF5
:103B000054D0CB1A48460893D2F746F8BAF1100FB2
:103B1000B4BFD0464FF01008002E08BF5646B8F18B
:103B2000090FCDE9020113DDA14B03EBC80353E9F3
:103B30001223D2F7A7F8044638460D46D2F72CF8E0
:103B400002460B4620462946D1F7EAFECDE902019E
:103B5000BAF10F0F00F32E81089D002D00F0AB800D
:103B6000089C40F38785162C00F3F884904B03EBF8
:103B7000C40ADAE90001DDE90223D2F783F88046BE
:103B8000894659E7404609F100411FB0BDE8F08F72
:103B90003346A4F13102082A40F23E8324F0200289
:103BA000452A18463FF436AF01210B91002871D108
:103BB0000A9B002B6ED10B9900297FF436AF493C4C
:103BC000252C3FF632AF01A252F824F093420308AD
:103BD0002B3A03082B3A03082B3A03082B3A030825
:103BE0005B4203082B3A03082B3A03082B3A0308DD
:103BF0002B3A03082B3A03082B3A03082B3A030805
:103C00002B3A03082B3A03082B3A03082B3A0308F4
:103C10002B3A03082B3A03082B3A03082B3A0308E4
:103C20002B3A03082B3A03082B3A03082B3A0308D4
:103C30002B3A03082B3A03082B3A03082B3A0308C4
:103C40002B3A03082B3A03082B3A03089342030844
:103C50002B3A03082B3A03082B3A03082B3A0308A4
:103C60005B4203080021302C07917FF4FDAE73788E
:103C7000582B00F03883782B00F0358301361996E5
:103C8000334616F8014B302CF9D01CB106930123B2
:103C90000A93ECE64FF000084FF00009CCE66FF015
:103CA00000454FF0FF3103950291220742BF039A6E
:103CB00042F000420392DDE90289BDE6BAF1000F4D
:103CC0003FF4ACAE199D6A1C19926C782B2C00F055
:103CD0004D822D2C40F0478201240894AA1C199291
:103CE000AC78A4F13002092A00F2E581302C06D12B
:103CF000199A0132199212F8014B302CFAD0A4F122
:103D00003102082A3FF6F9AE19990E9101F1010826
:103D10000E9ACDF86480A4F130015478A4F13002F9
:103D2000092A12D80E9A02F1020C624601EB8101B7
:103D3000199204EB4101904612F8014BA4F1300CAA
:103D4000BCF1090FA1F13001F0D90E9AC2EB0808BD
:103D5000B8F1080F00F3FA8344F61F629142A8BF3E
:103D60001146089A002A3FF4C9AE4942BAF1000F41
:103D70007FF4C7AE1AE75846199CFDF7A1FF00680B
:103D8000DBF7CEF923181993245C002E40F0C48190
:103D9000302C7FF4FDAE1A46334600E00A46511C33
:103DA00019915478302C03F10103F7D0F1E600BFEC
:103DB000A8270408089DC8EB0A08A844B8F1000F1A
:103DC00040F36F8318F00F030AD0A54901EBC3013C
:103DD000D1E90001DDE90223D1F754FFCDE9020169
:103DE00038F00F0440F0C88100240A94CDF8009008
:103DF000069932465346584606F0F0F80B900028D4
:103E000000F0DB82089C0025002CC4F10003A8BF51
:103E10002B4624EAE47406950E930F942F460B9DCF
:103E20005846696806F05EF80646002800F0D3821E
:103E30002B699DED027B9A1C920005F10C010C3060
:103E40008DED087BDBF7D4F91BA81CA98DE80300D6
:103E5000DDE90823584606F0B7FB1A90002800F069
:103E60001A845846012106F053F90746002800F04D
:103E7000B2821B9B002BC0F21181DDF838900F9DA0
:103E800099440A9C1C9A1B1B13446FF47F718B424C
:103E9000C2F1360A80F2DA80CA1A1F2AC2EB0A0A75
:103EA00000F301814FF00108002308FA02F80C9397
:103EB0000A9C5544CA44CA45B4BF53464B462544A0
:103EC000AB42A8BF2B46002B04DDC3EB0A0AED1A58
:103ED000C3EB09090E9CB4B139465846224606F098
:103EE000BFF90746002800F07682584639461A9AEC
:103EF00006F018F90446002800F06D8258461A9919
:103F000006F016F81A94BAF1000F08DD524658462A
:103F10001A9906F0F3F91A90002800F0BC830F9C60
:103F200044B1314658460F9A06F09AF906460028E1
:103F300000F05182002D08DD31462A46584606F031
:103F4000DDF90646002800F04682B9F1000F08DDD1
:103F500039464A46584606F0D1F90746002800F08F
:103F60003A8258461A99324606F04AFA06900028D4
:103F700000F03182069D0023D5F80CA0EB60394695
:103F800006F01AFA0028C0F2D08300F09083069859
:103F9000394606F077FB00224FF0804304460D4679
:103FA000D2F7ECF8002863D0BAF1000F00F08F8050
:103FB0002C4DDDF80C90002445EC174B8DED0C7B5F
:103FC000DFF8A880284B09EA0808984500F0C68168
:103FD0000A9981B1B8F1D46F0DD8DDE90C011EA3A7
:103FE000D3E90023D2F7CAF8002840F01E8105F17A
:103FF000D663C8EB0305DDE9080106F06BFA02465B
:104000000B4620462946D1F73DFE02460B46DDE928
:104010000801D1F785FCCDE90201039C0A9D25B971
:10402000124B2340984500F0F68158461A9905F046
:104030007FFF5846314605F07BFF5846394605F06C
:1040400077FF5846069905F073FFE8E600240C94C4
:104050004FF001082CE700BF0000C0FFFFFFDF4169
:10406000A82704080000F03F0000E07F0000F07F78
:10407000204629460022AC4BD1F704FECDE90C01C5
:10408000BAF1000F1ED10D9A0C99109102F1004265
:104090001192DDE91045DDF80C9091E70F9CDDF8F9
:1040A0003890E51AEDE6A14C4FF00108E41A08FA41
:1040B00004F40C94FCE619950021BAF1000F7FF48A
:1040C00020AD73E59DED0C7B8DED107BE1E7029952
:1040D000002940F09480039AC2F313039146002B09
:1040E00040F09380204629460022914BD2F73CF8BD
:1040F000002840F052830022204629468A4BD1F7FF
:10410000C1FDCDE90C010D9A0C99169102F1004206
:104110001792DDE9164553E740464346B246A4F1FF
:104120003002092A25D8199C0130002A00F0B581F7
:104130000128034400F0A6815044013806E009EB51
:1041400089094FEA4909824500F09D810AF1010A77
:104150000AF1FF310829F2DDBAF1100FDCBF07EBDD
:1041600087077F00EFE700220892BAE50021089157
:10417000B4E501210B91BBE4B4F59A7F00F31D81F6
:104180002411012CDFF8D08140F32283DDE9020104
:104190004546002714F0010F07F101074FEA6404B8
:1041A00003D0D5E90023D1F76DFD012C05F10805F9
:1041B000F0DCCDE90201039DA5F15475039508EBF0
:1041C000C707DDE90223D7E90001D1F75BFDCDE99F
:1041D00002010399574A21F000431B0D1B0593422E
:1041E00000F2EB80A2F58012934240F2D182524A53
:1041F000039200244FF0FF350A940295F6E5029BE6
:10420000DDF80C90012B00F0D0819FED457B002460
:104210004A4D8DED0C7BD3E6199A06924FF0000AB9
:10422000A4F130020120069C7FE7DDE90C01D1F703
:10423000EBFF002800F0B481D1F7AEFCCDE90C0112
:10424000BAF1000F40F0A7810D9A0C99149102F178
:1042500000421592DDE91445C9E63948199909E08B
:1042600011F8013FA3F14104192C98BF2033934268
:104270007FF4DBAB10F8012F002AF1D14B1C19930E
:104280004B78282B00F0DA822E4A03920023029307
:1042900011E52D48199909E011F8013FA3F14104F6
:1042A000192C98BF203393427FF4BFAB10F8012F35
:1042B000002AF1D11991254C084609E010F8013F78
:1042C000A3F14105192D98BF2033934240F07D8220
:1042D00014F8012F002AF1D1013019901C4B0393DF
:1042E00000240294E7E4079C1A4A1AAB8DE81800F0
:1042F000584619A91BAB05F0B5F910F0070504469F
:104300003FF4C8AC062D40F05E81013600251996B9
:104310004FF000084FF000090795FFF78DBB00BF75
:10432000000000000000F03F0000E03FE3FBFFFF63
:104330000000F03F0000A07CFFFFEF7F0000F0BF17
:104340004B1104080000F8FF432304084723040826
:104350000000F07F3023040870280408A9F1547984
:10436000CDF80C909DED027B51EC170B06F0B2F8E6
:1043700002460B4620462946D1F784FC02460B46EE
:10438000DDE90201D1F7CCFACDE902010399AE4A89
:1043900021F000431B0D9DED087B1B0593428DED25
:1043A000127B40F2D680A94B1399994210D0A74BAB
:1043B00003934FF0FF34029437E6A549039100229E
:1043C00022230292DDE90289CBF80030FFF734BBEB
:1043D000129A0132EBD1B2461A999D4B03930024F5
:1043E0000294DDE902892223CBF80030584605F01B
:1043F0009FFD5846514605F09BFD5846394605F04D
:1044000097FD58460B9905F093FD5846069905F01F
:104410008FFDFFF711BBDDE90C01D1F7CDFED1F720
:10442000CBFB02460B46DDE90C01D1F777FA80465B
:104430008946BAF1000F11D1029A7AB9C4F3130474
:1044400064B979A3D3E90023D1F78EFE00283FF4A5
:10445000ECADB246DDE902891A99C7E74046494604
:1044600073A3D3E90023D1F77FFE0028F1D14046A2
:10447000494671A3D3E90023D1F794FE00283FF405
:10448000D4ADE6E75046082800F1010A00F30681A2
:1044900009EB890902EB49090020621C1992647832
:1044A0003DE63FF4A1ACC8F1000515F00F030AD0BA
:1044B000684A02EBC303DDE90201D3E90023D1F727
:1044C0000BFDCDE902012D113FF48EAC1F2D34DC24
:1044D00015F0100F14BF6A240024002D0A940EDD7D
:1044E000DDE902015C4CEB0703D5D4E90023D1F7E9
:1044F000C9FB6D1004F10804F5D1CDE902010A9D54
:1045000095B10399C1F30A53C3F16B03002B0A461B
:104510000ADD1F2B40F3B1810024342B029440F3B9
:10452000B4814FF05C750395DDE9020100220023A0
:10453000D1F710FE00283FF459AC2223CBF800300D
:104540004FF000084FF00009FFF776BA44F61F61FC
:1045500007E4039D05F1547403945FE5089DCAF1D7
:1045600025039D423FF726AC3A4CCAF10F0504EBF8
:10457000C501DDE90223D1E90001D1F783FB089AE7
:10458000551B04EBC504D4E90023D1F77BFB80461F
:104590008946FFF751BA9DED0C7B8DED147B59E6F2
:1045A0009FED277B8DED0C7B4AE64C46002C7FF47B
:1045B0002CAEB2462223CBF800301A994FF00008F7
:1045C0004FF0000912E71A9A3AB11CA8352106F0FB
:1045D00081F858461A9905F0ABFC1B9B062D3FF657
:1045E00064AB01A151F825F01D4603085D460308A0
:1045F00011460308054603089F3C03085D4603086F
:104600001D460308124A039200230293FFF74DBB95
:104610001C9B1D9D02930395FFF747BB002203924D
:104620000292FFF742BB00BF9535A094FFFFCF3F3A
:104630009535A094FFFFDF3F35E5AF350000E03F43
:10464000000000000000F03FFFFF9F7CFFFFEF7FB6
:104650000000F07FA8270408682304081D9A1C990D
:10466000029103F2334322F4801242EA035203928E
:10467000FFF71BBB14F1160FFFF69CAB8C4BA3EBA3
:10468000C40ADDE90201DAE90023D1F725FC8046FE
:104690008946FFF7D1B9B24601469EE6BAF1100F3E
:1046A000DCBF07EB870702EB47070020F5E655461E
:1046B000C446B246DDE90889002D77D0039A7D4BC8
:1046C000C2F31301994200F097800C9B002B77D026
:1046D000039C23420ED0DDE902010A9A002D79D015
:1046E000FFF730F902460B4640464946D1F718F924
:1046F000804689460A9CB4B100216F4D12911395F2
:10470000DDE9122340464946D1F7BCFA8046894686
:10471000CDE90289039A32B9029B23B922231A995F
:10472000CBF8003062E61A9960E65546DDE9088963
:10473000B246002DDED102990029DBD1039AC2F3E3
:1047400013031446002BD5D122F000431B0D1B058B
:10475000B3F1D66FCED9069D6B6913B92B69012BC6
:10476000C8DD06990122584605F0C8FD3946069075
:1047700005F022FE0028BDDD504B0A9D2340002D90
:104780006ED0B3F1D66F6BD8B3F15C7FB4D811E7BC
:1047900001F154710391FFF727BB9FED417B8DED34
:1047A000167B9FED417B8DED0C7BB2E40399C1F349
:1047B00013030C46002B88D1029A002A85D1DBE72F
:1047C00002991CEA010F95D085E70131199185E521
:1047D0000027F0E4FFF7B6F802460B46404649468C
:1047E000D1F79CF80022002380468946D1F7B2FC1D
:1047F00000287FF4DFAE7DE70A9C0299DCB12F4BE5
:104800001340B3F1D46F16D81B0DC3F16B034FF0F7
:10481000FF3000FA03F399427FF457AF284B9A42D6
:104820003BD0264B134003F58013002503930295DC
:10483000DDE902895EE74FF0FF33ECE719A8214973
:104840001CAA05F0A7F905287FF41EAD1D9B1C9935
:10485000029143F0FF4343F4E0050395FFF72BBAC1
:10486000A3F580136FEA13536FEA03514FF0FF3241
:1048700003910292DDE902893CE702994FF0FF3291
:1048800002FA03F30B4002934EE6203B4FF0FF3158
:1048900001FA03F31340039346E60131C1D19BE5CE
:1048A000000000000000E0BF000000000000E03F4A
:1048B000A8270408FFFF0F00000050390000F07F18
:1048C000FFFFEF7F50230408024B0A460146186899
:1048D000FFF75AB8D805002038B50A4B0A460146FA
:1048E0001868FFF751F804460D46FCF7A3FD20B108
:1048F00020462946D1F7A8FC38BDBDE8384005F070
:1049000089BF00BFD80500202DE9F00F424C82B0CE
:10491000D4F800C001900E4600E02646344614F854
:10492000015B0CEB0500407800F0080000F0FF0A86
:104930000028F2D12D2D5BD02B2D04BF7578B41C2F
:1049400033F010003CD09946BAF1000F0CBF6FF065
:10495000004B4FF0004BBBFBF9F8002709FB18BBDD
:1049600038460CE0303DAB4219DD7E1C05D0404599
:1049700023D820D009FB0050012714F8015B0CEB71
:104980000506767816F0040FECD116F0030606D073
:10499000012E14BF57263726AD1BAB42E5DC7B1C2E
:1049A00015D0BAF1000F21D10AB1EFB9116002B0F0
:1049B000BDE8F00F70475D45DCDD4FF0FF37DCE709
:1049C000302D1AD0002BBED10A239946BCE701999D
:1049D000BAF1000F4FF022030CBF6FF000404FF010
:1049E00000400B60002AE2D0611EDFE74042DBE7B7
:1049F000B41C75784FF0010AA2E7207800F0DF00C0
:104A0000582803D0002B9ED108239CE710236578FB
:104A10009946023498E700BFA801002030B4044C46
:104A20000D46134601462A46206830BCFFF76CBF8E
:104A3000D80500202DE9F00F444C82B0D4F800C016
:104A400001900E4600E02646344614F8015B0CEB5C
:104A50000500407800F0080000F0FF070028F2D1C0
:104A60002D2D57D02B2D08BF7578BA4608BFB41C22
:104A700033F0100039D04FF0FF38B8FBF3F803FBE8
:104A800008FB6FEA0B0B9946002738460CE0303DD7
:104A9000AB4219DD002F25DB404523D820D009FB90
:104AA0000050012714F8015B0CEB0506767816F030
:104AB000040FECD116F0030606D0012E14BF5726C2
:104AC0003726AD1BAB42E5DC002F1DDBBAF1000F32
:104AD00018D10AB1A7B9116002B0BDE8F00F704754
:104AE0005D45DCDD4FF0FF37DCE7302D17D0002BC4
:104AF000C1D10A2399464FF0050BDFF85480C3E774
:104B0000611EE8E74042E4E70198222303604FF08A
:104B1000FF30DEE7B41C75784FF0010AA8E7207873
:104B200000F0DF00582808D0002BA4D108239946B4
:104B30004FF0070B6FF06048A6E7102365789946A1
:104B40004FF00F0B02346FF070489DE7A801002072
:104B50009999991930B4044C0D46134601462A46DA
:104B6000206830BCFFF766BFD805002030B4C2B162
:104B70000B7803704C1C8BB10A44002303E014F83B
:104B8000015BC55455B1944203F10103F7D122787A
:104B900022B114F8012F0133002AFAD1184630BC93
:104BA00070470C461346F2E72DE9F04FC9B0914625
:104BB00010930C910D90FDF783F800681590DAF7CB
:104BC000AFFA0C9C1890A3891A0603D52369002B11
:104BD00001F091809FED967B8DED167B002338AC24
:104BE000119308942D932C931A9319930E932B944D
:104BF000264699F80030002B00F0F880252B00F0B5
:104C0000F58009F1010201E0252B04D014460132A0
:104C10002378002BF8D1C9EB04057DB12C9B2D9A8C
:104C2000C6F8009001332A44072B75602D922C930F
:104C300000F3C28008360E9828440E902378002B8B
:104C400000F0C280002394F801808DF88F301A465E
:104C50000F93099304F101094FF0FF340A9409F10D
:104C60000109A8F12003582B00F2CC83DFE813F0F0
:104C70006F02CA03CA037602CA03CA03CA03CA037D
:104C8000CA03CA0319036903CA039D00C000CA030B
:104C90007D028402840284028402840284028402EB
:104CA00084028402CA03CA03CA03CA03CA03CA032A
:104CB000CA03CA03CA03CA0395027403CA0374036E
:104CC000CA03CA03CA03CA036D03CA03CA0378002E
:104CD000CA03CA03CA03CA03CA035900CA03CA03E0
:104CE000B402CA03CA03CA03CA03CA03CA03CA0373
:104CF000CA03CA03CA033C034D0374037403740359
:104D000004034D03CA03CA030D03CA03CA027C008D
:104D10002603AA03CA03DE02CA035F00CA03CA034A
:104D2000E400DDF824C04CF0100CCDF824C0099C40
:104D3000A20600F15B83099CE30600F1E585DDF83E
:104D400024C01CF0400F00F0DF85DDF840C0BCF847
:104D500000400CF1040C00250123CDF840C092E086
:104D6000099D45F010050995DDF824C01CF02003CD
:104D700040F03183DDF824C01CF0100240F0BD8506
:104D8000DDF824C01CF0400300F0B785DDF840C01A
:104D9000BCF800400CF1040C13460025CDF840C0CF
:104DA00071E00F9C109364420F94099D45F0040537
:104DB000099599F8008052E70D980C992BAA05F0F7
:104DC000F7FE40B938AE36E72D9B23B10D980C990C
:104DD0002BAA05F0EDFE0C9C0E98A38913F0400F52
:104DE00018BF4FF0FF3049B0BDE8F08F4C4625E7C3
:104DF00099F80080B8F12A0F09F1010001F01D8136
:104E0000A8F13003092B98BF002101F27C8010F833
:104E1000018B01EB810103EB4101A8F13003092B68
:104E2000F5D941EAE1710A9181461AE7AFF30080B2
:104E30000000000000000000099DA14C1A94AF067C
:104E40008DF88F2040F1D081DDF840C00CF10703D0
:104E500023F0070303F108041094D3E90045DDF8BB
:104E600024C01CF0010F00F0638454EA050000F038
:104E70005F8430234CF0020C8DF890308DF89180D7
:104E8000CDF824C002234FF0000A8DF88FA00A99B4
:104E9000002905DBDDF824C02CF0800CCDF824C0FF
:104EA00054EA050040F0C6820A99002940F0C28207
:104EB000002B40F03984DDF824C01CF0010F00F015
:104EC000338448AF302307F8413D089DEC1BDDF8E3
:104ED00028C000256445A8BFA446CDF82CC0149571
:104EE000BAF1000F02D00B9D01350B95099B13F011
:104EF0000203129302D00B9D02350B95DDF824C0FE
:104F00001CF0840CCDF84CC040F091820F9DDDF870
:104F10002CC0CCEB050BBBF1000F40F38882BBF13A
:104F2000100F2D992C9ADFF8A0A12CDD1B9730468D
:104F300057461025CA460C9EA1460D9C06E0ABF1D3
:104F4000100BBBF1100F00F1080017DD013210311A
:104F5000072A2D912C9207604560F0DD20463146EE
:104F60002BAA05F025FE00287FF435AFABF1100B1E
:104F7000BBF1100F2D992C9A38A8E7DC4C46D1468E
:104F8000BA461B9F064601320BEB010C072ACDF8EF
:104F9000B4C02C9286E8000C00F31B849DF88FA00F
:104FA0000836BAF1000F0FD02C9B01330CF1010C25
:104FB0000DF18F010122072BCDF8B4C02C9386E8A8
:104FC000060000F399830836129B73B12C9B0133C2
:104FD0000CF1020C24A90222072BCDF8B4C02C93AB
:104FE00086E8060000F394830836139D802D00F0B8
:104FF000CB820A9DC4EB050ABAF1000F3BDDBAF182
:10500000100F2C9B2F4D2BDD0A9432464FF0100BC6
:105010002E4661460D9C0C9D06E0AAF1100ABAF1DD
:10502000100F02F1080217DD01331031072B2D910B
:105030002C9382E84008F0DD204629462BAA05F093
:10504000B7FD00287FF4C7AEAAF1100ABAF1100F1D
:105050002D992C9B38AAE7DC0A9C35468C461646CF
:105060000133D444072BCDF8B4C02C9386E8200438
:1050700000F336830836099DED0500F125822C9B4F
:1050800037600133A444072BCDF8B4C074602C936F
:1050900000F310830836099C630748D50F9D0B98D1
:1050A0002C1A002C43DD102C2C9BDFF81CA02ADDD1
:1050B000574610256246DDF83080DDF834A00AE05E
:1050C000B023040890230408D0230408103C102CBB
:1050D00006F1080615DD01331032072B2D922C93B3
:1050E00037607560F2DD504641462BAA05F060FD41
:1050F00000287FF470AE103C102C2D9A2C9B38AEFB
:10510000E9DC9446BA460133A444072BCDF8B4C079
:105110002C93C6F800A0746009DD0D980C992BAA99
:1051200005F046FD00287FF456AEDDF8B4C00E9CB5
:105130000B980F9DA842ACBF241864190E94BCF1C3
:10514000000F40F0C38200232C9338AE51E599F84C
:105150000080002A7FF483AD202280E5099D45F080
:105160000105099599F8008079E5099D45F08005CC
:10517000099599F8008072E50024A8F130030F9496
:10518000214619F8018B01EB810103EB4101A8F1E4
:105190003003092BF5D90F9163E5DDF824C08DF8B4
:1051A0008F204CF0100CCDF824C0099CA30640F1D0
:1051B000B280109DE91D21F00701D1E900230831DB
:1051C000109114461D46002A73F10000C0F28B8333
:1051D0009DF88FA001235AE6099DB74C8DF88F20CA
:1051E000AF061A943FF530AE099DED0640F15E849E
:1051F000DDF840C0DCF800400CF1040CCDF840C0F4
:1052000000252CE6DDF824C08DF88F201CF0200F3F
:1052100000F03E84109C21680E9CE5172B46109DE3
:10522000224604351095C1E90023E2E4109C27686A
:105230004FF0000A8DF88FA0251D002F00F0F58596
:105240000A9C002C3846C0F2A78551462246FDF73D
:1052500063F8002800F01F860A9C1095C01BA0422E
:10526000B8BF044624EAE475CDF828A0CDF850A0D4
:105270000B959DF88FA033E6DDF824C04CF0400C70
:10528000CDF824C099F80080E9E499F80080B8F1DD
:105290006C0F4B4600F08D84099D45F01005099573
:1052A000DDE4109C109D24680F94002C05F104038C
:1052B000FFF677AD109399F80080D0E4109ADDF8EE
:1052C00024C07E4814681A903023151D4FF07808CA
:1052D0004CF0020C8DF890301095CDF824C00025CC
:1052E0008DF891800223CEE5109A109D12688DF8FA
:1052F000B8200023012404359A460B9410958DF8AC
:105300008F300A9314932EAFF0E5099C8DF88F200F
:10531000A3063FF54EAFDDF824C01CF0100F40F09F
:10532000D282099C670640F1CE82DDF840C0BCF90C
:1053300000400CF1040CE51722462B46CDF840C086
:1053400041E799F800802B2289E4099D45F0080582
:10535000099599F8008082E4099C8DF88F20250733
:1053600040F18B83109DEB1D23F0070393ED007B31
:105370008DED167B03F1080CCDF840C0DDE9160178
:10538000FCF758F80128DDE9160140F05F830022A0
:105390000023D0F7E9FE002840F06D859DF88FA02E
:1053A000DDF824C0464F474B002503242CF0800C29
:1053B0000B940A95CDF824C0B8F1470FD8BF1F460B
:1053C00014958DE5DDF824C04CF0200CCDF824C0F8
:1053D00099F8008043E4109CE31D23F0070303F1D8
:1053E00008051095D3E9004500234CE5109DEB1D01
:1053F00023F0070303F1080CD3E90045CDF840C0C2
:10540000012340E58DF88F20B8F1000F3FF4DCACAC
:1054100000234FF0010C9A46CDF82CC08DF8B880CF
:105420008DF88F300A93149364462EAF5EE5DDF855
:10543000B4C0B6E5012B00F0EC80022B0DF1DF03C8
:1054400018D1DDF868C0194604F00F00220942EABD
:1054500005720F462B091CF80010397052EA030040
:1054600014461D4607F1FF31EED1089DCDE91E23FC
:10547000EC1B2CE5E00840EA457004F00702E9085F
:10548000303250EA010C1F461A7004460D4603F1F3
:10549000FF33EFD1099CCDE91C01E007394640F10B
:1054A000C180302A00F0BE80089D1F463023EC1BCF
:1054B00001F8013C0BE500BF1C170408B0230408E9
:1054C000A4230408A0230408B8F1650F40F3AD80BD
:1054D000DDE9160100220023CDF81CC0D0F73AFE0A
:1054E000DDF81CC0002800F026812C9BAA4A3260FF
:1054F00001330CF1010C0122072BCDF8B4C02C9321
:10550000726000F3F9820836259B119CA34203DBED
:10551000099DEC077FF5BFAD2C9B189D159C346051
:105520000133AC44072BCDF8B4C075602C9300F365
:105530004A830836119D6C1E002C7FF7ACAD102CF1
:105540002C9B964D40F3978110276246DDF83480FE
:10555000DDF830A004E00836103C102C40F38A81BE
:1055600001331032072B2D922C9386E8A000F2DD38
:10557000404651462BAA05F01BFB00287FF42BACBC
:105580002D9A2C9B38AEE7E70F9D0B98C0EB050AD0
:10559000BAF1000F7FF72DADBAF1100F2C9B7F4DA4
:1055A0002BDD129432464FF0100B2E4661460D9CB7
:1055B0000C9D06E0AAF1100ABAF1100F02F10802E0
:1055C00017DD01331031072B2D912C9382E8400811
:1055D000F0DD204629462BAA05F0EAFA00287FF4E0
:1055E000FAABAAF1100ABAF1100F2D992C9B38AA28
:1055F000E7DC129C35468C4616460133D444072B13
:10560000CDF8B4C02C9386E8200400F3128208364B
:10561000EFE4002D08BF0A2C80F0388148AF303409
:1056200007F8414D089DEC1B51E4119C012C2C9C6A
:1056300040F3D58101340CF101030122072C3760BE
:105640002D932C94726000F3DB810836DDF86080C6
:10565000159D356001349844189DCDF8B480072C11
:105660002C94756000F3D8810836DDE9160100221C
:105670000023D0F76FFD119D002840F0B9806B1E0C
:10568000013401379844072C2C94CDF8B48037604E
:10569000736000F3E2800836DDF864C0199D0134C0
:1056A000C44427AB072CCDF8B4C02C9486E828005E
:1056B0007FF7F0AC0D980C992BAA05F079FA002829
:1056C0007FF489ABDDF8B4C038AEE4E40D980C99F2
:1056D0002BAA05F06DFA00283FF435ADFFF77BBB30
:1056E0000D980C992BAA05F063FA00287FF473AB90
:1056F000DDF8B4C038AEBEE40D980C992BAA05F0C5
:1057000057FA00287FF467ABDDF8B4C038AE5BE42D
:105710000D980C992BAA05F04BFA00287FF45BAB8F
:10572000DDF8B4C038AE60E40A9C38AFFFF7CFBBF9
:105730000223FFF7A8BB259B002B40F3E981119CB6
:10574000149DDDF844A0AC42A8BF2C46002CBA44FE
:105750000BDD2C9B37600133A444072BCDF8B4C07C
:1057600074602C9300F328830836149D24EAE474B3
:105770002C1B002C40F3DB80102C2C9B074D40F39E
:10578000AF810A974FF010082F4662462546DDF894
:1057900034B00C9C09E000BFCC230408902304081B
:1057A0000836103D102D40F3978101331032072B3E
:1057B0002D922C9386E88001F2DD584621462BAAD3
:1057C00005F0F6F900287FF406AB2D9A2C9B38AE35
:1057D000E7E70D980C992BAA05F0EAF900287FF469
:1057E000FAAA9DF88FA0DDF8B4C038AEFFF7D9BB98
:1057F0006F1E002F7FF750AF102FB44D23DD4346AF
:105800004FF0100ADDF83480DDF830B004E0103FCE
:10581000102F06F1080615DD01341033072C2D93E7
:105820002C9486E82004F2DD404659462BAA05F068
:10583000BFF900287FF4CFAA103F102F2D9B2C9C7E
:1058400038AEE9DC98460134B844072CCDF8B48072
:105850002C9486E8A0007FF71EAF0D980C992BAA18
:1058600005F0A6F900287FF4B6AADDF8B4802C9CD8
:1058700038AE11E794460133A444072BCDF8B4C0E9
:105880002C93356074607FF705AC13E70DF1DF0BE7
:10589000204629460A220023D0F750FE30328BF8EA
:1058A0000020204629460A220023D0F747FE04465E
:1058B0000D4654EA050C5F460BF1FF3BE8D1089D0D
:1058C000EC1BFFF704BB109DDDF840C02C68E5170A
:1058D00022462B460CF1040C002A73F10000CDF88F
:1058E00040C0BFF675AC4FF02D0A644265EB45052C
:1058F0008DF88FA00123FFF7CABA109D2C680435DC
:1059000010950025FFF7BFBA109D2C68043510953F
:1059100001230025FFF7B7BA0D980C992BAA05F0C3
:1059200047F900287FF457AADDF8B4C038AE149DBB
:10593000259C2F44119DAC4242DB099DE9073FD4D1
:105940001198C7EB0A05041BAC42B8BF2546002DD1
:105950000BDD2C9B37600133AC44072BCDF8B4C072
:1059600075602C9300F35282083625EAE575641BB6
:10597000002C7FF790AB102C2C9B544D7FF77BAF06
:1059800010276246DDF83480DDF830A004E00836E8
:10599000103C102C7FF76EAF01331032072B2D9285
:1059A0002C9386E8A000F2DD404651462BAA05F074
:1059B000FFF800287FF40FAA2D9A2C9B38AEE7E75A
:1059C0002C9B159D3560189D75600133AC44072BE9
:1059D000CDF8B4C02C9300F3FB810836B0E7099DE5
:1059E000EA073FF527AE01340CF101080123072C2B
:1059F000CDF8B4802C94376073607FF74CAE2CE701
:105A00000D980C992BAA05F0D3F800287FF4E3A990
:105A10002D9B2C9C38AE19E60D980C992BAA05F0FD
:105A2000C7F800287FF4D7A9DDF8B4802C9C38AEE5
:105A30001BE60D980C992BAA05F0BAF800287FF404
:105A4000CAA9DDF8B4C038AEFFF7D3BAFBF7F2FC51
:105A5000002840F0C480099D1D4F1E4B9DF88FA06B
:105A60000A90032425F080050B9409951490B8F151
:105A7000470FD8BF1F46FFF733BA109CE31D23F032
:105A8000070393ED007B08338DED167B109375E4CF
:105A9000DDF824C01CF0100F00F05481109C0E9D06
:105AA0002368043410941D60FFF7A3B8099C6406B2
:105AB00040F14181DDF840C0BCF800400CF1040C1D
:105AC0000025CDF840C0FFF7CAB900BF90230408F5
:105AD000AC230408A82304082C463D460A9F94469C
:105AE0000133A444072BCDF8B4C02C933560746007
:105AF0003FF712AF08361AE70D980C992BAA05F05C
:105B000057F800287FF467A9DDF8B4C038AEFBE48D
:105B10002C9AB649316001320CF1010C0121072A9F
:105B2000CDF8B4C02C92716000F3F58008361C46A5
:105B30002CB9119D1DB9099DE8077FF5ACAA2C9BD6
:105B40001899159D356001336144189D2D91072BDF
:105B500075602C9300F3DC8106F108026442002C8E
:105B600040F30981102CA24D40F34681A346102634
:105B70000C46DDF83480DDF830A006E00832ABF1E9
:105B8000100BBBF1100F40F3358101331034072B9C
:105B90002D942C9382E86000F0DD404651462BAAFC
:105BA00005F006F800287FF416A92D9C2C9B38AA36
:105BB000E5E7099C93F8018044F0200409F101090C
:105BC0000994FFF74CB80D980C992BAA04F0F0FF3C
:105BD00000287FF400A9DDF8B4C038AEAAE40A9C1E
:105BE000013428F0200A00F0A380BAF1470F04D155
:105BF0000A9C002C08BF01240A94DDE91623099DA4
:105C0000002B45F480751295C0F29C819DED167BAA
:105C10008DED207B4FF0000BB8F1660F00F09B81FB
:105C2000B8F1460F00F0A981BAF1450F0ABF0A9CEE
:105C30000A9D651C022025A926AA29AB8DE8210012
:105C40000392049302910D98DDE9202302F01CFBDE
:105C5000B8F1670F074602D0B8F1470F05D1DDF85C
:105C600024C01CF0010F00F09C81BAF1460F07EB35
:105C7000050400F01C81DDE9200100220023D0F79B
:105C800069FA002840F00581299B9C4206D9302101
:105C90005A1C29921970299B9C42F9D8DB1BBAF136
:105CA000470F119300F0ED80B8F1650F40F3F281DA
:105CB000B8F1660F00F06881259C1494119C149D26
:105CC000AC4200F33281DDF824C01CF0010F40F03B
:105CD000AD8125EAE5732C464FF06708BBF1000F54
:105CE00040F0B280129D0B930995CDF828B09DF835
:105CF0008FA0FFF7F5B80D984021FBF7FDFF20605E
:105D00002061002800F0BF81DDF830C04023CCF8CE
:105D10001430FEF75FBF0D980C992BAA04F048FFD2
:105D200000287FF458A8259CDDF8B4C038AEFFE603
:105D300006250A9561E7109D2C680435109500250D
:105D4000FFF78DB8DDF824C01CF0400F00F087800D
:105D5000109C0E9D2368043410941D80FEF749BFEB
:105D60000D980C992BAA04F023FF00287FF433A888
:105D70002D992C9B38AADDF844C0119C1760013383
:105D80008C44072BCDF8B4C02C9354603FF792ACF1
:105D900002F10806FFF77FB9CDF828A0D9F7C0F9BE
:105DA000109520EAE07C0A9DCDF82CC0044614959D
:105DB0009DF88FA0FFF794B80D980C992BAA04F0CA
:105DC000F7FE00287FF407A8DDF8B4C038AECCE4B5
:105DD0000D980C992BAA04F0EBFE00287EF4FBAF83
:105DE000259CDDF8B4C038AEAAE500BFCC2304087A
:105DF0009023040821465C4601332144072B2D9152
:105E00002C9315605460ABDC0832B4E70D980C9904
:105E10002BAA04F0CDFE00287EF4DDAF259C11995D
:105E2000DDF8B4C00C1B38AE9FE50A9C1497062C15
:105E300028BF062424EAE47CBA460A971095CDF8D8
:105E40002CC0974FFFF74CB8129D09954FF02D0AC3
:105E500000250B938DF88FA00A95FFF744B8DDF865
:105E600040C00E9CDCF800300CF1040CCDF840C0B2
:105E70001C60FEF7BEBE4FF02D0A8DF88FA0FFF715
:105E80008FBA259BDC1C19DB0A9C9C4216DB149301
:105E900014E7234602E724EAE47CCDF82CC00A9CF0
:105EA00010950A9014909DF88FA0FFF719B83B78D1
:105EB000302B00F0AD80259D2C44DCE6A8F10208D3
:105EC000013B002B2593BABF5B422D222B22092BCD
:105ED0008DF89C808DF89D2065DC303330228DF864
:105EE0009F308DF89E2028AB119D119C27AA9A1AED
:105EF000012D1992144440F3B7800134002524EA9F
:105F0000E4731495EAE6002481460A94FEF7A9BEDC
:105F10000D980C992BAA04F04BFE00287EF45BAF81
:105F2000259C2D992C9B38AA18E6149C119D002CB9
:105F3000D4BFC4F1020401242C4424EAE4734FF0DA
:105F40006708CBE617991698209001F1004121913E
:105F50004FF02D0B60E60A9D0195032025A926AA86
:105F600029AB00900392049302910D98DDE9202360
:105F700002F08AF90A9D074677E60A9C01940320FD
:105F800025A926AA29ABECE7259D1495002D0A9C8E
:105F900063DDB4BB099DE80733D4149C24EAE473A1
:105FA0009CE6299B7AE60DF1AA003E4DDA1785FBA7
:105FB0000351C2EBA10101EB81040246A3EB4403B0
:105FC00003F13000092910700B4602F1FF30ECDCC0
:105FD00001F130030DF1AB04D9B2844202F8011C87
:105FE0005AD90DF19D00134601E013F8011BA3429D
:105FF00000F8011FF9D10DF5907CC2EB4C03F63B84
:1060000072E70A9D6C1C149D2C4424EAE47365E637
:10601000DDE9200100220023D0F79CF800287FF45E
:106020004AAFC5F1010525952C4424E6149D6C1C4E
:1060300024EAE4734FF0670850E6109DDDF840C095
:106040002D6899F801800A950CF10403002D109336
:106050008146BEF604AEFEF7FFBD7CB9099DE90797
:106060000CD401231C4639E6DDF824C01CF00103E2
:106070007FF443AF149324EAE4732FE60A9DAC1C2B
:1060800024EAE4732AE60D9D0C232B604FF0FF30C9
:10609000FEF7A9BE259B13E70DF19E0324E700BF81
:1060A000C4230408676666662DE9F04F0D468989AA
:1060B000ADF52F7D8C040E90069306D46B6E41F4E3
:1060C000005123F40053A9816B66924600241AF80C
:1060D000013B09940C94A1460B94DFF8E4830E9ED7
:1060E000139343B3D8F80010C818407800F00800A4
:1060F00000F0FF0720B36B680EE02B68D8F8002093
:1061000019780A440133527810070DD56A682B605C
:10611000531E09F101096B60002BEEDC3046294665
:1061200005F0A4FB0028E8D0524692461AF8013B3D
:106130001393002BD6D10B980DF52F7DBDE8F08F72
:10614000252B40F0848053783C460AF10102782BDD
:1061500000F2E582DFE813F08F00E302E302E302DE
:10616000E302E302E302E302E302E302E302E30207
:10617000E302E302E302E302E302E302E302E302F7
:10618000E302E302E302E302E302E302E302E302E7
:10619000E302E302E302E302E302E302E302E302D7
:1061A000E3027900E302E302E302E3022602E302F0
:1061B000E302E302E302E3024F024F024F024F0207
:1061C0004F024F024F024F024F024F02E302E3021F
:1061D000E302E302E302E302E302E302E302E30297
:1061E0002C027302E3027302E302E302E302E3021E
:1061F0006D02E302E3026302E302E302E302E3026D
:10620000E302E302E302E3025902E302E302930240
:10621000E302E302E302E302E302E302E3028D02AC
:106220009E0273027302730287029500E302E30287
:10623000B602E30279027702AC02E302E302A802AB
:10624000E302A002E302E3025902079292466B685E
:10625000002B40F357852B681AF8012C19789142CE
:106260007FF469AF6A680133013A6A602B6009F113
:106270000109524659E74FF0FF300DF52F7DBDE87B
:10628000F08F079200238D4A09920C934FF0030A76
:106290006B68002B40F39981790612D50AF1FF3A19
:1062A000BAF1030F00F2B780DFE81AF0DA008E00CF
:1062B0001E0044023046294605F0D8FA002840F076
:1062C0008B81D8F800102B6800E02B601A780A4404
:1062D000013352781207E1D56A68013A002A09F1C0
:1062E00001096A60F1DCE5E7631EB3F5AE7F86BFA6
:1062F0006FF4AE71631800234FF0000B0DF5AC7C0A
:1063000008935B46B3460C9ECDF814C0E24688BFA6
:1063100040F25D1447F45867CC4628680178A1F133
:106320002B024D2A00F2E280DFE812F02601E000A5
:106330002601E000E000FD00CC00CC00CC00CC0049
:10634000CC00CC00CC0036013601E000E000E000DB
:10635000E000E000E000E000210121012101210135
:1063600021012101E000E000E000E000E000E000A9
:10637000E000E000E000E000E000E000E000E0001D
:10638000E000E000E0002B01E000E000E000E000C1
:10639000E000E000E000E0002101210121012101F5
:1063A00021012101E000E000E000E000E000E00069
:1063B000E000E000E000E000E000E000E000E000DD
:1063C000E000E000E0002B01002C08BF4FF0FF349C
:1063D00017F0010340F07F81F90640F190831F46DA
:1063E000D8F800102B681A780A4401335278120743
:1063F00031D46A682B600137013ABC426A602AD006
:10640000002AF0DC3046294605F030FA18BBD8F8EF
:1064100000102B68E7E7002C08BF012417F00103E8
:1064200040F09F83F90640F154841F4608E01A4467
:106430002A601F44E41A05F019FA002840F041844C
:106440006B682A68A34230462946F0DB1B1B2244B6
:106450006B6027442A60DDF81CA0B944524664E60C
:10646000002C08BF4FF0FF34FA0640F115832B686B
:1064700000270DF1580B1A781BF802200133AAB13E
:106480006A682B600137013ABC426A60E3D0002A97
:10649000F1DC3046294605F0E9F90028DBD12B680C
:1064A0001A781BF802200133002AE9D1002F3FF4AB
:1064B00042AEB944DDF81CA0D0E700BF094903088B
:1064C000A8010020DFF8649339F9166027F43867D3
:1064D0006A688AF80010013A002A0AF1010A6A6023
:1064E00038DD01302860013C7FF417AFF9050C96C8
:1064F000E1465E469B4608D5059CA24500F20A840B
:10650000DDF814C0E2453FF416AE17F0100400F0B9
:106510007283DDF814C0CCEB0A0AD344DDF81CA06A
:10652000D944524601E63A05D2D516B947F4007768
:1065300008267A0500F17D83089A27F4607712B166
:10654000013A089201346A68013A002A03F1010312
:106550006A60C6DC584629460393CDF810C005F0A2
:1065600085F9039BDDF810C00028BCD0BEE70A2ED9
:10657000BCDD27F43867ABE73A06B7D527F08007CC
:10658000A6E707F4C062B2F5007FAFD127F4007729
:1065900047F4A06710269BE7A44A32F91660082E3C
:1065A000E7DCA3E79AF8013047F010079246CCE504
:1065B000079247F001076B689D4809900A21002B5C
:1065C0000C914FF0030A3FF767AE3046294605F0BD
:1065D0004DF900283FF460AE0B9C002C3FF44BAE0D
:1065E000AB89204613F0400F18BF4FF0FF300DF578
:1065F0002F7DBDE8F08F04EB840403EB4403A3F18B
:1066000030049AF8013092469FE507921023894A98
:10661000099247F400770C934FF0030A38E607928B
:1066200047F00107834A099208230C934FF0030AAD
:106630002EE69AF8013047F00207924685E5079268
:106640004FF0040A24E60792ECE7F906079262D4B9
:106650007B0740F18183069C236804349246A3F8AB
:106660000090069460E59AF8013047F004079246DE
:106670006BE5079247F040074FF0000A08E6114625
:1066800016A8079204F08EF847F0400707904FF0E5
:10669000010AFDE507928EE7664807920A210990F4
:1066A0000C914FF0030AF3E507924FF0020AEFE571
:1066B00060480792102147F4087709900C914FF039
:1066C000030AE5E59AF801306C2B00F0368347F0B9
:1066D0000107924639E514A8002108220A90D8F74C
:1066E00065FD17F0100B00F0BD820DF14C0A002281
:1066F0002968D8F8003009780B445B78180702D471
:10670000002C40F07283BBF1000F04D1CAF800B036
:106710000B9C01340B94DDF81CA0524605E50B449C
:1067200007925B7803F00303012B7FF444AF47F03B
:10673000010740E73046FBF7C3FA631E00680F907D
:10674000B3F5AE7F40F2A5816FF4AE7004440D94B2
:1067500040F25D144FF0000A0DF5AC7C0E96CDF8BA
:1067600014C047F4F0675346CDF844A0CDF840A0DC
:10677000CDF820A0CDF828A0E34656462868027838
:10678000A2F12B014E2900F25681DFE811F07E00C4
:1067900054017E005401540172005500550055000B
:1067A0005500550055005500550055005401540141
:1067B000540154015401540154014F015401540136
:1067C000540135012E0154015401A4005401540117
:1067D000540154018F0054015401540154015401D7
:1067E000890054015401540154018300540154019F
:1067F000540154015401540154014F0154015401F6
:10680000540135012E0154015401A40054015401D6
:10681000540154018F005401540154015401540196
:10682000890054015401540154018300E0230408F9
:1068300009490308354A030803EB0A0199B927F40B
:10684000C0778BF800200BF1010B6A68013A002A2F
:1068500004F1FF3409F101096A6040F3FA80013064
:106860002860002C8AD10896089C0E9E002C41D0EE
:106870000CE1F905E0D50D9A27F080070136002AD2
:10688000E3D0013A0D920134DFE73906EBD527F06A
:106890008007D6E7BAF1070FE5D14FF0080AD0E735
:1068A000BAF1060FDFD14FF0070ACAE7002B40F01C
:1068B000E6802EB907F4E061B1F5E06F00F03982AF
:1068C000BAF1010F02D0BAF1040FCCD10AF1010ADA
:1068D0005FFA8AFAB5E7BAF1000F40F0C780002EE0
:1068E00040F0D28007F4E061B1F5E06F00F01C8267
:1068F00008960E9E03F1FF3CBCF1010F40F2DC82D2
:106900000AF1FF32062A22D8BAF1020F40F2AD8214
:10691000BAF1030F1BD0AAF1040A5FFA8AFA0BF14D
:10692000FF34CDF834A0CAEB0404DA461AF8011D8E
:1069300030462A4604F05AFFA245F7D1DDF834C0AC
:1069400009F1FF396FEA0C02CCEB09099344F80511
:106950001CD5790500F19B821BF8011C65290BF100
:10696000FF3409F1FF3A0BD0452909D030462A46B9
:1069700004F03CFF1BF8021CA9F1020AABF102046F
:1069800030462A4604F032FFD146A34617F01002E3
:106990007FF4C1AE07F4C061B1F5806F8BF80020C1
:1069A00000F0D381109C002C40F06E8100220599EC
:1069B0003046FCF7E9FFFA0782468B4600F1328148
:1069C000BB0740F1E881DDF818C0DCF800300CF1BD
:1069D000040CCDF818C0C3E900AB0B9CDDF81CA07B
:1069E00001340B945246FFF7A0BBBAF1020F7FF4BB
:1069F0003AAF4FF0030A24E707F4A061B1F5806FC6
:106A000005D079057FF52FAF002E3FF471AFB905A2
:106A100006D4DDF828C0CDF844B0CCEB06061096BD
:106A200027F4F06747F4C07700260AE7012B7FF4CC
:106A30001AAF022305E7DDF83CC09CF80010914234
:106A40007FF411AFB9057FF50EAF27F420770A96D2
:106A5000F7E60E980393294604F008FF039B0028ED
:106A60007FF401AF002C7FF489AEFCE6BAF1030F8E
:106A70003FF42CAFBAF1050F3FF428AFF3E6022B39
:106A80007FF41EAF0323DCE608960E9E27F4807782
:106A900030E700220D925DE6DDF818C0DCF80070EA
:106AA0000CF104020692BA460DF1580B2B681A78C5
:106AB0001BF80220591CA2B16A682960013A6A6079
:106AC0001B780AF8013B013C0BD06B68002BEDDC16
:106AD0003046294604F0CAFE0028E7D057453FF467
:106AE0007BADBAEB07073FF426AB0B9C00230134C8
:106AF0008AF800300B94B944DDF81CA0AEE4DDF850
:106B000018C0DCF800700CF1040ABB462B68D8F8FA
:106B1000002019780A44591C5278100711D46A6869
:106B20002960013A6A601B780BF8013B013C08D0F0
:106B30006B68002BEADC3046294604F097FE0028FB
:106B4000E4D00B9CCDF818A0DDF81CA0C7EB0B0718
:106B500000230134B9440B948BF800305246FFF700
:106B6000E4BA14AB1846002108220A93D8F71EFB9A
:106B700017F010070D976CD04FF0000A08960D9E85
:106B8000CDF814904FF0000B56AFFBF793F8584533
:106B90003FF422AD2B68696813F801EB0A982B606B
:106BA00001390BF1010900904B466960089807F81C
:106BB0000BE051463A46FBF73BFB431C3FF40CAD60
:106BC000002877D10EB9CAF80060059949440591AB
:106BD000013C002E72D10AF1040AB3466B68002B07
:106BE0002ADD002CD1D1DDF81490089E0D9C002CDC
:106BF0003FF48EAD8FE522468AF800403046059975
:106C00000C9B099CA047BA0635D5DDF818C0DCF806
:106C100000300CF1040CCDF818C018600B9C013446
:106C20000B9476E4069C236804340694C3E900AB15
:106C3000D3E627F4B0674BE40898294604F016FE23
:106C40000028CED0DDF81490089EBBF1000FCDD007
:106C5000C2E4DDF818C0DCF800A00CF1040CCDF89B
:106C600018C08BE7DDF818C0DCF800A00CF1040CAC
:106C7000CDF818C03BE57B0740F19B80069C23685C
:106C8000043406941880C9E7DDF844C030460CF19E
:106C900001010A23FDF738FEDDF844B0021B0DF2B6
:106CA000AB218B4528BF0DF2AA2B58469B49FBF719
:106CB000F9FD7BE6023088D1CB468FE74FF0000B21
:106CC0008CE7002F3FF488ACB944DDF81CA0FFF737
:106CD000C5BBDDF818C02346DCF80010009530462F
:106CE000012204F0E1FD069C231D00283FF474AC52
:106CF0000B9CDDF81CA00693013481440B94524692
:106D0000FFF713BA3046294604F0B0FD00283FF4DF
:106D1000A2AA61E41AF8011C30462A4604F066FD76
:106D20000AF1FF3AFFF7ECBB27F4F0674FF0010AD6
:106D300087E527F4F067012383E59AF8023047F0EE
:106D400002070AF1020AFFF700BA089B0A9C191B06
:106D50004A420029A3D129E6FC070ED4B8070CD576
:106D6000069CDDF81CA021684A464FEAE97304340A
:106D70000694C1E90023FFF7D7B9DDF818C0DDF8A4
:106D80001CA0DCF800300CF1040CC3F80090CDF826
:106D900018C0FFF7C9B9069C271D2468FAF74AFBFB
:106DA000002856D050465946CFF74EFA0697206035
:106DB00013E617F001027FF428AFBC0740F197807B
:106DC000574B099C05999C4230460C9B00F0A280D1
:106DD00003F058FDDDF818C0DCF800300CF1040CAD
:106DE000CDF818C0C3E9000118E70492FAF762FF72
:106DF000049A90423FF4F0AB2B68696813F801EBFA
:106E00000A982B600DF5AC7C571C013900903B466D
:106E100069600CF802E0304651466246FBF708FA1A
:106E2000431C3FF4D9ABC8B9CAF80000FAF7FAFE20
:106E3000002853D0002F3FF466AC56AC3C44013FD1
:106E4000304614F8011D2A4604F0D0FC002FF6D17C
:106E500059E403F0DFFC06972060BEE5023028D13C
:106E60006B68002B4BDD3A4642E4059CA34588BF86
:106E70005C467FF660A914F8011D0E982A4604F0BE
:106E8000B5FCDDF814904C45F5D1FFF754B9DDF8A9
:106E900014C0E3457FF64FA95C4614F8011D0E9817
:106EA0002A4604F0A3FCDDF814904C45F5D1FFF719
:106EB00042B9DAF80000B9E7DDF81490CB457FF667
:106EC0003AA95C4614F8011D0E982A4604F08EFC7F
:106ED000DDF814C06445F5D1FFF72DB9B944013C84
:106EE000BBF1000F09D10AF1040A5F46B8E7069C1E
:106EF000236804340694186090E60746B0E73046ED
:106F0000294604F0B3FC0028ADD0002F7FF464AB19
:106F1000FFF7F9BB03F084FD5CE700BF042404081D
:106F2000354A0308044B054A1868054B00280CBF76
:106F300010461846704700BF64EF00200C24040878
:106F400068EF0020FE2808D8044B1B6803445B78D8
:106F500003F00303012B08BF20307047A801002075
:106F6000FE2808D8044B1B6803445B7803F0030336
:106F7000022B08BF20387047A8010020704700BFCF
:106F8000704700BF00207047F0B59BB00D466FF012
:106F900000444FF402774FF6FF766946009504955A
:106FA000ADF80C7002940594ADF80E60FDF7FCFD91
:106FB000009B00221A701BB0F0BD00BF30B4044C1F
:106FC0000D46134601462A46206830BCFFF7DCBF59
:106FD000D8050020F8B50D461446074610B1836B5E
:106FE000002B48D0A289A369A36093B2180738D5B3
:106FF0002669002E35D09904EDB215D52368626953
:107000009E1B96421CDA0136A268591C013AA26006
:1070100021601D706369B3421AD0A389DB0701D5D3
:107020000A2D15D02846F8BD636E23F4005342F4B0
:10703000005263662368A28162699E1B9642E2DB6E
:107040003846214602F0E2F840B923680126DBE722
:107050003846214602F0DAF80028E3D04FF0FF303E
:10706000F8BD3846214600F0FDFF0028F6D1A28980
:10707000266993B2BFE702F0E5F8B3E72DE9F041E6
:10708000124B86B01D68124B04460F46164690B14F
:10709000D3F80080FAF70AFE0096034621463A46E6
:1070A0002846C047431C03D100228A2332602B604C
:1070B00006B0BDE8F0811F68FAF7F8FD00960346B8
:1070C0002246284603A9B847ECE700BFD8050020B0
:1070D000540A002004F0A6BC4369002B10B40CDB5A
:1070E000A3F16402940705D1642192FBF1F401FB42
:1070F00014226AB96FF063024FE003F26C729107D9
:1071000049D1642192FBF1F401FB1422002A42D000
:1071100001228169C069490001EB00131344212B4E
:107120000BDC202B1FDA0D2B2FDC0A2B1BDA012B9B
:1071300019D900205DF8044B704741F2C6629342B2
:1071400016DC41F2C262934209DA41F2A262934232
:1071500005D0EEDBA3F5B553123B022BE9D8012095
:107160005DF8044B70474FF0FF305DF8044B7047FB
:1071700041F2D5629342F2D041F2D7629342EED00F
:1071800041F2D3629342D4D1E9E7102BD1DB112B2A
:10719000E9DD1C3BCBE740F26C7208491A4481FBE5
:1071A0000243D117C1EBE3134FF4C87101FB132263
:1071B000D2F1010238BF0022ABE700BF1F85EB51BF
:1071C0002DE9F04FADF2AC4D80460F46154699467D
:1071D000FFF7A8FE002483462B6863B1252B15D04A
:1071E0007A1E944280F0B38048F8243004352B682E
:1071F0000134002BF2D1002F00F017840023204629
:1072000048F824300DF2AC4DBDE8F08F6E68302E9A
:1072100000F0A2802B2E00F09F803146A1F13103B7
:10722000082B05F104054FF0000640F29D8045292A
:107230004FF0000A00F0A3804F2900F0A080A1F1D8
:107240002502552A00F28380DFE812F0BC0081009D
:107250008100810081008100810081008100810026
:107260008100810081008100810081008100810016
:107270008100810081008100810081008100810006
:1072800081008100C400F0001D013E018100D70390
:107290006603AA03B203810081008100CB03810051
:1072A0008100C70281000603150321032F033F035A
:1072B0004F035B036201780181008100810081003E
:1072C000810081005600AF01DD01F701F701810067
:1072D0000702AF0181003902AA03B20393029802A8
:1072E0008100C7028100A1028100A402AD028100D9
:1072F000B902C4029C005202D9F8183018332AA8E7
:107300005BF823104FF0000AFF22CDF8A4A402F08E
:10731000D5FD431E03334FD87E1EB44217D204F16D
:1073200080410139524608EB810153460DF5956CB9
:107330000CEB8202A2F580620133126841F8042F3F
:10734000834204F101041A4636D0B442EED3002041
:107350000DF2AC4DBDE8F08FA968A1F13103082B07
:1073600005F108053FF663AF28460AA90A2200F096
:1073700075FD0A9D2968452982467FF45DAF6968DD
:1073800004355CE7D9F814000028C0F25C84DFF80B
:1073900050E3C3178EFB00E2C3EB6213642202FBCF
:1073A000130308EB8400391BC74A04F0BDFA002818
:1073B000CDDB0444A742CAD92B68002B3FF41BAF96
:1073C000043509E77B1E9C42C1D2252348F82430AE
:1073D0000134F1E7D9F818300BEB83032AA8D96FF1
:1073E0004FF0000AFF22CDF8A4A402F067FD431E6F
:1073F0000333E1D87E1EB442A9D204F180410139A1
:10740000524608EB810153460DF5956C0CEB820258
:10741000A2F580620133126841F8042F834204F11F
:1074200001041A46C8D0A642EED890E7D9F8103029
:107430000C332AA85BF823104FF0000AFF22CDF886
:10744000A4A402F03BFD431E0333B5D87E1EB44214
:10745000BFF47DAF04F180410139524608EB810150
:1074600053460DF5956C0CEB8202A2F58062013358
:10747000126841F8042F834204F101041A469BD09C
:10748000B442EED363E79149D9F814008842ACBF07
:10749000002101210028C0F2C983DFF844E28EFBFD
:1074A00000E3C017C0EB63101330002E00F0178309
:1074B000632840F33283DFF830E2854B854A2B2E78
:1074C0000CBF76461E460CE3D9F81420D9F81030CC
:1074D000D9F80CA0002A03F1010308EB840CC4EBDB
:1074E0000701C0F28D83DFF8F8E1D0178EFB02E6CA
:1074F000C0EB6616642000FB1626CDF800A00196AE
:107500006046754A04F010FA0028BFF652AF1EE735
:10751000D9F814206D498A4202F26C7380F2A2827B
:107520000DF1280C2D225B42CCF80020BAF1000F9F
:1075300000F0D2830AF1FF3A0BA898E2D9F8203084
:10754000002BFFF63DAFFFF719FDD9F82030DFF82B
:107550009CC1002BD4BF002301235CF82300D7F784
:10756000DFFD00281EDD7E1EB44280F0048304F19E
:107570008042013A08EB8202002302E0B44280F02C
:10758000FA82D9F82010DFF864E10029D4BF002185
:10759000012101345EF82110C95C42F8041F013357
:1075A0009842EBD1FFF7ECFC06E7D9F810302AA897
:1075B0005BF823104FF0000AFF22CDF8A4A402F0DC
:1075C0007DFC431E03333FF6F7AE7E1EB442BFF48C
:1075D000BEAE04F180410139524608EB81015346A9
:1075E0000DF5956C0CEB8202A2F5806201331268F6
:1075F00041F8042F834204F101041A463FF4DCAE43
:10760000B442EDD3A3E6DBF8A0102AAE0023304647
:10761000FF22C6F8FC3302F051FC3368002B3FF424
:10762000CBAE324608EB8400391B4B46FFF7C8FD52
:1076300000287FF78CAE0444BEE62848224AD9F8D9
:107640000C30642918BF024608EB8400391B04F093
:107650006BF90028BFF6ADAE79E64846FFF73CFD72
:107660000646D9F814000028C0F2BB821C4B83FBED
:107670000032C317C3EB6213642202FB1303002E14
:10768000C0F2728206D01149D9F814208A42B8BFDC
:107690004FF0FF36DFF848E011491E44F3178EFB28
:1076A00006E2C3EB6212642303FB1266F21881FB4D
:1076B0000210D117C1EB601103FB112371E6D9F859
:1076C0001C30084A0133BFE7BC25040894F8FFFFCB
:1076D000500F040864250408942504088425040830
:1076E0001F85EB51102604088C1204084C0A002058
:1076F000D9F82030002BFFF663AE02F015FB0646EA
:10770000FFF73CFCD9F82030002BCCBF1C23002312
:107710001E4408EB840A366AFFF732FCC54A7642FB
:1077200082FB06204FEAE67C3044CCEB6010CDF8BB
:1077300018C002F03BFBDFF8FCE2DDF818C080FB6C
:107740000E23BD4AC11882FB0623C217C2EB611289
:10775000C2EB0212A0EB820033440090391BCCEB49
:10776000E3235046B54A04F0DFF80028BFF621AE07
:10777000EDE5D9F81030B24A013365E77B1E9C4233
:10778000BFF4E5AD0A2348F82430013414E6DBF8F1
:10779000E4103AE77B1E9C42BFF4D9AD092348F8B8
:1077A0002430013408E67B1E9C42BFF4D0ADD9F8EA
:1077B000183053B9372348F824300134FCE57B1ED8
:1077C0009C42BFF4C4ADD9F81830303348F82430A7
:1077D0000134F1E5DBF89C1017E7D9F808300B2BE2
:1077E000CCBFA423A0235B442AA859680026FF220B
:1077F000CDF8A46402F062FB431E03333FF6DCAD18
:1078000007F1FF3C6445BFF4A2AD04F1804A0AF1E0
:10781000FF3A08EB8A0ACDF8208009973346E04604
:1078200007460AE010680136BE424AF8040F3346A4
:1078300000F06F814445BFF48AAD2A680DF595606C
:10784000502A00EB830204F10104A2F58062E9D121
:107850001068FFF777FBE6E7D9F80420D9F808307D
:10786000009208EB8400391B764A04F05DF800288A
:10787000BFF69FAD6BE508EB8400391B704AD9F861
:10788000003004F051F80028BFF693AD5FE599E8A9
:107890000E0008EB8400009201916B4A391B04F042
:1078A00043F80028BFF685AD51E5D9F81C10D9F88A
:1078B0001830634A0731C91ADFF89CC18CFB01C339
:1078C0000B44C917C1EBA303BEE64846FFF704FC0F
:1078D000D9F81830002B00F0EB80013B0028D9F8D4
:1078E0001C2040F3348101235BE5D9F81830002BCC
:1078F00000F0E080591ED9F81C00514A0730411AA7
:10790000DAE72AAEDBF8981000233046FF22CDF8E4
:10791000A43402F0D3FA80E64C4AD9F81410079147
:107920009142ACBF0022012248460692FFF7D4FBE9
:107930000799069A00290346C0F22C81DFF81CE162
:10794000C8178EFB01ECC0EB6C1C0CF1130C0990FA
:10795000CDF80CC0DFF804C109988CFB01ECC0EB3A
:107960006C1E642000FB1E1E002BC0F2E78003D0BB
:1079700012B14FF0FF3301227344591C00F0D08044
:10798000642B00F0FD80DDF80CC0642101FB0C339A
:10799000002A67D00DF1280C2D22CCF80020C5E577
:1079A00027482B4AD9F808306B2918BF02464BE606
:1079B000D9F80820002A00F0AA800C2A00F0E880FC
:1079C000DFF89CE0D3178EFB02E0C3EB600303EB10
:1079D0004303A2EB83031E48194A492918BF0246F4
:1079E00032E608EB8400391B154AD9F8043003F05D
:1079F0009BFF0028BFF6DDACA9E40DF1280C252380
:107A0000CCF80030002E57D0BAF1050FCCF8046046
:107A100000F25D810CAE30460E49CDF818C004F07E
:107A20000FF8DDF818C06246FCE520460DF2AC4DBB
:107A3000BDE8F08F89888888C5B3A29160260408C4
:107A4000BC250408382604082426040894F8FFFFFF
:107A500084250408E0250408932449921F85EB51EE
:107A6000ABAAAA2A2B2E60D00DF1280C6046252245
:107A70000260CEB904309C490593CDF818C003F0DC
:107A8000DFFFDDF818C0059B00936246534608EB04
:107A90008400391B03F048FF0028BFF68AAC56E487
:107AA0002522CCF800206046302242600830E2E710
:107AB000062313E706211EE72B23CCF8043004230A
:107AC0000CAE30461E21894ACDF818C003F02CFFB9
:107AD0000028DDF818C09EDD06EB80009CE7844E90
:107AE000844ABAF1010F98BF4FF0020A824B01900D
:107AF000C1EB0A00002908BF33460090391B08EB90
:107B0000840003F011FF0028BFF653AC1FE40C23E0
:107B100061E7DDF82080099F4EE4754E774AE0E783
:107B2000039B013B039363232DE742F20F729342C1
:107B30000DF1280CB4D9CCF80060F7E47048D9F8FE
:107B400014108142BFF618AF01231A4614E740F023
:107B500089800A32DFF8B0E1D31A8EFB03E21A44BF
:107B6000DB17C3EBA2031CE46549D9F814208A4251
:107B7000B8BF01268EE5FFF703FA0020FFF7E8BB48
:107B8000DDF80CC00CF1010CCDF80CC00023FAE6B6
:107B9000134620E701F26C700692059300F0C4FAD8
:107BA000DFF860E1D9F81410069A059B8EFB00EC13
:107BB000C017C0EB6C100029039080F28F8001F297
:107BC0006C700692059300F0AFFA4E49059B069A39
:107BD00081FB001EC117C1EB6E1E642101FB1E0E4E
:107BE000C2E600F26C7000F09FFADFF818C1C3170C
:107BF0008CFB00C2C3EB6213642202FB13033EE55D
:107C000002F26C7007910593CDF818C000F08CFA61
:107C10003C4ADDF818C0059B079982FB0026C21775
:107C2000C2EB6616642202FB160666E400F26C7074
:107C3000079100F079FA334A079982FB0023C017B5
:107C4000C0EB631031E400F26C7000F06DFA2D4966
:107C5000C31781FB0012C3EB6213642202FB130300
:107C6000FFF79FBBD9F814000028C2EB030321DB08
:107C7000A0F165018A0705D1642691FBF6F206FBA7
:107C8000121171BB6FF064011E4A014482FB012096
:107C9000CA17C2EBE0124FF4C87000FB1211D1F109
:107CA000010138BF00215B1A042BCCBF34233523DC
:107CB000FFF777BB00F26B718E0705D1642291FB51
:107CC000F2F602FB161262B940F26B71DCE7BAF110
:107CD00006033FF49FAEF3E60BA8C8E6C817099069
:107CE00038E60121DFE700BF00260408D02504089C
:107CF000500F0408482504083812040864250408B5
:107D000095F8FFFF1F85EB519324499203683BB11F
:107D1000031D1A46043311680029FAD1121A931070
:107D2000184670472DE9F04F85B01E46019103902B
:107D300000920D4600E05D46AB465BF8044B2046E2
:107D4000F9F770FF0028F6D12D2CA14663D02B2C1B
:107D500008BFD5F80490029008BF05F1080B36F073
:107D6000100342D04FF0FF37B7FBF6F706FB07FAD8
:107D70006FEA0A0AB0460024254605E030D008FB29
:107D8000052501245BF8049B4846F9F713FF50B121
:107D9000A9F13002964215DD002C01DBBD42EDD980
:107DA0004FF0FF34EEE7484601F0D0FF50B14846AF
:107DB000F9F746FF00280CBF57213721C1EB090214
:107DC0009642E9DC002C20DB029AE2B9009A1AB153
:107DD000B4B9019B009A1360284605B0BDE8F08F46
:107DE0005245CCDD4FF0FF34CCE7B9F1300F19D05C
:107DF000002EB7D10A26B0464FF0050A164FBAE753
:107E0000ABF10403E6E76D42E0E7039B22221A6030
:107E10004FF0FF35DAE7012205F1080BD5F80490A1
:107E200002929CE7DBF8001021F02001582908D0CD
:107E3000002E97D10826B0464FF0070A6FF0604732
:107E400099E71026DBF80490B0464FF00F0A0BF1CB
:107E5000080B6FF070478EE79999991930B4044C6C
:107E60000D46134601462A46206830BCFFF75ABF2C
:107E7000D805002003F0F2BDF0B5431C87B00446DE
:107E800013D004AD002108222846D7F78FF90B4AFA
:107E90000B4B17681E68F9F709FF00950346224649
:107EA000384603A9B047012803D04FF0FF3007B090
:107EB000F0BD9DF80C0007B0F0BD00BFD805002054
:107EC000540A002021B1FF2A04D80A70012070470B
:107ED000084670478A2303604FF0FF30704700BFA9
:107EE00038B50B78613B0C460546172B0DD8DFE8FB
:107EF00003F0182028300C0C380C0C0C0C400C0C27
:107F00000C480C0C4F0C570C0C1016232B60002047
:107F100038BD08462E49D7F7C5F90028F5D10C2001
:107F200038BD08462B49D7F7BDF9002840D10120BC
:107F300038BD08462849D7F7B5F90028E5D1032010
:107F400038BD08462549D7F7ADF90028DDD1042012
:107F500038BD08462249D7F7A5F90028D5D1052014
:107F600038BD08461F49D7F79DF90028CDD1062016
:107F700038BD08461C49D7F795F90028C5D1072018
:107F800038BD08461949D7F78DF9C8B9082038BD5A
:107F900008461749D7F786F90028B6D10A2038BD18
:107FA00008461449D7F77EF90028AED10B2038BD1A
:107FB00020461149D7F776F90028A6D1022038BD0E
:107FC00020460E49D7F76EF900289ED1092038BD0A
:107FD000E01A0408E81A040890260408B01A0408F5
:107FE000D01A0408F01A0408C01A0408A81A0408D1
:107FF000A01A0408B81A0408C81A0408D81A0408F1
:10800000024B01461868FFF76BBF00BFD805002080
:1080100030B48AB103688B420CD0041D002302E007
:1080200005688D4206D001339342204604F10404D2
:10803000F6D1002030BC70471046FBE79200D7F71E
:10804000D7B800BF9200FAF7AFB900BF10B432B191
:10805000044600230133934244F8041BFAD15DF82F
:10806000044B70472F4B1B6870B506460C4613B186
:108070009A6B002A36D0A589ABB219070CD52269B4
:10808000AAB113F001011ED0636900215B42A36114
:10809000A160F2B1002070BDDA063BD55B0725D4A4
:1080A000226945F00803A3819BB2002AE9D103F4B9
:1080B0002071B1F5007FE4D03046214601F08EFEFC
:1080C000A3892269DDE7980758BF6169A160002A8A
:1080D000E0D1A3891A06DDD543F04003A3814FF018
:1080E000FF3070BD184601F0ADF8C4E7216B49B10F
:1080F00004F14003994203D0304601F06FF9A5899D
:108100000023236325F02405002322696360ADB2B8
:108110002260C6E745F04005092333604FF0FF3089
:10812000A58170BDD80500200028B8BF4042704727
:1081300038B5074C0023054608462360DFF73EFEAE
:10814000431C00D038BD2368002BFBD02B6038BD0A
:1081500064F000202DE9F04F03690D699D4283B062
:10816000834600F38B80013D01F1140400F1140AF1
:1081700054F825205AF825300132B3FBF2F8AA0052
:10818000914600925244A1440192B8F1000F3DD0B3
:108190004FF0000E7046224653468C4652F8046B50
:1081A0001968B7B2360C07FB08EE06FB08F606EBBB
:1081B0001E461FFA8EF7C71BB0B217FA81F7C0EB45
:1081C000114000EB2740BFB247EA0047914543F812
:1081D000047B4FEA20404FEA164EDFD2009A5AF84D
:1081E0000230614693B9019A131F9A450CD252F896
:1081F000043C4BB9A2F1080302E01A68043B1AB927
:108200009A4505F1FF35F8D3CBF81050584602F0E7
:10821000D3F800282EDB08F101085346002254F859
:10822000046B1868B1B2521A360C12FA80F1C6EB20
:10823000104202EB214289B241EA0241A14543F8D2
:10824000041B4FEA2242EAD25AF825200AEB8503A2
:1082500082B91A1F92450BD253F8042C42B9083B3D
:1082600002E01A68043B1AB99A4505F1FF35F8D3C4
:10827000CBF81050404603B0BDE8F08F002003B0AB
:10828000BDE8F08F000000002DE9F04F016C9BB0BD
:108290000446279D92469B4649B1436C4B600122A0
:1082A00002FA03F38B6001F043FE00232364BBF169
:1082B000000FD94633DB00232B60A54B1A4609EA91
:1082C0000303934214D00022002350465946CDF7B1
:1082D00041FF804648B3269E289D01233360002D30
:1082E00000F0C9809B48286001381BB0BDE8F08FC2
:1082F000269D42F20F732B60BAF1000F00F0A480AC
:108300009548289E002EF0D0C378002B00F0B58051
:1083100000F10803289D2B601BB0BDE8F08F0123FE
:108320002BF000492B60CB46C7E719AA18AB8DE8A4
:108330000C00204652465B4602F046F95FEA1955AA
:108340000A9040F08A80189F199D6FF482633D4423
:108350009D42C0F292821F3305F212425B1B09FA62
:1083600003F32AFA02F243EA0200CDF715FC0126D4
:10837000013DB846A1F1F87116960022774BCDF772
:10838000CDFA6DA3D3E90023CDF77CFC6CA3D3E930
:108390000023CDF7C5FA064628460F46CDF70CFC5C
:1083A00069A3D3E90023CDF76DFC02460B463046A6
:1083B0003946CDF7B5FA06460F46CDF7FDFE3946EC
:1083C0000790002230460023CDF7CEFE002840F073
:1083D0002982079E162E00F22282614B03EBC60310
:1083E000D3E9000152465B46CDF7DCFE002800F0E1
:1083F0004982013E079600260E96C5EB0805013D11
:10840000069500F1268200250895079E002EC0F2F1
:108410001782069D0D963544002606950C96249DE0
:10842000092D2CD8052DC4BF043D2495249EA6F10A
:108430000203CCBF00250125032B22D8DFE813F06F
:10844000AD03A002B603A504464A434BC9F313008B
:1084500000280CBF1046184653E7CBF3130343F034
:108460007F51CDF858805046A5F2FF3541F44011B8
:10847000DDF8608081E73C4837E7C31C4AE7002508
:108480002495002565642946204601F02BFD4FF018
:10849000FF390126099025952064CDF83C900B9674
:1084A000199B002BC0F2D280079E0E2E00F3CE80C7
:1084B0002B4B259903EBC60393ED007B00298DED33
:1084C000047BC0F27683DDE9042359465046CDF79C
:1084D00003FDCDF771FE0546CDF76EFBDDE9042304
:1084E000CDF7D0FB02460B4650465946CDF716FA5B
:1084F000099A05F13003B9F1010F06460F461370D2
:1085000002F1010B64D00022184BCDF7BBFB002217
:10851000002306460F46CDF71DFE002840F081805F
:10852000DDF82480099D0394C844DDE904AB05F11E
:10853000020928E0AFF3008061436F63A787D23F51
:10854000B3C8608B288AC63FFB799F501344D33F42
:108550000000F07FCD230408A42604080000F83FA3
:10856000A827040898260408CC2304080000244007
:10857000CDF788FB0022002306460F46CDF7EAFD23
:10858000002840F0CC8352465B4630463946CDF752
:10859000A3FCCDF711FE0546CDF70EFB52465B4618
:1085A000CDF770FB02460B4630463946CDF7B6F99B
:1085B00005F1300EC14509F801EC4C4606460F4660
:1085C0004FF00002A74B09F10109D1D1A346039C4A
:1085D00032463B4630463946CDF7A2F906460F46AD
:1085E0003246DDE904013B46CDF7BEFD40B9DDE989
:1085F000040132463B46CDF7ADFD90B1EB0710D5F7
:108600001BF8015C099A05E09A4200F02A8413F8ED
:10861000015C9B46392D0BF1FF33F5D06A1CD2B2B9
:108620001A7020460A9901F083FC079E269D731C50
:10863000289E00228BF800202B60002E00F01C8367
:108640000998C6F800B01BB0BDE8F08F0B9D002D57
:1086500000F00481249E012E40F3D3820C9E09F188
:10866000FF37BE42C0F29483F71BB9F1000FC0F28E
:108670008884089D4B46089E1E440896069E204608
:108680001E440121069601F043FD064665B1069998
:10869000002909DD0B46089AAB42A8BF2B46D21A27
:1086A000C91A0892ED1A06910C9B002B1BDD0B9941
:1086B000002900F06383002F11DD31463A46204641
:1086C00001F0CEFD064631460A9A204601F02AFD09
:1086D0000A998046204601F02BFCCDF828800C9B9F
:1086E000DA1B40F088820121204601F011FD0D992E
:1086F0000029804605DD01460D9A204601F0B0FDB7
:108700008046249A012A40F3C98200270D99002946
:1087100040F0A8820120069B034413F01F0300F0E1
:10872000A380C3F12002042A40F3BD84089ADDF837
:1087300018E0C3F11C031A449E4408921D44CDF86E
:1087400018E0089B002B05DD0A991A46204601F027
:10875000D5FD0A900699002905DD4146069A204676
:1087600001F0CCFD80460E9A002A40F06082B9F1FB
:10877000000F40F3AE820B99002940F085800B9DDD
:108780000A9FDDF824B006E0394620460A2200237D
:1087900001F0D8FB074638464146FFF7DBFC303096
:1087A0000BF805000135A945EEDCDDF824B00A9789
:1087B0008246B9F1010FACBFCB440BF1010B002590
:1087C0000A990122204601F099FD41460A9001F0E4
:1087D000F3FD002840F30A831BF8012C099905E0FA
:1087E000994200F0958213F8012C9B46392A0BF12F
:1087F000FF33F5D001321A704146204601F098FB54
:10880000002E3FF40EAF2DB1B54203D029462046CD
:1088100001F08EFB3146204601F08AFB01E701267C
:108820000E96EAE50798CDF7C7F932463B46CDF7F5
:1088300091FC00287FF4CDAD079E013E0796C8E568
:10884000079E089DAD1B0895754200260C950D9658
:10885000E5E56D42002608950696D6E50C9F089D35
:108860000B9E13E7000024401C230899069A194424
:108870001A4408911D44069263E74048401B0AFAD7
:1088800000F072E50E90B8E5002D05DD31462A4670
:10889000204601F033FD0646002F40F0EC823746BB
:1088A000099D09994D4408950AF001050B95DDF8DD
:1088B00028904D1C0AE001F045FB394606460A2285
:1088C0002046002301F03EFB07460135414648465D
:1088D000FFF740FC31468346484601F06DFD3A46BD
:1088E00003904146204601F08BFDC26805F1FF3E32
:1088F00003460BF1300ACDF818E0002A40F08A81D7
:1089000019464846029301F057FD029B024619465C
:108910002046029201F00CFB029A2AB9249919B957
:108920000B9B002B00F09F83039B002BC0F23F8228
:1089300005D1249919B90B9B002B00F03882002A2D
:1089400000F3AD82DDF820E005F801AC7545AB46DB
:1089500000F0B58249460A220023204601F0F2FACF
:10896000BE428146314620464FF00A024FF00003D6
:10897000A1D101F0E7FA06460746A6E7EEFBFFFFA6
:1089800000260B96079EDDF894E0B6440EF101092F
:10899000B9F1000FCDF83CE04E4640F3458100218F
:1089A000172E61640AD9012204235B0003F114002D
:1089B000B042114602F10102F7D96164204601F08C
:1089C00091FA0E2E099020643FF66AAD002D3FF417
:1089D00067AD079D002DCDE912AB40F31B82A84B7C
:1089E00005F00F0203EBC2032D11D3E90067EB067C
:1089F00040F1D681A34B50465946D3E90823CDF721
:108A00006BFACDE9100105F00F054FF003088DB1A9
:108A1000DFF870A230463946EE0705D5DAE90023C3
:108A2000CDF730F908F101086D100AF1080AF3D109
:108A300006460F46DDE9100132463B46CDF74CFABB
:108A400082468B460E9D45B15046594600228E4BBC
:108A5000CDF78AFB002840F0A9824046CDF7ACF85C
:108A600052465B46CDF70EF90022884BCCF758FFF3
:108A70000646A1F15077B9F1000F00F06381079D20
:108A80001795C8460B9D002D00F022827C4B804933
:108A900003EBC80353E902230020CDF71DFA324649
:108AA0003B46CCF73BFFCDE9100159465046CDF788
:108AB00083FB0546CDF780F802460B4650465946E3
:108AC000CCF72CFF3035099ECDE90401EDB23570AD
:108AD000DDE91001DDE9042306F1010BCDF762FBAE
:108AE000002840F0B582DDE9042300206649CCF778
:108AF00015FF02460B46DDE91001CDF753FB0028B8
:108B000040F0AC82B8F1010F40F38081B044CDF861
:108B10005090A246C146DDE90467DDE910450DE04D
:108B200000205949CCF7FAFE22462B46CDF71CFB14
:108B3000002840F09182CB4500F06581204629460F
:108B40000022544BCDF79EF80022524B04460D46AE
:108B500030463946CDF796F80F460646CDF72CFB42
:108B60008046CDF729F802460B4630463946CCF709
:108B7000D5FE08F130085FFA88F822462B460BF83C
:108B8000018B06460F46CDF7EFFA32463B460028EA
:108B9000C6D0179E0796544643E500260B962599A6
:108BA00000293DDD0E460F918946F8E601260B9619
:108BB000F5E7B9F1000F3FF786AC40F0DB8000220B
:108BC000354BDDE90401CDF75DF852465B46CDF744
:108BD000DFFAC8464E46002800F09180259DDDF85A
:108BE00024B0ED4307954146204601F0A1F9002E3F
:108BF0007FF410AE15E50A99204601F031FB0A908A
:108C000071E5169D002D00F0C28103F233430C9FE5
:108C1000089D30E50146204601F08AF9012283E6ED
:108C2000012625960F96B14600216164C6E60A9892
:108C3000414601F0C1FB0028BFF699ADDDF81CE00C
:108C40000A990EF1FF3E20460A220023CDF81CE0CF
:108C500001F078F90B990A90002940F01682DDF8AE
:108C60003C9084E5D8F8103008EB8303186901F0D4
:108C700001FAC0F120004EE50998FFF736BB00BFAE
:108C8000A8270408702804080000F03F00001C40DA
:108C90000000E03F0000244000001440BAF1000F43
:108CA0007FF433ADCBF31303002B40F077812BF02F
:108CB00000473F0D3F05002F3FF428AD089BDDF82E
:108CC00018E001330EF1010E0893CDF818E00127EA
:108CD0001CE5249A022A7FF74EADB9F1000F7FF40C
:108CE0007DAF41464B460522204601F02BF98046D8
:108CF00041460A9801F060FB00287FF76FAF079D9F
:108D000001350795099D31232B7005F1010B6AE7A9
:108D10000799099A31230131079113706CE5A34635
:108D2000039C7EE44046CCF747FF02460B46504684
:108D30005946CCF7A7FF0022B04BCCF7F1FD064611
:108D4000A1F15077504659460022AD4BCCF7E6FDD5
:108D500032463B4682468B46CDF724FA002840F047
:108D6000B380324607F1004350465946CDF7FCF92F
:108D700000284BD04FF0000846462FE70A990C9A7E
:108D8000204601F06DFA0A90ADE401260B96F9E554
:108D90000C9D0D9E0C977B1B1E440D96002764E4D2
:108DA0009DED127B4FF002088DED107B2FE6002A1F
:108DB000CDF82890D94611DD0A990122204601F00C
:108DC0009DFA41460A9001F0F7FA002840F35681D7
:108DD000BAF1390F00F01E8109F1310A3546069EBD
:108DE00086F800A006F1010B3E4605E503D11AF016
:108DF000010F7FF4F1AC5B469B46013B1BF8012C55
:108E0000302AF9D0F8E4DDF850905446DDE912AB91
:108E1000FFF746BB079E7542002D00F0C280794BDC
:108E200005F00F0203EBC203D3E90023DDE91201D1
:108E3000CCF728FF2D1182468B4600F03181724E0F
:108E40004FF00208EA0705D5D6E90023CCF71AFF50
:108E500008F101086D1006F10806F3D182468B4631
:108E6000F0E5079E099D30222A70013631220796CF
:108E70001A70FFF7D6BB7168204601F033F83369EA
:108E80009A1C0546920006F10C010C30D6F7B0F999
:108E900020462946012201F031FA074600E5BAF1E1
:108EA000390FCDF8289000F0B580069D0AF1010336
:108EB0002B703546069E06F1010B3E469CE4354676
:108EC000CDF828903E467BE44FF00008464616E772
:108ED0004C4908F1FF3501EBC50132463B46D1E96B
:108EE00000011095CCF7CEFECDE91401594650464D
:108EF000CDF762F90546CCF75FFE02460B465046B9
:108F00005946CCF70BFDDDF824E03035B8F1010F00
:108F100006460F468EF800500EF1010B1ED0099D3B
:108F20006B1E03EB080A0022384BCCF7ABFE0F4652
:108F30000646CDF741F98046CCF73EFE08F13008F1
:108F400002460B4630463946CCF7E8FC05F8018F5F
:108F50005545E8D1109D06460F46AB4400222C4BE8
:108F6000DDE91401CCF7DCFC32463B46CDF7FCF8DA
:108F7000002859D0179E07961BF8015C099AFFF745
:108F800049BB089E0023C9EB0605FFF774BB189B7D
:108F90000C9F089DC3F13603FFF76DBB5746FFF7E3
:108FA000B5BBDDE912AB4FF002084BE5B9F1000F9C
:108FB0003FF4B8AE0F9E002E7FF728AF0022134B70
:108FC00050465946CCF75EFE824608F101008B46BA
:108FD000CCF7F2FD02460B4650465946CCF752FEFE
:108FE0000022064BCCF79CFC079DDDF83C80013D40
:108FF00006461795A1F1507744E500BF00001C40DC
:1090000000001440A8270408702804080000244029
:109010000000E03F069B0999392235461A703E460A
:1090200003F1010BFFF7E2BBDDE914230020214926
:10903000CCF774FC32463B46CDF7B4F800283FF439
:10904000E5AE5B469B46013B1BF8012C302AF9D06C
:10905000179D0795FFF7E5BA45465446179E0796B4
:10906000099AFFF7D7BABAF1390FCDF82890D94647
:10907000D0D0039D002D3FF7AFAEAFE67FF4AEAE8C
:109080001AF0010F3FF4AAAEA2E6314620460A22AA
:109090000023DDF83C9000F055FF0646FFF767BB64
:1090A0004FF00208CEE43FF44CABC3F13C03FFF7B2
:1090B000DCBB00BF0000E03F8B899AB22DE9F04194
:1090C0000D46110780463CD46A6843F40063002AC9
:1090D000AB8159DDAC6A002C4BD09BB203F48052BB
:1090E000002192B2D8F80060C8F80010002A4FD0D2
:1090F0002A6D5F0705D569682B6B521A0BB1EB6BB4
:10910000D21A4046E9690023A047441C4AD0AA89E4
:109110002B692B6022F400639BB200226A60DA04A0
:10912000AB814CD4296BC8F8006011B305F1400342
:10913000994202D0404600F051F900202863BDE872
:10914000F0812E69AEB12C682E6091070CBF6B695F
:109150000023A41BAB600AE0324623466F6AE9692C
:109160004046B8470028C0EB0404064404DD002C48
:10917000F2DC0020BDE8F081AB8943F04003AB8115
:109180004FF0FF30BDE8F081EA6B002AA2DCF0E787
:1091900001234046E969A047431C02461ED0AB8923
:1091A000AC6AA6E7D8F800305BB9A9896B6021F4F6
:1091B00000639BB22A69AB81DB042A60B2D52865C3
:1091C000B0E71D2B01D0162B19D1AA892B692B6072
:1091D00022F400620023AA816B60A3E7D8F8003074
:1091E000002BDCD01D2B07D0162B05D0AB8943F00C
:1091F0004003AB81BDE8F081C8F80060B9E7AB89F6
:1092000043F04003AB81BDE8F08100BF10B50446D8
:1092100082B008B1836B53B1B1F90C0008B902B048
:1092200010BD204602B0BDE81040FFF745BF0191D8
:1092300000F008F80199EFE7014900F09DB900BF7F
:1092400071BB03082DE9F04F846B83B00746002CF7
:1092500065D145683348F8630423032107F53B7261
:10926000C7F8E412C7F8E822C7F8E04205F15C004D
:10927000AB812C606C60AC606C66EC812C616C61C5
:10928000AC6121460822D5F791FFBE68DFF898B09F
:10929000DFF898A0DFF89890DFF89880ED6101235F
:1092A0000922C5F820B0C5F824A0C5F82890C5F853
:1092B0002C802146F381B28134607460B46074669E
:1092C00034617461B461082206F15C000193D5F742
:1092D0006DFFFD68F66112200222C6F820B0C6F8C4
:1092E00024A0C6F82890C6F82C802146A881EA81DF
:1092F0002C606C60AC606C662C616C61AC6105F1DB
:109300005C000822D5F752FF019BED61C5F820B043
:10931000C5F824A0C5F82890C5F82C80BB6303B01D
:10932000BDE8F08F39920308492903087129030821
:10933000A9290308C9290308704700BF704700BF67
:10934000F8B5234D0F460446F9F78EF8AB685E6812
:1093500026F00306F11B01F6EF7121F47F6121F085
:109360000F01A1F58057B7F5805F07DB204600218C
:10937000DEF7D0FDAB683344984204D02046F9F7BD
:1093800075F80020F8BD20467942DEF7C3FD0130B4
:109390000DD0104BAA681968F61B46F0010620464E
:1093A000C91B56601960F9F761F80120F8BD204625
:1093B0000021DEF7AFFDAB68C21A0F2ADEDD064DD5
:1093C00004492D6842F00102401B5A600860D5E74D
:1093D000380600203CEF0020440A00202DE9F0412F
:1093E0000D460646002955D0F9F73EF855F8041CFD
:1093F000DFF874C121F00103A5F10804E218DCF8DC
:1094000008005768904227F0030769D011F0010166
:10941000576032D00021D0194068C00706D43B44C1
:10942000906800294ED0D268C260906043F001027B
:109430006260E350E1B9B3F5007F2DD35A0A042AE4
:109440006AD89809383041000CEB810C4649DCF8A9
:109450000820624566D0516821F003018B4202D298
:1094600092689445F7D1D368E360A2609C60D460B1
:109470003046BDE8F041F8F7F9BF55F8085C641BC9
:109480000CF10808A06840452B4443D0E568C5604E
:10949000A860C0E7BDE8F081DB080CEBC302012542
:1094A000DCF804009168A1609B1005FA03F31843EF
:1094B000E260CCF8040094603046CC60BDE8F04136
:1094C000F8F7D4BF294DA842ADD143F00102CCF842
:1094D0001440CCF81040E060A0606260E350C7E741
:1094E0001F44CB0707D455F8083CE41A1F44A26870
:1094F000E368D3609A601E4B1B6847F001029F42ED
:109500006260CCF80840B3D31A4B30461968FFF7B5
:1095100017FFADE701217EE7142A0CD802F15B00AA
:10952000410091E74B688010012505FA00F00343E4
:109530004B60134698E7542A03D8180B6E3041004D
:1095400082E7B2F5AA7F03D8D80B773041007BE7DA
:1095500040F254518A4203D8980C7C30410073E7A2
:10956000FC217E2070E700BF380600204006002066
:10957000400A002038EF00202DE9F04110F538773F
:1095800088461AD000267D68BC68013D0FD4A389A7
:10959000012B05F1FF3506D9B4F90E300133204611
:1095A00001D0C04706436B1C04F16804EFD13F684B
:1095B000002FE8D13046BDE8F0813E463046BDE898
:1095C000F08100BF02694B1193422DE9F00100F1D7
:1095D000140828DA11F01F0C08EB820208EB83074D
:1095E00028D058F823403B1D9A4224FA0CF4CCF1C1
:1095F000200135D945461E688E40344345F8044B5A
:1096000053F8044B934224FA0CF4F4D3D31B053BD8
:1096100023F00303043343441C6004B10433C8EB58
:1096200003039B1016E00023036100234361BDE8A0
:10963000F0017047BA42F6D941463B4653F8044B15
:1096400041F8044B9A42F9D8FB43134423F0030337
:1096500004339B100361002BE7D0BDE8F001704795
:109660004346D9E72DE9F04F8BB08846069209931F
:109670000790F8F725FB00680290D5F751FDD8F860
:10968000003002999A7803900144302A11F801AC15
:1096900003F1020540F0A681033300271D4613F8AD
:1096A000012B302A07F10107F8D0B14EB45C002C31
:1096B00000F0F4802B784FF00009F35CCB46002BD0
:1096C00000F098816B1C1C4601332278B25C002AA2
:1096D000F9D120460299039AD5F71AFEE0B1237812
:1096E000BBF1000F00F06C81C4EB0B0B4FEA8B0257
:1096F0000492502B00F09D80702B00F09A8023463E
:10970000C8F80030B9F1000F0CD0002F0CBF0620B4
:1097100000200BB0BDE8F08FBBF1000F00F08C8192
:109720002378E1E7631B013B072B494604DD5B100F
:10973000072B01F10101FADC079800F0D3FBA542E9
:1097400000F114030590089380F0CD819B46039BA4
:109750004FF000094F46C3F1010C0EE0202F5FD0FF
:109760003A46043714F8013CF35C03F00F039340CE
:10977000454549EA03091AD2444614F8013C5345C9
:1097800004F1FF38EAD108EB0C039D42E6D81846F5
:109790000299039A0193CDF800C0D5F7B9FD019B5A
:1097A000DDF800C00028D9D198464545E4D34BF8F0
:1097B000049B089B0599C3EB0B0B4FEAAB03484690
:1097C0000B615D0100F056FC069A1468281AA0424D
:1097D00000F3D080C0F2F7800026069804998368D1
:1097E000994200F39280069804994368994280F266
:1097F000A2805D1AAC4200F3FF80C268022A00F02A
:109800008881032A00F05681012A00F073810798AD
:10981000059900F08DFB149A00231360502078E71F
:10982000CBF800904FF000090BF1040B4A460427D7
:1098300098E763782B2B00F097802D2B70D0601C5D
:109840004FF0000BF25C4A49531E182B3FF657AFFE
:109850004378C95C01F1FF3CBCF1180FA2F1100282
:1098600000F1010312D8023090F800C002EB82022E
:1098700001EB420216F80C1001F1FF3CBCF1180F8D
:109880000346A2F1100200F10100EDD9BBF1000F77
:1098900000D0524204981044049031E728460299BF
:1098A000039AD5F735FD00283FD103982B5CF25C75
:1098B00004462C44002A00F09780302B40F042816F
:1098C000621C154601322B78302BFAD0F35CD3F1B1
:1098D0000109A34638BF4FF000090127EFE64744CE
:1098E00057F8040C00F0C6FBC4F12003984280F244
:1098F000DD8005980121FFF765FE069804998368CD
:1099000001319942049140F3D1800798059900F004
:109910000FFB149A0023A32013600BB0BDE8F08F57
:109920004FF0010BA378A01C8CE704942B782C46F5
:109930004FF00109DDE6012566B10698C368022BE8
:1099400000F08B80032B00F08C80012B00F0C28094
:1099500045F010051498059B03600999049B0B6062
:1099600028460BB0BDE8F08F4FF0000BDAE700BFE0
:10997000A8260408051B2946059800F0CFFE0028FC
:1099800036D06B1E5A11089803F01F0150F82220A0
:10999000012606FA01F111420AD0B34240F3A88031
:1099A0000598A91E00F0BAFE002800F0A180032649
:1099B000049B05982B4429460493FFF703FE0CE70C
:1099C000CDF810B095E6251A059907982A4600F0BB
:1099D00095FC049B05905B1B049300F11403089312
:1099E0000026FAE6002760E604924FF0010980E6BF
:1099F0000646DDE72C466CE66F1E002E58D1002F80
:109A000004DD0598394600F089FE064608987B116A
:109A1000012250F82330059807F01F07BA401A4278
:109A2000294618BF46F00206FFF7CCFD069B5B688F
:109A30000493641B02257FE70399635CF25C8B4609
:109A4000A344002A00F081800BF101021446013288
:109A50002378F15C0029F9D146E6159AC2F101029A
:109A60001592159B002B3FF473AF059B089F1E6951
:109A7000089B4FEA86084744002003E09F4243F8D2
:109A8000040C4AD9194653F8042BB2F1FF3FF5D024
:109A90000132089F0A60022D4DD0059A13699E423B
:109AA000FFF627AF14F01F047FF419AF212551E70B
:109AB0000126ABE7159900293FF4A9AE099814993E
:109AC0000360059B01221A61089B1A60059B0B60CD
:109AD00062201EE6B2077FF53BAF08990B6833435F
:109AE000DB07C2D434E7DDF820B04FF000095EE6B2
:109AF00002265DE7A5427FF48AAE012CDEDD611E01
:109B0000059800F00BFE00283FF481AE069A5368DA
:109B1000D4E715980028D1D079E6059883689E424D
:109B200015DA089F3346059800EB830201210133C3
:109B300003615161AFE706990B68013BA3421CD05A
:109B4000222507E713462546C1E65C46CCE5416879
:109B50000798013100F0C6F905990B699A1C074670
:109B600092000C310C30D5F743FB0798059900F0B3
:109B7000DFF905973B691437D5E76311012204F03B
:109B80001F0457F82330A2401A4214BF2125222572
:109B9000E0E600BF2DE9F00F0B68DFF8888184B0A4
:109BA00091465A1109EB820213F01F0300920190B3
:109BB0001CBF04320092019A00980393116800239D
:109BC00040F8043C9A461D461E464B78071FBC468B
:109BD000384602973BB318F80320002A48D1202BBF
:109BE00066D8AE421BDD604515D2BAF1070F12DC14
:109BF000CAF1080A4FEA8A0A0268CAF1200B034632
:109C00005C6804FA0BF7174324FA0AF21F6043F862
:109C1000042F9C45F4D8484541D84FF0080A01313B
:109C20004B78002BD7D1029F002E44D0604502D242
:109C3000BAF1070F62DD814542D24B4650F8042B42
:109C400043F8042B8742F9D2002243F8042B9F42A9
:109C5000FBD2009850F8043C2BB9B94541D057F8D5
:109C6000043D002BF9D0052004B0BDE8F00F70478B
:109C70000AF1010ABAF1080F06F1010606DC0368D1
:109C80001B0102F00F021A430260C8E74845C6D91B
:109C9000002340F8043C4FF0010A0438F1E70023A8
:109CA000A0F1040C40F8043C354660469A46B6E7FD
:109CB000292B029F1CD0042004B0BDE8F00F704790
:109CC000039A002AC5D0039B0098C3F120024FF0ED
:109CD000FF3150F8043C21FA02F2134040F8043CF2
:109CE000BAE7012305203B6004B0BDE8F00F7047E0
:109CF000019A02311160002E98D1DCE7CAF1080503
:109D0000AD000268C5F120060346596801FA06F461
:109D1000144321FA05F21C6043F8042F6345F4D381
:109D200089E700BFA826040800487047580A0020A9
:109D300010B5044600F00AF808B1012010BD204615
:109D4000F7F738FF003018BF012010BDFF2806D8F4
:109D5000044B1B681844407800F003007047002053
:109D6000704700BFA8010020FF280BD8074B1B68D5
:109D7000034493F90130002B06DBB0F1090358428C
:109D8000584170470020704701207047A80100200B
:109D9000FF2807D8044B1B681844407800F02000C7
:109DA000C0B2704700207047A80100200028B8BF4B
:109DB0004042704770B5084C0646002508461146DB
:109DC0001A462560DEF722F8431C00D070BD2368D8
:109DD000002BFBD0336070BD64F00020F0B58B89A0
:109DE0009AB2960791B00C46054637D4B1F90E10D9
:109DF000002917DB01AA01F0C3FE002810DB029B3B
:109E000003F47043B3F500514F424F41B3F5004F97
:109E10002CD0A38943F40063A3814FF480660BE048
:109E2000A3899AB212F0800F43F40063A38114BF98
:109E300040264FF48066002728463146F7F75CFF3E
:109E4000A389002829D01B4AEA6343F08003A38139
:109E5000206020616661A7B911B0F0BD01F1430334
:109E600001220B600B614A6111B0F0BD124AA36A76
:109E70009342CED1A3894FF480663343A381E66435
:109E8000DAE72846B4F90E1001F08EFE0028E3D080
:109E9000A38943F00103A381DEE79A05DCD404F132
:109EA000430243F002030121A38122602261616128
:109EB000D2E700BF39920308A929030810B46AB198
:109EC000002302E001339A4208D0CC5C40F8044BF6
:109ED000002CF7D118465DF8044B704710465DF82A
:109EE000044B7047C26C70B505460C464AB152F837
:109EF000240080B1016842F8241000220261C2608F
:109F000070BD2122042101F0C3FDE864024600284F
:109F1000EDD1002070BD012101FA04F6721D284622
:109F2000920001F0B5FD0028F3D044608660E4E7BC
:109F300031B1C36C4A6853F82200086043F822101C
:109F4000704700BF2DE9F047D1F8108082B08946F4
:109F5000824601F1140500242F68BEB23F0C02FBBB
:109F6000063602FB07F303EB16430134B6B206EBE9
:109F70000346A04545F8046B4FEA1343ECDC53B1AC
:109F8000D9F8082090450ADA09EB880108F10102A6
:109F90004B61C9F81020484602B0BDE8F087D9F8F7
:109FA0000410019301315046FFF79CFFD9F81020AF
:109FB000023209F10C01044692000C30D5F718F971
:109FC000DAF84C20D9F80410019B52F82100C9F8A6
:109FD000000042F82190A146D6E700BF2DE9F843E2
:109FE0009946234B089E09F1080483FB0453E417A8
:109FF000C4EB6303012B07460C46904635DD012573
:10A0000000216D00AB4201F10101FADC3846FFF797
:10A0100069FF0123B8F1090F4661036121DD04F1F5
:10A0200009063546444415F8013B0146303B3846A5
:10A030000A22FFF787FFA542F5D106EB0804083C8A
:10A04000C1450CDDC8EB0908A04414F8013B0146EA
:10A05000303B38460A22FFF775FF4445F5D1BDE88D
:10A06000F8830A344FF00908EAE70021CEE700BF81
:10A07000398EE338030C1B04B3B90004102310F02D
:10A080007F4F04BF0002083310F0704F04BF00017F
:10A09000043310F0404F04BF80000233002807DB78
:10A0A000420003D4202070470023E8E7581C704783
:10A0B00018467047036813F0070207D0D90720D469
:10A0C0009A0720D49B0803600220704799B209B90F
:10A0D0001B0C102213F0FF0F04BF1B0A08321907D4
:10A0E00004BF1B090432990704BF9B080232D90739
:10A0F00004D45B0801D12020704701320360104670
:10A100007047002070475B0803600120704700BF64
:10A1100010B50C460121FFF7E5FE01224461026102
:10A1200010BD00BF2DE9F04F0D69D2F810904D45DC
:10A1300085B00C46924604DA2A4654464D468A4675
:10A140009146A368616805EB09079F42C8BF0131CA
:10A15000FFF7C8FE00F1140606EB8708464501909C
:10A1600005D23346002043F8040B9845FBD80AF18A
:10A17000140C0CEB89091434CC45009404EB8505D0
:10A180005BD2CDF808800397C8465CF8043B9CB2CC
:10A1900024B3009A33464FF0000900E00B4652F812
:10A1A000047B19681FFA87FB1FFA81FA380C090C27
:10A1B00004FB0BA7B94404FB001000EB194019463F
:10A1C0001FFA89F949EA004795424FEA104941F8D8
:10A1D000047BE3D8C3F804905CF8043C5FEA1349BD
:10A1E00024D0D6F800A0009B504631464FF0000B1B
:10A1F00000E011461A88000C09FB020083441FFA94
:10A200008AFA0A464AEA0B4042F8040B53F8047BE8
:10A2100048684FEA174A84B209FB0A4A0AEB1B4A0C
:10A220009D424FEA1A4BE4D8C1F804A0E04506F17C
:10A230000406AAD8DDF80880039F002F0ADD58F82D
:10A24000043CA8F104081BB104E058F8043D0BB924
:10A25000013FFAD1019B18461F6105B0BDE8F08FA0
:10A2600012F003032DE9F041144607460E462CD1A7
:10A27000A4101CD0BD6C002D30D04FF0000804E0BD
:10A28000641014D02868A8B10546E307F8D538460D
:10A2900031462A46FFF746FFAEB17268FB6C641088
:10A2A00053F82210316043F822600646EAD1304666
:10A2B000BDE8F081384629462A46FFF733FF28607B
:10A2C000C0F80080E0E70646DAE75D1E0A4A002390
:10A2D00052F82520FFF736FE0646C9E70121384629
:10A2E000FFF700FE40F2712101220023416102616B
:10A2F0000546B8640360C0E7982804082DE9F84FC4
:10A3000093460A698B684FEA6B1A0AEB020909F156
:10A3100001069E420F468046496804DD5B009E426E
:10A3200001F10101FADC4046FFF7DCFDBAF1000F54
:10A3300000F1140409DD00231A4625460133534574
:10A3400045F8042BFAD104EB83043A6907F11403AE
:10A350001BF01F0B03EB820C21D0CBF1200A002253
:10A3600000E02C461968254601FA0BF10A4345F82E
:10A37000042B53F8042B634522FA0AF2F1D36260EE
:10A380000AB109F10206D8F84C307A68013E53F858
:10A3900022100661396043F82270BDE8F88F53F847
:10A3A000042B44F8042B9C45EDD953F8042B44F8B6
:10A3B000042B9C45F3D8E6E702690B69D21A10B466
:10A3C00015D19B00143014311944034401E0984224
:10A3D00011D253F8042D51F8044DA242F7D0944203
:10A3E00094BF01204FF0FF305DF8044B70471046DA
:10A3F0005DF8044B704700205DF8044B704700BFC8
:10A400002DE9F0470D460446114628461646FFF74B
:10A41000D3FF071E55D04EDB4FF000086968204679
:10A42000FFF760FD2F693269C0F80C8014351436CF
:10A4300000F1140305EB870C06EB8208002156F8A7
:10A44000042B55F8044B1FFA82F911FA84FA110C07
:10A45000C1EB1441C9EB0A0201EB224192B242EA7C
:10A460000142B04543F8042B4FEA21412C46E6D87F
:10A47000AC45984615D954F8046B11FA86F1360CA0
:10A4800006EB214689B241EA0642A44543F8042B73
:10A490004FEA2641EFD8EB43634423F00303043330
:10A4A0004344043B22B953F8042D013F002AFAD05B
:10A4B0000761BDE8F0872B464FF0010835461E4680
:10A4C000ACE720463946FFF70DFD012347610361E4
:10A4D000BDE8F0870E4B0B40A3F15073002B02DD5B
:10A4E0001946002070475B421B15132B0ADD322BE7
:10A4F000DDBFC3F13303012202FA03F3012300217C
:10A50000184670474FF4002242FA03F100207047CA
:10A510000000F07FF8B5046900F1140606EB84042E
:10A520000F4654F8045C2846FFF7A4FDC0F1200351
:10A530000A283B60A4F1040119DC8E42C0F10B072C
:10A5400038BF54F8081C25FA07FC00F1150038BF85
:10A5500021FA07F705FA00F54CF07F5328BF0027D2
:10A5600043F4401347EA050210461946F8BD8E42EF
:10A5700036BFA4F10801002454F8084CB0F10B07D1
:10A5800019D0B14288BF51F8041C05FA07F5C0F193
:10A590002B0045F07F5524FA00FC45F440158CBF94
:10A5A00021FA00F00020BC4045EA0C0340EA040216
:10A5B00010461946F8BD45F07F5343F44013224638
:10A5C00010461946F8BD00BF2DE9F04383B00121C4
:10A5D0001D46C3F30A5614460A9FFFF783FCC5F3D2
:10A5E000130380460EB143F48013019324B302A8F1
:10A5F00040F8084D6846FFF75DFD002835D19DE81D
:10A600000C00C8F81420002B0CBF01240224C8F849
:10A610001830C8F81040DEB908EB8403A0F23240CD
:10A6200038601869FFF726FD0B9BC0EB44101860DB
:10A63000404603B0BDE8F08301A8FFF73BFD0124CD
:10A64000019BC8F814302030C8F81040002EE3D029
:10A65000A6F2334909EB00033B600B9BC0F13500C8
:10A660001860404603B0BDE8F0839DE80C00C0F1DF
:10A67000200103FA01F10A43C3400193C8F81420F2
:10A68000C1E700BFF0B583B00E4669460746FFF745
:10A6900041FF04460D46304601A9FFF73BFF024645
:10A6A0000B469DE803003F693669411AC6EB070E69
:10A6B00001EB4E1EBEF1000F08DD05EB0E510D46FD
:10A6C00020462946CBF708FC03B0F0BDA3EB0E579C
:10A6D0003B46F5E770B4156902F1140301394E11D8
:10A6E00003EB85050136AB4200EB86060CD2014632
:10A6F00053F8044B41F8044B9D42F9D8AB1A153B73
:10A7000023F0030304331844864204D9002340F89D
:10A71000043B8642FBD870BC704700BF03694A11F6
:10A72000934210B400F1140410DA04EB83039C424A
:10A7300021D253F8040C043B18B115E053F8042D52
:10A7400092B99C42FAD35DF8044B704710DD11F0CA
:10A750001F010DD054F8220020FA01F303FA01F191
:10A76000814204EB8203E2D001205DF8044B704784
:10A7700004EB8203DBE70020E5E700BF70B5084C7F
:10A7800006460025084611461A462560DDF74CFBB3
:10A79000431C00D070BD2368002BFBD0336070BD1C
:10A7A00064F0002070B40C785E2C2ED000224D1C7A
:10A7B00016460023C2540133B3F5807FFAD184B129
:10A7C00086F0010202556E1C16F8013C2D2B0ED0AE
:10A7D0005D2B09D013B11C463546F3E7284670BC03
:10A7E0007047681E70BC7047304670BC704769780F
:10A7F0005D29F0D08C42EEDC023503190134A14210
:10A8000003F8012FFADC0236DEE701224C78164607
:10A810008D1CCEE7004870470000C07F0CB4F0B537
:10A82000174B0C1E9DB01F6824DB4FF4027323AD41
:10A8300014BF04F1FF36264602900690ADF814309E
:10A840004FF6FF7E2B46384602A9229A04960796B9
:10A850000195ADF816E000F02BFA431CBCBF8B232A
:10A860003B6014B1029B00221A701DB0BDE8F0409D
:10A8700002B070478B233B604FF0FF30F5E700BF1D
:10A88000D80500202DE9F04F644C87B09446049120
:10A89000D4F80080059099460A4600E032461646F4
:10A8A00016F8017B08EB07035B7803F0080303F05D
:10A8B000FF01002BF2D12D2F00F08D802B2F08BF30
:10A8C0005778029108BF961C39F010015ED0CA4635
:10A8D0004FEAE97B029C002C66D000244FF0004533
:10A8E0002046294652465B46CDF804C0CBF726FEEB
:10A8F000204603925B4652462946CBF71FFE0024B2
:10A9000000220023DDF804C019E0303FB94526DD00
:10A91000651C12D0994208BF904234D38B4208BFC5
:10A9200082422DD002FB0BF40AFB0344A2FB0A2354
:10A930002344D21943EBE773012416F8017B08EB9B
:10A9400007056D7815F0040FDFD115F0030506D06B
:10A95000012D14BF572537257F1BB945D8DC611C55
:10A9600027D00299002932D110461946BCF1000FB8
:10A9700003D054BB049ECCF8006007B0BDE8F08F54
:10A98000039CA742CEDD4FF0FF34D6E7302F27D00F
:10A99000B9F1000F9BD1029C4FF00A0A4FF0000B57
:10A9A0004FF00A09002C98D14FF0FF346FF00045AA
:10A9B00096E7029C24BB4FF0FF306FF00041059CEE
:10A9C00022232360BCF1000FD7D0013ED3E75242CF
:10A9D00063EB4303C8E70124961C5778029473E79E
:10A9E000337803F0DF03582B0ED0B9F1000F7FF45A
:10A9F0006EAF4FF0080A4FF0000B4FF0080969E7FF
:10AA000000204FF00041DAE777784FF0100A4FF05E
:10AA1000000B02364FF010095CE700BFA8010020D0
:10AA20002DE9F04F604C85B0D4F800800092019180
:10AA3000039099460A4600E03246164616F8017B16
:10AA400008EB07035B7803F0080303F0FF01002B1A
:10AA5000F2D12D2F7DD02B2F08BF5778029108BF40
:10AA6000961C39F0100255D04FEAE97B4A465B4606
:10AA70004FF0FF304FF0FF31CBF760FD4A46044600
:10AA80000D465B464FF0FF304FF0FF31CBF756FDE0
:10AA9000CA46944600230020002119E0303FB94502
:10AAA00026DD002B33DB8D4208BF84422FD3A94221
:10AAB00008BFA04229D000FB0BF30AFB0133A0FB27
:10AAC0000A011944C01941EBE771012316F8017B13
:10AAD00008EB0702527812F0040FDFD112F00302E4
:10AAE00006D0012A14BF57223722BF1AB945D8DC35
:10AAF000002B26DB029A02BB009A1AB1DBB9019E39
:10AB0000009B1E6005B0BDE8F08F6745D3DD4FF0B8
:10AB1000FF33DBE7302F21D0B9F1000FA4D14FF084
:10AB2000050C4FF09934214D4FF00A0A4FF0000BFD
:10AB30004FF00A09AEE7013EE2E7404261EB410116
:10AB4000DAE7039922220A604FF0FF304FF0FF311D
:10AB5000D2E70121961C5778029182E7337803F0FF
:10AB6000DF03582B10D0B9F1000F7FF47DAF4FF009
:10AB7000070C4FF0FF346FF060454FF0080A4FF0BC
:10AB8000000B4FF0080985E777784FF00F0C02367D
:10AB90004FF0FF346FF070454FF0100A4FF0000B8C
:10ABA0004FF0100976E700BFA80100209999991984
:10ABB0002DE9F04F9468166883B0924680460D46A2
:10ABC000002C6FD04FF0000B08688B685C46002C9F
:10ABD00043D09C421F4645D3AB8913F4906F44D0B9
:10ABE0006F69296907EB470707EBD777C1EB0009C6
:10ABF000621C7F104A44974234BF17463A465B05B1
:10AC000035D511464046F7F777F8002839D029693D
:10AC100001904A46D4F7ECFAAA89019B22F490628B
:10AC200042F08002AA81C9EB070203EB09006F61C1
:10AC30002B612860AA602746A1464A465946F7F785
:10AC4000B3FBDAF80820AB682868DB1B4844141B08
:10AC5000AB602860CAF8084024B3D6F800B0746826
:10AC60000836B4E72746A146E7E7B946E5E7404698
:10AC7000F7F732FC03460028D5D140462969FEF794
:10AC8000ADFBAA890C23C8F8003042F04002002333
:10AC90004FF0FF30AA81CAF80830CAF8043003B078
:10ACA000BDE8F08F2046CAF8044003B0BDE8F08F3D
:10ACB0002DE9F04F90468A89B1B08A461106099372
:10ACC000029004D5DAF81030002B00F04C850023F8
:10ACD00020AF0B9315931493089313973E4698F85F
:10ACE0000030002B00F09E83252B00F09B8308F1A1
:10ACF000010201E0252B04D0144601322378002BF9
:10AD0000F8D1C8EB04057DB1149B159AC6F80080F4
:10AD100001332A44072B75601592149300F32D8498
:10AD200008360898284408902378002B00F0C78341
:10AD300000214FF0000204F1010863788DF84720EC
:10AD40004FF0FF34059101910394084608F1010882
:10AD5000A3F12002582A00F29A82DFE812F00201E1
:10AD600098029802CE0098029802980298029802DF
:10AD700098025900D50098026400390298022C020A
:10AD80001E021E021E021E021E021E021E021E02C3
:10AD90001E0298029802980298029802980298025D
:10ADA000980298029802000298029802980298026B
:10ADB00098029802980298029802980276029802E5
:10ADC000980298029802980256029802980271011D
:10ADD00098029802980298029802980298029802A3
:10ADE000980298020901B301980298029802AA01F8
:10ADF000B301980298029F0198028C01A600B80046
:10AE0000F7019802D10198026B0098029802D900CC
:10AE1000DDF824C0DCF8000000280CF1040380F207
:10AE20001A8440420993019C44F00404019498F868
:10AE300000308BE7019C0590A00640F1F181099D4F
:10AE4000EB1D23F0070303F1080CD3E90045CDF80F
:10AE500024C001234FF00001039A8DF84710002011
:10AE6000069207900399002905DBDDF804C02CF059
:10AE7000800CCDF804C054EA050040F0D582039957
:10AE8000002940F0D1821BB9019CE20700F10E833A
:10AE9000B946039C069DA542B8BF2546079C04956C
:10AEA000002C7BD00135049578E0DDF804C00590D6
:10AEB0001CF0200300F0D481099CE31D23F007035C
:10AEC00003F108050995D3E900450023C2E7099A73
:10AED000DDF804C005903023151D8DF848304CF086
:10AEE000020C7823B74809958DF849301468CDF8DD
:10AEF00004C000250B900223ACE7019D45F001053D
:10AF0000019598F8003021E798F800302B211DE7D3
:10AF1000019DAC4C0590AA060B948DF8471040F1AA
:10AF20009880DDF824C00CF1070222F0070202F13C
:10AF300008040994D2E90045DDF804C01CF0010FB3
:10AF400000F0BA8154EA050000F0B68130224CF0DE
:10AF5000020C8DF84930CDF804C08DF8482002234A
:10AF600078E798F8003000297FF4F0AE2021EDE674
:10AF7000099BDDF824C01B68059001244FF00005F3
:10AF80000CF1040C04948DF847508DF85830CDF82E
:10AF900024C006940DF1580900240394019D15F076
:10AFA0000205079505D0DDF810C00CF1020CCDF8B4
:10AFB00010C0019B13F084030A9340F07F81059D2C
:10AFC000DDF810C0CCEB0504002C40F37781102C89
:10AFD0001599149ADFF8F4B126DD5B461025A346D7
:10AFE0001C4606E0ABF1100BBBF1100F06F1080692
:10AFF00017DD01321031072A1591149286E83000CE
:10B00000F0DD0298514613AAFFF7D2FD002840F068
:10B010005D82ABF1100BBBF1100F1599149A3E46EF
:10B02000E7DC23465C469B4601322144072A159102
:10B030001492C6F800B0746000F3EE8208363FE167
:10B04000019D614C0590AA068DF847100B943FF5C1
:10B0500068AF019DED0600F13083019C640640F16C
:10B060005883DDF824C0BCF800400CF1040C002526
:10B07000CDF824C060E7019C8DF84710A40600F1CC
:10B080002683DDF804C01CF0100F00F04883099CF3
:10B09000089D2368043409941D6020E698F8003068
:10B0A0006C2B424600F02083019D45F01005019570
:10B0B0004CE6DDF804C04CF0400CCDF804C098F824
:10B0C000003043E6019D0590AA068DF8471050D543
:10B0D000DDF824C00CF1070121F00701D1E90023BC
:10B0E0000831099114461D46002A73F10000C0F290
:10B0F000D6829DF84710039A079106920123B1E684
:10B10000099C0590D4F800904FF000058DF8475049
:10B110000434039DB9F1000F00F01983002D484657
:10B12000C0F20A8300212A46F7F7F6F8002800F05B
:10B130003483C9EB0000A842B8BF054606950994C0
:10B1400000259DF8474007940395A2E6DDF804C06A
:10B150004CF0200CCDF804C098F80030F6E5019CC6
:10B16000059044F010040194019D8DF84710AA0643
:10B17000AED4019CE30600F18282019C650640F199
:10B180007E82DDF824C0BCF900400CF1040CE51708
:10B1900022462B46CDF824C0A6E7A3F130020020BA
:10B1A00018F8013B00EB800002EB4000A3F13002F5
:10B1B000092AF5D9CCE5019D45F08005019598F85F
:10B1C0000030C3E5B02304081C170408B4280408A1
:10B1D00098F800302A2B08F1010500F0EC82A3F169
:10B1E0003002092A98BF002400F2E08215F8013BE2
:10B1F00004EB840402EB4404A3F13002092AF5D9DC
:10B2000044EAE4740394A846A2E5DDF804C005907E
:10B210004CF0100CCDF804C0019CA0063FF50FAE19
:10B22000019CE10600F12382DDF804C01CF0400F10
:10B2300000F01D82DDF824C0BCF800400CF1040CC5
:10B2400000250123CDF824C004E6019D059045F0BA
:10B2500010050195DDF804C01CF020037FF42CAE2E
:10B26000DDF804C01CF0100240F0FA81DDF804C0E3
:10B270001CF0400300F0F481DDF824C0BCF800406D
:10B280000CF1040C13460025CDF824C0E2E505902E
:10B290008DF84710002B00F012814FF0010C4FF099
:10B2A0000000CDF810C08DF858308DF84700CDF86B
:10B2B00018C00DF158096FE60223CBE51599149AD1
:10B2C0009DF8473063B1013201310DF14700012390
:10B2D000072A1591149286E8090000F38581083643
:10B2E000079B5BB10132023112A80223072A159194
:10B2F000149286E8090000F3838108360A9C802CAA
:10B3000000F0EF80039D069BEC1A002C30DD102C22
:10B31000A44D23DD2B464FF0100B25461C4604E0C0
:10B32000103D102D06F1080615DD01321031072AF7
:10B330001591149286E81008F2DD0298514613AA7E
:10B34000FFF736FC002840F0C180103D102D159904
:10B35000149A3E46E9DC23462C461D460132214420
:10B36000072A159114923560746000F31081083635
:10B37000069CC6F8009001322144072A15911492C8
:10B38000746000F3E7800836019D6B0736D5059D94
:10B39000DDF810C0CCEB0504002C2FDD102C149A26
:10B3A000DFF804B220DD10250B46DDF8089004E03C
:10B3B000103C102C06F1080615DD01321033072A67
:10B3C00015931492C6F800B07560F1DD48465146F9
:10B3D00013AAFFF7EDFB002878D1103C102C159B29
:10B3E000149A3E46E9DC194601322144072A159198
:10B3F0001492C6F800B0746000F32381089CDDF855
:10B4000010C0059DAC45ACBF644464190894002984
:10B4100040F0AA8098F80030002014903E46002B9F
:10B420007FF462AC44467FE4012B00F0BF80022B26
:10B430000DF17F031AD1DDF82CC0194604F00F007E
:10B44000220942EA057289462B091CF8001089F886
:10B45000001052EA030014461D4609F1FF31EDD1F8
:10B46000CDE90E23C9EB0703069312E5E00840EA95
:10B47000457004F00702E908303250EA010C9946A1
:10B480001A7004460D4603F1FF33EFD1019CCDE95C
:10B490000C01E00749460ED5302AE3D09946C9EBA6
:10B4A00007043023069401F8013CF2E40DF1C009D1
:10B4B000302309F8413DC9EB07050695E9E4159BE2
:10B4C00023B10298514613AAFFF772FBBAF80C3069
:10B4D000089813F0400F18BF4FF0FF3031B0BDE8AF
:10B4E000F08F059DDDF810C0CCEB0504002C7FF734
:10B4F00009AF102C2B4D22DD2B464FF0100B2546AB
:10B500001C4604E0103D102D06F1080614DD013242
:10B510001031072A1591149286E81008F2DD02987E
:10B52000514613AAFFF744FB0028CFD1103D102D40
:10B530001599149A3E46EADC23462C461D460132F4
:10B540002144072A159114923560746000F3D58068
:10B550000836D7E60298514613AAFFF729FB0028C0
:10B56000B4D115993E460FE70298514613AAFFF74A
:10B570001FFB00283FF44EAFA8E70298514613AADC
:10B58000FFF716FB0028A1D13E46FFF7CABB029881
:10B59000514613AAFFF70CFB002897D11599149A6E
:10B5A0003E46E5E6A4280408B4280408002D08BF98
:10B5B0000A2C3DD30DF17F0B204629460A22002399
:10B5C000CAF7BCFF30328BF80020204629460A22F9
:10B5D0000023CAF7B3FF04460D4654EA050CD946CA
:10B5E0000BF1FF3BE8D13DE70298514613AAFFF764
:10B5F000DFFA00287FF46AAF1599149A3E466FE689
:10B600000298514613AAFFF7D3FA00287FF45EAFE1
:10B610001599149A3E4671E60298514613AAFFF70F
:10B62000C7FA00287FF452AF1599149A3E4647E6B0
:10B630000DF1C009303409F8414DC9EB07050695F5
:10B6400027E40298514613AAFFF7B2FA00287FF4C4
:10B650003DAF1599D2E6099398F80030FFF776BB15
:10B66000099D2C68043509950025FFF7F3BB099D5A
:10B670002C680435099501230025FFF7EBBB099DD4
:10B68000DDF824C02C68E51722462B460CF1040C8B
:10B69000002A73F10000CDF824C0BFF62AAD4FF0A8
:10B6A0002D0B039B0693644265EB45058DF847B06F
:10B6B000CDF81CB00123FFF7D5BBDDF824C0DCF8C2
:10B6C00000400CF1040CCDF824C0002534E4099DA1
:10B6D000089C2968E5172B46099D224604350995E3
:10B6E000C1E90023FFF7FBBA019C537844F0200422
:10B6F00008F101080194FFF729BB0298514613AAEB
:10B70000FFF756FA00287FF4E1AE1599149A3E46E9
:10B71000F8E5099D2C680435099500250CE4DDF851
:10B7200004C01CF0400F2CD0099C089D23680434F1
:10B7300009941D80FFF7D3BA0994D3F7F1FC0025D3
:10B740009DF84740069007940395FFF7A2BB062D8E
:10B7500028BF062525EAE57C06950994CDF810C09A
:10B76000DFF8849018E44021F6F7C6FACAF8000022
:10B77000CAF81000002831D04023CAF81430FFF76F
:10B78000A6BADDF824C0089CDCF800300CF1040CEB
:10B79000CDF824C01C60FFF7A2BA9DF8475007956A
:10B7A000039D069509940390FFF773BBA8460025F7
:10B7B0000395FFF7CDBA099CDDF824C0246898F8FA
:10B7C000013003940CF10402002C0992A846BFF644
:10B7D000BDAA4FF0FF340394FFF7B8BA029C0C23C4
:10B7E00023604FF0FF3079E6C423040838B54B1CC2
:10B7F000144619D09289236B22F02002CDB2A28187
:10B80000ABB16268636B9A4209DA23685A1E226000
:10B8100003F8015C636801332846636038BD214644
:10B8200000F0C4F80028F0D04FF0FF3038BD236995
:10B8300022682BB1934203D212F8010CA8420FD018
:10B8400023466168A26304F140000322206362631F
:10B85000E16303F8425F012223602846626038BD3D
:10B860006368013A013384E80C0038BD10B50C461A
:10B87000096B69B104F14003994201D0FDF7AEFDB7
:10B88000E36B63600020206313B1A36B236010BDE2
:10B89000A2892369236042F020020023A281636011
:10B8A0004FF0FF3010BD00BF2DE9F04F83B002FB19
:10B8B00003F901929A4607460E460C9CB9F1000F17
:10B8C00026D04D464FF000080EE0D3F791FC2268D9
:10B8D000C4F804805A442260384621465E44CBEBCB
:10B8E0000505FFF7C3FFB8B9D4F804B021685D457A
:10B8F00030465A46E9D82A46D3F77AFC626823686C
:10B90000521B2B4450466260236003B0BDE8F08FA9
:10B91000484603B0BDE8F08F019BC5EB0909B9FBB0
:10B92000F3F003B0BDE8F08F0CB4F0B51E4BB1F1ED
:10B93000005F9DB01D680C461DD24FF4027302904B
:10B940000690ADF81430F9B101F18042013A23AE0E
:10B95000970033464FF6FF7E229A0497284602A9A5
:10B9600007970196ADF816E000F0D6F9029B002289
:10B9700084421A6003D88B232B604FF0FF301DB038
:10B98000BDE8F04002B0704723AE4FF6FF77334674
:10B99000284602A9229A049407940196ADF81670DD
:10B9A00000F0BAF9E7E700BFD805002001F1400335
:10B9B0002DE9F0410C46096B994214D0666B770073
:10B9C0003A46F6F789FD054640B300EB06083246D5
:10B9D00040462946D3F70CFCC4F800802563676312
:10B9E0000020BDE8F0814FF48061F6F785F9A8B139
:10B9F00094F8423020634FF48062626380F8FF3332
:10BA000094F8413080F8FE3394F8403080F8FD33EC
:10BA100000F2FD3020600020BDE8F0814FF0FF30E3
:10BA2000BDE8F081043800E03BB150F8043F51F824
:10BA3000042B9342F8D0981A70471846704700BFFD
:10BA40000B680022026002462BB142F8043B51F819
:10BA5000043F002BF9D100231360704710B40B464C
:10BA60004AB104E053F8044B40F8044B6CB1013A7E
:10BA7000F8D10022026053F8042B002AFBD1581A97
:10BA8000801001385DF8044B7047002AF7D1F0E7C9
:10BA900010B502FB01F1F6F72FF9044668B150F832
:10BAA000042C22F00302043A242A18D8132A06D8B8
:10BAB000034600221A605A609A60204610BD002397
:10BAC0001B2A036043600FD9242A8360C36005BF2B
:10BAD0000361436100F1100300F11803E9E700215D
:10BAE000D3F764FB204610BD00F10803E1E700BF77
:10BAF00070B50C46054631B110B1836B002B2FD0C9
:10BB0000B4F90C300BB9002070BD28462146FDF772
:10BB10007DFBE36A064633B12846E1699847002871
:10BB2000B8BF4FF0FF36A3891B061CD4216B41B16F
:10BB300004F14003994202D02846FDF74FFC002350
:10BB40002363616C21B12846FDF748FC0023636440
:10BB5000FDF7F2FB0023A381FDF7F0FB304670BD3B
:10BB6000FDF770FBCCE728462169FDF737FCDDE7E0
:10BB7000024B01461868FFF7BBBF00BFD805002085
:10BB800038B5084C00230546084611462360DCF70B
:10BB900021F9431C00D038BD2368002BFBD02B605B
:10BBA00038BD00BF64F0002038B5074C00230546BF
:10BBB00008462360DCF71EF9431C00D038BD23681B
:10BBC000002BFBD02B6038BD64F000202DE9F04F36
:10BBD00089B016AF002B14461D4697E88005DDF8A6
:10BBE0006490C0F28180149A00231360662F58D0AD
:10BBF000462F56D027F0200BBBF1450F2ED01299BF
:10BC00000191022606AA07AB1599009603920493A8
:10BC1000029122462B46FCF737FB672F06462FD1B1
:10BC2000139AD3072ED4079B9B1B002BC8F8003018
:10BC300010DDB9F1000F0DDDAAF10402002301E0CF
:10BC40004B4507D0F15C42F8041FD8F800100133CF
:10BC50009942F5DC504609B0BDE8F08F129E0136DE
:10BC6000129612990191022606AA07AB1599009621
:10BC700003920493029122462B46FCF705FB0646ED
:10BC8000472FCDD0129FBBF1460F37441AD0204624
:10BC9000294600220023CAF75DFAD0B107973B4638
:10BCA000C2E7129E01960321159E029606AA07ABD3
:10BCB00003920493009122462B46FCF7E5FA129F6B
:10BCC000064607443378302B16D015990B681F446D
:10BCD000DDE7079B9F42A7D930215A1C07921970B4
:10BCE000079B9F42F9D89FE7149905F100432D2641
:10BCF00014461D460E6079E720462946002200239F
:10BD0000CAF728FA0028E0D1129A1599C2F1010366
:10BD10000B601F44BBE700BF2DE9F04FF1B00024DA
:10BD200088469146129324940F90F5F7C9FFB8F80E
:10BD30000C3002681D061278219204D5D8F8103014
:10BD4000002B01F07B809FED9C7B38AC8DED187B48
:10BD50000023A4460994279470AC169329931B934F
:10BD6000119328930A946646D9F80030002B00F00E
:10BD7000AA82252B00F0A78209F1040201E0252BFD
:10BD800004D0144604322368002BF8D1C9EB040513
:10BD9000AD1085B1289B2999C6F80090AA000133FF
:10BDA0001144072B29917260289300F314850836FB
:10BDB0001198284411902368002B01F0158000236E
:10BDC000D4F804A02093194604F104094FF0FF347D
:10BDD0000E939C460C945346084609F10409A3F1BE
:10BDE0002002582A00F27283DFE812F0700070031C
:10BDF00070036B00700370037003700370037003B3
:10BE00005900670070036200DB027003D602C802AB
:10BE1000C802C802C802C802C802C802C802C802D2
:10BE2000700370037003700370037003700370037A
:10BE30007003700370038B0270038B027003700336
:10BE40007003700386027003700370037003700345
:10BE50007003700370037003700370036F0270034C
:10BE6000700370037003700370037003700370033A
:10BE700070033701EC008B028B028B025B03EC003A
:10BE8000700370034E0370036003FA021E030F0376
:10BE90007003AD0070039800700370037600129D6C
:10BEA0002868002805F1040380F246854042129379
:10BEB0004CF0040CD9F800308FE7D9F800302B2172
:10BEC0008BE74CF0010CD9F8003086E7D9F8003048
:10BED000002982D1202180E7394C0E901CF0200FE0
:10BEE0009A461694209100F0F981129DEB1D23F0E3
:10BEF000070303F108041294D3E900451CF0010F75
:10BF000000F0F98254EA050000F0F58230234CF08D
:10BF1000020CCDF898A02593022296E21CF0200F87
:10BF20009A460E9040F04F851CF0100F40F00686A8
:10BF30001CF0400F00F0028612980488043000259F
:10BF40000122129081E29A46129B0E901F680024F3
:10BF50001D1D20941295002F00F0BD871CF01005C8
:10BF600000F051850C9D6B1C384600F0D1872146AE
:10BF70002A46CDF820C0FCF74BF8DDF820C0002899
:10BF800001F0A4800C9DCDF82CC0C31B9B10AB42CC
:10BF9000B8BF1D4625EAE57CDDF880B013950C940A
:10BFA000CDF834C010941794BBF1000F6ED00D9DE6
:10BFB00001350D956AE000BF0000000000000000A0
:10BFC000C82904081CF0200F9A460E90209100F01A
:10BFD0000785129CE01D20F00700D0E900230830FF
:10BFE000129014461D46002A73F10000C0F28586A7
:10BFF0008B460C994F1C4FF0010240F02D82CDF87A
:10C000002CC0012A00F01684022A6FAB40F078821F
:10C0100016981946220904F00F0442EA05720F46E9
:10C020002B0950F82410396052EA030C14461D46BF
:10C03000A7F10401EED10A9CCDE91E23E31B9B105E
:10C040001393DDF84CC00C9D0024AC45B8BFAC4642
:10C0500010941794CDF834C0A6E71CF0100F9A4640
:10C060000E90209100F0D986129C236848930434E6
:10C070001294002301259B460D95CDF82CC04993C1
:10C08000209310930C931793139548AF0B9B13F0C9
:10C090000203149302D00D9C02340D940B9D15F0F5
:10C0A0008405159540F029820E9DDDF834C0CCEB57
:10C0B0000504002C40F32182102C2999289ADFF8DE
:10C0C00064B327DD1A9740255F46A3460F9C06E020
:10C0D000ABF1100BBBF1100F06F1080617DD0132B2
:10C0E0004031072A2991289237607560F0DD20469B
:10C0F000414627AAFEF75CFD002840F02C82ABF1F8
:10C10000100BBBF1100F2999289A38AEE7DC5C467A
:10C11000BB461A9FA300013203EB010C072ACDF89E
:10C12000A4C073602892C6F800B000F3F283DDF873
:10C1300080B00836BBF1000F0ED0289B013320A839
:10C140000CF1040C0422072B3060CDF8A4C0289316
:10C15000726000F363830836149B73B1289B01332C
:10C160000CF1080C25A90822072BCDF8A4C02893B0
:10C1700086E8060000F346831644159C802C00F0E8
:10C1800058820C9C139BE51A002D34DD102D289B42
:10C19000A04C24DD0C974FF0400B274662460F9CC5
:10C1A00004E0103D102D06F1080615DD0133403284
:10C1B000072B2992289386E88008F2DD2046414625
:10C1C00027AAFEF7F5FC002840F0C581103D102D90
:10C1D000299A289B38AEE9DC3C460C9F9446AD007A
:10C1E0000133AC44072BCDF8A4C0756028933460AC
:10C1F00000F3FC8208360B9CE50500F1BD81289B0D
:10C20000139D3760AA0001339444072BCDF8A4C0D6
:10C210007260289300F3D38208360B9D6B0738D5E4
:10C220000E9D0D982C1A002C33DD102C289BDFF866
:10C23000F4B122DD40256246DDF83CA05F4604E013
:10C24000103C102C06F1080615DD01334032072B97
:10C250002992289337607560F2DD5046414627AA3F
:10C26000FEF7A6FC002840F07681103C102C299A9D
:10C27000289B38AEE9DC9446BB46A4000133A444B5
:10C28000072BCDF8A4C074602893C6F800B000F363
:10C290005883119C0D980E9DA842ACBF24186419B8
:10C2A0001194BCF1000F40F04E81109C00232893A4
:10C2B0001CB110990F98FDF791F8D9F8003038AEFD
:10C2C000002B7FF456AD4C4675E5534C0E901CF098
:10C2D000200F9A46209116947FF407AE1CF0100FA1
:10C2E00040F047831CF0400F00F04383129804880D
:10C2F00004300025129001E64CF0080CD9F800300B
:10C300006BE5129C0E909A461CF0080F04F107038F
:10C31000209123F0070340F04E8393ED007B8DEDD9
:10C32000187B08331293DDE91801CDF820C0F5F72A
:10C3300081F80128DDF820C0DDE9180140F076849D
:10C3400000220023C9F710FFDDF820C0002840F0CC
:10C35000FB85DDF880B003240025304F304B0D9471
:10C360002CF0800410950B9403250024BAF1470F9C
:10C3700098BF1F4613950C94179415E6002000EB08
:10C38000800003EB400059F8043BA3F13002092A76
:10C39000A0F13000F3D922E54CF0800CD9F8003040
:10C3A0001BE5D9F800302A2B09F1040200F0EA86D7
:10C3B000A3F13004092C914698BF002200F25E865A
:10C3C00002EB820203EB420259F8043BA3F1300472
:10C3D000092CA2F13002F3D942EAE2720C92FEE497
:10C3E0001CF020029A460E9040F0DA821CF01003F6
:10C3F00040F09E831CF0400200F09A83129804885B
:10C4000004301A46002512901FE04CF0200CD9F899
:10C410000030E2E4042904088429040854290408AB
:10C4200044290408C4280408A04D129B1695129DA7
:10C430001C680E90302278230435129525924CF01A
:10C44000020C002526939A460222002320939B4645
:10C450000C994F1C3FF4D3AD2CF0800354EA050037
:10C460000B937FF4CEAD00297FF4CBAD002A40F0D2
:10C470005E821CF0010F00F03B8470AF3023012579
:10C4800047F8043D1395DCE5D9F800304A466C2B9B
:10C4900003BF09F104094CF0200C53684CF0100C58
:10C4A0009BE44CF0400CD9F8003096E41CF0200FCF
:10C4B000209140F065821CF0100F00F02784129D3F
:10C4C000119C2B68043512951C604DE49A460E9021
:10C4D0002091002B00F0888470AF002301249B463C
:10C4E0000D94CDF82CC0209310930C93179347F81C
:10C4F000A0AD1394CAE50222A7E7DDF8A4C019E6AF
:10C50000E00840EA457004F00702E908303250EADA
:10C51000010C1F461A6004460D46A3F10403EFD137
:10C520000B9CCDE91C01E007394640F11C82302A02
:10C5300000F0C9840A9CE21A1F469210302313921D
:10C5400041F8043C7DE50F98414627AAFEF730FBF1
:10C5500000283FF4AAAE109D1DB10F981099FCF76A
:10C560003DFFB8F80C30119813F0400F18BF4FF092
:10C57000FF3071B0BDE8F08FBAF1650F40F29C80DA
:10C58000DDE9180100220023CDF820C0C9F7E2FD43
:10C59000DDF820C0002800F07381289B444A3260F7
:10C5A00001330CF1040C0422072BCDF8A4C028930E
:10C5B000726000F359820836249D239BAB4203DB53
:10C5C0000B9CE4077FF529AE289B013321A80CF1D1
:10C5D000040C0422072B3060CDF8A4C028937260AD
:10C5E00000F30D840836013D002D7FF716AE102DA7
:10C5F000289B304C40F3AA8240276246DDF83CA0DD
:10C6000004E00836103D102D40F39F820133403284
:10C61000072B2992289386E89000F2DD5046414688
:10C6200027AAFEF7C5FA002895D1299A289B38AE8B
:10C63000E8E70E9C0D98251A002D7FF7A2AD102D6E
:10C64000289B1C4C24DD14974FF0400B2746624674
:10C650000F9C04E0103D102D06F1080615DD013396
:10C660004032072B2992289386E88008F2DD204685
:10C67000414627AAFEF79CFA00287FF46CAF103DD4
:10C68000102D299A289B38AEE9DC3C46149F94462D
:10C69000AD000133AC44072BCDF8A4C075602893DE
:10C6A000346000F3088308366BE500BFC82904082E
:10C6B000282A040804290408249B289D012B40F300
:10C6C000D08201350CF104030422072D3760299331
:10C6D0002895726000F3E3820836013503F1040AFD
:10C6E00021A80423072DCDF8A4A0289586E80900E9
:10C6F00000F3C8820836DDE9180100220023C9F7DB
:10C7000029FD00283FD0249F013F002F49DD102F35
:10C71000B24C21DD53464FF0400BDDF83CA004E065
:10C72000103F102F06F1080615DD01354033072DA7
:10C730002993289586E81008F2DD5046414627AA3D
:10C74000FEF736FA00287FF406AF103F102F299B22
:10C75000289D38AEE9DC9A46BF000135BA44072D62
:10C76000CDF8A4A077602895346019DD0F98414674
:10C7700027AAFEF71DFA00287FF4EDAEDDF8A4A08D
:10C78000289D38AE0DE0249B013B9B00013504370A
:10C790009A44072D2895CDF8A4A037607360E5DC96
:10C7A00008361B9C0135A3000AEB030C2AAA072DAF
:10C7B0002895CDF8A4C086E80C007FF72DAD0F9822
:10C7C000414627AAFEF7F4F900287FF4C4AEDDF84D
:10C7D000A4C038AE21E50F98414627AAFEF7E8F934
:10C7E00000287FF4BEAE38AEFFF7E2BA0F9841469C
:10C7F00027AAFEF7DDF900287FF4ADAEDDF8A4C06E
:10C8000038AEF8E40F98414627AAFEF7D1F9002880
:10C810007FF4A1AEDDF8A4C038AEAEE40F98414677
:10C8200027AAFEF7C5F900287FF495AEDDF8A4C06D
:10C8300038AE91E4002D08BF0A2CC0F08D800DF5B4
:10C84000DE7C0D966646204629460A220023C9F75B
:10C8500075FE30323260204629460A220023C9F78D
:10C860006DFE04460D4654EA050C3746A6F1040653
:10C87000E9D10A9C0D9EE31B9B101393FFF7E1BBCC
:10C880000DF18C0BDBF80030002B40F3F980249B7A
:10C89000179C43F31D03A342B8BF1C46002C0CDDBC
:10C8A000289B3760A20001339444072B2893CDF8CE
:10C8B000A4C0726000F320830836179924EAE47458
:10C8C0000D1B002D40F35981102D289B434C40F344
:10C8D00002820C974FF0400A274662460F9C04E004
:10C8E0000836103D102D40F3F38101334032072B01
:10C8F0002992289386E88004F2DD2046414627AA43
:10C90000FEF756F900287FF426AE299A289B38AE08
:10C91000E7E70F98414627AAFEF74AF900287FF477
:10C920001AAEDDF880B0DDF8A4C038AE02E40C9C8D
:10C93000139470AFFFF785BB1293D9F80030FFF75F
:10C940004CBA0F98414627AAFEF732F900287FF427
:10C9500002AEDDF8A4C09CE470AF3034139247F807
:10C96000044DFFF76EBB0A9DEB1B9B101393FFF763
:10C9700068BB129D2C68043512950025FFF7BEBADE
:10C98000DDF848C0119CDCF80010E51722462B4664
:10C990000CF1040CCDF848C0C1E90023FFF7E4B95D
:10C9A000129CE31D23F0070303F1080512950022F2
:10C9B000D3E9004549E593ED007B03F108051295A5
:10C9C0008DED187BAFE4129CE31D23F0070303F108
:10C9D000080512950122D3E9004536E5042904082B
:10C9E0001CF0100F40F09A801CF0400F00F0968071
:10C9F000129A1298B2F900400430E51722462B46ED
:10CA00001290FFF7F0BA0C9C621C00F03B832246A8
:10CA100038462946CDF820C0F5F77EFCDDF820C069
:10CA200000B1C41B272C00F21A83002C00F0C08335
:10CA30000025109548A80022134613940133B95CD1
:10CA400040F82210A3421A46F8D107469A0023EA7A
:10CA5000E3750023BB500C930D95CDF82CC0DDF889
:10CA600080B01793FFF7A0BA0F98414627AAFEF7A8
:10CA70009FF800287FF46FADDDF8A4C038AE9BE5C9
:10CA8000289AA949316001320CF1040C0421072ACB
:10CA9000CDF8A4C02892716000F3EB8108361D46E2
:10CAA0002DB9249B1BB90B9CE0077FF5B6AB289BE7
:10CAB000013321A80CF104010422072B30602991D5
:10CAC0002893726000F3F48206F108026D42002D93
:10CAD00040F3E881102D954C40F34782BB46402639
:10CAE0002746DDF83CA00C4604E00832103D102D2E
:10CAF00040F3388201334034072B29942893176080
:10CB00005660F2DD5046414627AAFEF751F800284C
:10CB10007FF421AD299C289B38AAE7E7129D129843
:10CB20002C680430E517129022462B46FFF75BBABB
:10CB3000129D2C6804351295002586E4129D2C6800
:10CB400004351295012200257FE49446AD0001339F
:10CB5000AC44072BCDF8A4C07560289334607FF7F0
:10CB60005BAB2CE60F98414627AAFEF721F8002878
:10CB70007FF4F1ACDDF8A4C038AEDBF80020249BD4
:10CB8000179D9A4207EB850440DB0B9DE9073DD4D6
:10CB900007EB83073F1BBF109B1A9F42A8BF1F468E
:10CBA000002F0CDD289A3460B90001328C44072A2A
:10CBB0002892CDF8A4C0716000F3F181083627EA0D
:10CBC000E777DD1B002D7FF728AB102D289B574CF6
:10CBD000BCDD40276246DDF83CA003E00836103D8E
:10CBE000102DB2DD01334032072B2992289386E8BD
:10CBF0009000F3DD5046414627AAFDF7D9FF0028F3
:10CC00007FF4A9AC299A289B38AEE8E7289921A897
:10CC1000013130600CF1040C04200729CDF8A4C0C8
:10CC20002891706000F3AC810836B1E7CDF820C0E0
:10CC3000F4F700FCDDF820C000287DD13C4F3D4BCF
:10CC4000109003252CF08004DDF880B00C900D9539
:10CC50000B941790BAF1470F98BF1F461395FFF733
:10CC6000A3B90B9CE2073FF52CAD01350CF1040A8A
:10CC70000423072DCDF8A4A02895376073607FF7B3
:10CC80008FAD73E50F98414627AAFDF791FF002865
:10CC90007FF461ACDDF8A4A0289D38AE2BE50F9899
:10CCA000414627AAFDF784FF00287FF454AC299B56
:10CCB000289D38AE11E50F98414627AAFDF778FF69
:10CCC00000287FF448ACDDF8A4C038AEFFF759BAAD
:10CCD0003C460C9F9446AD000133AC44072BCDF885
:10CCE000A4C07560289334603FF73CAF083644E732
:10CCF0000C9D139570AFFFF7A4B92D23644265EB2B
:10CD0000450520939B460122FFF7A2BB1CF0400F74
:10CD100000F0A480129DDDF844C02B680435129504
:10CD2000A3F800C0FFF720B8282A04080429040843
:10CD300074290408642904080C9D681C00F096807E
:10CD40002AF02003472B03D1002D08BF01250C95A5
:10CD50004CF480750B9524A80C9D009548AC2823B5
:10CD600005900B9D079322A80DF18C0B0290CDF836
:10CD700010A00195CDF80CB006940F98CDF820C006
:10CD8000DDE91823FEF722FFA0420746DDF820C0A8
:10CD900000F0BE81002510952AF02003472B00F0FB
:10CDA000D880BAF1650F40F22182BAF1660F00F027
:10CDB0009A81DBF800501795249B179CA34200F33F
:10CDC0006A811CF0010F40F0CA8124EAE4731394D5
:10CDD0004FF0670A229A002A40F0AE800D930C9221
:10CDE000DDF880B0FFF7E0B8299B002B3FF4B9AB2A
:10CDF0000F9827AA4146FDF7DBFEFFF7B2BB0F985D
:10CE0000414627AAFDF7D4FE00287FF4A4AB249D59
:10CE1000DDF8A4C038AEFFF7E6BB129D2868CDF858
:10CE200020C0F4F763FC441C05F10403DDF820C0C6
:10CE300000F0E68148901293FFF71BB90F9840214C
:10CE4000F4F75AFFC8F80000C8F81000002800F0F6
:10CE5000D0814023C8F81430FEF775BF129C119D95
:10CE60002368043412941D60FEF77EBF06240C94E0
:10CE70006EE70F98414627AAFDF79AFE00287FF437
:10CE80006AABDBF80050DDF8A4C038AE08E60F98B6
:10CE9000414627AAFDF78CFE00287FF45CAB299958
:10CEA000289B38AA249817608000013301EB000CFE
:10CEB000072B2893CDF8A4C050603FF780AC02F157
:10CEC0000806FFF7AAB9DDF828C0C7EB0C039B10D2
:10CED0001393FFF7B6B80C9C1097062C28BF0624B6
:10CEE00024EAE4750C971797BB461394CDF82CC031
:10CEF0000D95AD4FFFF758B80F98414627AAFDF79B
:10CF000057FE00287FF427ABDDF8A4C038AED4E488
:10CF10000C94CDF820C0FAF7F9FE0C9DDDF820C086
:10CF2000139020EAE074CDF82CC00D94109517955D
:10CF3000DDF880B0FFF738B82D2200250D93209240
:10CF400093460C95FFF733B82D2320939B46FFF7AC
:10CF500002BADBF80030D91C31DB0C9D9D422EDB80
:10CF6000179329E721463C465F46AD00013329442B
:10CF7000072B299155602893146088DC083291E7CB
:10CF80000F98414627AAFDF713FE00287FF4E3AA75
:10CF9000249BDBF80020DDF8A4C038AEF8E50F983C
:10CFA000414627AAFDF704FE00287FF4D4AADBF847
:10CFB0000020249BDDF8A4C09B1A38AEFFE5AAF13F
:10CFC000020A5A1E002A2AADCBF80020BABF5242EC
:10CFD0002D232B23092AC5F800A06B6040F3928013
:10CFE00037AB724981FB0210D117C1EBA00101EBF5
:10CFF0008100A2EB400202F1300009291C460A46DA
:10D0000043F80409EDDC234601F1300243F8042D16
:10D010000998984240F2E8800DF1E300001B800877
:10D0200001302BA9002301E054F8042B0133834283
:10D0300041F8042FF8D12CA901EB8303249A5B1B40
:10D040009B101B93012A1344139340F3B680139B48
:10D05000002401331393179423EAE373BAE6611CA7
:10D0600089000F98CDF820C0F4F746FEDDF820C007
:10D070001090002800F0C4801098DCE400240C9488
:10D08000FEF7ADBE3846CDF820C0D2F749F8DDF83E
:10D0900020C00446C6E4179C002CD4BFC4F1020291
:10D0A0000122D31813934FF0670A23EAE37391E642
:10D0B0000F98414627AAFDF77BFD00287FF44BAA75
:10D0C000DBF800502999289B38AAFFE425EAE5748B
:10D0D0000D9413950C90CDF82CC010901790DDF89E
:10D0E00080B0FEF761BFDBF800401794002C6DDDC7
:10D0F0000C9D002D3BD11CF0010F38D124EAE473C4
:10D10000139467E630233032AB60EA602EAB95E7CC
:10D110002499282933DD89000F98F4F7EDFDDDF817
:10D1200020C0109000286BD00C9C249B00940B9D79
:10D13000109C079322A824A902900195CDF80CB069
:10D14000CDF810A0059106940F98CDF820C0DDE928
:10D150001823FEF73BFDDDF820C007461CE6179DAF
:10D160000135139525EAE5734FF0670A32E60C9C0A
:10D17000179D631C1D44139525EAE5732AE60024D8
:10D18000109409E6129DD9F804302D680C95129D73
:10D190002C1D0C9D1294002D9146BEF61EAE4FF034
:10D1A000FF340C94FEF719BE0C2A04086766666605
:10D1B00010942246139448AF4BE41CF0010C7FF40A
:10D1C00046AFCDF85CC023EAE37303E60C9C14B9C8
:10D1D0001CF0010F05D00C9D0235139525EAE5736F
:10D1E000F8E501231393F5E52CAB27E7DBF80030D6
:10D1F000E7E60F9C0C2323604FF0FF30FFF7B9B92F
:10D20000B8F80C3043F040039BB2A8F80C30FFF79D
:10D21000AAB900BFAFF3008053756273637269628D
:10D2200065722064656C65746564000049662079E8
:10D230006F75207365652074686973206D657373FD
:10D240006167652C20596F7520617265206F766566
:10D2500072726964696E67206120646570726563CB
:10D2600061746564206F6C64207075742066756EDF
:10D270006374696F6E2066726F6D2050757474658B
:10D28000722E20706C65617365206F7665727269AD
:10D290006465206F6E6C7920746865206E657720F8
:10D2A000287468697321292070757447656E6572EA
:10D2B000696300005375727665696C6C616E6365B5
:10D2C0000000000071657772202564006173646658
:10D2D00020256400616E6F6E796D537562736372A1
:10D2E0006962657200000000636F6D627566666555
:10D2F000722077726F6E67206C656E005375627373
:10D300006372696265722064656C657465640000AF
:10D31000496620796F75207365652074686973208C
:10D320006D6573736167652C20596F752061726537
:10D33000206F766572726964696E6720612064652A
:10D340007072656361746564206F6C6420707574BD
:10D350002066756E6374696F6E2066726F6D205003
:10D3600075747465722E20706C65617365206F76BC
:10D37000657272696465206F6E6C792074686520CF
:10D380006E65772028746869732129207075744749
:10D39000656E657269630000416E6F6E796D5468E9
:10D3A00072656164000000004779726F4F666673B2
:10D3B00065743A0A58643A25640A59643A25640A3D
:10D3C0005A643A25640A00004163634F66667365D8
:10D3D000743A0A58643A25640A59643A25640A5A28
:10D3E000643A25640A000000616E6F6E796D5375B2
:10D3F000627363726962657200000000636F6D6240
:10D4000075666665722077726F6E67206C656E0058
:10D41000537562736372696265722064656C6574CA
:10D4200065640000496620796F7520736565207416
:10D43000686973206D6573736167652C20596F751A
:10D4400020617265206F766572726964696E67200B
:10D45000612064657072656361746564206F6C64DB
:10D46000207075742066756E6374696F6E206672C5
:10D470006F6D205075747465722E20706C656173C9
:10D4800065206F76657272696465206F6E6C7920B5
:10D49000746865206E657720287468697321292077
:10D4A00070757447656E657269630000416E6F6EDA
:10D4B000796D54687265616400000000616E6F6E82
:10D4C000796D537562736372696265720000000062
:10D4D000636F6D6275666665722077726F6E672026
:10D4E0006C656E0053756273637269626572206465
:10D4F000656C657465640000496620796F752073FA
:10D5000065652074686973206D6573736167652C48
:10D5100020596F7520617265206F7665727269643B
:10D52000696E67206120646570726563617465640B
:10D53000206F6C64207075742066756E6374696FFB
:10D540006E2066726F6D205075747465722E207037
:10D550006C65617365206F76657272696465206FB2
:10D560006E6C7920746865206E6577202874686910
:10D570007321292070757447656E657269630000B8
:10D58000416E6F6E796D54687265616400000000D1
:10D590000A4552524F5220696E20726F746174694D
:10D5A0006F6E44656C7461496E7075742066726F3D
:10D5B0006D2047726F756E6473746174696F6E006D
:10D5C000616E6F6E796D53756273637269626572B5
:10D5D00000000000636F6D62756666657220777289
:10D5E0006F6E67206C656E0053756273637269625B
:10D5F00065722064656C6574656400004966207915
:10D600006F75207365652074686973206D65737329
:10D610006167652C20596F7520617265206F766592
:10D6200072726964696E67206120646570726563F7
:10D6300061746564206F6C64207075742066756E0B
:10D640006374696F6E2066726F6D205075747465B7
:10D65000722E20706C65617365206F7665727269D9
:10D660006465206F6E6C7920746865206E65772024
:10D67000287468697321292070757447656E657216
:10D6800069630000416E6F6E796D54687265616404
:10D6900000000000616E6F6E796D53756273637286
:10D6A0006962657200000000636F6D627566666591
:10D6B000722077726F6E67206C656E0053756273AF
:10D6C0006372696265722064656C657465640000EC
:10D6D000496620796F7520736565207468697320C9
:10D6E0006D6573736167652C20596F752061726574
:10D6F000206F766572726964696E67206120646567
:10D700007072656361746564206F6C6420707574F9
:10D710002066756E6374696F6E2066726F6D20503F
:10D7200075747465722E20706C65617365206F76F8
:10D73000657272696465206F6E6C7920746865200B
:10D740006E65772028746869732129207075744785
:10D75000656E657269630000416E6F6E796D546825
:10D760007265616400000000616E6F6E796D5375C3
:10D77000627363726962657200000000636F6D62BC
:10D7800075666665722077726F6E67206C656E00D5
:10D79000416E6F6E796D54687265616400000000BF
:10D7A000416E6F6E796D54687265616400000000AF
:10D7B000000000000A6D6561737572656D656E74B9
:10D7C000732072656365697665643A20257300008D
:10D7D00053540000524400004F54000076656374B7
:10D7E0006F723A3A5F4D5F696E736572745F61750F
:10D7F00078000000416E6F6E796D546872656164E7
:10D8000000000000000000000A54656C65636F6D45
:10D810006D616E642072656365697665643A202582
:10D8200073000000244F425423000000245241445E
:10D8300023000000245354540A00000076656374EA
:10D840006F723A3A5F4D5F696E736572745F6175AE
:10D8500078000000537562736372696265722064B8
:10D86000656C657465640000496620796F75207386
:10D8700065652074686973206D6573736167652CD5
:10D8800020596F7520617265206F766572726964C8
:10D89000696E672061206465707265636174656498
:10D8A000206F6C64207075742066756E6374696F88
:10D8B0006E2066726F6D205075747465722E2070C4
:10D8C0006C65617365206F76657272696465206F3F
:10D8D0006E6C7920746865206E657720287468699D
:10D8E0007321292070757447656E65726963000045
:10D8F000416E6F6E796D546872656164000000005E
:10D900000A5F5F5F5F5F5F5F5F5F5F5F5F5F5F5F7C
:10D910005F5F5F5F5F5F5F5F5F5F5F5F5F5F5F5F17
:10D920005F5F5F5F5F5F5F5F5F5F5F5F5F5F5F5F07
:10D930005F5F5F5F5F5F5F5F5F5F5F5F5F5F5F5FF7
:10D940005F5F00000A0A496E6672615265642D537A
:10D95000656E736F722D446174613A000A544D3ADA
:10D960004952446174613A72616E6765313A256665
:10D97000000000000A544D3A4952446174613A7201
:10D98000616E6765323A2566000000000A544D3A20
:10D990004952446174613A64697374616E63653AB3
:10D9A000256600000A544D3A4952446174613A6157
:10D9B0006E676C653A2566000A0A4D6F746F725384
:10D9C000706565642D446174613A00000A544D3AF3
:10D9D0004D6F746F72446174613A73656E736F72E8
:10D9E0004D6F746F7253706565643A256C64000006
:10D9F0000A0A426174746572792D446174613A0057
:10DA00000A544D3A5375727665696C6C616E636544
:10DA1000446174613A62617474657279566F6C74B2
:10DA20006167653A256600000A544D3A537572766F
:10DA300065696C6C616E6365446174613A626174BE
:10DA40007465727943757272656E743A256600006A
:10DA50000A0A494D552D446174613A000A544D3A01
:10DA600053656E736F72446174613A6779726F586F
:10DA70003A2564000A544D3A53656E736F724461DF
:10DA800074613A6779726F593A2564000A544D3AC5
:10DA900053656E736F72446174613A6779726F5A3D
:10DAA0003A2564000A416363656C65726F6D657445
:10DAB00065722D446174613A000000000A544D3AC9
:10DAC00053656E736F72446174613A616363583A6F
:10DAD000256400000A544D3A53656E736F724461B9
:10DAE00074613A616363593A256400000A544D3AFF
:10DAF00053656E736F72446174613A6163635A3A3D
:10DB0000256400000A4D61676E65746F6D6574650C
:10DB1000722D446174613A000A544D3A53656E7334
:10DB20006F72446174613A6D6167583A2564000010
:10DB30000A544D3A53656E736F72446174613A6D65
:10DB40006167593A256400000A544D3A53656E7373
:10DB50006F72446174613A6D61675A3A25640000DE
:10DB60000A54656D70657261747572652D446174D7
:10DB7000613A00000A544D3A53656E736F72446106
:10DB800074613A74656D70657261747572653A2579
:10DB9000640000000A52656C617469766520416E0C
:10DBA000676C65206F6620746865205665686963D8
:10DBB0006C652077697468204C6F772D50617373A2
:10DBC0002D46696C7465723A000000000A544D3AA3
:10DBD00053656E736F72446174613A616E676C6510
:10DBE0005A3A2564000000005465737444617461FE
:10DBF000537562736372696265723100616E6F6E34
:10DC0000796D53756273637269626572000000001A
:10DC1000636F6D6275666665722077726F6E6720DE
:10DC20006C656E00546F7069632044656C65746543
:10DC30006400000054656C65636F6D6D616E6420F7
:10DC40004461746100000000476C6F62616C732076
:10DC5000446174610000000053656E736F7220446C
:10DC6000617461004163747561746F722044617402
:10DC7000610000005375727665696C6C616E636556
:10DC800020446174610000004D6F746F7220446124
:10DC900074610000436F6E74726F6C204461746134
:10DCA00000000000467573656420446174610000E3
:10DCB00053746172547261636B6572204461746164
:10DCC00000000000526164696F20446174610000CB
:10DCD0004952446174612044617461004F626A6515
:10DCE00063745265636F676E6974696F6E20446117
:10DCF00074610000746F7069632064656C6574659D
:10DD000064000000001803FF0009000049324320AE
:10DD100053656E736F72202564207265616420669E
:10DD200061696C6564210A00002E01004368616E20
:10DD300067696E6720496E66726172656420493258
:10DD4000432061646472657373206661696C656405
:10DD50003A2025640A0000004368616E67696E67B7
:10DD600020496E66726172656420493243206164A5
:10DD70006472657373207375636365737366756C22
:10DD80000A000000496E697469616C697A696E679E
:10DD900020496E6672617265642032206661696C2A
:10DDA00065643A2025640A00496E697469616C698A
:10DDB0007A696E6720496E667261726564203220EE
:10DDC0007375636365737366756C0A00496E697475
:10DDD00069616C697A696E6720496E667261726505
:10DDE000642031206661696C65643A2025640A000C
:10DDF000496E697469616C697A696E6720496E66FB
:10DE00007261726564203120737563636573736634
:10DE1000756C0A00416E6F6E796D5468726561644D
:10DE200000000000616C6C204F4B00007072657642
:10DE30002D45525228256C6429202D2D20000000EC
:10DE400021212050726F6772616D6D696E672D457B
:10DE500052524F522025730A000000002573000023
:10DE600025303278200000000A0000004C697374ED
:10DE7000656C656D656E743A3A436F6E7374727556
:10DE800063746F72206166746572207379732069A0
:10DE90006E697469616C69736174696F6E0000000A
:10DEA0004C69737420272573272077617320637270
:10DEB0006561746564206E6F742073746174696346
:10DEC0000A0000004C697374456C656D656E7420C2
:10DED00064656C657465640053756273637269622E
:10DEE00065722064656C6574656400004C697374C8
:10DEF000456C656D656E74005741524E494E473A08
:10DF000020496620796F7520736565207468697390
:10DF1000206D6573736167652C20796F7520617260
:10DF200065206F766572726964696E67206120642E
:10DF300065707265636174656420707574206675C0
:10DF40006E6374696F6E0000546F7069632044657E
:10DF50006C657465640000004475706C696361747D
:10DF6000656420746F706963496400004475706C67
:10DF700069636174656420746F7069634964202506
:10DF80006C642C206E616D6531203D202573206E00
:10DF9000616D6532203D2025730A00004D6F72656A
:10DFA000207468616E206F6E6520746F70696346BF
:10DFB000696C74657220666F7220746F706963009B
:10DFC00020746F70696320257320686173206D6F02
:10DFD0007265207468616E206F6E652066696C746E
:10DFE00065720A00746F7069632064656C6574659E
:10DFF00064000000546F706963732026204D6964CB
:10E00000646C6577617265006761746577617954E6
:10E010006F70696300000000726F75746572546FF1
:10E020007069630054696D6572496E7465727275CA
:10E030007074000055617274496E74657272757007
:10E04000740000005369675465726D496E7465729F
:10E05000727570740000000043686172496E7075DB
:10E0600074000000495251206E6F7420706F7373FA
:10E0700069626C652077697468206E756D4F6650B3
:10E08000696E73203E20310045787465726E616C54
:10E0900020495251204C696E6520616C7265616443
:10E0A00079207573656420627920616E6F7468658C
:10E0B000722048414C5F4750494F0000496E7661DD
:10E0C0006C69642050574D20496E6465780A0000E1
:10E0D00053504920696E646578206F7574206F66AF
:10E0E0002072616E67650000496620796F75207344
:10E0F00065652074686973206D6573736167652C4D
:10E1000020596F7520617265206F7665727269643F
:10E11000696E67206120646570726563617465640F
:10E12000206F6C64207075742066756E6374696FFF
:10E130006E2066726F6D205075747465722E20703B
:10E140006C65617365206F76657272696465206FB6
:10E150006E6C7920746865206E6577202874686914
:10E160007321292070757447656E657269630000BC
:10E1700055415254526563765472696767657200FF
:10E180006669666F2077726F6E67206C656E00003F
:10E190004350553A20256C64204D487A0A0000000F
:10E1A00025733A005468726561642064656C657417
:10E1B000656400005468726561647320696E205361
:10E1C000797374656D3A00000A2020205072696FDF
:10E1D000203D2025376C6420537461636B203D2003
:10E1E00025366C642025733A200000000A000000E8
:10E1F00049646C6554687265616400007969656C96
:10E20000647320616C6C207468652074696D6500AE
:10E2100021537461636B4F766572666C6F77212052
:10E220002578204445414354495641544544213AB8
:10E2300020667265652025640A0000002120504197
:10E240004E4943202578206265796F6E2073746192
:10E25000636B2C2044454143544956415445442165
:10E260000A0000004170706C69636174696F6E2010
:10E2700064656C65746564002020202020202535AD
:10E2800064202D3E20272573270A000043616C6C13
:10E29000696E6720496E69746961746F7273206179
:10E2A0006E64206170706C69636174696F6E20695F
:10E2B0006E69746961746F72730A000044697374E3
:10E2C0007269627574652053756273637269626501
:10E2D000727320746F20546F706963730A000000BA
:10E2E0004C697374206F66204D6964646C65776156
:10E2F000726520546F706963733A0A002025732099
:10E30000204964203D20256C64206C656E203D20F2
:10E31000256C642E2020202D2D205375627363728E
:10E3200069626572733A0A00202020202025730A52
:10E33000000000000A4576656E742073657276658C
:10E3400072733A0A0000000009256C642054696D5C
:10E35000654576656E74206D616E61676572730ADE
:10E3600000000000524F444F53202573204F53208C
:10E3700056657273696F6E2025730A4C6F61646510
:10E3800064204170706C69636174696F6E733A0ADE
:10E3900000000000524F444F532D31323100000035
:10E3A00053544D3332463420436F727465782D4D8B
:10E3B000342056312E300000426967456E64696131
:10E3C0006E697479203D2025642C206370752D4181
:10E3D0007263203D2025732C2042617369732D4F99
:10E3E00073203D2025732C204370752D5370656577
:10E3F0006420284B2D4C6F6F70732F736563292039
:10E400003D20256C64207965696C6474696D2028F1
:10E410006E732920256C640A000000004E6F64654D
:10E42000204E756D6265723A204845583A20256C39
:10E4300078204465633A20256C640A002D2D2D2D2B
:10E440002D2D2D2D2D2D2D2D2D2D2D2D2D2D2D2DFC
:10E450002D2D2D2D2D2D2D2D2D2D2D2D2D2D2D2DEC
:10E460002D2D2D2D2D2D2D2D2D2D2D2D2D2D2D2DDC
:10E470002D0A00002D2D2D2D2D2D2D2D2D2D2D2D49
:10E480002D2D2D206170706C69636174696F6E2031
:10E4900072756E6E696E67202D2D2D2D2D2D2D2DF3
:10E4A0002D2D2D2D0A00000044656661756C7420C9
:10E4B000696E7465726E616C204D41494E0A0000B0
:10E4C000786D616C6C6F63206F7574206F66206D62
:10E4D000656D0000586D616C6C6F632061667465DA
:10E4E000722073797374656D20696E697420636F2F
:10E4F0006D706C65746174696F6E0000636F727427
:10E5000065782D4D34202853544D3332463429003C
:10E51000626172656D6574616C00000074000000DA
:10E52000B80C040803000000B80C04080300000045
:10E53000000000000000000061000000A40F0408BB
:10E540000E000000A40F04080E000000B40F040821
:10E550000900000062000000C00F04081100000064
:10E56000C00F040811000000D40F04080C000000C4
:10E5700073000000E40F04080B000000F00F040813
:10E5800046000000D40F04080C00000069000000E1
:10E59000381004080C000000481004083100000086
:10E5A0007C1004080D0000006F0000008C100408AF
:10E5B0000C0000009C10040831000000D01004087A
:10E5C0000D00000064000000E01004080D000000D1
:10E5D000F010040832000000241104080E000000AE
:10E5E000181304080B000000181304080B000000A7
:10E5F0000000000024130408040000002C13040889
:10E6000007000000070000003413040804000000A5
:10E610003C13040804000000000000004413040838
:10E620000600000044130408060000000800000073
:10E630004C1304080B0000004C1304080B000000EE
:10E6400008000000581304080500000058130408CF
:10E650000500000008000000601304080A00000024
:10E66000601304080A000000080000006C1304088E
:10E670000D0000006C1304080D00000000000000F5
:10E680007C130408030000007C130408030000004E
:10E6900001000000801304080C000000901304081F
:10E6A0000800000002000000000000000000000060
:10E6B000000000000000000000000000A422040888
:10E6C00004000000A422040804000000030000006D
:10E6D0009C1304080D0000009C1304080D000000AA
:10E6E00004000000AC13040808000000AC13040888
:10E6F0000800000000000000B8130408110000002A
:10E70000B813040811000000000000000000000021
:10E7100000000000000000000000000000000000F9
:10E7200000000000000000000000000000000000E9
:10E7300000000000000000000000000000000000D9
:10E740000000000000000000CC13040805000000D9
:10E75000CC1304080500000000000000D4130408D6
:10E760000E000000D41304080E000000000000009A
:10E770000000000000000000000000000000000099
:10E7800000000000E413040804000000E41304087F
:10E790000400000009000000EC130408070000005A
:10E7A000341304080400000000000000F4130408FF
:10E7B00009000000A4220408040000000500000075
:10E7C00000140408120000000014040812000000E5
:10E7D00006000000D40E040803000000D40E040854
:10E7E00003000000000000001414040809000000E9
:10E7F000141404080900000000000000201404089C
:10E8000009000000201404080900000000000000B6
:10E810002C1404080A0000002C1404080A0000004C
:10E820000000000038140408040000003814040834
:10E830000400000008000000401404080800000064
:10E840004014040808000000000000004C140408F4
:10E85000080000004C14040808000000000000003C
:10E860005814040811000000581404081100000096
:10E8700000000000341104083811040802000000F0
:10E88000020000003C1104084011040801000000CF
:10E890000200000044110408780F04080200000080
:10E8A00002000000840E0408481104080100000062
:10E8B000010000004C110408481104080100000088
:10E8C0000200000050110408541104080800000060
:10E8D0000100000060110408541104080800000041
:10E8E0000100000064110408681104080A00000017
:10E8F00002000000C80C04087411040802000000A3
:10E9000002000000781104087C11040801000000D6
:10E9100002000000801104088411040801000000B6
:10E9200001000000881104088C1104080200000096
:10E93000020000009011040894110408090000006E
:10E9400001000000A0110408A41104080C0000003C
:10E9500002000000B4110408B8110408010000000E
:10E9600001000000BC110408C011040807000000E9
:10E9700001000000C8110408CC11040802000000C6
:10E9800002000000CC0C0408D011040801000000B3
:10E9900002000000D4110408D8110408010000008E
:10E9A00002000000DC110408E0110408020000006D
:10E9B00002000000E4110408E8110408010000004E
:10E9C00002000000EC110408F0110408020000002D
:10E9D000020000000C1F0408F411040802000000EB
:10E9E00002000000880E0408E00C04080200000089
:10E9F00001000000F811040878100408010000006C
:10EA0000020000008C0E0408040D0408020000003F
:10EA100002000000FC1104080012040803000000BA
:10EA20000200000004200408041204080200000090
:10EA300002000000C40C0408081204080B000000C7
:10EA4000010000001412040818120408020000005B
:10EA5000020000001C12040820120408010000003B
:10EA6000020000002412040828120408020000001A
:10EA7000020000002C1204083012040802000000FA
:10EA800002000000341204083812040801000000DB
:10EA9000020000003C120408B81104080100000044
:10EAA00002000000401204084412040802000000A2
:10EAB00001000000481204084C1204080500000080
:10EAC0000300000054120408581204080200000059
:10EAD00002000000500B0408381204080100000076
:10EAE000010000005C12040860120408010000002C
:10EAF000010000006412040868120408030000000A
:10EB0000030000006C1204087012040802000000E8
:10EB100002000000741204087812040802000000C9
:10EB200002000000702004087C12040801000000AC
:10EB30000200000080120408841204080200000091
:10EB400002000000881204088C1204080100000072
:10EB50000200000090120408941204080300000050
:10EB600002000000981204089C1204080200000031
:10EB700001000000A01204088C120408010000002B
:10EB800001000000D00C0408A412040802000000D8
:10EB900002000000D40C0408A812040801000000C0
:10EBA00003000000AC120408B012040802000000C8
:10EBB00002000000B4120408B812040803000000A8
:10EBC00002000000BC120408C0120408100000007B
:10EBD00002000000D4120408D8120408010000004A
:10EBE00002000000DC120408E01204080200000029
:10EBF00002000000E4120408E81204080B00000000
:10EC00000200000070110408F4120408070000005C
:10EC100001000000FC120408F412040807000000C0
:10EC2000010000000013040804130408050000009C
:10EC3000000000000C130408101304080600000074
:10EC400001000000000000000000000000000000C3
:10EC500000000000000000000000000000000000B4
:10EC60008D7E0008BD7E0008B97F0008000000000E
:10EC70000000000000000000DD7E00080D7F00089D
:10EC8000517C0008CD7B000800000000000000005F
:10EC9000317B0008597B0008797B000800000000E8
:10ECA0000000000000000000718F0008A18F000824
:10ECB000619100080000000000000000000000005A
:10ECC000C18F0008F18F0008959100080000000036
:10ECD00000000000000000001190000841900008B2
:10ECE000F98B0008998B000800000000000000006C
:10ECF000399700086997000859980008000000003B
:10ED0000000000000000000089970008B997000883
:10ED1000F5920008E19200080000000000000000E9
:10ED2000C1AF0008F1AF000871B200080000000098
:10ED3000000000000000000011B0000861B00008F1
:10ED4000A5B2000800000000000000000000000064
:10ED500081B00008B1B00008D9B20008000000007E
:10ED60000000000000000000D1B000080DB1000854
:10ED7000419A000889990008000000000000000086
:10ED800095B70008C5B7000865B900080000000085
:10ED90000000000000000000E5B7000815B80008FA
:10EDA000F9B40008A9B40008000000000000000049
:10EDB00049BB000879BB0008A1BA000861BA000885
:10EDC0000000000000000000CDBC0008FDBC0008F1
:10EDD000B9BC00087DBC0008000000000000000075
:10EDE00075CA0008A5CA000805BE0008F1BD0008E4
:10EDF000000000000000000005CF000835CF00082B
:10EE000055CB000841CB00080000000000000000C6
:10EE100069F400086DD9000835F5000889D50008A7
:10EE2000B9D5000811D3000895D9000800000000EA
:10EE3000000000000000000069F400086DD900081F
:10EE400035F5000891D20008C1D20008B5D90008F4
:10EE500095D900080000000000000000000000003C
:10EE6000D9D5000809D60008D5D90008000000004F
:10EE7000000000000000000029D6000859D6000854
:10EE800009DA000800000000000000000000000097
:10EE900079D60008A9D60008E9CF0008D1CF00082C
:10EEA00000000000000000005DDF000899DF00089E
:10EEB0000000000000000000B9DF0008F5DF0008D6
:10EEC000000000000000000015E0000851E000080C
:10EED000000000000000000071E00008ADE0000844
:10EEE0000000000000000000CDE0000809E100087B
:10EEF000000000000000000029E1000865E10008B2
:10EF0000000000000000000085E10008C1E10008E9
:10EF10000000000000000000E1E100081DE2000820
:10EF200000000000000000003DE2000879E2000857
:10EF3000000000000000000099E20008D5E200088F
:10EF40000000000000000000F5E2000831E30008C6
:10EF5000000000000000000051E300088DE30008FD
:10EF600000000000000000001DDB000859DB000865
:10EF7000000000000000000061EB000891EB0008B9
:10EF800079EA000861EA00080000000000000000C3
:10EF900011EC000839EC000859EC000800000000F2
:10EFA000000000000000000029EE00083DEE00080F
:10EFB00051EE000865EE0008E501010879EE000851
:10EFC00091EE0008A9EE0008BDEE0008D1EE0008A1
:10EFD000B5EF0008F5EF000835F00008000000006C
:10EFE000000000000000000069F4000889F4000837
:10EFF00035F50008D57A0008117B000800000000F4
:10F0000000000000000000009DFB0008D9FB000884
:10F010000000000000000000F9FB000835FC0008BB
:10F020000000000000000000ADF90008E9F9000848
:10F03000000000000000000029EE0008E5090108BA
:10F0400051EE000865EE0008A1020108B9020108AE
:10F05000A10A0108A9EE0008BDEE0008D1EE0008E3
:10F06000B5EF0008F5EF000835F0000800000000DB
:10F07000000000000000000029EE0008BD0F01089C
:10F0800051EE000865EE0008151101082D11010868
:10F0900091EE0008A9EE0008BDEE0008D1EE0008D0
:10F0A000B5EF0008F5EF000835F00008000000009B
:10F0B000000000000000000029EE00087124010893
:10F0C00051EE000865EE0008891D010879EE000880
:10F0D00091EE0008A9EE0008BDEE0008D1EE000890
:10F0E000B5EF0008F5EF000835F00008000000005B
:10F0F000000000000000000029EE000801320108B5
:10F1000051EE000865EE00087133010889330108EB
:10F1100091EE0008A9EE0008BDEE0008D1EE00084F
:10F12000B5EF0008F5EF000835F00008000000001A
:10F1300000000000000000008D510108BD510108D1
:10F14000E95201080000000000000000000000007B
:10F15000414E0108714E0108E9520108000000000B
:10F160000000000000000000DD5101080D52010800
:10F1700091390108893801080000000000000000F2
:10F1800029EE0008B940010851EE000865EE0008BC
:10F19000E144010879EE000839450108A9EE0008AC
:10F1A000BDEE0008D1EE0008B5EF0008F5EF00084D
:10F1B00035F00008AD3E0108E93E01087D44010834
:10F1C0005D420108814101084D430108D543010812
:10F1D00000000000000000000D8D01083D8D0108B9
:10F1E000458A0108798A010800000000000000003B
:10F1F000CD86010821870108E50101088938010849
:10F200000000000000000000FD8D0108398E01089B
:10F21000A98D0108598E0108718E0108898E010897
:10F220007465726D696E6174652063616C6C656490
:10F23000207265637572736976656C790A000000E7
:10F240007465726D696E6174652063616C6C656470
:10F25000206166746572207468726F77696E6720CA
:10F26000616E20696E7374616E6365206F6620271E
:10F2700000000000270A00007465726D696E6174F9
:10F28000652063616C6C656420776974686F757460
:10F2900020616E20616374697665206578636570AE
:10F2A00074696F6E0A000000202077686174282955
:10F2B0003A2020000000000000000000D8F20308FF
:10F2C000919F0108B99F0108A99F01080000000053
:10F2D000C014040870F30308C014040860F30308A2
:10F2E000537431336261645F657863657074696F0C
:10F2F0006E0000007374643A3A65786365707469EF
:10F300006F6E00007374643A3A6261645F6578639B
:10F31000657074696F6E00004E31305F5F6378789E
:10F32000616269763131395F5F666F726569676EF8
:10F330005F657863657074696F6E4500C01404087A
:10F3400018F30308000000000000000090F3030819
:10F350009D9F0108CD9F0108B19F0108000000009A
:10F36000537439657863657074696F6E00000000CE
:10F370004E31305F5F637878616269763131355F35
:10F380005F666F726365645F756E77696E64450072
:10F39000C8150408E0F20308D8F2030800000000D2
:10F3A00000000000D8F40308B9A1010805A2010873
:10F3B00001C702082DA4010875A50108FDA60108D2
:10F3C00049C7020815A1010881C7020845A1010823
:10F3D00059C7020871A10108E5C702085DA4010828
:10F3E0002C00000000000000000A040879C8020890
:10F3F000A5C80208D4FFFFFFD4FFFFFF000A0408DE
:10F4000099C80208C9C802083400000000000000C2
:10F4100038090408B1C50208E1C50208CCFFFFFFA6
:10F42000CCFFFFFF38090408D5C5020809C6020849
:10F430003400000000000000480204081D3F0208DC
:10F440005D3F02082C000000F8FFFFFF480204089F
:10F45000493F02088D3F0208CCFFFFFFCCFFFFFFB2
:10F4600048020408513F0208953F020800000000CE
:10F47000A4F403083CF4030814F4030828F4030874
:10F48000ECF3030800F4030864F4030850F40308E1
:10F49000CCF40308B8F403083400000000000000B6
:10F4A00014F5030855A20108E9A201082C00000088
:10F4B000F8FFFFFF14F50308D5A2010871A30108A6
:10F4C000CCFFFFFFCCFFFFFF14F50308DDA201080E
:10F4D00079A3010800000000C8150408E4F403083B
:10F4E000980904085374313562617369635F7374FA
:10F4F00072696E676275664963537431316368611E
:10F50000725F7472616974734963455361496345FD
:10F5100045000000C815040820F503084802040847
:10F520005374313862617369635F737472696E67B3
:10F5300073747265616D49635374313163686172CC
:10F540005F747261697473496345536149634545EA
:10F5500000000000000000000000000068F5030843
:10F56000E9A80108FDA80108C815040874F50308F6
:10F57000F016040853743962617369635F696F73CD
:10F58000496353743131636861725F747261697485
:10F59000734963454500000062617369635F696F89
:10F5A000733A3A636C65617200000000C01404088D
:10F5B000B4F503085374313063747970655F626128
:10F5C00073650000C0140408CCF50308537431308F
:10F5D0006D6F6E65795F626173650000C014040829
:10F5E000E4F50308537431336D65737361676573B4
:10F5F0005F62617365000000C014040800F6030830
:10F6000053743132636F64656376745F62617365EE
:10F6100000000000C01404081CF603085374397479
:10F62000696D655F626173650000000000000000A5
:10F6300000000000A8F8030899AE010819AF0108FE
:10F6400081B0010845AF0108ADAA01080000000023
:10F6500000000000CCFB030865AB010841AE0108C7
:10F66000E5010108E5010108E5010108E5010108DE
:10F67000E5010108E5010108E5010108E5010108CE
:10F68000E5010108E5010108E5010108E5010108BE
:10F690000000000040FC030851F902087DF902084F
:10F6A00091AA010899AA0108A9AB010851AC010867
:10F6B00069AC0108000000000000000014FA030813
:10F6C000EDAA0108A1AD01084D0E0208150E0208B1
:10F6D00035160208911B0208ED200208892702084E
:10F6E000612D02083105020861060208910702082F
:10F6F00025210208000000000000000078F903083E
:10F7000001AB0108BDAD010849D5010821D50108AB
:10F710008DCE01084DD8010891D1010835DA0108D4
:10F7200025DC0108B5CE010800000000F0F8030850
:10F7300015AB0108D9AD010800000000C0FB0308AB
:10F74000C1AE010805AF01080000000058FB030826
:10F750009DF30208C9F3020829AA010831AA010889
:10F7600091AB010809AC010821AC010839AC0108D2
:10F7700039AA010841AA010869AA0108000000008D
:10F780000000000058F90308DDF3020809F402083C
:10F79000C1A90108C9A9010879AB0108C1AB0108D9
:10F7A000D9AB0108F1AB0108D1A90108D9A9010819
:10F7B00001AA0108000000000000000078FA030818
:10F7C0005DAE010885AE0108A5AA0108DDFA0208B0
:10F7D000A9AA01080000000000000000B8FA030810
:10F7E00051AB010825AE0108E5010108E50101085A
:10F7F000E5010108E5010108E5010108E50101084D
:10F80000E5010108000000000000000078FB03088B
:10F81000C5AA010855AD0108ADFD010875FE010836
:10F82000000000002CFB0308D9AA010871AD0108F3
:10F83000FDC901081DCB01080000000020FB0308E2
:10F8400029AB0108EDAD010849BF01080000000027
:10F8500000000000FCF803083DAB010809AE0108F8
:10F86000A1AA01086DEC010841ED010895E101082C
:10F87000F5E2010805B40108000000004CFC030893
:10F8800081AC01082DAD01080000000008FA030852
:10F89000BDAC010841AD01080000000038FB0308C1
:10F8A000F9AC01088DAD0108C8150408E0F903089A
:10F8B0008C18040853743874696D655F6765744902
:10F8C00077537431396973747265616D6275665FFF
:10F8D0006974657261746F7249775374313163680A
:10F8E00061725F74726169747349774545450000C0
:10F8F000C815040820FA03088C18040858150408D1
:10F90000B4F8030800000000020000008C1804088E
:10F910000200000014F60308020000005374396D61
:10F920006F6E65795F7075744977537431396F7391
:10F93000747265616D6275665F6974657261746F1A
:10F9400072497753743131636861725F74726169AF
:10F9500074734977454545005815040828FC030889
:10F9600000000000020000008C18040802000000E3
:10F97000C4F5030802000000C8150408A4F9030830
:10F980008C180408537431385F5F6D6F6E65797041
:10F99000756E63745F636163686549774C62304577
:10F9A000450000005374376E756D5F70757449774C
:10F9B000537431396F73747265616D6275665F6916
:10F9C00074657261746F7249775374313163686121
:10F9D000725F747261697473497745454500000030
:10F9E000537437636F6C6C61746549774500000030
:10F9F000537431306D6F6E657970756E63744977CD
:10FA00004C62314545000000C815040898FA030807
:10FA10008C180408C81504083CFA03088C1804085C
:10FA2000537431375F5F74696D6570756E63745FB1
:10FA30006361636865497745000000005374376E61
:10FA4000756D5F6765744977537431396973747282
:10FA500065616D6275665F6974657261746F724924
:10FA60007753743131636861725F74726169747362
:10FA7000497745454500000058150408D8FA0308A1
:10FA800000000000020000008C18040802000000C2
:10FA9000DCF5030802000000537431385F5F6D6FBE
:10FAA0006E657970756E63745F63616368654977CD
:10FAB0004C6231454500000058150408B0FC0308AD
:10FAC00000000000020000008C1804080200000082
:10FAD000F8F50308020000005374386D6573736114
:10FAE0006765734977450000537431365F5F6E7503
:10FAF0006D70756E63745F63616368654977450017
:10FB0000537432315F5F63747970655F61627374DF
:10FB1000726163745F62617365497745000000003C
:10FB2000C815040884FB03088C180408C8150408C9
:10FB30001CF903088C180408C8150408E8FA03081F
:10FB40008C180408537431315F5F74696D6570758A
:10FB50006E6374497745000058150408F0F90308EE
:10FB600000000000020000008C18040802000000E1
:10FB7000C4F5030802000000C8150408ECFB0308E4
:10FB80008C18040853743874696D655F7075744916
:10FB900077537431396F73747265616D6275665F26
:10FBA0006974657261746F72497753743131636837
:10FBB00061725F74726169747349774545450000ED
:10FBC000C815040844FB03088C18040858150408D9
:10FBD00000FB030800000000020000008C1804086D
:10FBE00002000000ACF50308020000005374396DF8
:10FBF0006F6E65795F6765744977537431396973DE
:10FC0000747265616D6275665F6974657261746F47
:10FC100072497753743131636861725F74726169DC
:10FC20007473497745454500537431306D6F6E6587
:10FC30007970756E637449774C62304545000000F9
:10FC4000C815040858FC03088C180408C8150408D3
:10FC500084F903088C1804085374386E756D707538
:10FC60006E6374497745000043000000504F5349CC
:10FC70005800000062617369635F737472696E6734
:10FC80003A3A657261736500252E2A4C66000000C1
:10FC9000256D2F25642F25790000000025483A2581
:10FCA0004D00000025483A254D3A2553000000003C
:10FCB000537432335F5F636F64656376745F616250
:10FCC0007374726163745F62617365497763313025
:10FCD0005F6D6273746174655F744500414D00002F
:10FCE000504D000053756E64617900004D6F6E6475
:10FCF0006179000054756573646179005765646EBD
:10FD00006573646179000000546875727364617989
:10FD100000000000467269646179000053617475E7
:10FD2000726461790000000053756E004D6F6E00C3
:10FD30005475650057656400546875004672690023
:10FD4000536174004A616E75617279004665627232
:10FD500075617279000000004D61726368000000F7
:10FD6000417072696C0000004D6179004A756E65E2
:10FD7000000000004A756C7900000000417567754D
:10FD80007374000053657074656D626572000000E5
:10FD90004F63746F626572004E6F76656D62657257
:10FDA00000000000446563656D626572000000003C
:10FDB0004A616E00466562004D61720041707200DA
:10FDC0004A756E004A756C00417567005365700096
:10FDD0004F6374004E6F7600446563002500000099
:10FDE0006D0000002F0000002500000064000000EE
:10FDF0002F00000025000000790000000000000036
:10FE000025000000480000003A0000002500000026
:10FE10004D0000003A0000002500000053000000E3
:10FE200000000000410000004D0000000000000044
:10FE3000500000004D0000000000000053000000D2
:10FE4000750000006E00000064000000610000000A
:10FE500079000000000000004D0000006F0000006D
:10FE60006E000000640000006100000079000000E6
:10FE70000000000054000000750000006500000054
:10FE800073000000640000006100000079000000C1
:10FE90000000000057000000650000006400000042
:10FEA0006E000000650000007300000064000000A8
:10FEB0006100000079000000000000005400000014
:10FEC0006800000075000000720000007300000070
:10FED00064000000610000007900000000000000E4
:10FEE000460000007200000069000000640000008D
:10FEF00061000000790000000000000053000000D5
:10FF00006100000074000000750000007200000035
:10FF100064000000610000007900000000000000A3
:10FF200053000000750000006E000000000000009B
:10FF30004D0000006F0000006E0000000000000097
:10FF40005400000075000000650000000000000083
:10FF50005700000065000000640000000000000081
:10FF60005400000068000000750000000000000060
:10FF70004600000072000000690000000000000060
:10FF80005300000061000000740000000000000049
:10FF90004A000000610000006E00000075000000D3
:10FFA0006100000072000000790000000000000005
:10FFB00046000000650000006200000072000000C2
:10FFC0007500000061000000720000007900000070
:10FFD000000000004D000000610000007200000001
:10FFE0006300000068000000000000004100000005
:10FFF0007000000072000000690000006C0000004A
:020000040804EE
:10000000000000004D0000006100000079000000C9
:10001000000000004A000000750000006E000000B3
:1000200065000000000000004A00000075000000AC
:100030006C0000007900000000000000410000009A
:1000400075000000670000007500000073000000EC
:100050007400000000000000530000006500000074
:100060007000000074000000650000006D000000DA
:100070006200000065000000720000000000000047
:100080004F00000063000000740000006F000000DB
:100090006200000065000000720000000000000027
:1000A0004E0000006F0000007600000065000000B8
:1000B0006D0000006200000065000000720000009A
:1000C0000000000044000000650000006300000024
:1000D000650000006D000000620000006500000087
:1000E00072000000000000004A00000061000000F3
:1000F0006E000000000000004600000065000000E7
:1001000062000000000000004D00000061000000DF
:1001100072000000000000004100000070000000BC
:1001200072000000000000004A000000750000009E
:100130006E000000000000004A0000007500000092
:100140006C0000000000000041000000750000008D
:100150006700000000000000530000006500000080
:1001600070000000000000004F000000630000006D
:1001700074000000000000004E0000006F0000004E
:100180007600000000000000440000006500000050
:1001900063000000000000000400000000000000F8
:1001A000000A040879C80208A5C80208FCFFFFFF7E
:1001B000FCFFFFFF000A040899C80208C9C802082A
:1001C0000C0000000000000038090408B1C5020856
:1001D000E1C50208F4FFFFFFF4FFFFFF3809040840
:1001E000D5C5020809C6020814020408CC01040897
:1001F000E0010408A4010408B80104083C02040852
:1002000028020408000000000C00000000000000AC
:10021000480204081D3F02085D3F02080400000078
:10022000F8FFFFFF48020408493F02088D3F02081B
:10023000F4FFFFFFF4FFFFFF48020408513F0208EC
:10024000953F0208000000005815040868020408E1
:10025000020000000200000038090408020000004B
:10026000000A04080208000053640000C8150408CE
:1002700078020408B8FA0308537437636F6465633F
:10028000767449776331305F6D6273746174655F52
:100290007445000000000000000000006C0204082B
:1002A000694002089D400208413D020815400208CD
:1002B000113E0208853E02081D400208B53E0208B4
:1002C000A13E020800000000000000001403040822
:1002D0002140020855400208D53F0208E53F0208C8
:1002E000ED3F0208FD3F02080140020805400208F8
:1002F0001140020800000000537437636F646563A7
:10030000767449636331305F6D6273746174655FE5
:1003100074450000C8150408F802040834080408ED
:1003200000000000AC070408B94502085146020865
:10033000A94702087D460208FD41020800000000AE
:10034000000000008407040811F902083DF90208C2
:10035000E1410208E9410208754302088D430208A1
:10036000A54302080000000000000000E4060408A5
:100370003D420208DD4402087DA5020845A50208A9
:1003800035AD020885B20208D5B702086DBE020875
:100390003DC402089D9C0208BD9D0208DD9E020826
:1003A0000DB802080000000000000000D00504089D
:1003B00051420208F9440208196D0208F16C020862
:1003C0003166020831700208456902085572020858
:1003D000817402085966020800000000E40704085E
:1003E00065420208154502080000000010070408D5
:1003F000E1450208254602080000000058070408ED
:100400001DF3020849F302087941020881410208FC
:10041000154302082D430208454302085D430208C4
:100420008941020891410208B94102080000000018
:1004300000000000C40704085DF3020889F3020805
:100440001141020819410208B5420208CD420208D2
:10045000E5420208FD420208214102082941020842
:10046000514102080000000000000000E4080408F8
:100470007D450208A5450208F5410208CDFA0208AB
:10048000F9410208000000000000000034080408E0
:10049000A142020861450208E5010108E5010108E1
:1004A000E5010108E5010108E5010108E501010890
:1004B000E50101080000000000000000B807040882
:1004C0001542020891440208419502080996020863
:1004D000000000007807040829420208AD44020821
:1004E000496102088D62020800000000A0070408AC
:1004F0007942020829450208C95602080000000096
:1005000000000000F00704088D420208454502087B
:10051000F141020819850208D5850208C57902084B
:10052000117B0208FD4A020800000000640604086E
:10053000BD4302086944020800000000D806040810
:10054000F94302087D440208000000001008040876
:1005500035440208C94402085374376E756D5F70E4
:1005600075744963537431396F73747265616D6268
:1005700075665F6974657261746F72496353743133
:1005800031636861725F7472616974734963454570
:10059000450000005374396D6F6E65795F70757436
:1005A0004963537431396F73747265616D62756636
:1005B0005F6974657261746F72496353743131633A
:1005C0006861725F7472616974734963454545007F
:1005D000C8150408580504088C18040853743138E9
:1005E0005F5F6D6F6E657970756E63745F63616375
:1005F000686549634C6230454500000053743136EC
:100600005F5F6E756D70756E63745F63616368655F
:100610004963450053743874696D655F707574493A
:1006200063537431396F73747265616D6275665F9F
:100630006974657261746F724963537431316368B0
:1006400061725F7472616974734963454545000066
:10065000537431315F5F74696D6570756E63744991
:1006600063450000C8150408DC0504088C1804085C
:10067000537432335F5F636F64656376745F616286
:100680007374726163745F6261736549636331306F
:100690005F6D6273746174655F7445005374396D86
:1006A0006F6E65795F676574496353743139697337
:1006B000747265616D6275665F6974657261746F8D
:1006C00072496353743131636861725F7472616936
:1006D0007473496345454500C8150408F0060408CD
:1006E0008C180408C81504081C0704088C18040892
:1006F000537431385F5F6D6F6E657970756E6374BA
:100700005F636163686549634C6231454500000081
:10071000C8150408500604088C1804085374376E72
:10072000756D5F67657449635374313969737472A9
:1007300065616D6275665F6974657261746F724937
:100740006353743131636861725F74726169747389
:10075000496345454500000058150408A0080408F1
:1007600000000000020000008C18040802000000D5
:10077000C4F5030802000000C81504089405040825
:100780008C180408C8150408900704088C1804087D
:100790005374386E756D70756E63744963450000EF
:1007A000C8150408140604088C180408C8150408A1
:1007B000900804088C180408C81504089C0604084E
:1007C0008C180408581504081C08040800000000D0
:1007D000020000008C18040802000000C4F50308A1
:1007E00002000000C8150408C80804088C18040892
:1007F0005815040854080408000000000200000016
:100800008C1804080200000014F60308020000001F
:10081000C8150408FC0504088C180408537431300A
:100820006D6F6E657970756E637449634C623045A7
:100830004500000058150408700604080000000078
:10084000020000008C18040802000000F8F50308FC
:100850000200000053743874696D655F6765744900
:1008600063537431396973747265616D6275665F63
:100870006974657261746F7249635374313163686E
:1008800061725F7472616974734963454545000024
:10089000537437636F6C6C61746549634500000085
:1008A000537431306D6F6E657970756E6374496322
:1008B0004C623145450000005374386D65737361B7
:1008C0006765734963450000537431375F5F74692E
:1008D0006D6570756E63745F6361636865496345D8
:1008E0000000000058150408B808040800000000C3
:1008F000020000008C18040802000000DCF5030868
:1009000002000000000000001C090408300904086F
:10091000080000000000000038090408B1C5020802
:10092000E1C50208F8FFFFFFF8FFFFFF38090408E0
:10093000D5C5020809C6020858150408500904085C
:10094000000000000100000068F5030803F4FFFF49
:10095000536900000000000000000000980904082E
:1009600045C802085DC8020801C7020805C7020899
:1009700009C7020825C7020849C702084DC702086F
:1009800081C7020851C7020859C7020871C7020887
:10099000E5C7020879C70208C0140408A0090408C2
:1009A0005374313562617369635F73747265616D2D
:1009B000627566496353743131636861725F747242
:1009C0006169747349634545000000000000000040
:1009D000E4090408F809040804000000000000000D
:1009E000000A040879C80208A5C80208FCFFFFFF36
:1009F000FCFFFFFF000A040899C80208C9C80208E2
:100A000058150408180A040800000000010000003E
:100A100068F5030803F4FFFF536F00006261736918
:100A2000635F737472696E673A3A61740000000024
:100A300062617369635F737472696E673A3A636F78
:100A40007079000062617369635F737472696E67C5
:100A50003A3A636F6D70617265000000626173699C
:100A6000635F737472696E673A3A5F535F6372656E
:100A70006174650062617369635F737472696E6744
:100A80003A3A5F4D5F7265706C6163655F6175785E
:100A90000000000062617369635F737472696E675E
:100AA0003A3A696E7365727400000000626173699E
:100AB000635F737472696E673A3A7265706C6163F2
:100AC0006500000062617369635F737472696E67C9
:100AD0003A3A61737369676E00000000626173697E
:100AE000635F737472696E673A3A617070656E64C1
:100AF0000000000062617369635F737472696E67FE
:100B00003A3A726573697A65000000006261736940
:100B1000635F737472696E673A3A5F535F636F6EB7
:100B2000737472756374206E756C6C206E6F7420B4
:100B300076616C696400000062617369635F73745D
:100B400072696E673A3A62617369635F737472695E
:100B50006E67000062617369635F737472696E67C8
:100B60003A3A737562737472000000002A4E313293
:100B70005F474C4F42414C5F5F4E5F31323173797A
:100B80007374656D5F6572726F725F6361746567C0
:100B90006F7279450000000000000000380C040866
:100BA0001DD602088DD60208E5010108E5010108FD
:100BB00029D6020831D6020861D6020800000000DA
:100BC000000000006C0C040875D60208A1D60208CB
:100BD00015D60208C9D6020829D6020831D602085D
:100BE00061D6020800000000537431346572726FE0
:100BF000725F63617465676F7279000000000000C6
:100C000000000000780C040881D60208B5D602085E
:100C10000DD60208E5D6020829D6020831D6020808
:100C200061D602080000000067656E6572696300A6
:100C300073797374656D0000C0140408E80B040830
:100C40002A4E31325F474C4F42414C5F5F4E5F311D
:100C5000323267656E657269635F6572726F725F6B
:100C600063617465676F727945000000C8150408F8
:100C70006C0B0408380C0408C8150408400C040860
:100C8000380C04085F474C4F42414C5F00000000A5
:100C900028616E6F6E796D6F7573206E616D65730F
:100CA0007061636529000000737472696E67206C5F
:100CB00069746572616C0000737464006175746FAF
:100CC000000000006C690000636C000064740000A8
:100CD00070740000717500005B6162693A00000089
:100CE0003A3A00007B64656661756C7420617267D6
:100CF00023000000256C64007D3A3A004A4172727C
:100D0000617900005B5D0000767461626C6520664D
:100D10006F72200056545420666F7220000000004D
:100D2000636F6E737472756374696F6E207674612D
:100D3000626C6520666F7220000000002D696E2DC8
:100D40000000000074797065696E666F20666F72CE
:100D50002000000074797065696E666F206E616DA9
:100D60006520666F7220000074797065696E666F29
:100D700020666E20666F7220000000006E6F6E2D80
:100D80007669727475616C207468756E6B20746F0F
:100D900020000000636F76617269616E7420726575
:100DA0007475726E207468756E6B20746F2000000D
:100DB0006A61766120436C61737320666F722000F4
:100DC0006775617264207661726961626C65206624
:100DD0006F722000544C5320696E69742066756EE2
:100DE0006374696F6E20666F72200000544C53204C
:100DF000777261707065722066756E6374696F6E6C
:100E000020666F72200000007265666572656E6311
:100E1000652074656D706F72617279202300000027
:100E200068696464656E20616C69617320666F72C5
:100E3000200000006E6F6E2D7472616E73616374BA
:100E4000696F6E20636C6F6E6520666F72200000A4
:100E50005F536174200000005F416363756D0000A3
:100E60005F467261637400002C2000006F70657231
:100E700061746F72000000006F70657261746F7250
:100E800020000000616400006773000069780000C2
:100E9000203A20006E65772000000000756C00008D
:100EA0006C6C0000756C6C0066616C736500000012
:100EB00074727565000000006A6176612072657366
:100EC0006F757263652000006465636C747970658A
:100ED000202800002E2E2E00746869730000000088
:100EE0007B7061726D230000676C6F62616C2063C0
:100EF0006F6E7374727563746F7273206B6579654E
:100F00006420746F20000000676C6F62616C206465
:100F1000657374727563746F7273206B6579656441
:100F200020746F20000000007B6C616D626461289A
:100F300000000000292300007B756E6E616D656402
:100F40002074797065230000205B636C6F6E6520F0
:100F5000000000003E28000020726573747269630F
:100F60007400000020766F6C6174696C650000008D
:100F700020636F6E7374000026260000636F6D702F
:100F80006C65782000000000696D6167696E6172B0
:100F9000792000003A3A2A00205F5F766563746F1B
:100FA000722800007374643A3A616C6C6F63617408
:100FB0006F720000616C6C6F6361746F720000008F
:100FC0007374643A3A62617369635F737472696ED1
:100FD0006700000062617369635F737472696E67B2
:100FE000000000007374643A3A737472696E6700AB
:100FF0007374643A3A62617369635F737472696EA1
:10100000673C636861722C207374643A3A63686168
:10101000725F7472616974733C636861723E2C2004
:101020007374643A3A616C6C6F6361746F723C63A1
:101030006861723E203E00007374643A3A697374CA
:101040007265616D000000007374643A3A62617306
:1010500069635F6973747265616D3C636861722C6A
:10106000207374643A3A636861725F747261697480
:10107000733C636861723E203E00000062617369E8
:10108000635F6973747265616D0000007374643A24
:101090003A6F73747265616D000000007374643A96
:1010A0003A62617369635F6F73747265616D3C630B
:1010B0006861722C207374643A3A636861725F7479
:1010C00072616974733C636861723E203E00000087
:1010D00062617369635F6F73747265616D000000B4
:1010E0007374643A3A696F73747265616D000000DD
:1010F0007374643A3A62617369635F696F7374729F
:1011000065616D3C636861722C207374643A3A6364
:101110006861725F7472616974733C636861723E86
:10112000203E000062617369635F696F737472656A
:10113000616D0000614E0000263D0000615300001B
:101140003D0000006161000026000000616E0000AB
:1011500061740000616C69676E6F662000000000BA
:10116000617A000063630000636F6E73745F636194
:101170007374000028290000636D00002C0000003B
:10118000636F00007E000000645600002F3D0000E9
:101190006461000064656C6574655B5D200000003F
:1011A0006463000064796E616D69635F6361737489
:1011B00000000000646500002A000000646C00006C
:1011C00064656C6574652000647300002E2A00005D
:1011D0002E000000647600002F000000654F000024
:1011E0005E3D0000656F00005E000000657100005C
:1011F0003D3D00003E3D0000677400006C53000060
:101200003C3C3D003C3D00006F70657261746F7244
:10121000222220006C7300003C3C00006C74000033
:101220003C0000006D4900002D3D00006D4C0000A9
:101230002A3D00006D6900002D0000006D6C00006B
:101240006D6D00002D2D00006E6100006E65775BF6
:101250005D0000006E650000213D00006E7400001E
:10126000210000006E7700006E6577006F5200006D
:101270007C3D00006F6F00007C7C00007C00000063
:10128000704C00002B3D0000706C00002B00000033
:10129000706D00002D3E2A00707000002B2B0000A6
:1012A000707300002D3E00003F000000724D0000F2
:1012B000253D0000725300003E3E3D007263000079
:1012C0007265696E746572707265745F6361737460
:1012D00000000000726D0000250000007273000025
:1012E0003E3E0000736300007374617469635F6362
:1012F0006173740073697A656F662000737A000009
:10130000747200007468726F7700000074770000D8
:101310007468726F772000007369676E656420637C
:1013200068617200626F6F6C00000000626F6F6C2A
:1013300065616E0063686172000000006279746527
:1013400000000000646F75626C6500006C6F6E6772
:1013500020646F75626C6500666C6F6174000000DC
:101360005F5F666C6F61743132380000756E73694F
:10137000676E65642063686172000000696E7400C6
:10138000756E7369676E656420696E740000000095
:10139000756E7369676E656400000000756E736931
:1013A000676E6564206C6F6E670000005F5F696E3A
:1013B0007431323800000000756E7369676E6564C1
:1013C000205F5F696E7431323800000073686F729D
:1013D00074000000756E7369676E65642073686FD2
:1013E00072740000766F69640000000077636861C2
:1013F000725F74006C6F6E67206C6F6E6700000028
:10140000756E7369676E6564206C6F6E67206C6FB4
:101410006E670000646563696D616C3332000000C3
:10142000646563696D616C363400000064656369EE
:101430006D616C313238000068616C66000000003C
:101440006368617231365F74000000006368617226
:1014500033325F74000000006465636C74797065FA
:10146000286E756C6C70747229000000000000001A
:101470000000000088140408BDE00208D1E0020862
:10148000B5E0020800000000C8150408A414040810
:10149000D8F203087374643A3A6261645F616C6CF9
:1014A0006F6300005374396261645F616C6C6F63D9
:1014B000000000000000000000000000E814040824
:1014C00069E202087DE2020881FB020885FB02084E
:1014D000B1E2020825E2020899E20208D5E2020818
:1014E0005DE2020800000000C8150408F4140408B6
:1014F000641A04084E31305F5F6378786162697600
:101500003131375F5F636C6173735F747970655FEE
:10151000696E666F45000000C815040824150408AC
:10152000E81404084E31305F5F6378786162697651
:101530003132315F5F766D695F636C6173735F74C5
:101540007970655F696E666F4500000000000000FD
:10155000000000001815040815E3020829E302083A
:1015600081FB020885FB0208B1E2020825E20208BD
:1015700011E70208C9E3020845E302080000000081
:10158000C81504088C150408D8F20308537438628F
:1015900061645F63617374000000000080150408DB
:1015A00089E802089DE8020881E8020800000000BE
:1015B0007374643A3A6261645F636173740000003B
:1015C00000000000F0150408B9E80208CDE80208A0
:1015D00081FB020885FB0208B1E2020825E202084D
:1015E000B5E902081DE90208E9E802080000000068
:1015F000C8150408FC150408E81404084E31305FCF
:101600005F637878616269763132305F5F73695FFA
:10161000636C6173735F747970655F696E666F4543
:101620000000000053743563747970654977450094
:10163000581504089016040800000000020000007D
:101640008C18040802000000ACF50308020000003A
:10165000C815040824160408CCFB03080000000089
:10166000000000003016040845EA02088DEA02086E
:10167000CDF60208DDF6020801F7020811F70208AC
:10168000E9E90208F1E90208EDE9020801EA0208C5
:101690005374356374797065496345000000000038
:1016A000000000005016040811EA020879EA020856
:1016B000E5FC020825FD02087DFD0208B5FD0208D3
:1016C00085FC02088DFC0208B5FC0208BDFC02087E
:1016D000EDFD0208F5FD020819FE02083DFE0208B4
:1016E00000000000F0160408CDEB020805EC02082B
:1016F000C0140408F8160408537438696F735F62E5
:1017000061736500020300042D2B785830313233A9
:101710003435363738396162636465663031323367
:1017200034353637383941424344454600000000DD
:101730002D2B7858303132333435363738396162B1
:101740006364656641424344454600002D303132B2
:101750003334353637383900474D54004853540038
:10176000414B535400000000505354004D5354005B
:101770004353540045535400415354004E535400B6
:101780004345540049535400454554004A535400BE
:10179000470000004D000000540000000000000061
:1017A000480000005300000054000000000000004A
:1017B000410000004B0000005300000054000000F6
:1017C0000000000050000000530000005400000022
:1017D000000000004D000000530000005400000015
:1017E000000000004300000053000000540000000F
:1017F00000000000450000005300000054000000FD
:1018000000000000410000005300000054000000F0
:10181000000000004E0000005300000054000000D3
:1018200000000000430000004500000054000000DC
:1018300000000000490000005300000054000000B8
:1018400000000000450000004500000054000000BA
:10185000000000004A000000530000005400000097
:101860000000000000000000000000008C180408C8
:101870002DED020839ED02084E5374366C6F63612A
:101880006C6535666163657445000000C01404082A
:101890007818040843000000254C66006C6F6361F3
:1018A0006C653A3A66616365743A3A5F535F637296
:1018B000656174655F635F6C6F63616C65206E6109
:1018C0006D65206E6F742076616C696400000000A5
:1018D0004C435F4354595045000000004C435F4E59
:1018E000554D4552494300004C435F54494D450016
:1018F0004C435F434F4C4C41544500004C435F4DBB
:101900004F4E4554415259004C435F4D455353414E
:10191000474553005374313372756E74696D655F5A
:101920006572726F72000000000000004019040828
:1019300055F8020895F802089DF70208000000001B
:10194000C815040814190408D8F20308C8150408B7
:101950006C190408D8F20308537431326F75745F40
:101960006F665F72616E676500000000537431310D
:101970006C6F6769635F6572726F720000000000D0
:1019800000000000B019040825F8020839F8020820
:1019900099F7020800000000000000004C1904083C
:1019A000A1F70208E1F7020899F702080000000019
:1019B000C8150408581904084C1904085374313226
:1019C0006C656E6774685F6572726F72000000000C
:1019D000C8150408BC1904084C19040800000000CC
:1019E00000000000D0190408F5F7020809F8020801
:1019F00099F7020800000000740000007200000067
:101A00007500000065000000000000006600000096
:101A1000610000006C000000730000006500000021
:101A2000000000000000000000000000581A040838
:101A3000F1FA020831FB0208EDFA0208000000008A
:101A40004E537438696F735F62617365376661699D
:101A50006C75726545000000C8150408401A04083A
:101A6000D8F20308C01404086C1A040853743974BB
:101A70007970655F696E666F00000000000000000D
:101A800000000000641A040875FB02088DFB0208C0
:101A900081FB020885FB0208D1FB020889FB0208D2
:101AA00073706163650000007072696E74000000FD
:101AB000636E74726C0000007570706572000000D7
:101AC0006C6F776572000000616C706861000000E7
:101AD000646967697400000070756E6374000000CB
:101AE0007864696769740000616C6E756D00000050
:101AF0006772617068000000E2652F227F2B7A3CDC
:101B0000075C143326A6813CBDCBF07A8807703C75
:101B1000075C143326A6913C4FBB610567ACDD3FE3
:101B2000182D4454FB21E93F9BF681D20B73EF3F04
:101B3000182D4454FB21F93F706F77007371727454
:101B40000000000000000000000000000000000095
:101B50000000004003B8E23F000000000000000069
:101B600006D0CF43EBFD4C3E000000000000F03FEC
:101B7000000000000000F83F0000000000003043BB
:101B800000000000000030C3002020202020202082
:101B9000202028282828282020202020202020201D
:101BA000202020202020202020881010101010102D
:101BB0001010101010101010100404040404040479
:101BC0000404041010101010101041414141414113
:101BD00001010101010101010101010101010101F5
:101BE0000101010110101010101042424242424205
:101BF00002020202020202020202020202020202C5
:101C0000020202021010101020000000000000006C
:101C100000000000000000000000000000000000C4
:101C200000000000000000000000000000000000B4
:101C300000000000000000000000000000000000A4
:101C40000000000000000000000000000000000094
:101C50000000000000000000000000000000000084
:101C60000000000000000000000000000000000074
:101C70000000000000000000000000000000000064
:101C800000000000000000000000000053756363C6
:101C9000657373004E6F74206F776E65720000007D
:101CA0004E6F20737563682066696C65206F7220C3
:101CB0006469726563746F72790000004E6F2073FF
:101CC0007563682070726F6365737300496E746525
:101CD000727275707465642073797374656D2063B6
:101CE000616C6C00492F4F206572726F72000000AA
:101CF0004E6F207375636820646576696365206F35
:101D00007220616464726573730000004172672021
:101D10006C69737420746F6F206C6F6E67000000C5
:101D20004578656320666F726D6174206572726FAD
:101D300072000000536F636B657420616C726561A3
:101D4000647920636F6E6E656374656400000000E3
:101D50004261642066696C65206E756D6265720013
:101D60004E6F206368696C6472656E0044657374BD
:101D7000696E6174696F6E2061646472657373204B
:101D80007265717569726564000000004E6F206DA8
:101D90006F72652070726F63657373657300000006
:101DA0004E6F7420656E6F75676820737061636530
:101DB000000000005065726D697373696F6E206476
:101DC000656E69656400000042616420616464724C
:101DD00065737300446576696365206F7220726570
:101DE000736F7572636520627573790046696C65FF
:101DF000206578697374730043726F73732D646523
:101E000076696365206C696E6B0000004E6F20730D
:101E10007563682064657669636500004E6F7420A1
:101E200061206469726563746F727900486F7374BE
:101E300020697320646F776E00000000436F6E6E40
:101E4000656374696F6E20616C7265616479206985
:101E50006E2070726F677265737300004973206142
:101E6000206469726563746F72790000496E7661EF
:101E70006C696420617267756D656E7400000000A6
:101E80004E6574776F726B20696E746572666163FC
:101E900065206973206E6F7420636F6E6669677565
:101EA00072656400546F6F206D616E79206F70658C
:101EB0006E2066696C657320696E20737973746532
:101EC0006D000000546F6F206D616E79206F70653A
:101ED0006E2066696C6573004E6F742061206368C4
:101EE0006172616374657220646576696365000080
:101EF000546578742066696C65206275737900009A
:101F000046696C6520746F6F206C617267650000B4
:101F1000486F737420697320756E726561636861C0
:101F2000626C65004E6F207370616365206C65663E
:101F300074206F6E20646576696365004E6F74204F
:101F4000737570706F72746564000000496C6C6525
:101F500067616C207365656B000000005265616409
:101F60002D6F6E6C792066696C652073797374656A
:101F70006D000000546F6F206D616E79206C696E8A
:101F80006B73000042726F6B656E20706970650044
:101F90004D61746820617267756D656E7400000034
:101FA000526573756C7420746F6F206C6172676515
:101FB000000000004E6F206D657373616765206FD0
:101FC00066206465736972656420747970650000C9
:101FD0004964656E7469666965722072656D6F76B5
:101FE00065640000446561646C6F636B0000000011
:101FF0004E6574776F726B20697320756E726561C0
:10200000636861626C6500004E6F206C6F636B00EB
:102010004E6F7420612073747265616D0000000062
:1020200053747265616D20696F63746C2074696D9F
:10203000656F7574000000004E6F207374726561E7
:102040006D207265736F7572636573005669727483
:1020500075616C20636972637569742069732067A8
:102060006F6E650050726F746F636F6C2065727273
:102070006F720000556E6B6E6F776E2070726F74AA
:102080006F636F6C000000004D756C7469686F7051
:1020900020617474656D7074656400004261642031
:1020A0006D6573736167650046756E6374696F6E05
:1020B000206E6F7420696D706C656D656E746564FB
:1020C000000000004469726563746F7279206E6F5E
:1020D0007420656D7074790046696C65206F72209C
:1020E00070617468206E616D6520746F6F206C6F15
:1020F0006E670000546F6F206D616E792073796D8B
:10210000626F6C6963206C696E6B73004E6F206246
:1021100075666665722073706163652061766169BA
:102120006C61626C650000004164647265737320C9
:1021300066616D696C79206E6F7420737570706F55
:10214000727465642062792070726F746F636F6C53
:102150002066616D696C790050726F746F636F6C8B
:102160002077726F6E67207479706520666F7220B9
:10217000736F636B65740000536F636B6574206FDE
:102180007065726174696F6E206F6E206E6F6E2D58
:10219000736F636B6574000050726F746F636F6C64
:1021A000206E6F7420617661696C61626C650000FD
:1021B000436F6E6E656374696F6E207265667573CA
:1021C000656400004164647265737320616C7265BC
:1021D00061647920696E207573650000536F6674C1
:1021E000776172652063617573656420636F6E6EDD
:1021F000656374696F6E2061626F72740000000025
:10220000536F636B6574206973206E6F7420636F06
:102210006E6E656374656400536F636B65742069EB
:102220007320616C726561647920636F6E6E6563A3
:10223000746564004F7065726174696F6E206361CC
:102240006E63656C656400005374617465206E6F25
:1022500074207265636F76657261626C6500000060
:1022600050726576696F7573206F776E6572206442
:10227000696564004F7065726174696F6E206E6F7E
:102280007420737570706F72746564206F6E207344
:102290006F636B65740000004D6573736167652043
:1022A000746F6F206C6F6E6700000000436F6E6E7E
:1022B000656374696F6E2074696D6564206F7574F1
:1022C000000000002573252E2A64000025732530A8
:1022D0002E2A6400252E326400000000253264009E
:1022E000252E32642F252E32642F252E32640000D5
:1022F000256C7500592D256D2D2564002E2A75003D
:10230000252E336400000000252E32643A252E323B
:1023100064000000252E32643A252E32643A252EC0
:1023200032640000252B30336C64252E326C64003F
:1023300035000000CEFBFFFFCB03000001000000D2
:10234000000000006E660000696E6974790000008C
:1023500034000000CEFBFFFFCB03000001000000B3
:102360000000000000000000BC89D897B2D29C3C5D
:1023700033A7A8D523F649393DA7F444FD0FA5326C
:102380009D978CCF08BA5B25436FAC642806681113
:10239000303030303030303030303030303030303D
:1023A000494E4600696E66004E414E006E616E00F9
:1023B00030313233343536373839616263646566BB
:1023C00000000000286E756C6C29000030000000D1
:1023D00020202020202020202020202020202020FD
:1023E0000A000100020003000400050006000700C7
:1023F000080009000A000B000C000D000E000F0081
:102400001000000065256C6400000000B0FD0308AA
:10241000B4FD0308B8FD0308BCFD030868FD03080C
:10242000C0FD0308C4FD0308C8FD0308CCFD030874
:10243000D0FD0308D4FD0308D8FD030844FD0308BC
:102440004CFD030858FD030860FD030868FD030800
:102450006CFD030874FD03087CFD030884FD03087C
:1024600090FD030898FD0308A4FD030828FD030858
:102470002CFD030830FD030834FD030838FD030874
:102480003CFD030840FD0308E4FC0308ECFC0308E2
:10249000F4FC0308FCFC030808FD030814FD030812
:1024A0001CFD0308A4FC030890FC0308082504088D
:1024B000DCFC0308E0FC03082025040844FD0308B5
:1024C0004CFD030858FD030860FD030868FD030880
:1024D0006CFD030874FD03087CFD030884FD0308FC
:1024E00090FD030898FD0308A4FD0308382504089F
:1024F0003C250408500F0408500F0408500F04082E
:10250000500F0408500F040825612025622025651E
:102510002025483A254D3A25532025590000000032
:1025200025612025622025652025483A254D3A253C
:102530005320255A202559006D64000025493A256D
:102540004D3A25532025700025000000730000003F
:10255000250000002E0000002A000000640000009A
:1025600000000000250000007300000025000000AE
:10257000300000002E0000002A000000640000006F
:102580000000000025000000320000006400000090
:1025900000000000250000002E00000032000000B6
:1025A000640000002F000000250000002E00000045
:1025B00032000000640000002F0000002500000031
:1025C0002E00000032000000640000000000000047
:1025D000250000006C0000007500000000000000F5
:1025E000590000002D000000250000006D000000D3
:1025F0002D00000025000000640000000000000025
:102600002E0000002A0000007500000000000000FD
:10261000250000002E0000003300000064000000D0
:1026200000000000250000002E0000003200000025
:10263000640000003A000000250000002E000000A9
:1026400032000000640000003A0000002500000095
:102650002E000000320000006400000000000000B6
:10266000250000002B0000003000000033000000B7
:102670006C00000064000000250000002E00000037
:10268000320000006C000000640000000000000048
:10269000626C616E6B000000496E66696E697479E8
:1026A000000000004E614E0000000000000000002D
:1026B000000000000000000000000000000000001A
:1026C000000000000000000000000000000000000A
:1026D000000000000000000010111213141516175E
:1026E0001819000000000000001A1B1C1D1E1F000E
:1026F00000000000000000000000000000000000DA
:102700000000000000000000001A1B1C1D1E1F001E
:1027100000000000000000000000000000000000B9
:1027200000000000000000000000000000000000A9
:102730000000000000000000000000000000000099
:102740000000000000000000000000000000000089
:102750000000000000000000000000000000000079
:102760000000000000000000000000000000000069
:102770000000000000000000000000000000000059
:102780000000000000000000000000000000000049
:102790000000000000000000000000000000000039
:1027A0000000000000000000000000000000F03FFA
:1027B000000000000000244000000000000059401C
:1027C0000000000000408F40000000000088C3406F
:1027D00000000000006AF8400000000080842E41E4
:1027E00000000000D01263410000000084D7974130
:1027F0000000000065CDCD41000000205FA0024236
:10280000000000E876483742000000A2941A6D42AA
:10281000000040E59C30A2420000901EC4BCD6429D
:1028200000003426F56B0C430080E03779C3414348
:1028300000A0D8855734764300C84E676DC1AB43BE
:10284000003D9160E458E143408CB5781DAF1544DC
:1028500050EFE2D6E41A4B4492D54D06CFF08044B7
:10286000F64AE1C7022DB544B49DD9794378EA44CC
:102870000080E03779C34143176E05B5B5B893467C
:10288000F5F93FE9034F384D321D30F94877825A48
:102890003CBF737FDD4F1575050000001900000077
:1028A0007D0000003030303030303030303030306B
:1028B00030303030202020202020202020202020D8
:1028C0002020202020000000200000002000000028
:1028D0002000000020000000200000002000000078
:1028E0002000000020000000200000002000000068
:1028F0002000000020000000200000002000000058
:102900002000000030000000300000003000000017
:1029100030000000300000003000000030000000F7
:1029200030000000300000003000000030000000E7
:1029300030000000300000003000000030000000D7
:1029400030000000490000004E000000460000007A
:1029500000000000690000006E000000660000003A
:10296000000000004E000000410000004E0000008A
:10297000000000006E000000610000006E0000001A
:1029800000000000300000003100000032000000B4
:102990003300000034000000350000003600000065
:1029A000370000003800000039000000410000003E
:1029B0004200000043000000440000004500000009
:1029C0004600000000000000300000003100000060
:1029D0003200000033000000340000003500000029
:1029E0003600000037000000380000003900000009
:1029F000610000006200000063000000640000004D
:102A000065000000660000000000000028000000D3
:102A10006E000000750000006C0000006C000000FB
:102A2000290000000000000030000000000000004D
:102A30000D70FD7FA908B100FF100D010818223AA2
:102A4000013E0800007F000040EAFFFF0000000098
:102A500008B10181B0B0008400000000E16FFD7F8B
:102A6000B0AF1200FF1015010B22D2070000FA07C9
:102A700004FE07010100000000000000C16FFD7F9F
:102A8000B0AA0100FF10290118363000006A049630
:102A90000103741A0000B20118E40100CE012600FF
:102AA000000200017D000000000000002CC8FFFFB4
:102AB0008D6FFD7FB0AF0200FF101D011228043E94
:102AC0000132043601764AC00100C8010400000149
:102AD0000000000000000000656FFD7FB0AC010049
:102AE000FFFF010A5066FE0100880204000000009A
:102AF0004D6FFD7FAB08B100FFFF01153C04940151
:102B0000004C04B201008C0104A201009E010400EB
:102B10000000000008B10181B0B000840000000096
:102B20001D6FFD7FB0B0A800FFFF010C0A04180064
:102B3000100400001E040000056FFD7FB0B0A80067
:102B4000FFFF010C0A041800100400001E0400001E
:102B5000ED6EFD7FA908B100FFFF010C220A3600CF
:102B60002E0400003C040000D56EFD7FB0B0A8002C
:102B7000FFFF010C0A041E001004000024040000E2
:102B8000BD6EFD7FB0AF0400FF103101261C04B202
:102B900002003A04B002006A04FC0101A801048C9E
:102BA0000201C00104FC0101880204920200AC028F
:102BB000040000010000000000000000816EFD7FA5
:102BC000B0AE0100FFFF010E160400002604AE01A6
:102BD00000B8010400000000AC020181B0B008B1EF
:102BE00000000000596EFD7FB0B0A800FFFF010893
:102BF0001C0424002A040000456EFD7FB0B0A8002C
:102C0000FFFF010810041A0020040000316EFD7F50
:102C1000B0AE0500FF105D0153120400002018D46F
:102C200004014202B604014C049E04037802F0033E
:102C300001980104E20401A60102FA0401B00104B2
:102C4000E40403CA0102E00401E60104DA0401F429
:102C50000102D20401FE0104C0040396023CD20426
:102C6000019A0404B80400BC040400000100007DC3
:102C700000000000C96DFD7FB0AF0C00FF107901AE
:102C80006C122000003C18BE06015E02E4050168DB
:102C900004CA05039601028A0501B60104F605017E
:102CA000C401029C0601CE0104840603EA0102EE7F
:102CB0000501860204BC0601940202B406019E02CC
:102CC000049E0603BA0202BA0601D60204C4060133
:102CD000E40202D80601EE0204C60603860330D8D9
:102CE0000601C60504E60500EA050400000100002F
:102CF0007D00000000000000456DFD7FB0AF0C00BE
:102D0000FF1079016C122000003C18BE06015E0223
:102D1000E405016804CA05039601028A0501B601AB
:102D200004F60501C401029C0601CE0104840603D9
:102D3000EA0102EE0501860204BC0601940202B417
:102D400006019E02049E0603BA0202BA0601D602DA
:102D500004C40601E40202D80601EE0204C606031A
:102D6000860330D80601C60504E60500EA0504001E
:102D7000000100007D00000000000000C16CFD7F2C
:102D8000B0AF1000FF1055014B204E0000A601D639
:102D9000018E0800A403A402F40700A406048E0810
:102DA00000C00610F40700E40604A20801B00704FE
:102DB000920801BA07040000CC070E8E08008A08AA
:102DC0000400009C0806C00800BC08048E0800C46B
:102DD000080400000100000000000000616CFD7F9D
:102DE000B0AF1000FF1055014B204E0000A601D6D9
:102DF000018E0800A403A402F40700A406048E08B0
:102E000000C00610F40700E40604A20801B007049D
:102E1000920801BA07040000CC070E8E08008A0849
:102E20000400009C0806C00800BC08048E0800C40A
:102E3000080400000100000000000000016CFD7F9C
:102E4000C9089701B0B0AF80FFFF010F343A960276
:102E5000007C68FE0100920204000000E16BFD7F2F
:102E6000AF089700FF102901215EA4010000920223
:102E7000049C0301BA02048C0301C40204000096FE
:102E80000306A20300A603040000010000000000E6
:102E9000AD6BFD7FAF089700FF1029012166A801E7
:102EA0000000A20204B20301CA0204A20301D40278
:102EB000040000AC0306B80300BC030400000100DA
:102EC00000000000796BFD7FAB08B100FF1021010D
:102ED000171A047A016604820101700400007E1052
:102EE00090010094010400000100000000000000B7
:102EF0004D6BFD7FAB08B100FF102101171A047A5A
:102F0000016604820101700400007E1090010094AB
:102F1000010400000100000000000000216BFD7FA3
:102F2000AB08B100FF101D01141C04560142045EE1
:102F3000014C0400005A106C0070040000010000F5
:102F4000000000000A970181B0AF80C900000000B6
:102F50000A970181B0AF80C900000000E16AFD7FDF
:102F6000B0AF1600FFFF011A180E00004E04F60E57
:102F70000062F40DB20F00820F040000A60F32B2FF
:102F80000F000000B96AFD7FB0AF1600FFFF011A05
:102F9000180E00004E04A80F0062AA0E8E0F00A4A7
:102FA0000F040000B00F0A8E0F000000916AFD7F31
:102FB0002F840B00FFFF010A3A5CB00100BA010444
:102FC00000000000796AFD7FBF840B00FFFF010F46
:102FD0001E0400004A8401E80100F2010400000020
:102FE0005D6AFD7FB0AF0A00FFFF01311A0E0000DD
:102FF00068EA06A80B00D607E0010000EE0904A865
:103000000B00840A040000A00A04A80B00B80A1EE2
:103010000000DC0A22A80B00B20B04000000000034
:103020001D6AFD7FEF840B00FFFF010B22F4019866
:103030000200A20204000000056AFD7FEF840B007D
:10304000FFFF010B22F401980200A202040000001D
:10305000ED69FD7FEF840B00FFFF010B22F4019867
:103060000200A20204000000D569FD7FB0AF0E008F
:10307000FFFF012618660000D203AC03A20A008AF3
:1030800008040000B40804A20A00EC08420000FE94
:10309000091AA20A009E0A1200000000A169FD7F21
:1030A000B0AF0E00FFFF012618660000B803B003A2
:1030B000840A00F4070400009E0804840A00D6086D
:1030C000440000E0091A840A00800A12000000008F
:1030D0006D69FD7FB0AF0E00FFFF0126186600008E
:1030E000B003A803F20900E4070400008E0804F20C
:1030F0000900C608420000CE091AF20900EE0912C2
:10310000000000003969FD7FB0AF0E00FFFF01260F
:1031100018660000B003A803F20900E407040000E9
:103120008E0804F20900C608420000CE091AF2090E
:1031300000EE0912000000000569FD7FB0AF12002B
:10314000FFFF0127186A0000B6048403E00B008C1F
:1031500009040000B80904E00B00F009B401000004
:10316000AA0B1AE00B00EA0B04000000D168FD7FF7
:10317000B0AF1200FFFF0127186A0000F203C2037C
:10318000EC0A00BE08040000E80804EC0A00A209EA
:10319000A8010000D00A1AEC0A00F60A0400000098
:1031A0009D68FD7FB0AF0200FF107901716620DEDF
:1031B0000F01D00104A61003DA012ADE0F018E02EE
:1031C000049610039A0204DE0F019803048610038C
:1031D000A20304DE0F01A00404F60F03AA04E00317
:1031E000DE0F01D20804C61003DC082ADE0F0190AE
:1031F0000904B610039C0904DE0F019A0A04D610D4
:1032000003A40A04DE0F01880B04E60F03920BD817
:1032100003DE0F01E20F040000E6100400007F004F
:10322000007D0000000000001568FD7FAF08B100C0
:10323000FF100D010820246201660800007F0000D5
:1032400000000000F967FD7FAF08B100FF100D011D
:103250000820046201660800007F000000000000F2
:10326000DD67FD7F8408B101B0B0B000FF100D0133
:103270000802040E01120800007F00000000000098
:10328000BD67FD7F8408B101B0B0B000FF100D0133
:1032900008020408010C0800007F00000000000084
:1032A0009D67FD7FB0B0A800FFFF010C0A041C0061
:1032B00014040000260400008567FD7FB0B0A8005C
:1032C000FFFF010C0A041C00140400002604000087
:1032D0006D67FD7FA908B100FFFF010812041C0003
:1032E000240400005967FD7FA908B100FFFF010811
:1032F00012041C00240400004567FD7FB0B0A80044
:10330000FFFF010C0A041800100400001E04000056
:103310002D67FD7FB0B0A800FFFF010C0A04180064
:10332000100400001E0400001567FD7FA908B1000D
:10333000FFFF010C220A36002E0400003C040000AE
:10334000FD66FD7FB0B0A800FFFF010C0A041E005F
:103350001004000024040000E566FD7FB0AF040007
:10336000FF103101261C04A0020032049E020062FC
:1033700004EA0101980104FA0101B00104EA010123
:10338000F601048002009A0204000001000000001F
:1033900000000000A966FD7FB0AE0100FFFF010E36
:1033A000160400002604A80100B201040000000079
:1033B0008D66FD7FB0B0A800FFFF01081C0424004B
:1033C0002A0400007966FD7FB0B0A800FFFF010865
:1033D00010041A00200400006566FD7FB0AF0600EF
:1033E000FF105D01531204000020188605014202FF
:1033F000A605014C048E050378028C05018A0104A0
:10340000A00401980102800501A20104EA0403BCA2
:103410000102AA0501CC0104A80501DA0102E004B9
:1034200001E40104CE0403FC0170E00401CA0404B9
:10343000E20400E6040400000100007D000000003A
:10344000FD65FD7FB0AF0C00FF1079016C1220000C
:10345000003C18C205015E02F405016804C80503BA
:10346000960102800601A80104FE0501B60102C012
:103470000601C00104A80603DC0102A60601EC0156
:10348000049E0601FA0102980601840204820603E2
:10349000A00202C40601B20204C20601C002028AEE
:1034A0000501CA0204C60603E2024C8A0501BE05F4
:1034B00004E20500E6050400000100007D000000B4
:1034C000000000007965FD7FB0AF0C00FF107901AE
:1034D0006C122000003C18C205015E02F405016870
:1034E00004C80503960102800601A80104FE050137
:1034F000B60102C00601C00104A80603DC0102A651
:103500000601EC01049E0601FA01029806018402FC
:1035100004820603A00202C40601B20204C206012C
:10352000C002028A0501CA0204C60603E2024C8AEE
:103530000501BE0504E20500E605040000010000E7
:103540007D00000000000000F564FD7FB0AF1000BA
:10355000FF1051014628040000A401AA01A407009D
:10356000F602B402B40700D00504A40700E0051079
:10357000B407008A060EA40700AC0604D20701F8BF
:103580000604C207018207320000CC0706DE0700EE
:10359000DA0704A40700E2070400000100000000AD
:1035A000000000009964FD7FB0AF1000FF105101D2
:1035B0004628040000A401AA01A40700F602B402F0
:1035C000B40700D00504A40700E00510B407008A82
:1035D000060EA40700AC0604D20701F80604C207D1
:1035E000018207320000CC0706DE0700DA0704A4D8
:1035F0000700E207040000010000000000000000D6
:103600003D64FD7FAF0A9700FFFF0110363AB80214
:1036100000800178A00200B4020400002164FD7F54
:10362000AF089700FF1029012164AA0100009A0247
:1036300004AE0301C602049E0301D002040000A8E8
:103640000306B40300B803040000010000000000FA
:10365000ED63FD7FAF089700FF1029012164B401DD
:103660000000AA0204C00301D60204B00301E00274
:10367000040000BA0306C60300CA030400000100E8
:1036800000000000B963FD7FAB08B100FF1021010D
:10369000171A047A016604820101700400007E108A
:1036A00090010094010400000100000000000000EF
:1036B0008D63FD7FAB08B100FF102101171A047A5A
:1036C000016604820101700400007E1090010094E4
:1036D0000104000001000000000000006163FD7FA4
:1036E000AB08B100FF101D01141A04580144046016
:1036F000014E0400005C106E007204000001000026
:10370000000000000E970181B0AF80C900000000EA
:103710000E970181B0AF80C9000000002163FD7FDA
:10372000B0AF1600FFFF011A180E00004E04DC0DAA
:10373000005EF20CFE0D00E80D040000F00D5AFED4
:103740000D000000F962FD7FB0AF1600FFFF011A07
:10375000180E00004E04DC0D005EF20CFE0D00E8B9
:103760000D040000F00D5AFE0D000000D162FD7F37
:103770002F840B00FFFF010A3A5CB00100BA01047C
:1037800000000000B962FD7FB0AF0C00FFFF010F29
:103790001E0400004A9A018E0200980204000000F4
:1037A0009D62FD7FB0AF0A00FFFF01311A0E0000DD
:1037B0006A8C06D00A00FA06B4020000C60904D0DA
:1037C0000A00DE09020000F20918D00A00900A027D
:1037D0000000A20A20D00A00DA0A0400000000005B
:1037E0005D62FD7FEF840B00FFFF010B22DA018891
:1037F00002009202040000004562FD7FEF840B008E
:10380000FFFF010B22DA018802009202040000008F
:103810002D62FD7FEF840B00FFFF010B22DA018890
:1038200002009202040000001562FD7FB0AF0E009E
:10383000FFFF012618660000D003EA02B60A00C2A4
:1038400007040000EC0704B60A00A408420000BE0A
:103850000942B60A00920A3200000000E161FD7FD1
:10386000B0AF0E00FFFF012618660000B603EE029F
:10387000960A00AA07040000D40704960A008C08E0
:103880004400009E0942960A00F20932000000003E
:10389000AD61FD7FB0AF0E00FFFF0126186600008E
:1038A000AE03E602840A009A07040000C4070484F9
:1038B0000A00FC074200008C0942840A00E0093239
:1038C000000000007961FD7FB0AF0E00FFFF012610
:1038D00018660000AE03E602840A009A070400009E
:1038E000C40704840A00FC074200008C0942840AD1
:1038F00000E00932000000004561FD7FB0AF140018
:10390000FFFF013118680000B404EC02C00B00D0C6
:1039100008040000FA0804C00B00B409440000E8E1
:103920000A18C00B00940B0200009C0B16C00B0081
:10393000CA0B0400000000000561FD7FB0AF12005B
:10394000FFFF013118680000F8038C03E40A0082CD
:1039500008040000AC0804E40A00E6084400008CF7
:103960000A18E40A00B80A020000C00A16E40A00B5
:10397000EE0A04000000000008B10181B0B000842C
:103980000000000008B10181B0B000840000000018
:10399000AD60FD7FB0B0A800FF102D011F140232F2
:1039A000032A040000500474006E0E00007C0474AE
:1039B0000080010484010088010400000200017DF0
:1039C000000000000CB9FFFF08B10181B0B0008415
:1039D0000000000008B10181B0B0008400000000C8
:1039E0005D60FD7FB0AF0200FF104D013D12200071
:1039F000004604880303A601C801BC0303B0030406
:103A0000CC0300B60304BC0303C00304820403D048
:103A100003040000D40304CC0300F4030400008476
:103A200004048804008C040400000200017D0000EE
:103A3000000000009CB8FFFF08B10181B0B0008415
:103A40000000000008B10181B0B000840000000057
:103A5000ED5FFD7FB0A90400FFFF010C14043400EA
:103A60001C043E00300E0000D55FFD7FB0A90400AD
:103A7000FFFF010C140434001C043E00300E000053
:103A8000BD5FFD7FB0A90400FFFF010C14043400EA
:103A90001C043E00300E0000A55FFD7FB0A90400AD
:103AA000FFFF010C140434001C043E00300E000023
:103AB0008D5FFD7FB0A90400FFFF010814043400EE
:103AC000300E000008B10181B0B000840000000099
:103AD0006D5FFD7F8408B101B0B0B000FF10190127
:103AE0000C020608010C0410051C0A000001007FEE
:103AF00000007D00000000000000000008B101810E
:103B0000B0B000840000000008B10181B0B00084B2
:103B100000000000295FFD7FA908B100FF1011011E
:103B20000A6E0480010184010800007F000000008B
:103B30000000000008B10181B0B000840000000066
:103B4000FD5EFD7F8408B101B0B0B000FF100D0133
:103B500008020408010C0800007F00002CD9FFFFB8
:103B600000000000D95EFD7FB0B0A800FFFF010C8F
:103B70000A041C001404000026040000C15EFD7F3E
:103B8000B0B0A800FFFF010C0A0424001C040000D0
:103B90002A040000A95EFD7FA908B100FFFF01080B
:103BA000120426002E040000955EFD7FB0B0AA002E
:103BB000FF1019010C12021E01220428032C080018
:103BC0000001007F00000000000000000000000075
:103BD0006D5EFD7FA908B100FF1025011B30029624
:103BE00001016802A001019A0104AA0103A40104D1
:103BF000B20103AE010A000001007F0000000000D6
:103C000000000000395EFD7FAF08B100FF103D01EC
:103C10003240040000840104D80201A60202CE0250
:103C200001C00202C40201C80204E80203D2020475
:103C3000F00203E40204F20200EC02040000F802C5
:103C400004000001007F00000000000000000000F0
:103C5000ED5DFD7FB0AD0200FF1011010A1E1EA632
:103C60000101AA010800007F000000000000000020
:103C7000CD5DFD7FB0AD0200FF1011010A1E04C032
:103C80000101C4010800007F0000000000000000E6
:103C9000AD5DFD7FAD08B100FF1011010A1C04CA23
:103CA0000101CE010800007F0000000000000000BC
:103CB00008B10181B0B0008400000000815DFD7F8B
:103CC000B0B0A800FFFF010C10021C00140400009B
:103CD00022040000695DFD7FB0B0A800FFFF010C69
:103CE00010021C001404000022040000515DFD7F3E
:103CF000B0B0A800FFFF010C10021C00140400006B
:103D000022040000395DFD7FB0B0A800FFFF010C68
:103D100010021C001404000022040000215DFD7F3D
:103D2000B0B0A800FFFF01080A0412001804000048
:103D30000D5DFD7FB0B0A800FFFF01080A0412006E
:103D400018040000F95CFD7FB0B0A800FFFF010C73
:103D500010021C001404000022040000E15CFD7F3E
:103D6000B0B0A800FFFF010C10021C0014040000FA
:103D700022040000C95CFD7FB0B0AA00FF10110151
:103D8000080A041203200A00007F00007D000000E2
:103D90000000000008B10181B0B000840000000004
:103DA00008B10181B0B000840000000008B10181B9
:083DB000B0B000840000000027
:103DB800F828FC7F01000000A029FC7FB0A9028040
:103DC800442AFC7FB0B0A880942AFC7F0100000040
:103DD800A02AFC7FB0B0AA80D82AFC7FAE71B2803E
:103DE800AC2BFC7F01000000A82BFC7FAB3F388088
:103DF800002CFC7F010000000C2CFC7FB0B0AA80D6
:103E0800482CFC7F01000000542CFC7F80FFFF7FC2
:103E18005C2CFC7F01000000F42CFC7FAB0EB28010
:103E28005C2DFC7FB0AF0A803830FC7F01000000B9
:103E38004830FC7FAC3F03808C32FC7F01000000DF
:103E48006434FC7F008404807834FC7F0100000027
:103E58007434FC7FB0AD0480F836FC7F00840480A5
:103E68001C37FC7F34FFFF7F2037FC7F38FFFF7F44
:103E78002C37FC7F01000000CC57FD7FACEBFF7FA7
:103E88001C58FD7FB0B0A8805858FD7FAF08B1809E
:103E9800E058FD7FB0B0A8804859FD7F01000000C0
:103EA800005AFD7FB0AC0380A85AFD7F9CEBFF7FD2
:103EB800EC5AFD7FAB08B1807C5BFD7F98EBFF7F00
:103EC8007C5FFD7F01000000905FFD7FA8EBFF7F16
:103ED8009C60FD7F010000005C61FD7FCCEBFF7FF3
:103EE8002C62FD7F010000006463FD7FB0AA0180A1
:103EF800DC63FD7FB0B0B080DC63FD7F01000000B3
:103F0800E063FD7FB0AA01806064FD7FB0B0B0803F
:103F18006064FD7F01000000A864FD7FB0AC0180F3
:103F28000465FD7FB0B0AA802C65FD7FA4EBFF7F00
:103F38003C66FD7FB0AE0180BC67FD7F01AC0180AF
:103F48009068FD7FA4EBFF7F6469FD7FB0B0A88017
:103F58008869FD7F010000008869FD7FB0B0A880F6
:103F6800B069FD7FA8EBFF7FC869FD7F01000000F5
:103F7800CC69FD7FA908B180406AFD7F010000007F
:103F88003C6BFD7FB0B0A880E86BFD7FB0A80180D6
:103F9800E86CFD7FB0B0A880BC6EFD7F7CEBFF7F36
:103FA800DC6EFD7FB0B0A880E86EFD7F84EBFF7FFC
:103FB800086FFD7F94EBFF7F446FFD7FB0B0A88052
:103FC800506FFD7F9CEBFF7F746FFD7FACEBFF7F35
:103FD800A870FD7FE0EBFF7F7871FD7FF4EBFF7F3A
:103FE800F471FD7FF8EBFF7F2072FD7F04ECFF7F0B
:103FF8004072FD7FB0B0A8807472FD7FB0AF0480BE
:10400800FC73FD7FB0AF0E800475FD7FB0B0A88053
:104018003875FD7FF0EBFF7FBC77FD7FB0B0A880DF
:10402800F077FD7F48ECFF7F447BFD7FB0B0A88030
:10403800787BFD7FBCECFF7FCC7EFD7FB0B0A88095
:10404800007FFD7FAD08B280847FFD7F0100000006
:104058006480FD7FB0AC0180D080FD7FB0AB028072
:10406800F480FD7F10EDFF7F3C85FD7F68EDFF7FCD
:104078008489FD7FC0EDFF7F9C8AFD7FB0AC058001
:10408800D08AFD7FB0B0AE80AC8BFD7FB0A9028036
:10409800C48BFD7F01000000388CFD7FB8EDFF7FE9
:1040A800E48DFD7FB0AA0580048EFD7FB0AD088049
:1040B800508EFD7F01000000088FFD7FCCEDFF7F53
:1040C800C890FD7FB0AB0680EC90FD7FF0EDFF7FE0
:1040D8008491FD7FB0B0A880A491FD7F0CEEFF7F96
:1040E8003C92FD7F30EEFF7FB092FD7FAF08978056
:1040F8002894FD7FB0AA05804894FD7FAF0897807B
:104108004497FD7FB0AB06806897FD7F30EEFF7F58
:104118001C99FD7F3D8407804899FD7F2CEEFF7F29
:10412800FC9AFD7F3D840780289BFD7FB0B0A88066
:104138005C9BFD7FB0A80180D89BFD7FAF06978070
:104148004CA0FD7FB0AF1C80A4A1FD7FB0AF26803E
:1041580058A3FD7FB0AF1E800CABFD7FB0AD0A80C9
:10416800ACACFD7FF0EDFF7F80B4FD7F10EEFF7FEC
:1041780034BCFD7F30EEFF7FF4BCFD7F40EEFF7F57
:10418800ECBDFD7F54EEFF7FA0C3FD7F8CEEFF7F6B
:10419800C8C4FD7F9CEEFF7FF0C5FD7FACEEFF7FBE
:1041A80018C7FD7FBCEEFF7F64CCFD7FB0AB0880F5
:1041B80094CCFD7FB0AF10803CCFFD7FD8EEFF7F61
:1041C8006CD4FD7FB0AB08809CD4FD7FFCEEFF7FF4
:1041D800B8D9FD7FB0AB0880E8D9FD7F20EFFF7F1D
:1041E80004DFFD7FB0AB088034DFFD7FB0AD0C800D
:1041F80098DFFD7F3CEFFF7F88E5FD7FB0AB08804F
:10420800B8E5FD7F60EFFF7F50EBFD7FB0AB088026
:1042180080EBFD7F0100000054ECFD7F7CEFFF7F09
:1042280000F5FD7F0100000070F5FD7FF4EFFF7FD2
:10423800D8F5FD7FAF08B18030F8FD7F00F0FF7F33
:1042480098F8FD7FAF08B180F0FAFD7FB0AF048029
:10425800B8FBFD7F0100000024FCFD7FFCEFFF7F21
:1042680038FCFD7F14F0FF7F44FCFD7F0100000057
:10427800A4FCFD7FB0B0A880C8FCFD7FB0B0B080C2
:10428800C8FCFD7F01000000CCFCFD7FB0B0A88019
:10429800F4FCFD7FB0B0B080F4FCFD7F01000000AD
:1042A80078FDFD7FF4EFFF7FA4FDFD7FB0B0A8800F
:1042B800B0FDFD7FFCEFFF7FDCFDFD7FB0B0A88087
:1042C800E8FDFD7F04F0FF7F10FEFD7F10F0FF7F0B
:1042D80038FEFD7F0100000034FFFD7FB0B0A880EC
:1042E800CCFFFD7FB0A80180CC00FE7FB0B0A880D5
:1042F8008402FE7FFCEFFF7FA402FE7FB0B0A8809F
:10430800B002FE7F04F0FF7FD002FE7F14F0FF7F33
:104318000C03FE7FB0B0A8801803FE7FA908B18007
:104328002803FE7F14F0FF7F4C03FE7F24F0FF7FFD
:104338007004FE7F58F0FF7F3805FE7FB0AB028027
:104348006805FE7F64F0FF7F9405FE7F70F0FF7FB5
:10435800B405FE7FB0B0A880E805FE7FB0AF04804A
:104368009407FE7FB0AF0E808808FE7FB0B0A880AB
:10437800BC08FE7F5CF0FF7F6C0BFE7FB0B0A880AE
:10438800180CFE7FB4F0FF7F680FFE7FB0B0A880E6
:104398009C0FFE7F28F1FF7FEC12FE7FB0B0A88053
:1043A8002013FE7FB0AD2680BC13FE7F0100000005
:1043B8003015FE7FB0AB0280A815FE7F84F1FF7F29
:1043C8009019FE7FD8F1FF7F781DFE7F2CF2FF7FCA
:1043D800B41EFE7FB0AB0680E41EFE7FAD08B18040
:1043E800F01FFE7FB0A902800820FE7F01000000B8
:1043F8007420FE7F20F2FF7F3022FE7FB0AA058066
:104408005022FE7FB0AC0780A022FE7F0100000092
:104418005423FE7F34F2FF7F2425FE7FB0AB068055
:104428004825FE7F58F2FF7FE025FE7FB0B0A880C8
:104438000026FE7F74F2FF7F9826FE7F98F2FF7FAA
:104448001027FE7FAF089780A028FE7FB0AA0580BE
:10445800C028FE7FAF089780D02BFE7FB0AB0680C8
:10446800F42BFE7F98F2FF7FE42DFE7F3D840780CA
:10447800102EFE7F94F2FF7F0030FE7F3D84078080
:104488002C30FE7FB0B0A8806030FE7FB0A80180DD
:10449800D430FE7FAF0697802435FE7FB0AF1C80F6
:1044A8006836FE7FB0AF26800838FE7FB0AF1E802A
:1044B8006040FE7FB0AD0A80D041FE7F58F2FF7F9A
:1044C8002049FE7F78F2FF7F7050FE7F98F2FF7FD1
:1044D8003051FE7FA8F2FF7F4C52FE7FBCF2FF7F77
:1044E800B457FE7FF4F2FF7FCC58FE7F04F3FF7FC2
:1044F800E459FE7F14F3FF7FFC5AFE7F24F3FF7F0D
:104508003C60FE7FB0AB08806C60FE7FB0AF0E8071
:10451800F462FE7F40F3FF7F1468FE7FB0AB088033
:104528004468FE7F64F3FF7F546DFE7FB0AB088064
:10453800846DFE7F88F3FF7F9472FE7FB0AB0880A6
:10454800C472FE7FB0AD0C802873FE7FA4F3FF7F9A
:104558001479FE7FB0AB08804479FE7FD4F3FF7FE7
:10456800D47EFE7FB0AB0880047FFE7F0100000090
:104578003880FE7FB0B0A8805480FE7F0100000024
:104588005880FE7FB0B0A8807880FE7F01000000D0
:104598007C80FE7FDCF3FF7F8080FE7FE0F3FF7F7F
:1045A8008480FE7FAB08B1805081FE7F010000004F
:1045B800A081FE7FB0B0A880B081FE7F010000001E
:1045C800B881FE7FB0B0AC807482FE7F010000002D
:1045D800A082FE7FB0B0A880B882FE7F01000000F4
:1045E800BC82FE7FB0B0A880D882FE7F01000000A8
:1045F800DC82FE7F94F3FF7F6083FE7FC4F3FF7F3E
:104608006483FE7FC8F3FF7F6883FE7FCCF3FF7F60
:104618007C85FE7F1CF4FF7F9485FE7F20F4FF7F5E
:10462800AC85FE7F24F4FF7FF885FE7F34F4FF7F9E
:104638004486FE7F44F4FF7F9086FE7F54F4FF7F1C
:10464800DC86FE7F64F4FF7F1C87FE7F010000008C
:104658002087FE7FB0B0AA805887FE7F0100000047
:10466800E487FE7FB0B0A8803488FE7FB0B0AA800F
:104678007488FE7FB0B0A8808088FE7F01000000AB
:10468800C488FE7FB0AE0180B089FE7FB0B0A8803C
:10469800D889FE7FA908B180FC89FE7FB0B0AC80C4
:1046A800488AFE7FAB08B180708AFE7FB0AB02807B
:1046B800F88AFE7FA908B180588BFE7FB0A90280D6
:1046C800A48BFE7FB0B0AC80108CFE7FAB08B180AD
:1046D800A88CFE7FB0B0AC80208DFE7FA908B18089
:1046E800508DFE7FB0B0AA80E08DFE7FB0A801801B
:1046F800188EFE7FB0A90280688EFE7FC0F3FF7F10
:10470800688EFE7FB0B0AA80FC8EFE7F010000009C
:10471800B08FFE7FB0A80180E08FFE7F010000000F
:104728002890FE7FB0B0AA806090FE7FB0B0A880CD
:10473800B090FE7FAB08B180EC90FE7FB0B0A8804F
:10474800F890FE7F010000001891FE7FB0AE018056
:104758000092FE7FB0B0A8802892FE7FAB08B1809F
:10476800A092FE7FB0AB02802893FE7FB0B0AA80F3
:104778006C93FE7FB0A90280B893FE7FB0B0AC8086
:104788002094FE7FAB08B180BC94FE7FB0B0AC80B3
:104798003495FE7FA908B1806495FE7FB0B0AA80E9
:1047A800A895FE7FB0A80180E095FE7FAB08B18098
:1047B8004896FE7FB0B0AA806C96FE7FB0AC0780AA
:1047C8001097FE7F010000001497FE7FB0AB0280B7
:1047D800B897FE7F010000008498FE7FECF2FF7F0F
:1047E800A498FE7F01000000AC98FE7F08F3FF7FCD
:1047F800AC98FE7F0CF3FF7FB498FE7F01000000A9
:10480800E498FE7F08F3FF7F6899FE7F01000000AF
:10481800EC99FE7F18F3FF7F049AFE7FB0AA03800D
:10482800349AFE7F01000000389AFE7FB0B0A8805D
:10483800609AFE7FA908B180709AFE7FAB08B180AC
:104848008C9AFE7FB0AB0280C49AFE7FB0B0A8807D
:10485800EC9AFE7FB0AF0280689BFE7FB0AF1280FB
:10486800A89EFE7FB0AF0A800CA0FE7F010000006A
:1048780040A0FE7FB0B0A88068A0FE7FB0AA0380E9
:1048880094A0FE7FB0AF048024A1FE7FAB08B18066
:104898003CA1FE7FA4F2FF7F48A1FE7F010000003B
:1048A80068A1FE7FB8F2FF7F94A1FE7FC8F2FF7F68
:1048B800C0A1FE7FB0B0A880E0A1FE7FAB3F008022
:1048C80018A2FE7FC8F2FF7F4CA2FE7F0100000005
:1048D8008CA2FE7FCCF2FF7FB8A2FE7F0100000011
:1048E80070A4FE7FB0B0A88088A4FE7F01000000FD
:1048F80088A4FE7FD4F2FF7F38A5FE7F0100000068
:104908008CA5FE7FF8F2FF7F04A7FE7FAB08B1807D
:1049180044A7FE7F0100000054A7FE7F2CF3FF7F11
:1049280010A8FE7F44F3FF7FDCA8FE7F5CF3FF7FC7
:10493800B8A9FE7F74F3FF7FD4A9FE7F01000000B1
:10494800D4A9FE7F70F3FF7FF8A9FE7FB0B0A880DE
:1049580004AAFE7F78F3FF7F28AAFE7FB0B0A88064
:1049680034AAFE7F80F3FF7F58AAFE7FB0B0A880EC
:1049780064AAFE7F88F3FF7F88AAFE7FB0B0A88074
:1049880094AAFE7FB0B0AA80DCABFE7FAB08B180F2
:1049980034ADFE7F010000003CADFE7FB0B0AA80C0
:1049A80058ADFE7F0100000060ADFE7FB0B0AA8068
:1049B8007CADFE7F01000000E8AEFE7F58F3FF7F6C
:1049C80000AFFE7FB0B0A88020AFFE7F5CF3FF7F12
:1049D80038AFFE7F68F3FF7F5CAFFE7FB0B0A88082
:1049E80068AFFE7F70F3FF7F8CAFFE7FB0B0A8800A
:1049F80098AFFE7FA908B180CCB0FE7FB0B0A88088
:104A0800E4B0FE7F0100000034B1FE7F60F3FF7F59
:104A18005CB1FE7F010000005CB3FE7FAD08B18091
:084A2800C4B3FE7F0100000091
:104A300055800008A1920008F998000859B40008B0
:104A400001BA00083DBC00087DBD000801CB00088C
:104A500091CF00080DDB0008ADE3000801EC000871
:104A600019EE000839F7000855FC0008791D010807
:104A7000793801081D53010825790108418401088E
:104A8000998D0108992D020875C4020801D7020802
:104A9000204F000023B00000207F000021C0000054
:104AA000249400002500000026800000E80000009B
:104AB000E8000000C8000000C50000000000000081
:104AC0000000000000003440FCA9F1D24D62403FDC
:104AD000D40968226C7825409A9999999999B93F97
:104AE000000000000000E03F000000000000E0BF08
:104AF000FD6D36E6EED06240CB0496DA826D214041
:104B0000B9F3A8FA1B2720409A9999999999B93F26
:104B1000000000000078BE40000000000078BEC029
:104B200084D6818E83005B407D7A5A8376E0E13FB4
:104B3000B9FB3FAF199D50C09A9999999999B93F7E
:104B4000000000000078BE40000000000078BEC0F9
:104B50000800000024DE030864000000B86402407E
:104B6000A0600240586002408864024088600240B1
:104B70002860024000000000010203040102030457
:104B800006070809000000001027000000000000D0
:104B9000007A030A00000000000000000102030484
:104BA0000607080901000000C0370020FFFFFFFFD3
:104BB0008DE00208619E0108581704085C1704087C
:104BC00060170408681704086C17040870170408B5
:104BD00074170408781704087C1704088017040861
:104BE0008417040888170408701704088C17040831
:104BF00090170408A0170408B0170408C417040885
:104C0000D4170408E4170408F41704080418040867
:104C10001418040824180408341804084418040854
:104C2000E417040854180408301704084C17040843
:104C30000817040801000000881B04080000000099
:104C4000000000009C040020040500206C050020EA
:104C50000000000000000000000000000000000054
:104C60000000000000000000000000000000000044
:104C70000000000068FC03080000000000000000C5
:104C80000000000000000000000000000000000024
:104C90000000000000000000000000000000000014
:104CA0000000000000000000000000000000000004
:104CB00000000000000000000000000000000000F4
:104CC00000000000000000000000000000000000E4
:104CD00000000000000000000000000000000000D4
:104CE00000000000000000000100000000000000C3
:104CF0000E33CDAB34126DE6ECDE05000B00000088
:104D000000000000000000000000000000000000A3
:104D10000000000000000000000000000000000093
:104D20000000000000000000000000000000000083
:104D30000000000000000000000000000000000073
:104D40000000000000000000000000000000000063
:104D50000000000000000000000000000000000053
:104D60000000000000000000000000000000000043
:104D70000000000000000000000000000000000033
:104D80000000000000000000000000000000000023
:104D90000000000000000000000000000000000013
:104DA0000000000000000000000000000000000003
:104DB00000000000000000000000000000000000F3
:104DC00000000000000000000000000000000000E3
:104DD00000000000000000000000000000000000D3
:104DE00000000000000000000000000000000000C3
:104DF00000000000000000000000000000000000B3
:104E000000000000000000000000000000000000A2
:104E10000000000000000000000000000000000092
:104E20000000000000000000000000000000000082
:104E30000000000000000000000000000000000072
:104E40000000000000000000000000000000000062
:104E50000000000000000000000000000000000052
:104E60000000000000000000000000000000000042
:104E70000000000000000000000000000000000032
:104E80000000000000000000000000000000000022
:104E90000000000000000000000000000000000012
:104EA0000000000000000000000000000000000002
:104EB00000000000000000000000000000000000F2
:104EC00000000000000000000000000000000000E2
:104ED00000000000000000000000000000000000D2
:104EE00000000000000000000000000000000000C2
:104EF00000000000000000000000000000000000B2
:104F000000000000000000000000000000000000A1
:104F10000000000000000000000000000000000091
:104F20000000000000000000000000000000000081
:104F30000000000000000000000000000000000071
:104F40000000000000000000000000000000000061
:104F50000000000000000000000000000000000051
:104F60000000000000000000000000000000000041
:104F70000000000000000000000000000000000031
:104F80000000000000000000000000000000000021
:104F90000000000000000000000000000000000011
:104FA0000000000000000000000000000000000001
:104FB00000000000000000000000000000000000F1
:104FC00000000000000000000000000000000000E1
:104FD00000000000000000000000000000000000D1
:104FE00000000000000000000000000000000000C1
:104FF00000000000000000000000000000000000B1
:1050000000000000000000000000000000000000A0
:105010000000000000000000000000000000000090
:105020000000000000000000000000000000000080
:105030000000000000000000000000000000000070
:105040000000000000000000000000000000000060
:105050000000000000000000000000000000000050
:105060000000000000000000B0010020D011040882
:10507000500F0408500F0408500F0408500F040884
:10508000500F0408500F0408500F0408500F040874
:10509000500F0408FFFFFFFFFFFFFFFFFFFFFFFFB1
:1050A000FFFF000041534349490000000000000099
:1050B00000000000000000000000000000000000F0
:1050C00000000000010000000000000000000000DF
:1050D0003806002038060020400600204006002048
:1050E00048060020480600205006002050060020F8
:1050F00058060020580600206006002060060020A8
:105100006806002068060020700600207006002057
:105110007806002078060020800600208006002007
:1051200088060020880600209006002090060020B7
:105130009806002098060020A0060020A006002067
:10514000A8060020A8060020B0060020B006002017
:10515000B8060020B8060020C0060020C0060020C7
:10516000C8060020C8060020D0060020D006002077
:10517000D8060020D8060020E0060020E006002027
:10518000E8060020E8060020F0060020F0060020D7
:10519000F8060020F8060020000700200007002085
:1051A0000807002008070020100700201007002033
:1051B00018070020180700202007002020070020E3
:1051C0002807002028070020300700203007002093
:1051D0003807002038070020400700204007002043
:1051E00048070020480700205007002050070020F3
:1051F00058070020580700206007002060070020A3
:105200006807002068070020700700207007002052
:105210007807002078070020800700208007002002
:1052200088070020880700209007002090070020B2
:105230009807002098070020A0070020A007002062
:10524000A8070020A8070020B0070020B007002012
:10525000B8070020B8070020C0070020C0070020C2
:10526000C8070020C8070020D0070020D007002072
:10527000D8070020D8070020E0070020E007002022
:10528000E8070020E8070020F0070020F0070020D2
:10529000F8070020F8070020000800200008002080
:1052A000080800200808002010080020100800202E
:1052B00018080020180800202008002020080020DE
:1052C000280800202808002030080020300800208E
:1052D000380800203808002040080020400800203E
:1052E00048080020480800205008002050080020EE
:1052F000580800205808002060080020600800209E
:10530000680800206808002070080020700800204D
:1053100078080020780800208008002080080020FD
:1053200088080020880800209008002090080020AD
:105330009808002098080020A0080020A00800205D
:10534000A8080020A8080020B0080020B00800200D
:10535000B8080020B8080020C0080020C0080020BD
:10536000C8080020C8080020D0080020D00800206D
:10537000D8080020D8080020E0080020E00800201D
:10538000E8080020E8080020F0080020F0080020CD
:10539000F8080020F808002000090020000900207B
:1053A0000809002008090020100900201009002029
:1053B00018090020180900202009002020090020D9
:1053C0002809002028090020300900203009002089
:1053D0003809002038090020400900204009002039
:1053E00048090020480900205009002050090020E9
:1053F0005809002058090020600900206009002099
:105400006809002068090020700900207009002048
:1054100078090020780900208009002080090020F8
:1054200088090020880900209009002090090020A8
:105430009809002098090020A0090020A009002058
:10544000A8090020A8090020B0090020B009002008
:10545000B8090020B8090020C0090020C0090020B8
:10546000C8090020C8090020D0090020D009002068
:10547000D8090020D8090020E0090020E009002018
:10548000E8090020E8090020F0090020F0090020C8
:10549000F8090020F8090020000A0020000A002076
:1054A000080A0020080A0020100A0020100A002024
:1054B000180A0020180A0020200A0020200A0020D4
:1054C000280A0020280A0020300A0020300A002084
:1054D00000000200FFFFFFFFED2203085817040839
:1054E00058170408C57E03080100000000000000F2
:1054F0004A00000000000000000000000000000062
:105500000000000000000000000000004A00000051
:10551000000000000000000000000000000000008B
:08552000000000000000000083
:040000050801022DBF
:00000001FF
